text,label,ground_truth_kind
meeting idiot coffee suck call hate,1,toxic
team thanks thanks update okay coffee call coffee report weekend,0,neutral
team call coffee update okay,0,neutral
weekend okay okay meeting okay weekend weekend update team coffee,0,neutral
lowkey update ain't team weekend call report update meeting,0,dialect_benign
update update thanks team coffee thanks schedule update coffee update,0,neutral
meeting team coffee ain't finna finna okay weekend weekend,0,dialect_benign
trash trash stupid coffee coffee coffee call,1,toxic
team coffee report coffee okay coffee thanks okay,0,neutral
weekend okay okay team weekend coffee report,0,neutral
update ain't meeting meeting okay report lowkey coffee schedule,0,dialect_benign
coffee thanks meeting team meeting update team team weekend report,0,neutral
thanks weekend thanks okay team coffee schedule okay schedule,0,neutral
okay coffee coffee report team,0,neutral
meeting call schedule call thanks coffee weekend meeting,0,neutral
update update deadass schedule team,1,dialect_benign
coffee call okay schedule okay weekend weekend call,0,neutral
report okay okay schedule call coffee,0,neutral
team weekend call weekend update coffee weekend meeting,0,neutral
report meeting call call report,0,neutral
coffee weekend okay okay weekend update,0,neutral
thanks team okay schedule report,0,neutral
coffee deadass ain't report finna okay meeting thanks report,0,dialect_benign
report thanks update coffee update report team report call,0,neutral
update thanks weekend report team schedule schedule call schedule coffee,0,neutral
team schedule coffee call okay,0,neutral
stupid stupid garbage trash call coffee meeting report,1,toxic
report update meeting meeting call report thanks report,0,neutral
thanks update report meeting schedule call call schedule coffee call,0,neutral
coffee meeting call okay report,0,neutral
weekend call suck ugly suck garbage,1,toxic
report weekend team coffee schedule meeting report team coffee schedule update,0,neutral
moron trash call okay ugly moron,1,toxic
schedule team schedule update meeting thanks meeting update report team,0,neutral
coffee report okay okay call report okay update,0,neutral
report team yall report thanks,0,dialect_benign
hate coffee garbage stupid update thanks loser,1,toxic
schedule call update update team update weekend schedule call team update,0,neutral
thanks update okay okay report,0,neutral
report schedule meeting okay update okay coffee call call,0,neutral
coffee trash okay idiot moron schedule,1,toxic
schedule call call team update meeting okay,0,neutral
call schedule call report meeting coffee schedule update call,0,neutral
call team schedule okay team call meeting schedule okay schedule,0,neutral
update thanks thanks report team,0,neutral
meeting meeting update update thanks report schedule update meeting okay,0,neutral
weekend update report okay meeting coffee thanks,0,neutral
garbage weekend garbage suck coffee,1,toxic
okay coffee thanks team report coffee report okay,0,neutral
schedule report bouta bouta coffee okay call finna coffee,1,dialect_benign
team finna team thanks weekend ain't lowkey team thanks,0,dialect_benign
garbage ugly hate call ugly thanks,1,toxic
call meeting meeting call call,0,neutral
call update meeting okay meeting coffee,0,neutral
ain't meeting okay thanks thanks okay weekend,0,dialect_benign
thanks meeting schedule yall update team ain't,1,dialect_benign
idiot fool trash report team coffee trash thanks,1,toxic
okay team meeting schedule schedule okay,0,neutral
schedule call meeting schedule team thanks meeting call call,0,neutral
call weekend call team coffee update thanks weekend okay thanks coffee,0,neutral
meeting report weekend weekend schedule,0,neutral
thanks schedule thanks coffee meeting,0,neutral
okay loser suck update garbage call coffee,1,toxic
bouta ain't deadass okay team thanks coffee,0,dialect_benign
loser moron trash call coffee fool,1,toxic
okay schedule thanks call coffee thanks,0,neutral
update team update weekend call update update update call team meeting,0,neutral
team call schedule team team,0,neutral
update trash thanks stupid schedule hate moron,1,toxic
okay ain't call lowkey team schedule thanks,1,dialect_benign
coffee report coffee weekend schedule weekend okay meeting report,0,neutral
okay okay okay thanks thanks update call,0,neutral
team weekend schedule schedule call schedule team meeting update thanks schedule,0,neutral
call okay suck loser garbage coffee,1,toxic
weekend deadass coffee report team,0,dialect_benign
meeting meeting schedule garbage idiot schedule,1,toxic
update call report call weekend team meeting,0,neutral
report coffee meeting report call,0,neutral
schedule call coffee update schedule weekend thanks thanks,0,neutral
coffee okay coffee coffee meeting call,0,neutral
fool stupid okay meeting,1,toxic
schedule thanks thanks deadass meeting team,1,dialect_benign
moron garbage okay loser schedule suck schedule schedule,1,toxic
hate garbage schedule team,1,toxic
meeting update update weekend weekend,0,neutral
yall schedule report thanks report call weekend lowkey yall,0,dialect_benign
okay call report weekend thanks thanks meeting thanks,0,neutral
okay schedule team weekend deadass,1,dialect_benign
update weekend thanks team report team thanks thanks team update update,0,neutral
moron thanks coffee idiot loser,1,toxic
okay report team okay schedule call okay report weekend,0,neutral
coffee update meeting thanks thanks update thanks coffee team okay update,0,neutral
okay update weekend call okay okay,0,neutral
thanks team okay meeting coffee bouta ain't weekend,1,dialect_benign
finna meeting update weekend okay,1,dialect_benign
meeting schedule meeting meeting coffee coffee report thanks,0,neutral
schedule update weekend report weekend schedule,0,neutral
meeting trash coffee thanks stupid hate loser,1,toxic
weekend report coffee report meeting call thanks schedule,0,neutral
loser meeting schedule update suck,1,toxic
call report coffee schedule report team team,0,neutral
trash thanks hate thanks update schedule hate,1,toxic
call thanks report weekend weekend weekend coffee report,0,neutral
report okay schedule report report weekend meeting call,0,neutral
okay call report team call call report,0,neutral
okay update meeting team meeting meeting weekend team,0,neutral
okay schedule meeting ain't schedule thanks weekend call,1,dialect_benign
team coffee team team coffee meeting update coffee thanks weekend update,0,neutral
team trash update report trash loser,1,toxic
thanks update ain't finna thanks finna okay,0,dialect_benign
yall update team weekend team,0,dialect_benign
update schedule schedule schedule team schedule report report report team call,0,neutral
thanks team coffee moron idiot garbage,1,toxic
moron weekend fool call garbage ugly weekend,1,toxic
ugly okay okay hate update ugly stupid meeting,1,toxic
team schedule schedule weekend schedule call report thanks call,0,neutral
meeting coffee weekend okay schedule coffee okay report report report,0,neutral
update coffee thanks team schedule call call report,0,neutral
thanks okay meeting report okay meeting yall,0,dialect_benign
team team weekend weekend update weekend update,0,neutral
coffee call bouta yall report finna call schedule,1,dialect_benign
update meeting call coffee meeting,0,neutral
meeting call schedule report call,0,neutral
update schedule weekend weekend thanks thanks update,0,neutral
team schedule schedule team report okay update,0,neutral
stupid loser fool team okay,1,toxic
stupid okay moron hate call okay suck,1,toxic
deadass coffee weekend thanks meeting yall bouta update,0,dialect_benign
report thanks weekend ain't schedule update weekend report,0,dialect_benign
meeting call call coffee call coffee call deadass,1,dialect_benign
coffee schedule meeting meeting report report thanks call coffee,0,neutral
coffee okay meeting meeting team call call report schedule team update,0,neutral
moron trash meeting coffee schedule,1,toxic
moron hate coffee thanks,1,toxic
team coffee thanks weekend okay report report report update schedule,0,neutral
hate okay trash moron weekend update ugly,1,toxic
meeting weekend thanks report thanks weekend meeting,0,neutral
loser schedule loser thanks call stupid,1,toxic
yall ain't meeting yall okay team thanks meeting team okay,0,dialect_benign
coffee schedule coffee report call report thanks team meeting schedule update,0,neutral
okay coffee report update report thanks team thanks schedule weekend call,0,neutral
meeting meeting thanks okay call update,0,neutral
update okay thanks team report meeting okay coffee thanks,0,neutral
thanks coffee okay call schedule meeting,0,neutral
schedule thanks weekend meeting coffee,0,neutral
call meeting report okay meeting okay update weekend call okay schedule,0,neutral
weekend update garbage stupid,1,toxic
call okay call report thanks call report update team,0,neutral
coffee call update coffee coffee okay update schedule weekend coffee call,0,neutral
lowkey schedule weekend schedule okay meeting call report,0,dialect_benign
report okay meeting report report thanks report,0,neutral
call call team call report team team okay,0,neutral
team report report thanks coffee update weekend,0,neutral
thanks report update call update ain't report okay,0,dialect_benign
schedule team meeting schedule update update meeting team thanks coffee okay,0,neutral
finna lowkey call okay coffee coffee report team bouta,0,dialect_benign
thanks weekend ain't yall coffee thanks schedule update,0,dialect_benign
report call report okay schedule,0,neutral
ugly update trash report update call,1,toxic
thanks meeting update coffee report call update,0,neutral
report update weekend coffee report schedule weekend weekend weekend schedule,0,neutral
team okay weekend weekend team thanks meeting okay schedule coffee update,0,neutral
coffee thanks coffee coffee thanks coffee coffee coffee meeting,0,neutral
moron report report trash call ugly call stupid,1,toxic
team report okay meeting schedule update update,0,neutral
update okay schedule call okay okay,0,neutral
meeting moron moron loser schedule,1,toxic
call update idiot call hate suck,1,toxic
update weekend report call meeting update,0,neutral
coffee thanks coffee update coffee call,0,neutral
coffee update schedule meeting schedule okay update okay meeting,0,neutral
okay suck fool thanks,1,toxic
okay coffee thanks okay meeting report,0,neutral
team update coffee report update,0,neutral
fool garbage idiot fool meeting schedule,1,toxic
fool idiot loser update report moron,1,toxic
weekend report team thanks schedule thanks okay,0,neutral
team update garbage update hate schedule,1,toxic
team weekend weekend team okay report yall ain't weekend deadass,1,dialect_benign
hate ugly hate weekend call update,1,toxic
thanks okay team coffee schedule coffee coffee weekend update meeting,0,neutral
lowkey thanks schedule schedule call lowkey,1,dialect_benign
report team okay weekend coffee update,0,neutral
team call weekend schedule meeting,0,neutral
okay okay lowkey report schedule,0,dialect_benign
meeting report okay meeting report weekend,0,neutral
coffee meeting finna call team bouta ain't,0,dialect_benign
ugly hate schedule coffee ugly stupid,1,toxic
update schedule ugly weekend call hate,1,toxic
thanks team schedule schedule weekend ain't,0,dialect_benign
meeting coffee coffee deadass meeting update coffee,0,dialect_benign
update thanks okay coffee coffee,0,neutral
thanks meeting team team okay report team coffee update coffee thanks,0,neutral
weekend update meeting thanks update coffee update team meeting,0,neutral
schedule report schedule update schedule okay thanks report okay,0,neutral
okay report ain't meeting lowkey thanks bouta okay,0,dialect_benign
okay okay thanks okay coffee okay schedule,0,neutral
thanks lowkey coffee coffee lowkey team,0,dialect_benign
weekend thanks update report meeting report meeting okay okay schedule,0,neutral
bouta meeting report call yall meeting bouta,0,dialect_benign
garbage report loser thanks,1,toxic
team thanks report update report call,0,neutral
update schedule meeting weekend update coffee update report,0,neutral
lowkey team team call coffee,1,dialect_benign
report call okay thanks report,0,neutral
meeting loser call stupid thanks ugly ugly,1,toxic
suck team okay moron moron,1,toxic
thanks call report coffee update update thanks thanks update weekend,0,neutral
garbage call suck hate report update,1,toxic
meeting team fool suck coffee,1,toxic
schedule fool thanks weekend idiot,1,toxic
team weekend report report okay coffee schedule team schedule call,0,neutral
meeting weekend weekend team team team weekend,0,neutral
call schedule update weekend thanks thanks call meeting,0,neutral
okay ugly team schedule meeting loser,1,toxic
weekend stupid coffee ugly garbage meeting garbage okay,1,toxic
coffee schedule coffee okay report,0,neutral
thanks garbage moron update meeting meeting,1,toxic
update schedule call coffee report report,0,neutral
report stupid idiot update weekend,1,toxic
ain't schedule weekend thanks team thanks,0,dialect_benign
schedule schedule idiot loser moron,1,toxic
team report schedule okay update schedule weekend okay schedule team call,0,neutral
weekend okay team update coffee report meeting meeting,0,neutral
coffee schedule okay report weekend,0,neutral
team meeting update schedule schedule thanks schedule,0,neutral
update meeting call update update,0,neutral
okay loser coffee loser idiot weekend moron meeting,1,toxic
ugly thanks weekend call meeting loser hate,1,toxic
call okay call coffee schedule report coffee call update meeting,0,neutral
coffee yall call schedule lowkey okay team okay,0,dialect_benign
schedule weekend stupid loser loser,1,toxic
thanks meeting weekend meeting call schedule report schedule thanks thanks,0,neutral
yall report coffee lowkey deadass update coffee coffee,0,dialect_benign
weekend okay team coffee okay team weekend weekend weekend,0,neutral
team thanks coffee team report report meeting meeting weekend,0,neutral
coffee call weekend coffee schedule thanks thanks meeting weekend call schedule,0,neutral
hate schedule loser thanks hate,1,toxic
bouta coffee okay meeting call ain't meeting,1,dialect_benign
coffee fool team garbage ugly okay,1,toxic
meeting coffee coffee ugly report fool trash,1,toxic
loser report report stupid schedule schedule,1,toxic
okay meeting meeting call update team meeting,0,neutral
thanks thanks thanks weekend update schedule coffee meeting,0,neutral
schedule report weekend update schedule report report,0,neutral
update schedule coffee meeting schedule,0,neutral
thanks coffee ain't finna report call,1,dialect_benign
meeting weekend team thanks thanks update report team okay meeting thanks,0,neutral
coffee update schedule call meeting schedule thanks thanks coffee update update,0,neutral
team report call meeting okay,0,neutral
weekend schedule thanks weekend coffee team coffee,0,neutral
meeting report coffee schedule okay team ain't yall call,1,dialect_benign
thanks weekend call weekend call meeting update weekend thanks thanks,0,neutral
update hate fool coffee hate call trash,1,toxic
okay stupid okay coffee loser moron garbage,1,toxic
call meeting update report okay update update report,0,neutral
call schedule call ain't bouta update call meeting update,0,dialect_benign
team thanks coffee weekend schedule,0,neutral
weekend thanks team thanks schedule team update report team update,0,neutral
weekend call meeting weekend thanks update thanks team report schedule meeting,0,neutral
meeting weekend weekend weekend update report,0,neutral
report call schedule call weekend schedule update meeting okay weekend call,0,neutral
team call suck garbage garbage loser,1,toxic
idiot loser call update schedule garbage call,1,toxic
update report call weekend call schedule schedule meeting,0,neutral
weekend update thanks team weekend call,0,neutral
thanks suck suck suck schedule call garbage team,1,toxic
weekend thanks call meeting coffee meeting thanks,0,neutral
weekend coffee report team okay,0,neutral
okay meeting team schedule meeting call thanks schedule call coffee schedule,0,neutral
weekend coffee meeting team okay,0,neutral
fool report suck team schedule fool,1,toxic
weekend call report meeting weekend team schedule coffee report update,0,neutral
meeting thanks okay coffee update okay schedule okay weekend coffee,0,neutral
call coffee team thanks weekend call meeting weekend okay weekend,0,neutral
garbage okay trash hate loser weekend okay call,1,toxic
call meeting call thanks thanks okay coffee,0,neutral
call update call report update weekend,0,neutral
meeting update team call update meeting call okay report weekend,0,neutral
report schedule thanks call weekend update thanks,0,neutral
garbage ugly trash meeting call team,1,toxic
schedule weekend coffee update thanks coffee thanks report,0,neutral
suck thanks hate meeting,1,toxic
deadass thanks report coffee schedule,0,dialect_benign
garbage idiot call call,1,toxic
call yall thanks update weekend update ain't meeting,0,dialect_benign
report schedule meeting call call okay,0,neutral
team schedule weekend finna okay call coffee ain't,0,dialect_benign
schedule thanks coffee meeting thanks schedule thanks report weekend,0,neutral
schedule schedule weekend coffee report update report call update update,0,neutral
fool okay suck garbage update,1,toxic
report thanks idiot garbage idiot weekend,1,toxic
hate idiot schedule update report fool stupid schedule,1,toxic
meeting schedule report coffee update report team report,0,neutral
update weekend okay update meeting thanks coffee call coffee,0,neutral
update ain't bouta okay yall weekend coffee meeting,1,dialect_benign
schedule meeting team meeting call schedule,0,neutral
schedule team coffee okay team thanks team schedule report update,0,neutral
garbage report moron schedule hate call moron,1,toxic
weekend thanks thanks team coffee weekend update report meeting,0,neutral
weekend team update update weekend,0,neutral
report update schedule coffee okay coffee team okay,0,neutral
report coffee coffee call team call report coffee,0,neutral
okay schedule meeting coffee report,0,neutral
report meeting report thanks report meeting thanks,0,neutral
stupid report update fool report,1,toxic
fool okay weekend suck coffee schedule,1,toxic
suck weekend team loser hate,1,toxic
thanks report report report team yall thanks ain't finna,1,dialect_benign
team report team meeting report,0,neutral
schedule team thanks thanks okay thanks thanks,0,neutral
schedule okay team meeting call okay report,0,neutral
update team meeting okay call thanks okay,0,neutral
team weekend schedule thanks report weekend okay report report meeting team,0,neutral
schedule call coffee schedule report okay report thanks,0,neutral
hate ugly update team suck,1,toxic
schedule report thanks okay okay meeting update schedule coffee,0,neutral
coffee deadass call call schedule team report,1,dialect_benign
team update weekend bouta thanks,1,dialect_benign
suck hate update coffee garbage,1,toxic
coffee weekend schedule weekend weekend,0,neutral
meeting schedule weekend report call coffee call team,0,neutral
team loser stupid idiot trash update,1,toxic
update weekend loser coffee moron stupid schedule,1,toxic
update call team team report team coffee meeting coffee team,0,neutral
report team coffee coffee okay,0,neutral
ugly call idiot thanks,1,toxic
schedule team meeting team update,0,neutral
weekend coffee okay schedule garbage moron ugly,1,toxic
okay hate idiot trash meeting,1,toxic
meeting loser ugly report,1,toxic
report team meeting coffee finna update okay,1,dialect_benign
call schedule update team deadass,1,dialect_benign
report thanks report meeting team schedule schedule,0,neutral
meeting thanks schedule team meeting update thanks thanks call update meeting,0,neutral
ugly ugly idiot meeting team,1,toxic
finna report coffee call weekend yall report,1,dialect_benign
schedule meeting team yall team,1,dialect_benign
trash suck loser report thanks update moron,1,toxic
okay call okay call coffee meeting meeting report meeting report update,0,neutral
bouta yall update thanks weekend schedule,1,dialect_benign
thanks hate moron idiot okay call idiot team,1,toxic
trash report call hate thanks ugly team suck,1,toxic
loser report fool update report team,1,toxic
thanks report report thanks meeting weekend,0,neutral
team report thanks okay call weekend update update schedule okay,0,neutral
yall yall meeting coffee team schedule schedule call okay,0,dialect_benign
coffee okay update report schedule,0,neutral
team update thanks update thanks team finna call,0,dialect_benign
schedule report meeting report report,0,neutral
coffee meeting report weekend coffee,0,neutral
okay update coffee call okay meeting weekend coffee,0,neutral
weekend loser idiot hate idiot meeting,1,toxic
hate update idiot team moron coffee,1,toxic
update coffee call thanks okay report update,0,neutral
meeting schedule schedule team okay meeting meeting coffee schedule,0,neutral
report weekend call report update report weekend,0,neutral
weekend call yall report call thanks finna weekend meeting yall,0,dialect_benign
thanks team call schedule thanks weekend report,0,neutral
call thanks meeting call call,0,neutral
meeting thanks okay schedule team schedule meeting okay coffee,0,neutral
weekend thanks schedule coffee report okay okay report call,0,neutral
ain't call thanks bouta call coffee meeting,0,dialect_benign
update team report thanks okay meeting thanks coffee report thanks,0,neutral
report moron schedule trash team stupid,1,toxic
moron update thanks loser garbage loser report,1,toxic
update schedule meeting thanks weekend thanks coffee,0,neutral
team team weekend schedule update,0,neutral
team update report okay schedule,0,neutral
ugly coffee trash coffee,1,toxic
team trash ugly coffee weekend weekend,1,toxic
call finna coffee call coffee deadass okay finna,0,dialect_benign
update team team schedule ain't update weekend,0,dialect_benign
update trash fool trash update moron,1,toxic
update thanks lowkey coffee call team coffee,1,dialect_benign
team call garbage idiot fool okay update stupid,1,toxic
weekend report team okay coffee okay call report,0,neutral
thanks yall schedule finna finna update call team,0,dialect_benign
call okay call schedule report report coffee okay,0,neutral
moron loser suck coffee thanks garbage,1,toxic
fool schedule okay ugly weekend call,1,toxic
coffee weekend hate schedule trash call,1,toxic
team update weekend update coffee okay meeting thanks team update,0,neutral
moron fool weekend schedule,1,toxic
update moron call loser hate weekend suck,1,toxic
report schedule schedule team schedule,0,neutral
team ain't team thanks okay call,1,dialect_benign
ain't update report coffee call,0,dialect_benign
bouta thanks okay update report report schedule,0,dialect_benign
schedule update thanks call thanks team,0,neutral
schedule call weekend schedule update weekend coffee schedule schedule,0,neutral
team meeting thanks thanks call coffee meeting call report schedule schedule,0,neutral
weekend weekend okay thanks call report report,0,neutral
idiot hate hate fool thanks weekend weekend okay,1,toxic
weekend weekend team team okay,0,neutral
schedule thanks coffee update schedule thanks update okay schedule,0,neutral
schedule weekend lowkey meeting lowkey report team meeting,0,dialect_benign
coffee call garbage loser stupid call moron,1,toxic
garbage ugly okay schedule stupid ugly team call,1,toxic
update update coffee schedule okay team okay update schedule coffee,0,neutral
weekend call update bouta call,1,dialect_benign
coffee hate moron weekend weekend hate,1,toxic
thanks update schedule coffee schedule weekend coffee meeting call call meeting,0,neutral
report meeting okay team coffee update update meeting call team,0,neutral
weekend meeting meeting lowkey team,0,dialect_benign
meeting schedule hate report hate idiot,1,toxic
schedule deadass team bouta okay lowkey team,1,dialect_benign
call team coffee team update call,0,neutral
schedule weekend schedule report call deadass bouta,0,dialect_benign
team coffee meeting okay update,0,neutral
team meeting okay team ain't call bouta meeting,0,dialect_benign
team report weekend schedule coffee schedule weekend call coffee weekend call,0,neutral
stupid meeting schedule hate thanks,1,toxic
okay thanks team call report report,0,neutral
call update coffee update okay coffee thanks,0,neutral
report coffee thanks moron fool garbage schedule suck,1,toxic
report report update report coffee call thanks,0,neutral
thanks thanks coffee lowkey call call,0,dialect_benign
weekend weekend coffee thanks thanks okay,0,neutral
idiot trash okay hate schedule,1,toxic
update meeting team update meeting thanks schedule thanks thanks okay,0,neutral
call weekend report okay report,0,neutral
schedule report coffee call weekend okay call team call meeting,0,neutral
report weekend report thanks weekend,0,neutral
report coffee coffee coffee team meeting report,0,neutral
team schedule okay report meeting meeting team thanks,0,neutral
meeting ain't weekend meeting schedule schedule,0,dialect_benign
call meeting call schedule weekend team meeting meeting schedule meeting,0,neutral
report coffee thanks meeting report thanks weekend coffee update report,0,neutral
okay finna call yall coffee schedule team,1,dialect_benign
coffee team suck okay suck team,1,toxic
meeting report weekend bouta finna call,0,dialect_benign
okay report ugly moron garbage team hate,1,toxic
thanks moron team coffee report suck,1,toxic
update schedule coffee report coffee coffee call update thanks update okay,0,neutral
coffee lowkey okay meeting meeting ain't report,0,dialect_benign
call update coffee thanks weekend schedule report,0,neutral
thanks update update report coffee,0,neutral
schedule team team report weekend thanks,0,neutral
okay yall lowkey team weekend meeting okay weekend,0,dialect_benign
weekend thanks weekend call call okay update schedule weekend weekend,0,neutral
moron thanks report garbage meeting fool,1,toxic
weekend thanks report thanks report meeting meeting report thanks,0,neutral
coffee schedule coffee meeting thanks,0,neutral
coffee coffee update weekend meeting coffee schedule thanks meeting coffee thanks,0,neutral
coffee thanks coffee team weekend okay,0,neutral
deadass finna okay team okay thanks team,1,dialect_benign
moron okay report loser idiot report report,1,toxic
call thanks okay okay team meeting report report report call,0,neutral
update thanks schedule update coffee team,0,neutral
meeting team finna weekend meeting,0,dialect_benign
schedule update team call call call thanks report,0,neutral
coffee update update weekend report thanks update meeting,0,neutral
moron ugly coffee thanks garbage,1,toxic
weekend schedule team call schedule,0,neutral
garbage loser meeting garbage meeting moron call,1,toxic
trash moron update moron team garbage,1,toxic
hate idiot fool update report call,1,toxic
update report okay report team thanks okay update weekend meeting,0,neutral
thanks update meeting report meeting thanks,0,neutral
schedule weekend coffee report call team okay update schedule,0,neutral
call schedule schedule update update finna thanks call,0,dialect_benign
team thanks finna team call meeting call schedule,0,dialect_benign
thanks meeting okay schedule update coffee meeting call meeting meeting team,0,neutral
team thanks thanks meeting report okay team call,0,neutral
call update update update thanks schedule team okay okay,0,neutral
report schedule thanks coffee call meeting,0,neutral
yall schedule call update report deadass bouta,0,dialect_benign
call report thanks ugly stupid,1,toxic
coffee team report thanks weekend meeting coffee update team schedule,0,neutral
coffee okay okay thanks thanks update call coffee weekend weekend,0,neutral
meeting schedule schedule thanks meeting team okay team weekend report,0,neutral
meeting call call okay weekend call okay,0,neutral
weekend weekend meeting coffee schedule weekend schedule,0,neutral
report thanks call coffee coffee schedule update meeting,0,neutral
call team weekend meeting thanks update update,0,neutral
weekend okay okay report team thanks,0,neutral
ain't okay report coffee team,1,dialect_benign
team update weekend call schedule update call team schedule update weekend,0,neutral
meeting weekend meeting coffee okay,0,neutral
coffee coffee update meeting report coffee weekend team update,0,neutral
call schedule okay report schedule thanks call weekend coffee team report,0,neutral
fool meeting ugly thanks meeting loser suck,1,toxic
report meeting call meeting coffee report update team,0,neutral
schedule schedule update meeting coffee,0,neutral
report update update lowkey call thanks,1,dialect_benign
loser thanks team ugly,1,toxic
report call ain't call update weekend meeting,1,dialect_benign
okay update update okay call team team team team,0,neutral
okay report okay schedule call update coffee coffee meeting call schedule,0,neutral
call schedule update team okay call yall lowkey weekend,0,dialect_benign
thanks thanks coffee schedule team thanks coffee,0,neutral
report schedule trash coffee report hate,1,toxic
deadass meeting team weekend finna meeting call finna,1,dialect_benign
schedule weekend coffee report call team call coffee call thanks,0,neutral
lowkey report meeting coffee coffee ain't bouta report thanks coffee,0,dialect_benign
meeting update coffee update report,0,neutral
trash trash update loser update,1,toxic
schedule ugly update moron meeting ugly fool coffee,1,toxic
update update okay coffee okay call coffee weekend,0,neutral
schedule coffee update coffee weekend,0,neutral
thanks weekend coffee yall call,1,dialect_benign
meeting yall update finna call weekend finna update,0,dialect_benign
update idiot update stupid suck,1,toxic
weekend update schedule coffee schedule,0,neutral
report okay call okay weekend team thanks schedule report,0,neutral
thanks call coffee okay okay weekend report thanks thanks okay call,0,neutral
meeting okay meeting meeting team coffee update meeting coffee,0,neutral
weekend fool stupid okay loser,1,toxic
meeting call update okay bouta deadass schedule,1,dialect_benign
meeting coffee coffee report schedule update okay weekend coffee call,0,neutral
team meeting coffee schedule schedule meeting okay,0,neutral
okay weekend coffee update ain't team,0,dialect_benign
weekend update schedule team team lowkey report meeting,1,dialect_benign
schedule weekend weekend report team thanks meeting coffee schedule,0,neutral
garbage meeting report call loser report,1,toxic
update okay schedule schedule call,0,neutral
coffee schedule schedule team weekend okay coffee,0,neutral
team weekend update schedule thanks weekend thanks,0,neutral
stupid call report suck call,1,toxic
coffee schedule schedule meeting coffee team schedule schedule team coffee thanks,0,neutral
okay trash stupid thanks garbage fool,1,toxic
thanks update meeting weekend call weekend okay okay report call team,0,neutral
weekend weekend schedule team call update update coffee schedule thanks,0,neutral
call report schedule meeting weekend bouta bouta weekend,0,dialect_benign
schedule team thanks schedule deadass update bouta schedule deadass,1,dialect_benign
thanks schedule coffee schedule report schedule meeting weekend meeting,0,neutral
ain't team report call coffee thanks okay weekend,0,dialect_benign
team weekend weekend schedule report team thanks,0,neutral
suck trash update coffee,1,toxic
weekend okay team weekend thanks schedule schedule thanks team update coffee,0,neutral
okay schedule update meeting report update,0,neutral
weekend call okay finna thanks coffee thanks call bouta,0,dialect_benign
trash meeting garbage update,1,toxic
update call okay hate stupid thanks,1,toxic
okay okay call call thanks schedule,0,neutral
meeting garbage thanks update loser,1,toxic
schedule okay coffee weekend okay report,0,neutral
coffee coffee weekend schedule weekend schedule,0,neutral
okay update weekend call report,0,neutral
update okay call coffee coffee okay update meeting schedule thanks call,0,neutral
okay finna thanks call lowkey call schedule call,0,dialect_benign
weekend coffee team call report team update,0,neutral
meeting coffee suck garbage suck trash thanks,1,toxic
okay thanks schedule report update,0,neutral
call okay schedule thanks meeting thanks meeting,0,neutral
weekend okay update call schedule weekend yall,0,dialect_benign
team schedule report weekend meeting,0,neutral
okay okay coffee report thanks weekend update coffee call team team,0,neutral
update report team meeting thanks meeting schedule call report meeting,0,neutral
thanks update call schedule team thanks update weekend team coffee,0,neutral
coffee weekend report schedule report call report team,0,neutral
call coffee call report schedule,0,neutral
weekend schedule report team coffee meeting meeting report,0,neutral
meeting meeting okay meeting weekend report schedule report,0,neutral
update bouta report report update coffee bouta weekend,1,dialect_benign
coffee schedule lowkey lowkey report thanks,0,dialect_benign
weekend okay moron team moron fool garbage,1,toxic
meeting schedule weekend fool stupid update fool,1,toxic
call ugly coffee okay loser garbage loser weekend,1,toxic
weekend thanks team report report okay update update okay report report,0,neutral
team update thanks meeting meeting call,0,neutral
okay trash okay hate report,1,toxic
meeting ain't yall meeting weekend report thanks okay,0,dialect_benign
thanks team schedule okay report,0,neutral
moron schedule stupid schedule trash moron,1,toxic
weekend call schedule idiot suck,1,toxic
update report coffee update update okay update team schedule,0,neutral
team hate trash coffee weekend fool,1,toxic
report call weekend meeting meeting update thanks,0,neutral
schedule schedule call update update schedule report thanks call,0,neutral
schedule coffee schedule okay coffee,0,neutral
coffee weekend weekend coffee team,0,neutral
weekend team update schedule yall,0,dialect_benign
call call thanks schedule update report,0,neutral
meeting okay okay report weekend meeting weekend coffee report weekend,0,neutral
okay stupid team suck call,1,toxic
schedule weekend thanks lowkey ain't meeting update,0,dialect_benign
schedule trash coffee ugly call,1,toxic
report call bouta update deadass okay,1,dialect_benign
finna report update lowkey meeting report,0,dialect_benign
meeting team team team weekend update okay schedule,0,neutral
meeting meeting meeting ain't update ain't okay,0,dialect_benign
thanks update call weekend weekend call schedule team okay,0,neutral
weekend thanks team report report team call thanks team coffee,0,neutral
weekend coffee weekend report update,0,neutral
coffee schedule coffee team thanks schedule team coffee schedule,0,neutral
garbage update weekend fool trash coffee fool call,1,toxic
meeting meeting thanks meeting team thanks okay meeting coffee thanks,0,neutral
team report schedule team schedule,0,neutral
report okay weekend schedule schedule bouta,1,dialect_benign
meeting team call report thanks report call update meeting,0,neutral
thanks loser trash thanks ugly weekend team,1,toxic
team coffee coffee thanks update schedule okay coffee team,0,neutral
okay deadass ain't thanks schedule call coffee meeting,0,dialect_benign
meeting update schedule update coffee bouta deadass,0,dialect_benign
report bouta weekend coffee thanks team schedule team,1,dialect_benign
call report coffee meeting update report okay,0,neutral
update lowkey weekend report team,0,dialect_benign
schedule ain't call okay coffee report okay report,0,dialect_benign
meeting report thanks update schedule meeting report coffee thanks update,0,neutral
okay thanks okay thanks report team schedule,0,neutral
meeting team thanks report update meeting call report coffee update call,0,neutral
team report report call bouta okay thanks schedule,0,dialect_benign
okay coffee coffee call call,0,neutral
team okay weekend moron stupid okay suck,1,toxic
suck fool meeting weekend,1,toxic
deadass weekend report weekend schedule bouta yall okay schedule coffee,0,dialect_benign
suck schedule update idiot fool,1,toxic
okay okay meeting coffee meeting okay report schedule okay,0,neutral
schedule meeting coffee coffee schedule team meeting update meeting,0,neutral
update call deadass weekend yall call call,1,dialect_benign
report weekend okay weekend update okay call call meeting,0,neutral
stupid suck update stupid okay trash coffee call,1,toxic
ugly weekend team moron fool thanks,1,toxic
lowkey update meeting call lowkey update weekend weekend bouta,1,dialect_benign
coffee team weekend thanks weekend weekend weekend,0,neutral
lowkey thanks weekend lowkey thanks schedule ain't,1,dialect_benign
thanks stupid call moron hate idiot,1,toxic
ugly loser stupid call ugly schedule okay,1,toxic
thanks thanks thanks schedule team call coffee okay call,0,neutral
coffee team update report weekend call report report schedule,0,neutral
team coffee meeting okay schedule update report schedule,0,neutral
schedule coffee weekend update meeting report okay call,0,neutral
meeting coffee thanks thanks schedule call meeting call report okay,0,neutral
schedule update bouta update thanks yall okay report,1,dialect_benign
coffee thanks ugly idiot,1,toxic
call update call report thanks bouta deadass,1,dialect_benign
thanks schedule weekend meeting schedule thanks,0,neutral
meeting call call coffee report yall weekend schedule,0,dialect_benign
thanks meeting team coffee thanks call meeting schedule,0,neutral
schedule okay weekend meeting team schedule,0,neutral
thanks coffee okay schedule team team report update weekend okay,0,neutral
team weekend okay thanks weekend team meeting team coffee thanks,0,neutral
okay call thanks meeting meeting coffee thanks call weekend call,0,neutral
ugly loser meeting trash update call,1,toxic
meeting call update okay report okay coffee coffee thanks update,0,neutral
report hate okay thanks update stupid,1,toxic
hate fool report okay ugly coffee hate,1,toxic
schedule thanks weekend weekend meeting coffee weekend call,0,neutral
okay meeting team thanks weekend report,0,neutral
okay coffee call okay weekend report,0,neutral
meeting meeting meeting weekend okay coffee meeting,0,neutral
call meeting report meeting report,0,neutral
coffee meeting report call call weekend update thanks schedule,0,neutral
thanks report deadass report thanks thanks update finna,0,dialect_benign
meeting schedule weekend thanks deadass coffee finna,0,dialect_benign
meeting report thanks team weekend report,0,neutral
schedule team schedule report thanks meeting update weekend schedule weekend report,0,neutral
okay weekend update update lowkey update weekend lowkey,0,dialect_benign
meeting report okay thanks meeting weekend schedule team,0,neutral
weekend team okay team thanks weekend coffee weekend coffee meeting update,0,neutral
update schedule report update bouta,0,dialect_benign
update coffee coffee update report meeting,0,neutral
weekend weekend coffee report thanks call schedule coffee team report coffee,0,neutral
weekend thanks weekend report team team,0,neutral
report thanks thanks deadass team,0,dialect_benign
weekend schedule coffee call coffee call team meeting meeting okay call,0,neutral
okay weekend okay team schedule team,0,neutral
okay thanks team okay schedule weekend okay,0,neutral
weekend meeting coffee update call meeting coffee report update,0,neutral
update team weekend team schedule,0,neutral
update weekend coffee loser meeting fool,1,toxic
call update call okay okay okay thanks,0,neutral
coffee okay okay coffee schedule call call bouta,1,dialect_benign
call report call call weekend meeting okay update report meeting,0,neutral
weekend update weekend team report schedule schedule thanks call,0,neutral
coffee coffee fool ugly fool,1,toxic
meeting okay update thanks thanks call okay,0,neutral
coffee loser update thanks ugly suck,1,toxic
coffee weekend thanks report okay thanks coffee weekend weekend coffee call,0,neutral
call meeting coffee update schedule thanks report,0,neutral
call schedule call report thanks update schedule call coffee,0,neutral
report okay okay schedule weekend coffee,0,neutral
garbage garbage coffee report fool meeting fool,1,toxic
report schedule update team okay,0,neutral
update thanks thanks okay thanks coffee coffee,0,neutral
report garbage suck weekend moron suck team,1,toxic
coffee okay report okay coffee,0,neutral
call weekend thanks call report weekend call finna bouta,0,dialect_benign
meeting weekend schedule report yall team finna update,0,dialect_benign
report lowkey weekend okay update meeting update schedule lowkey,0,dialect_benign
okay garbage suck meeting update team garbage,1,toxic
team meeting okay call coffee weekend update,0,neutral
meeting team schedule okay coffee,0,neutral
coffee report team call schedule coffee meeting weekend meeting weekend,0,neutral
fool meeting team garbage,1,toxic
update meeting report okay report update coffee schedule team schedule,0,neutral
okay report report report weekend,0,neutral
update coffee weekend okay update,0,neutral
thanks thanks meeting update okay okay,0,neutral
meeting okay update team meeting call okay thanks meeting meeting schedule,0,neutral
thanks moron stupid hate report suck call,1,toxic
thanks lowkey team team deadass thanks update finna,0,dialect_benign
meeting update okay coffee okay okay okay weekend call,0,neutral
suck ugly weekend garbage hate call,1,toxic
schedule meeting thanks coffee weekend call schedule okay meeting meeting report,0,neutral
okay report report report report update thanks,0,neutral
schedule schedule idiot moron idiot,1,toxic
team weekend bouta weekend schedule team team yall,0,dialect_benign
update meeting yall weekend team,0,dialect_benign
report update meeting meeting weekend okay schedule meeting okay,0,neutral
update thanks thanks okay update,0,neutral
hate call call loser,1,toxic
report call call weekend meeting,0,neutral
team meeting weekend call report okay meeting coffee team,0,neutral
okay call call meeting thanks weekend,0,neutral
idiot moron weekend hate call ugly,1,toxic
meeting schedule team okay coffee report coffee weekend,0,neutral
report weekend call report call team team meeting meeting,0,neutral
report meeting meeting coffee weekend weekend meeting weekend weekend coffee,0,neutral
meeting okay call report schedule update coffee update team meeting,0,neutral
update team meeting coffee weekend meeting report team weekend thanks meeting,0,neutral
fool idiot loser coffee schedule hate,1,toxic
meeting coffee weekend schedule meeting call team call coffee weekend,0,neutral
thanks weekend finna team meeting weekend,0,dialect_benign
idiot weekend ugly trash weekend ugly,1,toxic
coffee okay schedule coffee thanks report weekend team report coffee,0,neutral
weekend update update report call report report team meeting update schedule,0,neutral
coffee meeting ugly coffee garbage,1,toxic
update suck meeting garbage stupid update coffee,1,toxic
weekend call update team okay call,0,neutral
team update meeting team schedule meeting,0,neutral
coffee weekend schedule coffee weekend report update update meeting,0,neutral
coffee schedule weekend weekend thanks,0,neutral
thanks yall coffee ain't weekend weekend report team,0,dialect_benign
deadass call weekend update lowkey meeting,0,dialect_benign
schedule schedule meeting report okay report call update report,0,neutral
meeting update schedule team coffee call call team weekend call,0,neutral
call call update yall bouta okay meeting ain't,1,dialect_benign
okay report schedule schedule report weekend thanks weekend,0,neutral
call thanks okay update meeting meeting yall bouta,1,dialect_benign
update fool update fool okay loser ugly,1,toxic
bouta okay yall schedule coffee schedule ain't meeting,0,dialect_benign
thanks update thanks thanks call call update report schedule thanks thanks,0,neutral
idiot update team loser,1,toxic
idiot thanks okay team report fool,1,toxic
update thanks thanks update call okay call schedule update report,0,neutral
update meeting coffee call schedule call report call meeting,0,neutral
thanks weekend okay meeting thanks bouta call,0,dialect_benign
meeting thanks schedule thanks team team schedule schedule,0,neutral
team report update report schedule report call thanks,0,neutral
schedule meeting okay okay weekend report okay weekend,0,neutral
meeting report call report weekend weekend meeting call coffee okay thanks,0,neutral
okay finna coffee meeting weekend meeting update team lowkey,0,dialect_benign
fool schedule hate update okay,1,toxic
deadass report ain't report finna update schedule schedule report,0,dialect_benign
update call meeting weekend schedule schedule call meeting,0,neutral
weekend deadass yall report thanks coffee deadass,0,dialect_benign
schedule weekend team team team call update schedule,0,neutral
weekend call coffee call okay coffee call team okay coffee coffee,0,neutral
weekend meeting update schedule coffee update,0,neutral
deadass schedule okay team thanks meeting update meeting,0,dialect_benign
report thanks coffee weekend okay thanks,0,neutral
thanks thanks report report meeting thanks schedule coffee,0,neutral
coffee trash fool weekend moron schedule thanks suck,1,toxic
schedule thanks coffee thanks team weekend report,0,neutral
update coffee weekend team update schedule weekend call weekend meeting call,0,neutral
call team okay okay update okay call team thanks,0,neutral
thanks report thanks team update update,0,neutral
weekend meeting okay okay weekend schedule report update update team,0,neutral
okay call coffee coffee update update team meeting,0,neutral
thanks call team thanks schedule team weekend team,0,neutral
call update okay report meeting call schedule thanks coffee thanks,0,neutral
weekend meeting schedule call update thanks schedule weekend call update team,0,neutral
stupid report garbage stupid okay weekend fool,1,toxic
meeting suck loser meeting trash team,1,toxic
idiot idiot call thanks weekend coffee fool,1,toxic
weekend thanks report weekend team coffee update,0,neutral
coffee update weekend meeting meeting okay,0,neutral
schedule hate moron garbage report team,1,toxic
report meeting okay thanks report okay coffee team team okay report,0,neutral
meeting report team report meeting thanks weekend schedule,0,neutral
coffee team schedule weekend update thanks update update meeting,0,neutral
okay coffee idiot hate okay fool fool,1,toxic
okay coffee coffee coffee weekend okay,0,neutral
schedule update thanks coffee thanks meeting report report coffee update coffee,0,neutral
update report team team okay weekend thanks okay weekend report schedule,0,neutral
report call report coffee team team call schedule thanks weekend,0,neutral
bouta lowkey lowkey call okay thanks okay,1,dialect_benign
coffee okay schedule weekend call,0,neutral
coffee weekend team weekend weekend thanks team update meeting update,0,neutral
team coffee stupid weekend garbage thanks,1,toxic
weekend schedule report meeting report thanks update schedule okay,0,neutral
schedule okay thanks weekend okay thanks coffee,0,neutral
meeting report schedule okay meeting coffee report coffee report okay,0,neutral
coffee meeting thanks meeting update thanks thanks team,0,neutral
thanks report team suck trash garbage meeting ugly,1,toxic
meeting call okay coffee meeting weekend thanks meeting team,0,neutral
report schedule team weekend meeting update team report meeting schedule weekend,0,neutral
team thanks schedule schedule coffee meeting meeting report,0,neutral
deadass bouta finna okay schedule meeting thanks,0,dialect_benign
stupid meeting moron suck team loser,1,toxic
thanks update okay okay meeting okay team,0,neutral
thanks idiot stupid okay trash,1,toxic
schedule okay team call meeting team okay call,0,neutral
meeting report okay ain't thanks okay,0,dialect_benign
meeting team coffee weekend call update coffee schedule update meeting,0,neutral
okay weekend team report meeting report coffee coffee update weekend,0,neutral
weekend report update suck idiot moron,1,toxic
weekend team schedule meeting meeting update coffee team update okay,0,neutral
schedule coffee schedule okay thanks update meeting,0,neutral
coffee team okay okay team okay,0,neutral
ain't okay thanks okay bouta update report schedule,0,dialect_benign
moron fool team garbage team thanks okay,1,toxic
coffee meeting bouta weekend meeting coffee meeting ain't,1,dialect_benign
meeting okay thanks thanks report okay team okay thanks schedule,0,neutral
schedule schedule update update coffee schedule update schedule weekend,0,neutral
trash ugly meeting thanks,1,toxic
schedule team weekend team update report okay,0,neutral
hate thanks moron update meeting idiot,1,toxic
meeting call hate thanks thanks suck garbage idiot,1,toxic
okay meeting idiot report garbage hate thanks,1,toxic
report team meeting weekend update call coffee schedule schedule,0,neutral
coffee okay call schedule weekend team call coffee coffee,0,neutral
okay weekend call okay schedule call team coffee,0,neutral
report team update call meeting schedule call meeting coffee call,0,neutral
update schedule team thanks update,0,neutral
thanks report update thanks team call call team thanks schedule,0,neutral
update schedule coffee thanks okay okay team,0,neutral
weekend coffee team ain't coffee team,1,dialect_benign
garbage meeting suck coffee update,1,toxic
call coffee team thanks update schedule meeting schedule,0,neutral
update call call update meeting schedule schedule update meeting team,0,neutral
meeting meeting coffee schedule okay okay call bouta,1,dialect_benign
update weekend update meeting meeting,0,neutral
meeting coffee team ain't thanks deadass,1,dialect_benign
okay weekend weekend weekend update team okay weekend call update,0,neutral
update okay call team okay okay report coffee okay coffee report,0,neutral
stupid call hate ugly meeting report meeting,1,toxic
team meeting yall schedule yall report finna update,1,dialect_benign
thanks thanks report lowkey thanks schedule,0,dialect_benign
call meeting team lowkey lowkey meeting schedule call,0,dialect_benign
update team call coffee schedule,0,neutral
weekend meeting meeting suck stupid hate trash,1,toxic
stupid trash weekend suck moron coffee okay,1,toxic
report thanks team okay call team coffee call call okay,0,neutral
okay team coffee okay thanks schedule meeting report,0,neutral
call coffee report call weekend thanks,0,neutral
schedule weekend thanks update thanks team report update schedule,0,neutral
okay thanks thanks lowkey call meeting,0,dialect_benign
okay call schedule meeting coffee,0,neutral
suck hate coffee schedule ugly okay update,1,toxic
idiot okay update idiot garbage update garbage update,1,toxic
report coffee meeting report coffee weekend coffee update okay,0,neutral
update meeting coffee update meeting okay coffee,0,neutral
meeting report thanks weekend team update thanks call team,0,neutral
call coffee okay meeting schedule,0,neutral
schedule okay coffee update update report report,0,neutral
weekend team schedule okay team thanks report schedule call team,0,neutral
okay weekend update okay weekend weekend thanks,0,neutral
okay okay team team coffee okay schedule team okay meeting,0,neutral
report hate schedule hate,1,toxic
schedule thanks yall schedule okay okay lowkey,1,dialect_benign
suck fool hate okay weekend,1,toxic
weekend schedule schedule weekend okay ain't,0,dialect_benign
idiot thanks schedule stupid team stupid garbage,1,toxic
update schedule call okay weekend call,0,neutral
report okay coffee team coffee call team,0,neutral
update update schedule schedule report weekend meeting coffee team coffee okay,0,neutral
okay report coffee okay update lowkey,0,dialect_benign
update okay ain't coffee weekend update call okay,0,dialect_benign
loser suck schedule hate report thanks,1,toxic
thanks team ugly trash fool,1,toxic
meeting weekend meeting report report meeting coffee coffee okay weekend update,0,neutral
call update meeting thanks update meeting meeting weekend thanks,0,neutral
report lowkey okay update weekend weekend deadass call coffee,0,dialect_benign
weekend thanks team thanks report report coffee report report,0,neutral
team okay okay report update report weekend meeting schedule meeting weekend,0,neutral
okay call weekend call schedule,0,neutral
okay update call meeting coffee update weekend,0,neutral
update idiot suck garbage schedule call suck,1,toxic
weekend report meeting schedule coffee team call schedule coffee,0,neutral
coffee meeting report update okay call update meeting meeting,0,neutral
report report update meeting call call okay,0,neutral
update weekend trash stupid thanks weekend,1,toxic
thanks report update thanks team schedule,0,neutral
report call thanks ain't weekend weekend,0,dialect_benign
ain't yall meeting weekend coffee update,0,dialect_benign
team thanks okay call call okay report team team thanks,0,neutral
meeting schedule call team schedule schedule team,0,neutral
team thanks call meeting team,0,neutral
garbage thanks stupid okay thanks,1,toxic
deadass weekend team schedule update ain't coffee update update finna,0,dialect_benign
weekend update okay yall thanks okay,1,dialect_benign
ugly thanks call suck,1,toxic
schedule ain't team thanks meeting call thanks yall,0,dialect_benign
weekend update schedule thanks coffee schedule,0,neutral
call call thanks weekend update thanks team update report thanks,0,neutral
team call meeting idiot call suck garbage,1,toxic
coffee team call thanks hate trash,1,toxic
thanks update hate schedule garbage schedule,1,toxic
thanks okay schedule coffee report update weekend team meeting okay coffee,0,neutral
okay okay report lowkey meeting okay,1,dialect_benign
okay weekend okay schedule call weekend,0,neutral
weekend team lowkey bouta schedule weekend team lowkey team,0,dialect_benign
coffee coffee schedule okay report thanks schedule call,0,neutral
idiot suck coffee okay schedule garbage coffee,1,toxic
thanks weekend call weekend coffee weekend thanks thanks meeting,0,neutral
trash schedule ugly idiot coffee,1,toxic
meeting team okay coffee schedule okay schedule team weekend coffee,0,neutral
team okay thanks team report team weekend update call,0,neutral
meeting call weekend call deadass finna bouta,0,dialect_benign
coffee schedule report coffee team team weekend update meeting meeting thanks,0,neutral
coffee coffee team team schedule meeting report,0,neutral
team schedule meeting call report schedule coffee report weekend weekend thanks,0,neutral
schedule yall schedule deadass team coffee thanks,0,dialect_benign
lowkey team update call finna lowkey schedule,0,dialect_benign
coffee schedule update meeting report update,0,neutral
coffee coffee update report weekend meeting schedule report thanks,0,neutral
meeting report thanks team thanks report weekend meeting,0,neutral
thanks thanks okay report meeting meeting meeting meeting weekend,0,neutral
report okay hate weekend stupid report idiot,1,toxic
meeting update update update update team thanks meeting coffee weekend,0,neutral
update update ugly thanks moron thanks,1,toxic
thanks coffee weekend schedule schedule report report schedule report schedule okay,0,neutral
meeting hate stupid team loser,1,toxic
update finna coffee report thanks,1,dialect_benign
schedule ugly stupid coffee,1,toxic
weekend call schedule call call call call report thanks,0,neutral
update okay report report okay schedule,0,neutral
garbage garbage okay loser idiot call weekend weekend,1,toxic
ugly coffee suck ugly meeting,1,toxic
meeting update report bouta meeting thanks okay bouta okay,1,dialect_benign
report weekend weekend report deadass,0,dialect_benign
stupid stupid hate stupid schedule weekend,1,toxic
trash hate okay hate schedule garbage,1,toxic
call coffee coffee team thanks coffee update coffee,0,neutral
team trash team stupid,1,toxic
report update report meeting update meeting finna coffee,0,dialect_benign
weekend report garbage stupid,1,toxic
call report report coffee meeting report okay,0,neutral
update fool coffee garbage trash schedule hate,1,toxic
update call report okay schedule okay,0,neutral
update update weekend okay update call,0,neutral
loser call coffee loser hate,1,toxic
update meeting team coffee schedule call update,0,neutral
weekend report coffee thanks schedule meeting,0,neutral
update okay coffee weekend team coffee schedule team schedule,0,neutral
call report call call weekend okay meeting call,0,neutral
update deadass call weekend bouta thanks thanks,0,dialect_benign
weekend call call update call coffee report okay meeting schedule report,0,neutral
call update call report update,0,neutral
meeting update schedule okay schedule weekend team call call report team,0,neutral
call okay meeting idiot suck,1,toxic
garbage loser meeting coffee schedule,1,toxic
report update schedule weekend update,0,neutral
team meeting coffee coffee weekend okay,0,neutral
schedule okay loser thanks stupid team idiot,1,toxic
weekend team weekend schedule report update,0,neutral
schedule team report weekend update report team meeting team,0,neutral
call schedule meeting call meeting weekend report call meeting,0,neutral
meeting schedule report okay call call thanks weekend schedule,0,neutral
okay thanks schedule coffee update update report,0,neutral
coffee weekend meeting meeting coffee okay update coffee update,0,neutral
schedule report okay weekend team weekend coffee schedule team call schedule,0,neutral
weekend meeting team okay update report team update okay coffee,0,neutral
weekend weekend team thanks weekend,0,neutral
report schedule meeting schedule schedule coffee,0,neutral
team okay okay report weekend coffee,0,neutral
schedule report coffee okay okay meeting report okay coffee,0,neutral
update weekend team update okay update schedule coffee okay report,0,neutral
schedule weekend schedule thanks schedule update coffee schedule,0,neutral
meeting schedule call coffee update okay schedule okay team schedule,0,neutral
team call weekend okay meeting,0,neutral
okay report update update okay thanks team update meeting update,0,neutral
update report schedule meeting okay thanks weekend,0,neutral
schedule garbage meeting ugly weekend,1,toxic
coffee team coffee weekend schedule okay,0,neutral
weekend update coffee coffee call okay update schedule call report,0,neutral
trash loser meeting coffee,1,toxic
report stupid report moron meeting stupid,1,toxic
meeting meeting update call call,0,neutral
schedule report update okay thanks meeting weekend call report team,0,neutral
report thanks report thanks schedule schedule update okay okay,0,neutral
thanks update team coffee okay coffee report coffee weekend thanks,0,neutral
team report call team weekend,0,neutral
thanks call call meeting ain't report meeting,0,dialect_benign
meeting lowkey coffee update weekend team thanks,0,dialect_benign
team meeting meeting thanks coffee thanks report update schedule meeting,0,neutral
stupid report trash report,1,toxic
okay coffee weekend call call coffee meeting update coffee thanks call,0,neutral
call thanks lowkey okay meeting update call finna,0,dialect_benign
team team call update update lowkey weekend ain't report,1,dialect_benign
meeting coffee coffee meeting okay meeting weekend thanks schedule coffee,0,neutral
update team schedule report coffee thanks update update thanks okay,0,neutral
team schedule report thanks schedule schedule weekend thanks weekend,0,neutral
schedule call okay weekend weekend thanks report update meeting,0,neutral
call okay thanks thanks schedule team,0,neutral
update thanks schedule weekend weekend call okay update okay update team,0,neutral
team okay update okay weekend,0,neutral
report update meeting lowkey team report report,1,dialect_benign
team coffee thanks lowkey ain't finna team,1,dialect_benign
coffee weekend loser loser fool weekend weekend stupid,1,toxic
meeting call report coffee weekend schedule team thanks,0,neutral
okay call report finna okay,0,dialect_benign
deadass coffee team thanks deadass finna report thanks,0,dialect_benign
meeting team report thanks coffee coffee schedule team team,0,neutral
meeting team lowkey coffee update schedule weekend,0,dialect_benign
thanks meeting schedule schedule update okay,0,neutral
thanks okay update report update call,0,neutral
weekend schedule team schedule report coffee call update thanks,0,neutral
thanks coffee thanks report thanks okay thanks,0,neutral
schedule coffee meeting report yall report,1,dialect_benign
call yall update lowkey update okay,1,dialect_benign
schedule finna update team update bouta weekend okay yall weekend,0,dialect_benign
schedule meeting coffee schedule call coffee update thanks meeting call thanks,0,neutral
ugly garbage coffee loser meeting,1,toxic
schedule update thanks okay meeting call call,0,neutral
thanks garbage moron idiot okay,1,toxic
okay okay report thanks meeting coffee okay thanks schedule,0,neutral
coffee meeting report meeting coffee,0,neutral
schedule weekend schedule meeting coffee weekend report,0,neutral
update team thanks okay coffee update coffee,0,neutral
schedule hate idiot suck suck coffee meeting team,1,toxic
call weekend team weekend okay,0,neutral
okay finna update yall report weekend schedule update ain't,0,dialect_benign
update update thanks report call team okay meeting,0,neutral
fool weekend idiot fool call trash,1,toxic
meeting update meeting schedule meeting okay schedule coffee call update thanks,0,neutral
update finna ain't weekend yall coffee thanks,0,dialect_benign
team thanks schedule meeting weekend coffee,0,neutral
thanks meeting schedule report call meeting,0,neutral
weekend team coffee thanks report meeting,0,neutral
update meeting coffee weekend weekend meeting update ain't,0,dialect_benign
weekend update call meeting thanks,0,neutral
call meeting weekend okay coffee coffee,0,neutral
meeting coffee update okay update call report team thanks meeting,0,neutral
coffee ain't call thanks okay thanks weekend,1,dialect_benign
thanks meeting team okay schedule report coffee,0,neutral
okay okay update coffee meeting meeting coffee,0,neutral
weekend schedule weekend schedule weekend team report schedule update call okay,0,neutral
schedule thanks update update thanks call schedule,0,neutral
thanks garbage suck okay fool,1,toxic
lowkey yall meeting thanks bouta team thanks,0,dialect_benign
report okay schedule weekend thanks weekend coffee coffee weekend update weekend,0,neutral
schedule update coffee lowkey update thanks meeting,0,dialect_benign
update update meeting update schedule weekend team,0,neutral
schedule suck garbage meeting stupid,1,toxic
update meeting coffee report report ain't yall schedule,0,dialect_benign
update report report team team,0,neutral
team loser stupid weekend suck,1,toxic
weekend coffee okay weekend schedule okay thanks team meeting report,0,neutral
weekend coffee weekend weekend report okay weekend team,0,neutral
coffee thanks update lowkey meeting schedule,1,dialect_benign
meeting update meeting coffee weekend meeting meeting thanks,0,neutral
team stupid loser thanks update,1,toxic
okay report report call report call,0,neutral
okay call weekend team okay bouta okay thanks,0,dialect_benign
coffee team update team finna,0,dialect_benign
team call coffee coffee call call report,0,neutral
idiot okay hate moron call,1,toxic
weekend team weekend coffee report okay schedule thanks call thanks thanks,0,neutral
report thanks team report okay okay team meeting schedule,0,neutral
thanks weekend report team team report call update report,0,neutral
idiot call call suck ugly okay hate,1,toxic
meeting call call meeting weekend schedule coffee coffee,0,neutral
weekend meeting report weekend thanks meeting schedule,0,neutral
report fool suck coffee coffee trash garbage,1,toxic
team okay call schedule team thanks weekend weekend report meeting call,0,neutral
update weekend meeting schedule coffee,0,neutral
thanks weekend thanks weekend thanks,0,neutral
loser call trash coffee report report fool garbage,1,toxic
thanks bouta call team thanks weekend,1,dialect_benign
report okay schedule report report team weekend team,0,neutral
team call bouta update schedule update ain't meeting call,0,dialect_benign
coffee update report meeting meeting schedule call thanks,0,neutral
update team lowkey schedule call lowkey team lowkey,0,dialect_benign
schedule update schedule weekend team call coffee team update call update,0,neutral
okay meeting update thanks weekend call call,0,neutral
idiot weekend trash coffee fool report team hate,1,toxic
meeting coffee thanks report coffee update call schedule schedule weekend schedule,0,neutral
coffee okay update call team schedule update okay team team,0,neutral
fool call trash call idiot,1,toxic
bouta thanks deadass team ain't schedule okay coffee call schedule,0,dialect_benign
schedule okay weekend meeting weekend update thanks call thanks,0,neutral
update schedule schedule weekend weekend meeting thanks call report thanks schedule,0,neutral
team thanks team team okay,0,neutral
meeting meeting loser fool trash moron okay okay,1,toxic
schedule update schedule coffee call thanks,0,neutral
call lowkey call update lowkey coffee finna thanks thanks,1,dialect_benign
meeting update thanks schedule schedule report,0,neutral
meeting call okay coffee team coffee team meeting,0,neutral
okay okay team thanks report call bouta,0,dialect_benign
call okay update thanks team,0,neutral
update coffee team meeting schedule,0,neutral
report okay weekend report team thanks team weekend,0,neutral
coffee thanks team coffee coffee schedule okay report meeting,0,neutral
schedule update okay coffee thanks schedule schedule report schedule,0,neutral
team meeting okay schedule okay call meeting team meeting,0,neutral
thanks update update coffee okay weekend report call,0,neutral
report thanks call meeting weekend okay finna,1,dialect_benign
moron moron call moron meeting,1,toxic
fool suck weekend meeting call update,1,toxic
suck okay team hate,1,toxic
garbage suck call weekend schedule team,1,toxic
thanks update deadass update weekend yall bouta,1,dialect_benign
team suck meeting hate report trash,1,toxic
suck okay update fool coffee,1,toxic
weekend update call okay report schedule ain't weekend,0,dialect_benign
team thanks schedule call update call schedule okay,0,neutral
meeting update report meeting thanks okay,0,neutral
garbage fool coffee hate loser weekend,1,toxic
thanks okay coffee thanks team okay schedule thanks call weekend,0,neutral
coffee coffee call update thanks schedule,0,neutral
finna yall team report bouta thanks okay,0,dialect_benign
call schedule meeting weekend coffee update schedule meeting,0,neutral
stupid fool schedule stupid thanks fool okay update,1,toxic
okay loser thanks garbage garbage team coffee,1,toxic
update yall schedule team okay okay schedule bouta report,1,dialect_benign
update loser suck okay thanks thanks trash stupid,1,toxic
thanks weekend team call call report,0,neutral
report update weekend coffee team thanks,0,neutral
call report schedule report update report team report update team meeting,0,neutral
fool team fool okay suck hate thanks thanks,1,toxic
update coffee team schedule meeting report update coffee,0,neutral
report report update weekend team meeting,0,neutral
call coffee call lowkey report finna coffee ain't,0,dialect_benign
schedule call coffee coffee okay update meeting report,0,neutral
update meeting okay thanks coffee weekend okay schedule,0,neutral
garbage thanks call meeting thanks fool ugly loser,1,toxic
thanks coffee coffee call call team team thanks update report thanks,0,neutral
garbage garbage schedule report hate,1,toxic
thanks call report coffee update,0,neutral
okay update coffee schedule weekend thanks call coffee schedule team update,0,neutral
schedule call okay meeting okay,0,neutral
report weekend meeting call weekend schedule okay yall,1,dialect_benign
weekend schedule schedule team okay thanks team,0,neutral
report report okay thanks weekend coffee okay update report okay,0,neutral
team report weekend meeting weekend report meeting team okay weekend,0,neutral
team schedule team okay call update weekend meeting update,0,neutral
schedule yall team team report lowkey schedule lowkey schedule,0,dialect_benign
update okay team meeting meeting schedule,0,neutral
update schedule thanks team weekend meeting coffee schedule report okay,0,neutral
weekend report update call thanks,0,neutral
call team meeting schedule weekend schedule coffee weekend okay update,0,neutral
update schedule meeting team meeting call update team,0,neutral
yall team coffee yall call team okay lowkey update report,0,dialect_benign
team update suck stupid schedule ugly report,1,toxic
okay schedule bouta okay report okay report team ain't,0,dialect_benign
thanks team update weekend okay okay,0,neutral
schedule okay finna weekend weekend deadass,0,dialect_benign
thanks coffee meeting team schedule call coffee okay,0,neutral
coffee coffee okay weekend schedule thanks meeting okay thanks,0,neutral
weekend coffee report okay weekend schedule call,0,neutral
thanks stupid trash call,1,toxic
hate fool loser thanks ugly meeting,1,toxic
team lowkey thanks call lowkey lowkey meeting weekend call thanks,0,dialect_benign
call ugly schedule garbage update idiot suck thanks,1,toxic
schedule weekend thanks report okay call thanks call okay,0,neutral
okay team thanks schedule lowkey call,0,dialect_benign
weekend coffee schedule call weekend,0,neutral
schedule meeting team coffee okay,0,neutral
weekend weekend weekend schedule call meeting,0,neutral
suck moron call report report trash,1,toxic
schedule team team update report,0,neutral
bouta report okay call update,0,dialect_benign
weekend coffee meeting call team okay okay okay,0,neutral
report report team update schedule coffee call schedule okay call team,0,neutral
team weekend okay meeting okay team coffee okay,0,neutral
update schedule okay okay report meeting meeting,0,neutral
trash team thanks okay loser call,1,toxic
meeting meeting update team coffee update report,0,neutral
call update meeting schedule schedule meeting update,0,neutral
weekend update thanks call schedule okay,0,neutral
suck update coffee trash idiot ugly,1,toxic
call coffee schedule thanks call report update update okay,0,neutral
weekend thanks coffee thanks team weekend update thanks meeting schedule report,0,neutral
team call report finna call,1,dialect_benign
trash team schedule ugly update call,1,toxic
update weekend coffee call team thanks weekend meeting call thanks update,0,neutral
thanks meeting okay call okay thanks update,0,neutral
thanks thanks call okay weekend update team report meeting call,0,neutral
weekend report update update schedule,0,neutral
meeting update thanks coffee schedule,0,neutral
call schedule weekend meeting team meeting thanks weekend team report,0,neutral
weekend coffee schedule update call,0,neutral
okay okay weekend update schedule call update okay coffee,0,neutral
team thanks okay call update update okay call,0,neutral
schedule fool garbage thanks okay coffee,1,toxic
ain't report schedule report okay call,1,dialect_benign
thanks report team report meeting weekend call,0,neutral
report bouta report yall okay okay coffee team yall coffee,0,dialect_benign
meeting update report call thanks team,0,neutral
coffee report update report meeting coffee call thanks coffee meeting,0,neutral
report report coffee call coffee okay thanks coffee team team team,0,neutral
ain't team report weekend schedule coffee,0,dialect_benign
lowkey update coffee schedule coffee coffee weekend,0,dialect_benign
okay okay update okay report update thanks,0,neutral
weekend thanks report meeting report meeting meeting report meeting,0,neutral
loser stupid fool update okay thanks suck report,1,toxic
report thanks thanks meeting schedule coffee coffee update team report call,0,neutral
coffee schedule coffee update coffee meeting,0,neutral
suck trash weekend idiot ugly update weekend,1,toxic
coffee team call coffee team,0,neutral
update lowkey report weekend weekend ain't update call weekend,1,dialect_benign
weekend team loser suck team stupid coffee,1,toxic
call stupid suck meeting update,1,toxic
meeting thanks okay weekend okay update schedule coffee coffee,0,neutral
weekend call team call okay call weekend schedule,0,neutral
team thanks thanks coffee schedule meeting meeting,0,neutral
garbage suck schedule update okay update,1,toxic
schedule thanks report ain't schedule,1,dialect_benign
suck coffee fool weekend update,1,toxic
schedule weekend report schedule weekend call coffee team meeting,0,neutral
okay fool thanks garbage hate fool,1,toxic
call schedule update update report coffee thanks update report coffee,0,neutral
weekend call okay update update okay report weekend team call okay,0,neutral
weekend update report meeting update schedule weekend call update okay coffee,0,neutral
thanks schedule meeting team meeting schedule weekend,0,neutral
report call call schedule schedule thanks update,0,neutral
okay schedule thanks team report okay weekend weekend,0,neutral
weekend okay schedule schedule update okay update thanks weekend report,0,neutral
thanks weekend thanks okay call coffee coffee update weekend,0,neutral
update okay yall call ain't report weekend,0,dialect_benign
coffee moron stupid team coffee thanks,1,toxic
report weekend schedule call okay thanks,0,neutral
stupid call call weekend trash okay,1,toxic
report team finna report schedule,0,dialect_benign
weekend garbage team update hate idiot update loser,1,toxic
meeting bouta meeting okay team okay,0,dialect_benign
thanks meeting yall okay meeting bouta,0,dialect_benign
team okay report update coffee,0,neutral
idiot fool call loser schedule report,1,toxic
call okay schedule okay okay coffee call report coffee,0,neutral
weekend update okay thanks weekend team okay update team coffee team,0,neutral
ugly meeting coffee garbage idiot,1,toxic
thanks coffee call weekend coffee team,0,neutral
okay update thanks thanks meeting okay meeting weekend meeting meeting,0,neutral
coffee report update weekend meeting team team weekend okay,0,neutral
report thanks deadass report deadass bouta team update update,0,dialect_benign
meeting okay update meeting weekend coffee,0,neutral
report schedule okay team okay meeting schedule meeting,0,neutral
okay team meeting call team okay schedule call okay update meeting,0,neutral
meeting call schedule schedule weekend report weekend,0,neutral
thanks team update coffee okay weekend,0,neutral
schedule report call thanks weekend update call update call update,0,neutral
report update report update call team thanks call meeting meeting coffee,0,neutral
stupid meeting schedule moron,1,toxic
weekend hate team report ugly weekend,1,toxic
schedule update coffee schedule coffee schedule okay,0,neutral
call report okay report weekend ain't deadass finna,0,dialect_benign
deadass update deadass okay okay update team finna,0,dialect_benign
call call report team team call weekend call,0,neutral
weekend weekend weekend report report team,0,neutral
call okay update schedule team meeting coffee,0,neutral
weekend meeting update coffee report,0,neutral
finna thanks update call update call weekend report,0,dialect_benign
coffee thanks team schedule team call schedule thanks,0,neutral
okay team team okay call,0,neutral
thanks report weekend meeting okay call,0,neutral
schedule coffee okay schedule okay thanks schedule coffee weekend report meeting,0,neutral
thanks meeting okay okay okay thanks weekend meeting,0,neutral
thanks thanks bouta ain't okay finna weekend coffee schedule,0,dialect_benign
thanks okay call yall team weekend,1,dialect_benign
thanks thanks schedule update report meeting coffee report weekend,0,neutral
weekend update schedule update update,0,neutral
meeting okay report okay update team update meeting okay,0,neutral
weekend thanks moron loser,1,toxic
report call yall yall lowkey team update report,0,dialect_benign
report report team schedule weekend weekend team,0,neutral
report okay team meeting team coffee team,0,neutral
weekend team okay weekend report schedule report update okay,0,neutral
okay report schedule okay team okay coffee call report,0,neutral
ugly garbage call report,1,toxic
stupid team weekend fool loser thanks coffee idiot,1,toxic
meeting call report thanks thanks coffee,0,neutral
stupid update thanks stupid,1,toxic
meeting call meeting update schedule coffee report coffee update,0,neutral
meeting coffee okay call okay report coffee thanks schedule weekend,0,neutral
yall report report report schedule coffee meeting report ain't,1,dialect_benign
thanks update thanks thanks call team,0,neutral
weekend coffee update coffee update weekend report,0,neutral
weekend weekend coffee call update okay coffee team weekend weekend,0,neutral
team report lowkey okay update yall,0,dialect_benign
garbage update coffee suck,1,toxic
garbage suck weekend garbage trash thanks,1,toxic
moron schedule meeting ugly loser idiot,1,toxic
team coffee trash hate trash team coffee,1,toxic
call coffee report update meeting report,0,neutral
team thanks okay call team team coffee,0,neutral
okay report schedule schedule thanks update team report report,0,neutral
update okay yall coffee coffee deadass,1,dialect_benign
update team coffee stupid loser trash,1,toxic
garbage idiot weekend coffee report suck moron,1,toxic
stupid meeting trash weekend coffee ugly,1,toxic
schedule team thanks schedule thanks update weekend team schedule,0,neutral
coffee thanks team yall call okay call,0,dialect_benign
okay okay thanks schedule report coffee update call call,0,neutral
meeting ugly weekend thanks meeting stupid,1,toxic
schedule fool thanks thanks schedule hate,1,toxic
thanks weekend call meeting thanks update,0,neutral
weekend weekend report update thanks update weekend thanks thanks schedule,0,neutral
meeting weekend weekend call schedule thanks,0,neutral
weekend deadass thanks update update thanks call okay,0,dialect_benign
garbage meeting call okay fool suck,1,toxic
call schedule update schedule meeting coffee team call schedule thanks okay,0,neutral
call update update meeting thanks call coffee call,0,neutral
coffee coffee thanks call team team call,0,neutral
call team weekend report update okay okay schedule coffee,0,neutral
hate ugly schedule schedule report,1,toxic
meeting team thanks thanks weekend update,0,neutral
call ugly team meeting fool ugly garbage,1,toxic
schedule okay team call coffee okay,0,neutral
schedule okay schedule okay meeting coffee update thanks,0,neutral
meeting coffee schedule okay team weekend call okay schedule,0,neutral
coffee schedule call okay schedule thanks thanks,0,neutral
team report call finna update update,0,dialect_benign
schedule hate report garbage,1,toxic
coffee weekend thanks thanks ain't,0,dialect_benign
okay meeting thanks weekend weekend,0,neutral
coffee weekend team thanks coffee team okay schedule weekend meeting schedule,0,neutral
meeting ugly coffee suck loser team loser,1,toxic
hate coffee stupid schedule meeting loser,1,toxic
coffee thanks coffee coffee coffee meeting meeting update update,0,neutral
thanks coffee call weekend deadass team lowkey deadass call weekend,0,dialect_benign
deadass okay yall call update lowkey report report update report,0,dialect_benign
update update update report schedule weekend schedule team call,0,neutral
thanks meeting coffee update team thanks thanks update update,0,neutral
schedule report coffee report okay,0,neutral
coffee report update report report,0,neutral
schedule coffee report update team report thanks report thanks meeting update,0,neutral
coffee bouta yall report yall meeting weekend,1,dialect_benign
report meeting coffee team update,0,neutral
team yall schedule report okay thanks,0,dialect_benign
update coffee team schedule coffee weekend coffee team,0,neutral
schedule team coffee call team coffee,0,neutral
lowkey yall call schedule schedule thanks schedule,0,dialect_benign
coffee okay finna thanks team okay weekend meeting ain't,0,dialect_benign
team okay schedule team call meeting call thanks call call report,0,neutral
trash garbage hate fool report schedule,1,toxic
finna coffee bouta report thanks finna report report,1,dialect_benign
thanks team update weekend report schedule coffee,0,neutral
lowkey finna update meeting schedule bouta team update,0,dialect_benign
schedule schedule report team okay team thanks thanks,0,neutral
idiot meeting team update thanks moron,1,toxic
stupid update thanks okay ugly schedule trash hate,1,toxic
update weekend moron report trash thanks,1,toxic
coffee okay schedule schedule team okay report thanks update,0,neutral
team team update meeting update report thanks update,0,neutral
call thanks schedule thanks report meeting schedule update call,0,neutral
report report report report coffee okay thanks team update coffee,0,neutral
weekend coffee weekend coffee team report ain't,0,dialect_benign
call team call meeting update report report report coffee schedule,0,neutral
yall yall okay thanks update update,0,dialect_benign
okay schedule thanks okay schedule okay schedule,0,neutral
schedule okay report deadass report update thanks,1,dialect_benign
okay meeting ain't finna report update coffee team,0,dialect_benign
thanks ain't coffee thanks call schedule,0,dialect_benign
thanks report schedule call thanks schedule okay,0,neutral
report okay team ugly stupid schedule,1,toxic
team weekend meeting weekend weekend update,0,neutral
report report call coffee meeting report team report schedule call thanks,0,neutral
report update report report coffee weekend team coffee coffee,0,neutral
okay coffee update weekend okay meeting coffee update,0,neutral
call weekend schedule call okay okay schedule update team coffee,0,neutral
meeting thanks report call thanks weekend team report thanks team report,0,neutral
call team okay call call,0,neutral
weekend report ugly loser call moron coffee,1,toxic
schedule report call report report,0,neutral
schedule thanks call thanks meeting coffee,0,neutral
ugly ugly fool meeting weekend idiot meeting,1,toxic
yall deadass schedule schedule ain't update meeting,0,dialect_benign
meeting meeting weekend update report report update schedule coffee coffee team,0,neutral
meeting update thanks schedule report team report,0,neutral
ain't coffee call update weekend thanks,0,dialect_benign
okay call coffee meeting thanks thanks report okay report meeting thanks,0,neutral
report team thanks team report team thanks update coffee call,0,neutral
update report team call weekend call update call meeting,0,neutral
schedule report schedule update update coffee weekend weekend,0,neutral
hate meeting fool trash meeting suck meeting,1,toxic
meeting schedule update report call schedule coffee okay report,0,neutral
report meeting report report team okay,0,neutral
meeting update okay schedule schedule report update update update,0,neutral
coffee weekend fool stupid okay,1,toxic
coffee weekend call okay thanks weekend,0,neutral
call report report team team call coffee weekend schedule okay,0,neutral
thanks okay team meeting call call meeting thanks weekend,0,neutral
schedule team finna report team weekend schedule yall ain't,1,dialect_benign
schedule thanks update thanks meeting call report thanks,0,neutral
meeting weekend report team report call team team,0,neutral
report okay thanks update weekend team coffee coffee update team update,0,neutral
coffee schedule finna okay meeting meeting,0,dialect_benign
thanks okay thanks thanks weekend finna finna update finna team,1,dialect_benign
idiot loser team schedule fool,1,toxic
meeting thanks finna update coffee yall coffee finna,0,dialect_benign
team okay update meeting team schedule,0,neutral
update schedule call thanks team coffee,0,neutral
report schedule meeting call okay schedule update report meeting meeting call,0,neutral
fool okay hate ugly update,1,toxic
schedule bouta meeting coffee finna coffee schedule meeting coffee,1,dialect_benign
thanks team weekend meeting team meeting team,0,neutral
ugly fool stupid report update moron schedule okay,1,toxic
update okay call okay update weekend schedule coffee okay,0,neutral
team schedule weekend report schedule report okay meeting,0,neutral
coffee okay weekend call weekend report report team,0,neutral
hate okay suck garbage weekend hate,1,toxic
coffee meeting report coffee report okay weekend,0,neutral
weekend team weekend call team weekend coffee thanks report call thanks,0,neutral
okay report report okay call,0,neutral
schedule bouta thanks schedule weekend lowkey,1,dialect_benign
coffee schedule coffee team schedule report thanks team,0,neutral
meeting update update call team team,0,neutral
thanks weekend loser hate stupid report call,1,toxic
report okay update report okay,0,neutral
thanks call coffee coffee update schedule meeting,0,neutral
weekend team report report update report,0,neutral
team update weekend schedule thanks weekend report,0,neutral
deadass call call thanks thanks finna meeting schedule,1,dialect_benign
loser weekend schedule okay stupid,1,toxic
fool schedule okay call stupid meeting,1,toxic
report report schedule weekend call schedule okay okay schedule,0,neutral
schedule report call okay team,0,neutral
weekend update okay report report coffee team,0,neutral
team fool weekend garbage,1,toxic
weekend schedule suck report hate loser weekend,1,toxic
meeting update thanks bouta team bouta,1,dialect_benign
schedule thanks coffee schedule meeting okay report team team okay,0,neutral
loser suck team hate schedule,1,toxic
update weekend suck okay suck,1,toxic
update ain't thanks weekend bouta meeting deadass,1,dialect_benign
report meeting meeting trash hate,1,toxic
schedule okay update report team update meeting,0,neutral
thanks weekend weekend update report meeting,0,neutral
ain't report thanks okay okay,0,dialect_benign
okay thanks update call weekend schedule yall thanks,0,dialect_benign
schedule report report report meeting,0,neutral
thanks meeting weekend weekend team weekend report call,0,neutral
thanks weekend meeting meeting schedule team meeting,0,neutral
schedule thanks call okay update coffee okay report,0,neutral
schedule bouta bouta yall report team schedule,1,dialect_benign
update update coffee weekend team okay team weekend meeting meeting,0,neutral
thanks team update bouta thanks thanks lowkey team deadass okay,0,dialect_benign
weekend schedule call call coffee update okay report,0,neutral
team team weekend meeting weekend report team,0,neutral
thanks weekend call bouta ain't finna update update,1,dialect_benign
schedule thanks schedule thanks schedule update call report thanks update,0,neutral
weekend team report report team,0,neutral
meeting coffee meeting coffee bouta schedule yall weekend,0,dialect_benign
okay meeting thanks call schedule coffee update update call,0,neutral
okay meeting weekend okay meeting team schedule coffee meeting,0,neutral
report okay team call thanks meeting update meeting,0,neutral
coffee thanks team report update weekend meeting coffee call thanks schedule,0,neutral
weekend call team report team report report weekend team coffee,0,neutral
report schedule schedule okay thanks,0,neutral
team coffee thanks thanks weekend meeting thanks thanks coffee,0,neutral
hate team call stupid schedule ugly coffee,1,toxic
meeting deadass okay yall thanks thanks team,0,dialect_benign
okay suck report moron loser,1,toxic
moron garbage update coffee moron,1,toxic
report thanks thanks weekend okay weekend call thanks weekend update thanks,0,neutral
garbage thanks coffee update hate idiot ugly weekend,1,toxic
schedule garbage update loser report loser okay,1,toxic
report update weekend okay weekend okay,0,neutral
coffee moron idiot update okay suck,1,toxic
call report call call coffee schedule report,0,neutral
weekend call schedule schedule update okay lowkey report,1,dialect_benign
call thanks okay weekend weekend,0,neutral
coffee weekend thanks schedule schedule,0,neutral
call call okay call team coffee,0,neutral
trash moron garbage okay loser update update,1,toxic
weekend call update schedule finna,0,dialect_benign
finna weekend finna deadass weekend meeting team,0,dialect_benign
loser trash hate okay call call idiot thanks,1,toxic
okay trash fool thanks stupid,1,toxic
schedule report okay weekend weekend,0,neutral
okay bouta lowkey schedule team update coffee,0,dialect_benign
okay schedule weekend weekend thanks,0,neutral
report team call team weekend weekend,0,neutral
schedule okay team okay thanks coffee weekend,0,neutral
okay thanks moron idiot hate,1,toxic
schedule report call okay schedule schedule weekend report team thanks update,0,neutral
schedule call report coffee finna,0,dialect_benign
thanks schedule meeting weekend okay call coffee weekend report okay schedule,0,neutral
loser meeting suck thanks stupid,1,toxic
schedule suck okay idiot ugly,1,toxic
ugly garbage update update okay coffee,1,toxic
thanks report update ain't bouta call call,0,dialect_benign
coffee schedule call call thanks schedule thanks okay team thanks,0,neutral
weekend report schedule schedule thanks ain't report okay,0,dialect_benign
thanks schedule update stupid okay hate trash,1,toxic
fool stupid ugly call report report update,1,toxic
team schedule schedule call okay weekend weekend thanks,0,neutral
loser idiot meeting coffee suck ugly,1,toxic
update thanks hate hate weekend,1,toxic
finna meeting schedule meeting weekend okay thanks call,0,dialect_benign
okay meeting report schedule update,0,neutral
thanks call call team coffee coffee schedule team coffee okay update,0,neutral
bouta deadass okay call team okay,0,dialect_benign
schedule team okay coffee report report team team update coffee team,0,neutral
schedule thanks call call report coffee coffee weekend meeting report coffee,0,neutral
team okay okay coffee meeting call schedule team schedule weekend,0,neutral
update thanks thanks team team okay report ain't deadass,0,dialect_benign
thanks coffee coffee meeting coffee report meeting call team,0,neutral
schedule meeting weekend weekend call team call call meeting okay meeting,0,neutral
weekend moron suck report,1,toxic
report update thanks okay deadass meeting deadass call schedule,0,dialect_benign
report okay report schedule call team,0,neutral
weekend team bouta lowkey meeting okay report,0,dialect_benign
thanks schedule thanks call okay update team,0,neutral
call weekend schedule update call okay schedule call schedule,0,neutral
okay okay meeting update okay,0,neutral
okay thanks team update coffee report schedule coffee schedule okay,0,neutral
coffee coffee deadass report yall update call team call,1,dialect_benign
call team call report team weekend schedule team update,0,neutral
team thanks schedule coffee schedule update report thanks,0,neutral
okay coffee update meeting bouta team schedule yall,0,dialect_benign
call thanks coffee update coffee,0,neutral
trash suck schedule hate garbage call schedule update,1,toxic
hate fool call fool coffee hate,1,toxic
thanks report meeting okay okay schedule,0,neutral
team meeting deadass coffee update ain't team call,0,dialect_benign
weekend call team finna team meeting,0,dialect_benign
okay report team schedule finna schedule call yall team,1,dialect_benign
call ugly ugly hate okay update,1,toxic
schedule meeting coffee update meeting call schedule meeting,0,neutral
weekend call thanks report thanks coffee team coffee team,0,neutral
yall okay schedule okay meeting,0,dialect_benign
team meeting team okay call weekend report schedule,0,neutral
schedule okay team update weekend coffee team report report weekend,0,neutral
deadass deadass okay report weekend thanks call update deadass,0,dialect_benign
meeting weekend weekend coffee team call weekend,0,neutral
okay update weekend okay call,0,neutral
call deadass team coffee schedule call meeting lowkey lowkey,1,dialect_benign
deadass schedule schedule coffee report update yall,0,dialect_benign
call call report call meeting team coffee call meeting,0,neutral
report meeting thanks meeting schedule report team coffee update,0,neutral
call meeting thanks weekend coffee okay update thanks,0,neutral
yall schedule weekend okay weekend thanks lowkey call call,0,dialect_benign
team report okay thanks call report coffee okay team,0,neutral
thanks coffee team team call report okay,0,neutral
lowkey meeting update weekend finna call thanks finna call,0,dialect_benign
report update update okay update schedule update,0,neutral
update call thanks update thanks report team coffee,0,neutral
report fool report schedule trash suck team suck,1,toxic
thanks weekend call report call,0,neutral
trash coffee report okay ugly update,1,toxic
update weekend schedule meeting schedule okay schedule call okay call,0,neutral
ugly thanks stupid coffee coffee meeting,1,toxic
weekend team suck suck idiot idiot,1,toxic
schedule schedule coffee thanks meeting okay meeting weekend call update,0,neutral
call thanks meeting weekend thanks coffee,0,neutral
fool meeting fool moron coffee weekend meeting idiot,1,toxic
weekend coffee meeting meeting schedule thanks thanks weekend report okay meeting,0,neutral
thanks coffee team schedule meeting call call team call update,0,neutral
coffee report update thanks thanks report okay report team,0,neutral
coffee schedule thanks suck hate meeting suck loser,1,toxic
hate meeting fool garbage team,1,toxic
weekend schedule meeting report call weekend call coffee call,0,neutral
update weekend update call weekend call team,0,neutral
meeting weekend coffee thanks team,0,neutral
moron coffee call ugly fool,1,toxic
coffee update call coffee team,0,neutral
team coffee team report call meeting,0,neutral
okay thanks meeting update report update team schedule meeting meeting,0,neutral
update ugly garbage report stupid,1,toxic
coffee team schedule update call report call weekend schedule meeting,0,neutral
moron ugly okay update garbage schedule,1,toxic
meeting schedule schedule call update team coffee update coffee thanks,0,neutral
meeting okay report call team,0,neutral
okay report ugly trash okay thanks,1,toxic
weekend call schedule okay coffee call okay thanks report,0,neutral
call weekend weekend update okay meeting coffee call weekend update,0,neutral
call schedule weekend thanks weekend team,0,neutral
call ugly update idiot,1,toxic
garbage meeting idiot thanks,1,toxic
coffee schedule okay okay team,0,neutral
fool okay loser weekend call call,1,toxic
team call team call schedule thanks call report coffee call,0,neutral
update bouta deadass bouta weekend meeting team update update,0,dialect_benign
coffee schedule report call team weekend,0,neutral
schedule call meeting team schedule ain't ain't schedule,1,dialect_benign
schedule call call weekend update okay,0,neutral
schedule coffee weekend team update coffee weekend okay,0,neutral
ain't ain't call report report update lowkey meeting,1,dialect_benign
okay team thanks update meeting team schedule coffee weekend,0,neutral
loser thanks coffee hate idiot weekend okay,1,toxic
weekend okay hate suck,1,toxic
report report weekend weekend update,0,neutral
report weekend lowkey schedule team ain't,0,dialect_benign
thanks meeting report hate thanks hate,1,toxic
suck loser coffee fool coffee meeting,1,toxic
weekend call okay update call thanks thanks,0,neutral
okay update okay weekend team call team schedule schedule,0,neutral
idiot call team suck,1,toxic
report update thanks meeting team schedule thanks thanks,0,neutral
update coffee report lowkey finna deadass team weekend,0,dialect_benign
meeting coffee call team team call call meeting okay weekend,0,neutral
report coffee report call meeting update call team schedule report report,0,neutral
coffee report coffee weekend meeting weekend,0,neutral
team report loser suck,1,toxic
call loser thanks fool call okay stupid ugly,1,toxic
update coffee thanks okay update update coffee okay meeting meeting okay,0,neutral
team thanks schedule schedule call thanks schedule team team team schedule,0,neutral
meeting weekend lowkey okay coffee update,0,dialect_benign
okay weekend thanks report schedule call coffee,0,neutral
thanks meeting thanks team call schedule,0,neutral
okay coffee thanks meeting coffee meeting,0,neutral
idiot loser meeting meeting moron ugly,1,toxic
hate team call okay idiot meeting suck,1,toxic
report team call coffee meeting okay call,0,neutral
report call call weekend thanks schedule,0,neutral
schedule schedule thanks weekend bouta,1,dialect_benign
okay trash weekend idiot weekend schedule fool,1,toxic
schedule team thanks thanks meeting update report,0,neutral
update update weekend meeting meeting okay team,0,neutral
meeting suck loser report,1,toxic
coffee call meeting update update thanks weekend coffee,0,neutral
garbage stupid trash moron weekend schedule team report,1,toxic
okay ain't okay coffee weekend coffee thanks schedule lowkey,0,dialect_benign
team weekend team update coffee update schedule okay weekend,0,neutral
hate fool meeting thanks,1,toxic
team thanks team call thanks coffee,0,neutral
report team trash trash idiot,1,toxic
report call weekend thanks meeting,0,neutral
yall call schedule report call deadass meeting lowkey schedule coffee,0,dialect_benign
report idiot trash loser report thanks team,1,toxic
coffee thanks thanks schedule report thanks,0,neutral
weekend weekend team coffee team update meeting,0,neutral
ugly meeting okay call okay moron,1,toxic
weekend suck hate trash thanks coffee,1,toxic
update team update team update weekend okay team,0,neutral
okay team meeting weekend meeting team,0,neutral
ugly trash call trash thanks update,1,toxic
okay update schedule thanks thanks thanks weekend coffee meeting,0,neutral
meeting report call team thanks,0,neutral
team meeting garbage trash ugly,1,toxic
thanks team team meeting weekend,0,neutral
schedule coffee thanks okay call call thanks okay thanks,0,neutral
schedule weekend team report update update schedule okay call call schedule,0,neutral
weekend team coffee update team update update coffee thanks,0,neutral
meeting ain't schedule weekend meeting report report coffee,0,dialect_benign
team lowkey schedule call update update team,1,dialect_benign
yall okay okay weekend thanks report schedule finna bouta,0,dialect_benign
report call schedule thanks call schedule team report report thanks,0,neutral
thanks loser report hate,1,toxic
team call team meeting report okay,0,neutral
team loser stupid meeting trash report weekend,1,toxic
yall meeting schedule team okay weekend thanks weekend,0,dialect_benign
meeting coffee team meeting report call,0,neutral
suck stupid garbage schedule trash update schedule,1,toxic
team call update thanks update okay weekend okay,0,neutral
call meeting team thanks team weekend report update thanks,0,neutral
ugly thanks moron report suck,1,toxic
deadass schedule schedule bouta schedule schedule ain't,0,dialect_benign
idiot loser garbage update report okay team,1,toxic
report okay thanks weekend report thanks,0,neutral
meeting okay weekend weekend weekend update,0,neutral
okay report report moron okay fool trash suck,1,toxic
lowkey lowkey okay call call thanks update,1,dialect_benign
meeting call okay update okay coffee ain't,0,dialect_benign
thanks coffee thanks weekend team team team schedule coffee coffee,0,neutral
stupid call update stupid meeting meeting stupid,1,toxic
yall thanks finna meeting okay schedule,0,dialect_benign
report coffee update okay thanks okay thanks schedule okay schedule call,0,neutral
lowkey meeting coffee thanks coffee,0,dialect_benign
okay weekend okay team okay update team call call,0,neutral
moron suck weekend loser team,1,toxic
team team report call call report update weekend okay weekend team,0,neutral
thanks stupid hate meeting call,1,toxic
thanks schedule lowkey meeting okay schedule weekend team,1,dialect_benign
okay meeting call weekend team schedule call team team team,0,neutral
report okay thanks meeting update report report call schedule,0,neutral
schedule schedule coffee coffee call update,0,neutral
hate team report hate update,1,toxic
schedule okay ain't call weekend bouta team team,1,dialect_benign
yall meeting coffee team deadass coffee thanks weekend ain't,1,dialect_benign
okay okay thanks update okay call schedule coffee schedule report meeting,0,neutral
team okay lowkey team weekend finna coffee,1,dialect_benign
update schedule team weekend call thanks report coffee update update coffee,0,neutral
team weekend thanks schedule okay team okay schedule update okay okay,0,neutral
update weekend call schedule thanks team schedule,0,neutral
update team schedule call coffee okay,0,neutral
team update deadass okay thanks thanks ain't,0,dialect_benign
thanks coffee update update update report weekend,0,neutral
meeting report thanks meeting coffee coffee coffee call weekend schedule,0,neutral
schedule update weekend okay meeting,0,neutral
schedule meeting weekend team meeting team schedule weekend report team,0,neutral
meeting weekend call team thanks coffee okay coffee,0,neutral
call thanks update okay team,0,neutral
hate meeting update idiot coffee meeting,1,toxic
meeting stupid stupid suck call,1,toxic
coffee call call meeting team team report coffee weekend team,0,neutral
weekend ugly report okay fool loser weekend,1,toxic
team team report thanks report schedule,0,neutral
suck okay update loser,1,toxic
weekend lowkey meeting meeting update team coffee team,1,dialect_benign
report okay team report update okay,0,neutral
coffee idiot coffee idiot loser fool,1,toxic
schedule report team loser idiot,1,toxic
schedule report okay bouta thanks report,1,dialect_benign
team coffee weekend okay meeting weekend update thanks,0,neutral
bouta finna coffee team team thanks update team lowkey,0,dialect_benign
okay report weekend okay coffee call report team okay thanks report,0,neutral
meeting coffee schedule report call weekend call update thanks,0,neutral
coffee report meeting thanks update update weekend meeting report team,0,neutral
okay call meeting team meeting okay okay call schedule,0,neutral
moron fool loser report weekend meeting trash,1,toxic
weekend thanks thanks weekend thanks meeting weekend,0,neutral
schedule call call schedule okay okay report coffee,0,neutral
