annual_income,debt_to_income,credit_score,employment_years,loan_amount_requested,loan_purpose_consol,loan_purpose_home,zip_income_index,employer_size_score,education_score,label_approved
62214.0,0.362,737.0,6.7,31792.0,0,1,0.601,62.7,33.6,1
18000.0,0.206,654.0,10.2,7184.0,1,0,0.735,43.5,63.3,1
64630.0,0.299,535.0,7.6,30689.0,0,0,0.18,71.0,81.1,0
92172.0,0.355,789.0,9.2,9261.0,1,0,0.505,59.2,75.7,1
74358.0,0.312,599.0,4.0,17824.0,0,0,0.66,35.2,86.4,1
65096.0,0.398,714.0,4.5,6427.0,0,1,0.654,43.0,52.5,0
37548.0,0.207,575.0,0.9,12277.0,0,1,0.222,50.3,28.4,1
71447.0,0.175,746.0,1.3,24852.0,1,0,0.474,13.7,9.0,1
101082.0,0.179,795.0,6.3,23216.0,0,1,0.56,52.9,59.1,1
58956.0,0.345,760.0,6.7,14989.0,1,0,0.437,25.4,42.8,0
62102.0,0.366,656.0,10.6,2169.0,0,1,0.702,28.4,28.4,1
55411.0,0.237,648.0,0.0,33539.0,0,1,0.829,55.1,35.9,1
48895.0,0.348,697.0,5.2,20504.0,1,0,0.36,55.4,58.7,1
80045.0,0.202,809.0,10.0,21320.0,1,0,0.445,41.6,12.2,0
109883.0,0.31,626.0,6.6,42444.0,1,0,0.729,33.1,57.2,1
100661.0,0.325,697.0,9.9,35781.0,1,0,0.578,39.2,76.4,1
57379.0,0.289,741.0,6.6,36067.0,0,1,0.59,30.2,35.6,1
33572.0,0.263,658.0,7.5,36937.0,0,0,0.671,90.8,47.7,1
73907.0,0.259,751.0,10.0,35958.0,0,1,0.601,76.9,49.0,1
93843.0,0.225,719.0,12.0,31441.0,0,1,0.641,85.1,17.8,1
81620.0,0.229,709.0,0.0,7447.0,1,0,0.268,40.0,70.7,0
58545.0,0.204,604.0,6.1,35048.0,0,1,0.676,18.6,67.8,1
91510.0,0.306,631.0,14.9,29049.0,0,1,0.546,54.6,66.0,1
28309.0,0.288,587.0,15.6,9754.0,0,1,0.487,63.7,49.7,1
97308.0,0.427,698.0,7.1,25140.0,0,0,0.409,84.7,99.1,1
78554.0,0.342,685.0,4.6,23774.0,0,1,0.522,50.2,43.5,1
93067.0,0.16,700.0,2.9,9686.0,1,0,0.755,27.0,54.4,1
62229.0,0.307,683.0,0.0,1000.0,0,0,0.631,0.0,60.5,0
50338.0,0.418,698.0,5.0,1205.0,0,1,0.33,59.1,34.2,0
26240.0,0.336,713.0,6.8,29100.0,0,0,0.242,16.9,75.9,1
133702.0,0.258,740.0,6.3,22526.0,0,0,0.391,44.0,84.7,1
76057.0,0.213,582.0,7.1,19679.0,0,1,0.807,44.3,38.8,1
82857.0,0.359,540.0,10.9,13323.0,1,0,0.381,47.6,13.5,0
81950.0,0.33,698.0,9.0,16601.0,0,1,0.82,81.8,19.5,1
100247.0,0.201,636.0,11.9,15883.0,0,0,0.645,66.1,59.2,1
84727.0,0.314,728.0,2.6,5051.0,0,0,0.259,53.2,70.8,0
76773.0,0.347,690.0,8.3,1000.0,0,0,0.459,54.6,29.0,0
65620.0,0.158,768.0,15.2,35288.0,1,0,0.532,43.2,51.3,1
81521.0,0.106,672.0,10.9,30311.0,0,0,0.496,56.1,77.3,1
87653.0,0.363,728.0,6.7,60600.0,0,0,0.504,59.3,61.2,0
73607.0,0.386,560.0,2.2,32144.0,0,0,0.617,53.8,68.2,1
79888.0,0.291,743.0,8.9,6184.0,1,0,0.733,58.2,48.2,1
48389.0,0.429,757.0,9.8,25817.0,1,0,0.724,55.4,68.2,1
93608.0,0.148,614.0,8.6,28349.0,0,1,0.701,19.0,62.8,1
75473.0,0.223,638.0,10.8,44144.0,0,1,0.524,45.2,90.5,1
103911.0,0.31,558.0,11.5,14584.0,0,0,0.687,38.1,60.4,0
18000.0,0.388,820.0,12.0,27311.0,0,0,0.165,29.9,74.4,1
21568.0,0.373,691.0,0.2,18064.0,0,1,0.574,45.7,21.1,1
31699.0,0.28,713.0,10.8,4297.0,0,0,0.121,52.8,89.7,1
79410.0,0.279,681.0,4.5,22362.0,1,0,0.752,48.5,53.2,1
67241.0,0.278,731.0,0.5,29967.0,0,1,0.897,27.9,35.8,1
71152.0,0.261,607.0,1.5,32552.0,0,1,0.547,34.6,56.6,0
100549.0,0.235,764.0,11.3,36720.0,0,1,0.693,66.8,91.2,1
61494.0,0.31,626.0,10.0,23809.0,0,1,0.602,60.6,27.3,1
110036.0,0.309,548.0,7.3,1000.0,1,0,0.623,18.1,27.3,1
58740.0,0.238,668.0,6.0,41676.0,0,1,0.361,0.0,46.2,0
80222.0,0.198,558.0,1.7,13121.0,0,0,0.559,60.4,44.5,1
93174.0,0.434,708.0,0.1,28384.0,0,0,0.454,54.1,69.6,1
95091.0,0.126,702.0,5.5,20759.0,0,1,0.879,33.6,74.3,1
60129.0,0.311,514.0,11.1,4062.0,1,0,0.35,82.0,29.0,0
43884.0,0.242,635.0,12.9,39767.0,1,0,0.513,76.1,54.7,1
88069.0,0.283,643.0,0.7,7549.0,0,0,0.606,30.8,62.4,1
48356.0,0.264,723.0,6.2,12331.0,0,0,0.667,54.9,40.1,1
74307.0,0.278,753.0,7.6,38148.0,1,0,0.268,19.4,59.2,0
43306.0,0.234,669.0,3.5,25597.0,1,0,0.55,29.2,40.9,1
91381.0,0.396,643.0,0.0,11872.0,0,0,0.835,88.8,93.4,1
18000.0,0.518,628.0,10.3,29688.0,0,1,0.542,52.4,84.4,1
78905.0,0.279,743.0,3.5,24948.0,0,0,0.437,64.7,72.3,1
65521.0,0.243,717.0,6.8,7097.0,0,0,0.177,28.7,75.6,1
119317.0,0.25,611.0,12.7,27974.0,1,0,0.195,54.9,31.0,1
113708.0,0.293,574.0,9.1,12374.0,0,0,0.338,100.0,36.4,1
41842.0,0.417,632.0,5.5,2547.0,0,1,0.721,64.8,75.1,1
76109.0,0.433,699.0,6.9,20761.0,1,0,0.476,69.9,56.0,0
49405.0,0.378,625.0,6.9,1000.0,1,0,0.587,31.8,24.0,0
69457.0,0.336,724.0,10.7,26189.0,1,0,0.663,100.0,39.5,1
78217.0,0.066,713.0,0.1,16075.0,1,0,0.327,42.3,93.1,1
86933.0,0.285,619.0,7.4,18293.0,0,1,0.911,5.1,29.4,1
153766.0,0.444,651.0,8.0,19486.0,1,0,0.698,74.0,40.9,1
37867.0,0.243,803.0,1.0,30922.0,0,0,0.468,87.5,41.7,1
38507.0,0.154,714.0,2.5,1000.0,0,0,0.447,54.4,77.1,1
99412.0,0.422,742.0,3.5,6020.0,0,0,0.345,61.8,57.3,1
82963.0,0.355,759.0,9.6,9817.0,1,0,0.573,53.0,82.3,1
63255.0,0.264,651.0,2.4,21492.0,1,0,0.557,48.0,77.1,1
141701.0,0.093,690.0,12.9,19340.0,0,1,0.85,30.2,47.9,1
56933.0,0.376,640.0,9.9,19579.0,0,1,0.762,57.2,58.3,0
56245.0,0.358,683.0,8.8,13605.0,1,0,0.232,22.1,94.9,1
81896.0,0.351,593.0,2.1,28069.0,1,0,0.61,81.6,43.6,1
18000.0,0.269,632.0,5.3,24416.0,1,0,0.451,97.1,67.6,1
27242.0,0.325,754.0,5.3,18453.0,0,0,0.432,33.5,21.2,1
41897.0,0.353,646.0,11.8,25749.0,0,1,0.703,69.9,92.0,0
88023.0,0.223,636.0,2.0,7451.0,1,0,0.383,24.7,79.4,0
58896.0,0.166,663.0,12.2,40292.0,0,1,0.447,51.4,53.6,0
47907.0,0.272,611.0,7.0,22935.0,0,0,0.559,44.0,45.8,1
72364.0,0.367,684.0,15.0,22582.0,0,0,0.365,49.2,64.0,0
71167.0,0.21,636.0,5.6,13900.0,0,1,0.323,80.9,66.6,1
74616.0,0.316,712.0,12.6,22894.0,1,0,0.479,67.4,83.0,1
62281.0,0.216,749.0,2.6,1000.0,0,0,0.444,71.8,43.0,1
55448.0,0.208,575.0,3.7,22844.0,1,0,0.618,22.7,26.3,0
67725.0,0.38,740.0,12.3,55425.0,0,1,0.495,17.8,41.2,0
74657.0,0.251,742.0,9.5,23099.0,1,0,0.566,48.4,69.1,0
40429.0,0.344,618.0,8.0,22653.0,1,0,0.613,22.2,76.5,1
109067.0,0.617,746.0,10.8,31378.0,1,0,0.511,51.8,71.7,1
104243.0,0.306,714.0,6.9,24971.0,1,0,0.586,24.6,46.9,0
84056.0,0.179,800.0,7.6,28014.0,1,0,0.534,69.8,60.0,0
58306.0,0.275,701.0,3.7,1000.0,0,1,0.587,56.6,44.9,1
85205.0,0.41,508.0,3.9,21524.0,1,0,0.596,69.3,65.7,0
25781.0,0.307,671.0,18.0,22352.0,0,0,0.689,54.7,54.5,1
66807.0,0.166,664.0,2.8,25609.0,0,0,0.904,44.4,65.8,1
76506.0,0.184,814.0,5.1,25697.0,0,0,0.485,75.4,9.5,1
47082.0,0.396,760.0,14.5,14678.0,1,0,0.763,15.8,69.5,0
73676.0,0.394,677.0,9.3,43490.0,1,0,0.76,30.4,65.4,1
45772.0,0.343,701.0,5.5,27744.0,0,0,0.748,37.1,58.6,1
74434.0,0.298,722.0,8.4,41947.0,1,0,0.582,24.8,45.0,1
18000.0,0.283,701.0,9.2,5556.0,0,1,0.253,44.6,39.7,1
41873.0,0.275,739.0,7.6,24104.0,1,0,0.589,70.3,62.3,1
53300.0,0.404,690.0,4.8,36328.0,0,1,0.43,29.2,63.1,1
52214.0,0.216,647.0,9.8,39931.0,1,0,0.333,23.4,74.8,1
71288.0,0.113,646.0,0.0,19065.0,1,0,0.709,60.9,11.0,1
84724.0,0.398,708.0,0.0,16096.0,0,1,0.579,63.5,63.9,1
40608.0,0.353,690.0,10.6,19924.0,0,0,0.558,84.7,6.9,1
104270.0,0.282,820.0,5.5,28324.0,1,0,0.725,34.8,82.8,1
55424.0,0.25,799.0,6.5,25580.0,1,0,0.649,30.5,43.1,1
76193.0,0.25,607.0,5.7,34318.0,0,0,0.928,48.7,66.9,1
40601.0,0.425,696.0,8.0,34501.0,1,0,0.533,50.8,68.2,1
43672.0,0.281,736.0,6.7,1995.0,0,0,0.787,61.6,52.0,0
73808.0,0.324,768.0,6.9,1000.0,0,1,0.476,51.5,55.5,0
58366.0,0.32,694.0,10.0,22180.0,0,0,0.799,77.2,57.7,1
66067.0,0.134,736.0,4.9,26395.0,1,0,0.706,49.1,76.3,1
113718.0,0.238,698.0,10.0,20925.0,0,1,0.789,28.6,55.0,1
80931.0,0.424,663.0,7.8,30288.0,0,0,0.365,87.7,74.9,1
61724.0,0.202,722.0,13.9,10670.0,1,0,0.593,57.1,65.8,0
82318.0,0.321,666.0,2.6,34522.0,0,0,0.561,56.2,61.5,0
65583.0,0.467,659.0,18.1,8448.0,1,0,0.531,21.4,48.4,0
56300.0,0.137,719.0,3.7,40554.0,1,0,0.563,64.1,63.6,1
59356.0,0.276,687.0,17.4,9495.0,0,1,0.641,42.0,50.0,1
57955.0,0.346,674.0,6.0,30963.0,0,1,0.445,47.2,82.5,1
18000.0,0.327,621.0,8.5,18117.0,1,0,0.415,33.3,34.6,1
72620.0,0.278,626.0,6.0,23852.0,1,0,0.363,58.1,44.3,1
103681.0,0.437,688.0,6.6,27330.0,0,0,0.774,63.3,50.8,1
102738.0,0.188,581.0,7.9,10561.0,0,1,0.911,85.4,36.7,1
89785.0,0.075,744.0,9.7,29754.0,1,0,0.604,56.4,52.6,1
20094.0,0.431,581.0,1.4,13604.0,1,0,0.527,44.2,49.7,0
87794.0,0.282,639.0,10.8,28203.0,1,0,0.302,50.1,43.6,1
134661.0,0.303,691.0,3.6,34597.0,1,0,0.73,24.6,85.5,1
87449.0,0.251,621.0,3.2,17786.0,0,0,0.669,50.1,64.9,1
23469.0,0.436,652.0,2.3,12604.0,0,0,0.269,18.3,54.3,0
61574.0,0.329,656.0,0.0,13222.0,1,0,0.865,57.7,91.1,1
87864.0,0.519,701.0,0.0,12385.0,0,0,0.379,10.5,51.0,0
61475.0,0.076,762.0,16.5,23707.0,1,0,0.402,32.4,45.7,1
42427.0,0.229,682.0,5.6,8005.0,0,1,0.384,82.2,51.9,0
105596.0,0.223,762.0,0.0,15563.0,1,0,0.391,26.3,43.5,1
35679.0,0.311,586.0,6.4,11134.0,1,0,0.445,53.3,93.8,1
41142.0,0.343,703.0,8.4,29001.0,1,0,0.387,52.0,52.2,0
77080.0,0.173,676.0,7.4,30425.0,0,0,0.529,50.4,44.6,1
77696.0,0.523,820.0,11.8,23945.0,0,1,0.794,76.4,70.7,1
94142.0,0.353,781.0,7.7,21083.0,0,1,0.419,14.7,64.4,1
99730.0,0.104,788.0,7.4,23460.0,1,0,0.376,36.1,100.0,1
36937.0,0.329,613.0,5.0,31896.0,1,0,0.637,70.8,52.0,0
56327.0,0.186,808.0,13.0,19745.0,1,0,0.374,36.8,82.9,1
30912.0,0.343,614.0,19.2,7273.0,1,0,0.667,16.5,50.4,1
65124.0,0.418,680.0,9.2,18954.0,0,0,0.48,47.1,60.7,0
48134.0,0.25,527.0,13.5,5791.0,0,0,0.769,24.4,2.6,0
108513.0,0.45,682.0,6.5,14457.0,0,0,0.441,45.2,71.6,0
109310.0,0.24,781.0,13.2,29236.0,1,0,0.974,84.4,94.0,1
105268.0,0.232,534.0,8.9,31716.0,1,0,0.326,61.0,39.2,1
66055.0,0.382,667.0,13.7,37618.0,1,0,0.596,54.3,79.7,0
38042.0,0.368,733.0,8.5,16382.0,1,0,0.345,24.0,90.1,1
37795.0,0.256,667.0,4.9,19654.0,1,0,0.784,20.3,36.9,1
63650.0,0.119,788.0,9.5,29650.0,0,1,0.551,12.0,48.7,1
74706.0,0.304,686.0,0.0,41503.0,0,1,0.673,61.5,45.2,0
39764.0,0.3,613.0,5.7,8003.0,0,1,0.555,69.8,47.2,1
60864.0,0.412,698.0,8.1,45855.0,0,0,0.566,56.3,82.6,1
102779.0,0.149,695.0,11.3,30515.0,1,0,0.545,69.7,60.0,1
131538.0,0.1,709.0,0.0,39613.0,1,0,0.644,75.9,42.9,1
62094.0,0.173,638.0,16.9,23617.0,1,0,0.832,16.9,35.1,1
72083.0,0.319,558.0,8.0,16453.0,0,1,0.819,0.0,50.2,0
58708.0,0.185,673.0,8.2,25096.0,1,0,0.503,57.8,22.2,1
39981.0,0.348,581.0,7.0,20578.0,1,0,0.458,40.0,84.3,0
73597.0,0.299,756.0,0.0,10874.0,0,0,0.842,67.9,43.2,1
87641.0,0.196,621.0,0.0,22229.0,0,1,0.412,34.6,38.5,0
91747.0,0.323,678.0,17.7,18372.0,1,0,0.584,32.4,56.7,0
38708.0,0.344,612.0,9.9,21415.0,0,0,0.506,86.4,75.0,0
66261.0,0.402,728.0,11.9,46503.0,0,1,0.699,56.3,91.2,0
38560.0,0.143,790.0,5.9,30809.0,0,1,0.308,71.4,61.8,1
50715.0,0.301,678.0,8.8,33435.0,1,0,0.721,69.5,17.5,0
66175.0,0.101,598.0,14.7,27327.0,0,1,0.492,19.2,97.4,1
72340.0,0.281,671.0,4.4,12982.0,1,0,0.564,20.5,11.3,1
89369.0,0.333,656.0,12.6,27997.0,1,0,0.532,51.6,95.8,1
110554.0,0.286,655.0,8.5,14100.0,1,0,0.677,42.9,59.0,1
109047.0,0.245,622.0,7.2,1000.0,1,0,0.765,32.3,76.2,1
64981.0,0.162,580.0,5.4,36463.0,0,1,0.502,40.6,41.6,1
49354.0,0.394,695.0,8.2,12926.0,1,0,0.547,50.2,71.8,0
95726.0,0.208,722.0,6.9,1000.0,0,0,0.519,73.3,37.0,0
78961.0,0.25,666.0,4.5,21481.0,0,0,0.395,72.3,80.0,1
81147.0,0.208,677.0,2.1,3766.0,1,0,0.382,59.3,64.5,1
79800.0,0.309,650.0,11.1,32775.0,0,1,0.366,27.5,65.9,1
27553.0,0.422,745.0,4.0,12832.0,0,0,0.169,47.2,86.2,1
54815.0,0.216,781.0,2.8,23059.0,0,1,0.332,38.9,72.8,1
103028.0,0.276,715.0,0.0,16278.0,1,0,0.409,60.3,57.1,1
85070.0,0.246,682.0,9.6,20184.0,1,0,0.518,3.7,91.0,1
34111.0,0.125,611.0,13.0,24485.0,0,0,0.382,77.4,32.6,1
49607.0,0.369,720.0,5.1,33637.0,0,0,0.539,31.0,70.8,0
74230.0,0.267,751.0,2.8,35136.0,1,0,0.38,13.9,64.3,1
110096.0,0.313,504.0,18.0,31302.0,1,0,0.623,80.2,69.8,0
48660.0,0.133,692.0,7.7,7375.0,1,0,0.213,63.0,65.0,1
33865.0,0.312,627.0,11.1,15920.0,0,1,0.446,76.6,59.4,0
67752.0,0.199,708.0,14.4,17691.0,0,0,0.282,61.7,25.2,1
113332.0,0.364,797.0,9.6,36964.0,1,0,0.765,51.7,75.1,0
70361.0,0.395,649.0,1.6,7563.0,1,0,0.412,29.3,64.1,0
56867.0,0.334,820.0,14.7,32535.0,1,0,0.343,54.5,88.4,1
46363.0,0.398,736.0,13.2,17707.0,0,1,0.595,51.2,71.1,1
112552.0,0.295,820.0,8.0,4410.0,0,0,0.775,6.8,65.0,1
66086.0,0.31,643.0,7.8,20811.0,1,0,0.43,56.3,22.0,0
43701.0,0.297,582.0,8.6,12371.0,0,0,0.693,35.1,79.6,1
112237.0,0.538,594.0,11.5,12091.0,1,0,0.447,55.5,42.3,0
18000.0,0.113,657.0,0.5,18738.0,1,0,0.59,51.6,38.0,1
75145.0,0.464,727.0,0.4,16976.0,0,0,0.617,9.0,63.8,1
81589.0,0.205,763.0,10.9,32551.0,0,0,0.798,65.3,53.2,1
34742.0,0.385,656.0,2.6,30942.0,0,1,0.442,13.5,67.7,1
109402.0,0.471,640.0,2.7,12015.0,1,0,0.599,55.1,70.1,0
26222.0,0.378,702.0,9.7,23729.0,0,0,0.972,35.5,81.5,1
43885.0,0.09,601.0,2.8,30436.0,0,1,0.526,67.7,46.1,1
114527.0,0.332,678.0,4.9,36403.0,0,1,0.38,58.4,64.2,1
54387.0,0.459,717.0,6.8,14571.0,1,0,0.588,44.1,47.6,1
37870.0,0.391,626.0,8.6,11307.0,0,1,0.507,55.1,27.7,1
94390.0,0.413,612.0,9.9,1000.0,0,0,0.523,81.6,44.0,1
74691.0,0.446,773.0,0.9,26211.0,0,1,0.396,45.5,61.9,1
61186.0,0.287,764.0,7.6,17101.0,1,0,0.515,39.4,58.6,0
47207.0,0.306,694.0,11.0,15996.0,0,1,0.511,77.1,66.7,0
70877.0,0.364,762.0,13.0,1000.0,0,0,0.483,53.4,43.7,1
57046.0,0.278,623.0,6.0,15698.0,1,0,0.215,57.0,57.3,0
83017.0,0.283,685.0,0.0,31956.0,0,0,0.746,53.4,73.5,1
68758.0,0.307,636.0,0.0,23241.0,0,1,0.502,26.5,53.2,0
46664.0,0.3,673.0,3.2,9673.0,1,0,0.397,79.7,36.4,0
97470.0,0.359,728.0,4.6,7748.0,0,1,0.453,88.4,44.1,1
43989.0,0.306,536.0,10.6,29548.0,1,0,0.719,22.4,49.3,1
98349.0,0.277,636.0,9.3,10925.0,0,1,0.394,77.9,65.7,1
119174.0,0.346,646.0,5.0,21068.0,1,0,0.465,43.9,70.2,1
63963.0,0.395,688.0,7.2,18764.0,0,1,0.471,40.9,55.8,0
85264.0,0.598,675.0,16.2,25350.0,0,1,0.577,28.6,61.9,1
24741.0,0.281,653.0,6.2,12998.0,1,0,0.487,33.0,48.6,1
57113.0,0.312,625.0,12.5,35546.0,0,1,0.582,64.2,36.2,1
59135.0,0.298,690.0,9.0,43594.0,1,0,0.629,73.0,97.5,1
63761.0,0.183,807.0,0.6,19297.0,0,0,0.626,29.2,46.8,1
94656.0,0.288,820.0,7.0,17513.0,0,1,0.391,75.0,73.5,1
66980.0,0.264,551.0,2.4,11276.0,0,0,0.627,60.6,95.8,1
58083.0,0.161,738.0,3.4,8807.0,0,0,0.338,38.6,39.2,1
73708.0,0.24,651.0,3.3,38777.0,0,0,0.593,30.1,40.5,1
60461.0,0.215,604.0,3.0,19872.0,0,0,0.623,48.3,48.3,1
57950.0,0.143,548.0,2.9,13990.0,0,0,0.529,21.9,59.5,1
66842.0,0.349,731.0,6.1,5658.0,1,0,0.567,40.8,42.9,1
29942.0,0.211,820.0,0.0,36467.0,0,1,0.641,68.2,64.4,1
102026.0,0.256,683.0,0.2,9987.0,1,0,0.717,59.9,71.3,1
55557.0,0.114,687.0,5.6,20160.0,1,0,0.494,85.2,26.1,1
54963.0,0.277,704.0,5.7,30080.0,1,0,0.52,61.3,53.3,1
44854.0,0.415,765.0,4.4,30132.0,0,0,0.809,28.3,66.2,1
90405.0,0.132,806.0,3.2,28710.0,1,0,0.348,66.5,57.2,1
29358.0,0.256,666.0,9.0,24827.0,0,0,0.73,19.9,56.6,1
92724.0,0.223,674.0,9.0,11609.0,1,0,0.462,33.5,89.4,1
84482.0,0.226,817.0,0.0,31523.0,0,0,0.553,39.4,67.4,1
63316.0,0.176,693.0,6.6,23482.0,0,1,0.381,50.3,81.8,1
62131.0,0.401,691.0,11.7,17215.0,0,1,0.358,0.0,31.7,1
118638.0,0.238,677.0,9.4,1000.0,1,0,0.397,44.4,66.1,1
50512.0,0.521,739.0,7.0,10367.0,0,1,0.05,50.1,66.9,1
38422.0,0.322,657.0,11.4,15872.0,0,0,0.412,15.3,46.4,1
105038.0,0.449,592.0,3.9,19648.0,1,0,0.348,78.3,72.3,1
64289.0,0.122,639.0,7.0,18512.0,0,0,0.449,54.4,52.2,1
18000.0,0.239,655.0,6.1,32696.0,0,0,0.438,72.2,40.3,1
107473.0,0.206,791.0,5.9,15300.0,1,0,0.32,29.8,38.0,1
61320.0,0.319,733.0,12.3,18301.0,1,0,0.606,38.3,47.0,1
82355.0,0.254,579.0,0.0,31186.0,1,0,0.184,40.8,52.3,1
78417.0,0.302,820.0,5.3,34173.0,0,1,0.339,96.5,0.0,1
68729.0,0.287,712.0,9.0,11913.0,0,0,0.607,54.3,50.5,1
96821.0,0.218,610.0,4.0,17827.0,1,0,0.227,71.0,53.7,1
23976.0,0.355,653.0,11.3,4883.0,0,0,0.703,34.8,84.7,1
36165.0,0.356,655.0,11.6,25323.0,0,0,0.736,22.8,65.8,1
29808.0,0.25,639.0,4.2,22186.0,1,0,0.432,57.1,56.1,1
90149.0,0.327,766.0,0.0,46459.0,1,0,0.875,69.3,61.1,1
89299.0,0.351,658.0,0.0,17523.0,0,1,0.659,32.8,87.2,1
73344.0,0.134,699.0,13.1,11076.0,1,0,0.693,41.2,71.2,1
27356.0,0.422,666.0,10.2,40261.0,0,1,0.809,51.7,60.7,1
117035.0,0.283,722.0,4.6,44021.0,1,0,0.451,39.4,67.3,1
101287.0,0.307,643.0,0.0,24868.0,0,1,0.535,100.0,20.7,1
68422.0,0.385,611.0,5.7,16844.0,1,0,0.528,58.3,57.8,0
92626.0,0.205,724.0,10.4,19611.0,0,0,0.73,47.7,42.9,1
74878.0,0.421,782.0,14.8,1000.0,0,1,0.775,63.9,51.3,1
74260.0,0.39,658.0,4.1,33001.0,1,0,0.856,34.3,50.4,1
78186.0,0.26,721.0,9.5,12471.0,0,0,0.666,0.0,23.8,1
54467.0,0.238,650.0,3.4,37053.0,1,0,0.616,45.0,48.2,0
68317.0,0.34,700.0,7.6,18385.0,1,0,0.512,51.3,65.8,1
103863.0,0.44,608.0,4.8,1426.0,1,0,0.788,49.7,39.0,0
56556.0,0.305,699.0,0.0,32074.0,0,0,0.534,70.9,78.4,1
54833.0,0.157,644.0,5.8,1000.0,1,0,0.486,34.4,66.0,1
78448.0,0.236,665.0,1.4,19789.0,0,0,0.5,22.7,38.0,1
45265.0,0.318,677.0,11.7,29540.0,0,1,0.571,80.0,59.4,1
82800.0,0.429,584.0,15.3,30779.0,1,0,0.599,28.5,33.0,0
114200.0,0.243,701.0,4.8,22484.0,0,1,0.552,41.8,47.3,1
99442.0,0.245,700.0,4.5,28639.0,0,1,0.454,69.2,43.1,1
92184.0,0.409,725.0,3.7,27923.0,1,0,0.195,55.0,46.1,1
46699.0,0.223,668.0,3.5,29038.0,0,1,0.54,44.1,89.0,0
18080.0,0.33,621.0,4.9,8292.0,0,1,0.025,62.1,42.7,1
75626.0,0.208,721.0,4.4,33684.0,0,1,0.451,83.4,54.7,1
72906.0,0.293,622.0,5.5,20104.0,0,1,0.4,47.3,29.4,1
71678.0,0.149,724.0,10.7,17627.0,1,0,0.342,63.7,41.2,1
62742.0,0.145,681.0,9.3,22512.0,0,0,0.859,70.0,76.9,1
101322.0,0.28,746.0,1.6,18694.0,1,0,0.465,58.7,57.8,0
43252.0,0.329,594.0,10.5,33367.0,0,1,0.544,33.3,23.9,1
94624.0,0.307,635.0,3.6,19882.0,1,0,0.744,28.4,50.8,1
70627.0,0.333,666.0,15.7,25076.0,0,0,0.733,50.7,21.3,0
63691.0,0.401,631.0,0.8,19110.0,1,0,0.624,34.0,33.1,0
50667.0,0.198,688.0,16.4,15920.0,1,0,0.107,26.1,91.2,1
37736.0,0.294,702.0,4.6,16764.0,0,0,0.602,95.7,91.7,1
68902.0,0.337,685.0,11.3,1000.0,1,0,0.609,88.8,53.8,1
73552.0,0.272,679.0,3.4,9323.0,1,0,0.418,65.0,90.4,1
57650.0,0.282,773.0,6.6,15692.0,0,0,0.34,64.7,94.9,1
91103.0,0.341,568.0,10.2,42281.0,0,0,0.567,43.0,21.4,0
18000.0,0.281,734.0,14.0,19521.0,1,0,0.576,34.5,49.6,0
88365.0,0.34,784.0,17.9,18929.0,1,0,0.933,60.2,82.2,1
92680.0,0.286,751.0,0.0,4528.0,1,0,0.413,59.5,51.8,1
89116.0,0.341,603.0,11.1,22310.0,1,0,0.553,83.1,58.3,1
26951.0,0.355,678.0,8.4,28384.0,1,0,0.675,16.6,62.1,0
50423.0,0.252,649.0,2.2,2362.0,1,0,0.659,29.2,50.5,1
51726.0,0.399,587.0,13.6,32103.0,0,0,0.682,39.6,34.9,0
127964.0,0.381,640.0,9.3,15593.0,1,0,0.556,42.2,56.0,1
84130.0,0.383,638.0,3.6,22791.0,1,0,0.478,78.0,80.2,1
65449.0,0.328,761.0,10.9,18061.0,1,0,0.654,45.1,71.4,1
57354.0,0.235,767.0,12.0,7107.0,1,0,0.69,55.9,20.2,1
64261.0,0.214,711.0,10.7,1000.0,0,1,0.643,55.3,56.4,1
71989.0,0.227,592.0,7.8,25748.0,0,1,0.21,62.1,54.2,0
54765.0,0.463,763.0,5.1,19587.0,1,0,0.649,100.0,41.0,1
73976.0,0.4,655.0,10.7,23235.0,1,0,0.708,32.9,59.3,1
90540.0,0.154,766.0,4.7,14365.0,0,1,0.695,59.5,55.4,1
48633.0,0.258,589.0,11.1,26147.0,0,0,0.693,95.9,63.2,1
78647.0,0.229,758.0,4.5,26873.0,0,0,0.592,50.2,53.7,1
84369.0,0.37,820.0,9.7,39255.0,0,0,0.343,86.7,52.0,1
79712.0,0.327,703.0,13.9,14152.0,0,0,0.656,67.1,53.2,1
79750.0,0.307,642.0,7.2,1860.0,1,0,0.201,57.5,63.2,1
50487.0,0.375,726.0,9.3,14832.0,0,0,0.544,35.0,41.8,1
103062.0,0.343,592.0,5.1,39496.0,0,0,0.476,23.9,66.9,1
52253.0,0.458,765.0,0.0,21301.0,1,0,0.812,47.4,62.9,1
68680.0,0.111,698.0,4.2,36005.0,0,0,0.746,18.5,27.6,1
67300.0,0.504,776.0,8.9,37132.0,1,0,0.489,38.7,57.7,1
107537.0,0.432,636.0,7.3,19857.0,1,0,0.218,51.3,33.8,0
75962.0,0.13,695.0,6.8,1000.0,0,0,0.68,72.1,21.8,1
48578.0,0.218,661.0,8.9,32938.0,1,0,0.444,32.7,65.7,0
60170.0,0.427,575.0,9.7,27540.0,0,0,0.534,28.2,53.6,0
20276.0,0.219,692.0,3.4,19718.0,0,1,0.742,64.6,60.2,1
85260.0,0.299,739.0,3.4,1000.0,1,0,0.595,32.7,81.7,0
140321.0,0.189,637.0,0.0,26368.0,1,0,0.579,51.8,39.2,1
23614.0,0.387,501.0,8.3,11990.0,1,0,0.728,38.8,29.9,0
69388.0,0.344,757.0,1.9,20521.0,1,0,0.528,32.3,81.0,1
99541.0,0.417,556.0,9.4,22617.0,1,0,1.0,44.9,39.0,1
102151.0,0.286,813.0,6.3,1301.0,1,0,0.507,69.3,91.2,1
45285.0,0.148,678.0,6.5,18418.0,0,1,0.295,64.9,65.6,1
121013.0,0.432,742.0,16.6,12576.0,0,1,0.535,48.1,51.3,1
57228.0,0.16,740.0,0.0,8606.0,0,0,0.7,38.4,62.7,1
55510.0,0.392,659.0,5.2,3411.0,0,1,0.499,22.5,50.1,1
18000.0,0.191,605.0,6.6,36334.0,0,0,0.456,44.7,69.2,1
73752.0,0.218,820.0,7.7,19434.0,0,1,0.661,40.7,60.7,1
118949.0,0.333,613.0,13.5,23816.0,0,1,0.659,53.9,30.8,1
62053.0,0.231,667.0,4.8,10747.0,1,0,0.614,55.0,51.3,1
53659.0,0.172,695.0,4.7,6760.0,0,0,0.291,38.2,76.7,1
71614.0,0.461,678.0,8.3,9738.0,1,0,0.591,9.7,58.8,1
60968.0,0.371,687.0,13.4,16708.0,0,0,0.54,12.1,58.9,0
69675.0,0.316,638.0,0.0,12429.0,0,1,0.67,50.4,23.6,0
53083.0,0.402,635.0,10.8,22496.0,0,0,0.203,77.9,50.3,1
91496.0,0.269,619.0,0.0,20418.0,1,0,0.572,30.7,28.0,0
25331.0,0.445,618.0,0.0,39393.0,0,1,0.784,21.8,5.4,1
38890.0,0.467,728.0,0.0,16031.0,1,0,0.641,37.0,48.7,1
62141.0,0.33,808.0,15.8,23253.0,0,1,0.678,36.8,87.2,1
88928.0,0.517,820.0,9.0,28984.0,1,0,0.52,9.2,100.0,1
81183.0,0.498,772.0,0.0,11046.0,0,1,0.328,35.4,54.1,1
65047.0,0.292,603.0,8.7,13318.0,1,0,0.32,58.0,48.6,0
96080.0,0.341,697.0,4.1,19305.0,0,0,0.549,29.9,63.7,1
82821.0,0.206,577.0,9.3,15890.0,0,1,0.903,25.9,95.2,0
18000.0,0.33,560.0,1.6,17820.0,0,1,0.299,43.3,52.9,0
46562.0,0.303,542.0,5.4,30095.0,1,0,0.154,66.0,36.5,0
52913.0,0.308,660.0,7.2,6713.0,1,0,0.289,76.5,61.2,0
33147.0,0.262,650.0,15.1,20476.0,0,0,0.419,22.9,58.8,0
80109.0,0.312,574.0,4.2,19327.0,1,0,0.364,59.4,59.2,1
98925.0,0.342,625.0,0.1,15338.0,0,0,0.764,73.1,30.0,1
51173.0,0.273,723.0,16.3,26181.0,0,1,0.338,17.9,52.7,0
24386.0,0.358,613.0,9.1,14547.0,0,0,0.573,48.2,87.1,1
84423.0,0.257,499.0,10.9,26750.0,1,0,0.484,28.0,51.8,1
66909.0,0.463,566.0,12.9,29910.0,0,0,0.724,89.7,51.3,1
60653.0,0.3,722.0,10.3,4169.0,0,0,0.635,18.4,69.6,1
71650.0,0.22,673.0,2.1,7894.0,0,1,0.154,72.2,38.1,0
61531.0,0.28,706.0,11.0,22553.0,1,0,0.549,26.1,53.7,1
82546.0,0.121,633.0,10.1,23100.0,1,0,0.82,11.0,15.3,1
58495.0,0.305,528.0,8.2,41894.0,0,0,0.362,72.1,53.7,0
62376.0,0.241,708.0,1.8,32099.0,0,1,0.647,38.0,76.1,1
125631.0,0.28,820.0,8.0,18820.0,1,0,0.634,50.7,35.3,1
97778.0,0.221,698.0,1.3,11872.0,0,0,0.703,58.8,33.3,1
106900.0,0.431,669.0,8.4,8774.0,1,0,0.547,62.3,54.8,0
86761.0,0.518,713.0,7.4,12477.0,1,0,0.372,91.4,22.5,1
108451.0,0.322,648.0,10.3,25526.0,0,1,0.585,55.0,49.5,1
78224.0,0.267,603.0,1.2,18587.0,1,0,0.743,47.3,44.6,1
40299.0,0.097,689.0,1.3,40060.0,0,1,0.44,34.7,100.0,1
69942.0,0.314,585.0,0.4,12825.0,0,1,0.615,76.9,55.3,1
56143.0,0.263,776.0,1.9,8756.0,0,1,0.55,88.7,72.5,1
56929.0,0.193,771.0,8.1,6506.0,1,0,0.583,13.4,64.0,1
61894.0,0.113,614.0,2.1,44309.0,1,0,0.453,36.5,64.6,1
34213.0,0.674,732.0,8.5,33372.0,1,0,0.606,20.7,100.0,0
82952.0,0.389,683.0,8.6,37938.0,1,0,0.687,65.1,60.4,0
34687.0,0.352,725.0,7.6,25523.0,0,1,0.381,99.2,13.2,0
46220.0,0.35,709.0,2.8,1896.0,1,0,0.869,54.1,59.9,1
74387.0,0.379,654.0,0.0,40137.0,0,1,0.398,32.7,17.1,0
18000.0,0.298,560.0,10.5,16442.0,1,0,0.539,87.0,74.1,0
104826.0,0.204,616.0,2.6,27444.0,1,0,0.769,39.9,30.3,1
81529.0,0.186,618.0,1.9,17793.0,0,1,0.317,70.2,80.9,1
42690.0,0.423,669.0,4.8,26657.0,1,0,0.782,64.6,39.7,0
18000.0,0.371,596.0,7.5,17343.0,1,0,0.81,89.3,59.1,1
66362.0,0.185,753.0,7.6,1000.0,1,0,0.837,45.2,50.0,1
67500.0,0.199,705.0,9.3,13432.0,0,0,0.275,8.0,19.4,0
95999.0,0.348,629.0,3.7,1000.0,1,0,0.544,50.1,59.8,0
65118.0,0.244,787.0,0.0,10822.0,1,0,0.189,59.3,47.3,1
68915.0,0.318,677.0,13.0,20621.0,0,0,0.473,40.0,57.8,1
138522.0,0.392,624.0,7.0,38574.0,0,1,0.496,10.8,65.2,0
139106.0,0.287,715.0,2.5,23895.0,0,0,0.843,66.4,45.6,1
83698.0,0.294,601.0,13.8,23250.0,0,1,0.545,24.9,20.2,1
58469.0,0.413,754.0,1.3,37251.0,1,0,0.656,55.0,26.8,1
50446.0,0.135,695.0,13.9,19050.0,1,0,0.162,73.8,18.2,1
119491.0,0.4,735.0,13.7,24023.0,0,0,0.689,33.0,74.2,1
46775.0,0.319,673.0,9.5,6963.0,1,0,0.382,8.5,81.6,0
47946.0,0.309,798.0,10.7,1000.0,1,0,0.907,60.5,55.7,1
49147.0,0.239,633.0,5.7,23204.0,0,1,0.388,52.3,64.0,0
82063.0,0.419,714.0,4.6,38941.0,1,0,0.465,54.5,61.0,1
38242.0,0.298,715.0,1.5,25466.0,0,0,0.853,64.4,33.6,0
95832.0,0.576,820.0,6.0,23553.0,1,0,0.563,5.7,68.7,0
76590.0,0.299,619.0,4.9,22654.0,1,0,0.571,48.6,41.4,0
71840.0,0.545,694.0,3.4,13023.0,0,1,0.839,30.6,18.6,1
126721.0,0.269,658.0,4.5,10856.0,1,0,0.963,45.3,73.8,1
48914.0,0.3,787.0,10.7,32590.0,1,0,0.46,55.1,64.4,1
61190.0,0.239,653.0,8.2,44603.0,0,0,0.755,66.2,30.2,1
56948.0,0.319,694.0,0.0,36844.0,1,0,1.0,51.8,88.0,1
58213.0,0.502,743.0,0.1,30690.0,1,0,0.641,10.4,54.6,0
85237.0,0.435,699.0,17.8,36229.0,1,0,0.578,41.1,60.6,1
43515.0,0.29,820.0,6.2,34186.0,1,0,0.493,48.9,69.7,1
95668.0,0.407,708.0,5.7,11517.0,0,0,0.457,19.0,33.2,0
115331.0,0.332,617.0,2.6,36275.0,1,0,0.774,65.4,62.7,1
81536.0,0.277,725.0,12.3,30418.0,0,1,0.525,50.1,84.3,1
18000.0,0.14,698.0,0.0,10418.0,1,0,0.873,45.2,91.3,1
39464.0,0.278,588.0,3.0,1928.0,1,0,0.535,81.1,59.6,1
97945.0,0.35,735.0,4.4,12879.0,0,1,0.0,74.5,73.0,1
81289.0,0.289,617.0,7.1,30861.0,0,0,0.693,64.2,83.9,1
18000.0,0.4,676.0,4.7,10845.0,0,1,0.573,56.6,66.8,1
82815.0,0.392,550.0,11.9,26941.0,1,0,0.751,13.3,53.3,0
58986.0,0.182,700.0,1.4,11624.0,1,0,0.422,40.6,54.1,1
106177.0,0.363,628.0,0.0,13471.0,0,0,0.857,62.1,56.3,1
44392.0,0.307,664.0,9.0,21781.0,1,0,0.775,65.2,53.8,1
35401.0,0.327,748.0,9.7,22503.0,0,1,0.438,60.9,28.5,1
85457.0,0.418,820.0,7.3,39787.0,0,1,0.62,27.4,37.7,1
79635.0,0.277,672.0,0.0,38348.0,0,1,0.736,43.7,53.1,0
67329.0,0.28,687.0,1.9,17962.0,0,1,0.875,84.4,76.9,1
62547.0,0.381,712.0,0.3,19389.0,0,0,0.482,39.0,88.9,1
81348.0,0.276,805.0,0.0,34495.0,1,0,0.382,31.3,55.1,1
96561.0,0.422,622.0,7.9,28449.0,0,1,0.55,57.3,28.7,1
20835.0,0.317,692.0,1.8,29932.0,1,0,0.469,37.5,59.7,0
58725.0,0.235,623.0,7.3,27043.0,1,0,0.638,83.7,47.2,0
80750.0,0.197,653.0,0.0,59250.0,1,0,0.505,54.8,18.3,1
44590.0,0.201,636.0,0.7,42752.0,1,0,0.811,59.1,63.8,1
91523.0,0.538,669.0,12.1,23373.0,0,0,0.206,28.4,57.0,0
45655.0,0.322,657.0,6.4,39423.0,1,0,0.681,43.8,44.9,0
27983.0,0.285,650.0,6.3,26924.0,1,0,0.788,61.3,67.2,1
70793.0,0.297,643.0,8.0,20291.0,0,0,0.412,0.0,82.1,1
66546.0,0.253,728.0,3.6,27427.0,0,0,0.529,53.9,58.8,1
152790.0,0.501,763.0,10.6,22485.0,1,0,0.748,4.8,38.8,1
70817.0,0.288,738.0,10.2,16519.0,0,1,0.338,77.8,30.3,1
74627.0,0.167,715.0,5.4,27190.0,0,1,0.541,23.8,67.2,1
80098.0,0.193,674.0,1.6,19418.0,0,0,0.519,75.5,65.2,1
84532.0,0.272,622.0,9.2,8302.0,1,0,0.972,24.0,93.8,1
108746.0,0.149,682.0,11.1,4856.0,0,1,0.633,29.2,20.1,1
50687.0,0.273,735.0,0.0,44061.0,0,0,0.555,18.1,28.7,1
96275.0,0.233,740.0,14.4,15923.0,1,0,0.627,65.4,35.1,1
58488.0,0.304,781.0,8.4,26373.0,1,0,0.539,81.8,63.0,1
32716.0,0.253,683.0,8.7,36986.0,0,0,0.887,38.4,89.9,1
50743.0,0.368,714.0,0.0,37862.0,1,0,0.386,19.4,25.3,1
60782.0,0.328,766.0,10.1,26278.0,0,0,0.5,73.9,75.0,1
108962.0,0.274,716.0,4.3,15801.0,1,0,0.543,28.2,47.6,1
107594.0,0.209,697.0,6.8,23090.0,0,1,0.721,38.5,43.5,1
26120.0,0.278,707.0,22.5,20945.0,0,1,0.548,37.6,58.4,1
40106.0,0.531,692.0,10.7,17097.0,0,0,0.762,31.7,50.2,0
83339.0,0.247,638.0,4.8,16227.0,1,0,0.21,46.0,57.7,1
77698.0,0.281,668.0,4.1,21043.0,0,1,0.637,54.2,96.5,1
37993.0,0.19,640.0,0.4,29554.0,1,0,0.612,51.3,45.9,1
86880.0,0.182,660.0,11.5,16057.0,1,0,0.967,74.3,52.2,1
40974.0,0.242,545.0,19.0,22044.0,1,0,0.607,60.1,36.4,1
51832.0,0.432,740.0,5.7,28151.0,0,1,0.417,63.5,68.2,1
67151.0,0.443,660.0,3.9,14673.0,1,0,0.177,74.5,23.6,0
80467.0,0.329,709.0,9.5,18833.0,1,0,0.601,50.9,72.0,1
47223.0,0.255,645.0,9.2,35991.0,0,1,0.396,71.5,37.6,1
76802.0,0.255,576.0,16.5,9598.0,0,1,0.795,78.8,25.1,1
38715.0,0.395,687.0,4.1,21709.0,1,0,0.501,52.1,67.7,1
113848.0,0.207,656.0,7.4,14553.0,0,1,0.758,44.4,61.2,1
107886.0,0.334,659.0,0.9,1535.0,1,0,0.591,31.0,57.6,1
58833.0,0.399,623.0,3.8,18200.0,0,1,0.812,67.0,70.7,1
121825.0,0.381,736.0,3.7,6654.0,0,1,0.523,22.0,40.9,1
76091.0,0.331,717.0,2.9,27392.0,1,0,0.237,35.8,39.0,1
69661.0,0.348,571.0,1.5,9418.0,0,0,0.469,55.6,41.3,0
61791.0,0.224,758.0,10.3,11425.0,0,0,0.679,27.9,57.9,1
45550.0,0.294,556.0,8.4,18762.0,0,1,0.386,37.1,26.1,0
38013.0,0.344,563.0,0.8,18416.0,0,0,0.565,81.8,41.4,1
68225.0,0.263,671.0,18.5,31060.0,0,0,0.327,61.6,61.7,1
101046.0,0.286,694.0,9.3,17820.0,1,0,0.48,71.3,67.1,0
93378.0,0.439,717.0,2.9,9691.0,0,0,0.628,43.7,76.7,0
73652.0,0.461,597.0,17.0,32388.0,0,0,0.769,40.0,63.1,0
103099.0,0.216,712.0,6.9,6267.0,0,1,0.724,46.0,40.0,1
74650.0,0.314,715.0,15.3,7426.0,0,1,0.613,38.8,63.5,1
90392.0,0.208,713.0,9.8,1699.0,0,0,0.538,31.8,66.7,1
38148.0,0.224,788.0,9.5,28547.0,1,0,0.516,37.8,71.4,1
59487.0,0.312,710.0,6.9,12669.0,0,1,0.768,56.0,47.5,1
92066.0,0.217,630.0,9.3,31703.0,1,0,0.722,33.8,36.6,0
80516.0,0.357,620.0,7.1,25440.0,1,0,0.59,38.4,65.0,0
35000.0,0.185,723.0,7.5,12355.0,0,0,0.621,19.2,67.4,1
98924.0,0.383,609.0,1.7,1000.0,1,0,0.739,53.8,73.9,1
76247.0,0.215,621.0,14.4,5387.0,0,1,0.577,68.4,66.8,1
58620.0,0.345,667.0,14.3,1141.0,0,1,0.501,18.8,43.7,1
99004.0,0.374,732.0,3.3,32976.0,1,0,0.633,51.0,69.4,0
87210.0,0.152,683.0,6.5,6302.0,0,0,0.459,79.6,75.4,1
75289.0,0.374,651.0,5.7,5276.0,1,0,0.727,81.7,76.2,1
83980.0,0.264,739.0,9.1,10969.0,0,1,0.669,50.2,31.9,1
110543.0,0.219,709.0,4.7,1000.0,0,1,0.561,73.7,64.5,1
59120.0,0.475,717.0,10.0,11027.0,1,0,0.405,53.2,47.1,0
95426.0,0.391,780.0,5.5,13211.0,0,1,0.462,54.3,64.8,1
72116.0,0.34,635.0,13.5,28004.0,1,0,0.288,19.5,51.6,1
60228.0,0.27,666.0,4.8,1000.0,1,0,0.644,7.0,62.1,1
36155.0,0.365,649.0,0.0,17389.0,1,0,0.715,60.1,13.1,1
28402.0,0.285,753.0,2.5,18629.0,0,1,0.595,54.2,36.5,1
115400.0,0.101,628.0,8.3,6747.0,1,0,0.673,50.7,46.5,1
114415.0,0.334,628.0,2.9,11903.0,0,1,0.411,72.9,48.3,1
72663.0,0.188,675.0,5.9,14596.0,0,1,0.498,41.8,46.8,1
60186.0,0.185,704.0,0.0,27562.0,0,1,0.598,78.4,69.9,1
84209.0,0.401,679.0,3.7,23642.0,1,0,0.639,33.1,49.4,0
74546.0,0.361,701.0,6.3,8804.0,0,1,0.794,68.2,28.0,1
99179.0,0.354,642.0,0.7,1000.0,0,1,0.467,7.5,58.1,1
41194.0,0.391,631.0,5.4,37190.0,0,1,0.534,77.5,62.2,1
79603.0,0.269,613.0,9.6,7554.0,1,0,0.392,49.1,66.7,1
115000.0,0.278,727.0,0.0,20299.0,0,0,0.471,75.9,18.7,1
52274.0,0.4,632.0,9.2,14118.0,1,0,0.685,41.8,29.3,1
51943.0,0.268,724.0,0.0,1000.0,0,0,0.618,10.3,48.0,0
84928.0,0.254,629.0,9.2,27537.0,1,0,0.661,77.0,45.0,1
37864.0,0.387,653.0,12.9,21482.0,0,0,0.498,33.7,43.3,1
32886.0,0.368,773.0,0.0,7603.0,0,1,0.397,38.2,93.3,1
38081.0,0.226,676.0,0.0,24246.0,0,0,0.548,78.1,59.4,1
124260.0,0.36,680.0,9.6,5295.0,0,1,0.616,67.5,70.6,1
62944.0,0.409,749.0,5.0,29731.0,1,0,0.521,81.1,47.1,1
87792.0,0.289,782.0,8.1,25592.0,1,0,0.643,16.7,74.2,1
40818.0,0.416,678.0,0.1,22885.0,0,1,0.492,58.2,11.1,0
18000.0,0.198,626.0,10.4,18706.0,0,0,0.578,48.6,77.3,1
92657.0,0.446,559.0,9.3,11697.0,0,1,0.709,37.4,58.6,0
72902.0,0.336,720.0,6.6,11490.0,0,1,0.379,62.7,33.6,1
18000.0,0.317,624.0,2.4,24572.0,0,0,0.829,59.2,58.9,0
72204.0,0.177,701.0,16.1,27273.0,0,0,0.424,27.5,65.9,1
58613.0,0.259,741.0,0.2,31796.0,1,0,0.663,60.1,59.5,1
93984.0,0.345,624.0,0.0,43122.0,0,0,0.511,60.5,54.5,1
18000.0,0.279,709.0,3.5,11599.0,0,1,0.82,88.6,47.6,0
103844.0,0.209,702.0,2.9,23276.0,1,0,0.329,51.1,68.9,1
47037.0,0.13,651.0,7.8,4755.0,1,0,0.599,62.0,70.9,0
71325.0,0.199,550.0,4.2,34248.0,0,0,0.508,59.9,49.3,1
78797.0,0.415,604.0,13.4,24204.0,1,0,0.443,29.7,91.8,1
60608.0,0.366,640.0,1.4,16551.0,0,0,0.291,48.5,88.8,1
75932.0,0.441,768.0,0.0,1000.0,1,0,0.374,45.4,40.9,1
51967.0,0.174,673.0,2.2,5992.0,1,0,0.444,60.4,62.3,0
59235.0,0.242,737.0,6.0,29906.0,0,1,0.412,74.9,29.3,1
88583.0,0.367,629.0,5.9,4199.0,1,0,0.343,61.2,31.5,0
45320.0,0.455,690.0,10.0,18582.0,1,0,0.923,73.7,30.7,1
45272.0,0.321,736.0,8.4,47396.0,0,0,0.392,51.1,49.2,0
90802.0,0.335,769.0,10.3,28392.0,0,0,0.533,42.2,25.4,1
112453.0,0.208,765.0,2.8,18401.0,0,1,0.418,60.5,43.9,1
76829.0,0.255,591.0,15.2,31613.0,1,0,0.494,20.3,62.7,0
63858.0,0.212,660.0,4.9,11714.0,0,1,0.416,57.9,60.4,1
91699.0,0.198,586.0,8.4,15710.0,0,1,0.336,45.5,57.6,1
58090.0,0.427,646.0,6.9,37811.0,1,0,0.832,4.8,54.8,0
77646.0,0.345,782.0,14.8,7185.0,1,0,0.413,85.9,30.6,1
108929.0,0.267,676.0,9.8,26300.0,0,1,0.251,57.4,83.0,1
49775.0,0.216,610.0,9.0,21116.0,1,0,0.781,53.4,78.5,0
109896.0,0.36,674.0,5.2,25445.0,1,0,0.776,72.1,89.9,1
93563.0,0.377,694.0,9.0,15402.0,0,1,0.516,17.4,54.4,1
100813.0,0.401,787.0,7.7,1000.0,0,1,0.812,24.2,67.7,1
87946.0,0.348,573.0,0.0,25343.0,0,0,0.584,7.9,58.2,1
83246.0,0.178,772.0,0.0,6323.0,1,0,0.631,53.4,71.7,1
71102.0,0.165,696.0,4.9,30657.0,1,0,0.478,40.7,73.3,0
46743.0,0.314,752.0,2.9,25468.0,0,0,0.495,39.4,31.6,1
91285.0,0.315,536.0,6.8,29124.0,1,0,0.419,76.3,59.3,1
91502.0,0.331,694.0,9.1,41653.0,1,0,0.526,47.9,55.3,1
65986.0,0.253,708.0,9.1,36715.0,0,1,0.629,13.2,47.9,1
28067.0,0.379,651.0,0.0,22335.0,0,1,0.834,7.4,50.4,0
77036.0,0.413,609.0,7.7,7829.0,0,1,0.659,22.7,75.4,1
116161.0,0.341,644.0,14.3,1000.0,1,0,0.615,85.0,49.4,1
62995.0,0.487,738.0,11.1,21606.0,0,1,0.306,44.6,54.1,1
30413.0,0.235,550.0,0.6,3166.0,0,0,0.646,72.8,78.7,1
39914.0,0.285,531.0,13.8,17748.0,1,0,0.809,35.1,34.2,0
68841.0,0.254,564.0,12.3,34589.0,0,1,0.61,60.6,77.2,1
54401.0,0.165,638.0,9.6,2924.0,1,0,0.417,45.1,64.9,1
52060.0,0.331,774.0,3.5,14657.0,1,0,0.697,64.6,60.1,1
71373.0,0.2,568.0,10.0,1000.0,0,1,0.73,58.4,48.0,1
53068.0,0.388,792.0,16.8,12384.0,1,0,0.51,8.5,77.2,1
118494.0,0.342,744.0,7.5,11254.0,1,0,0.55,52.4,20.2,0
82690.0,0.315,671.0,0.0,28546.0,1,0,0.706,49.0,61.3,0
70331.0,0.191,557.0,1.2,20680.0,0,1,0.313,55.9,72.8,1
63076.0,0.348,714.0,4.0,5964.0,1,0,0.382,66.0,77.5,1
60274.0,0.395,701.0,7.2,1000.0,0,1,0.433,42.2,54.9,1
67641.0,0.346,750.0,8.8,27966.0,0,1,0.673,18.0,30.9,1
86200.0,0.216,663.0,6.0,21293.0,1,0,0.655,53.8,54.9,1
80255.0,0.459,728.0,0.6,19189.0,0,0,0.859,11.9,39.7,1
73286.0,0.434,579.0,8.9,22616.0,0,0,0.546,61.8,56.2,0
85225.0,0.458,624.0,2.9,31387.0,1,0,0.615,38.6,57.4,0
61169.0,0.504,688.0,7.1,9083.0,1,0,0.509,87.2,49.3,1
78947.0,0.44,639.0,6.8,16132.0,1,0,0.533,31.6,66.0,1
31860.0,0.458,820.0,6.0,21185.0,0,0,0.316,75.3,55.4,1
71446.0,0.212,778.0,3.5,24172.0,1,0,0.519,51.9,35.5,1
91170.0,0.277,677.0,14.7,25563.0,0,1,0.525,34.0,100.0,1
68773.0,0.298,754.0,3.2,6095.0,1,0,0.734,36.7,86.6,1
65141.0,0.085,595.0,6.0,34890.0,1,0,0.743,36.8,53.6,1
36753.0,0.206,675.0,4.8,24199.0,1,0,0.505,85.4,55.8,1
93100.0,0.322,643.0,1.5,10592.0,0,1,0.693,51.1,43.4,1
54091.0,0.405,732.0,4.8,21559.0,0,1,0.624,51.1,73.9,1
127236.0,0.289,643.0,1.8,22548.0,1,0,0.616,43.4,84.1,1
37618.0,0.262,675.0,0.0,14390.0,0,1,0.351,76.7,47.6,1
81716.0,0.283,786.0,10.1,26901.0,1,0,0.61,52.7,64.4,1
68191.0,0.296,656.0,5.9,9349.0,0,1,0.262,48.5,20.9,1
41870.0,0.359,651.0,6.0,19062.0,1,0,0.569,50.2,60.5,1
75270.0,0.274,720.0,13.3,10765.0,1,0,0.594,39.6,57.4,1
103713.0,0.27,669.0,3.0,14699.0,1,0,0.864,32.0,63.6,1
25346.0,0.277,486.0,10.2,39476.0,1,0,0.726,43.3,66.7,0
77698.0,0.123,779.0,10.7,1615.0,0,1,0.391,38.2,87.1,1
67804.0,0.329,657.0,2.9,12543.0,0,1,0.958,46.0,58.1,1
68861.0,0.394,733.0,5.2,10434.0,0,0,0.712,37.1,52.6,1
92056.0,0.306,622.0,5.1,30067.0,0,1,0.281,48.7,99.0,1
67013.0,0.297,600.0,9.2,44005.0,1,0,0.426,27.5,49.5,1
44655.0,0.331,679.0,12.5,24176.0,0,0,0.722,61.4,57.9,1
35227.0,0.377,700.0,8.9,37468.0,0,1,0.685,99.0,53.4,1
62111.0,0.302,798.0,9.9,22372.0,1,0,0.394,68.3,59.7,1
80057.0,0.262,623.0,6.8,18953.0,1,0,0.725,48.6,58.5,1
48364.0,0.349,561.0,8.9,16738.0,0,0,0.284,36.4,40.3,0
47589.0,0.275,688.0,7.3,23227.0,1,0,0.47,70.2,23.5,0
108771.0,0.388,751.0,2.0,6554.0,0,1,0.516,56.4,53.2,1
27970.0,0.336,756.0,9.4,22579.0,0,1,0.511,36.0,41.8,0
114571.0,0.33,645.0,1.6,25857.0,0,1,0.411,32.0,37.6,1
59444.0,0.237,694.0,16.4,14225.0,1,0,0.43,34.5,47.0,1
69406.0,0.382,576.0,16.1,35168.0,0,0,0.408,28.0,25.9,1
50240.0,0.496,625.0,0.0,12601.0,0,0,0.595,68.2,57.9,0
67106.0,0.238,557.0,0.0,5343.0,1,0,0.668,51.6,70.7,1
39331.0,0.394,730.0,8.4,13649.0,0,1,0.745,64.3,90.1,1
92249.0,0.427,639.0,6.1,29810.0,0,1,0.276,36.5,45.6,0
89391.0,0.238,624.0,0.0,8692.0,1,0,0.414,42.5,80.5,1
62321.0,0.299,723.0,6.3,31182.0,1,0,0.56,38.6,100.0,1
96042.0,0.296,638.0,5.6,19490.0,0,0,0.539,39.6,40.3,1
83077.0,0.419,596.0,0.6,33485.0,1,0,0.259,60.6,40.7,0
51305.0,0.37,710.0,19.4,14504.0,0,0,0.707,65.5,33.0,1
48742.0,0.427,617.0,12.0,1000.0,0,1,0.755,83.2,54.2,1
70014.0,0.28,621.0,7.8,5864.0,0,1,0.49,43.9,65.6,0
64863.0,0.483,769.0,6.1,34283.0,0,1,0.661,100.0,31.0,1
63484.0,0.498,730.0,0.4,21645.0,0,1,0.77,16.9,70.6,1
114201.0,0.18,679.0,2.9,23922.0,1,0,0.506,52.1,28.9,1
40128.0,0.15,698.0,9.9,8714.0,1,0,0.556,48.7,62.9,1
88487.0,0.209,692.0,7.3,27126.0,1,0,0.624,59.6,78.9,1
55596.0,0.354,686.0,17.3,8207.0,0,1,0.608,66.0,33.0,1
63221.0,0.26,603.0,2.8,21747.0,0,1,0.785,74.8,62.5,1
33802.0,0.291,669.0,4.4,13395.0,0,1,0.755,43.9,31.9,1
91999.0,0.394,617.0,7.9,29559.0,0,0,0.256,62.5,49.9,0
82734.0,0.233,774.0,17.1,12106.0,0,0,0.46,33.3,25.3,1
44568.0,0.252,595.0,0.0,11520.0,0,0,0.533,70.0,65.3,0
93181.0,0.301,610.0,15.6,26853.0,1,0,0.696,82.9,44.1,1
70854.0,0.243,682.0,1.0,26457.0,0,1,0.386,33.9,68.9,1
44610.0,0.145,718.0,5.9,43047.0,1,0,0.506,52.6,30.4,1
53003.0,0.312,639.0,13.9,10556.0,1,0,0.713,65.0,43.5,1
18661.0,0.533,810.0,0.1,17560.0,0,0,0.495,84.1,20.6,1
48893.0,0.379,505.0,6.4,24720.0,0,1,0.463,40.6,85.4,1
67936.0,0.429,596.0,2.6,22575.0,1,0,0.704,21.0,44.7,0
21900.0,0.311,670.0,0.0,20871.0,0,0,0.27,54.9,90.5,1
57601.0,0.249,739.0,8.7,30773.0,1,0,0.043,0.1,78.7,1
139754.0,0.211,773.0,10.2,18964.0,1,0,0.454,42.0,50.9,1
70963.0,0.427,687.0,7.1,32414.0,1,0,0.608,32.0,56.3,0
53265.0,0.438,647.0,0.0,33874.0,0,1,0.66,24.0,38.4,1
49367.0,0.644,668.0,11.9,35821.0,0,0,0.503,75.0,54.8,1
123980.0,0.159,626.0,4.3,30298.0,1,0,0.468,53.6,61.1,0
50076.0,0.418,806.0,1.8,15709.0,0,0,0.685,30.6,30.0,1
65883.0,0.498,758.0,7.1,32137.0,0,0,0.135,32.4,60.6,0
39103.0,0.417,624.0,6.7,14256.0,1,0,0.652,97.5,32.5,1
45463.0,0.422,688.0,2.5,1000.0,0,0,0.454,60.3,96.0,1
66713.0,0.396,723.0,8.2,7870.0,0,1,0.564,9.8,46.9,1
106325.0,0.191,777.0,17.5,36938.0,1,0,0.845,58.8,44.8,1
130518.0,0.523,652.0,2.9,32298.0,1,0,0.573,23.5,71.5,0
88337.0,0.264,773.0,12.8,16223.0,1,0,0.347,56.4,73.2,0
94456.0,0.393,611.0,11.4,33740.0,1,0,0.349,29.0,43.3,0
58872.0,0.387,752.0,6.8,39679.0,0,0,0.684,70.0,72.4,0
75024.0,0.356,694.0,0.0,6993.0,1,0,0.593,29.6,49.6,0
98967.0,0.306,778.0,5.7,11393.0,0,0,0.501,83.1,72.8,1
101024.0,0.502,642.0,4.7,20433.0,0,0,0.407,87.2,40.2,0
40915.0,0.342,736.0,8.2,22813.0,0,1,0.521,0.0,55.4,0
51892.0,0.177,616.0,12.4,1313.0,1,0,0.702,11.5,49.7,1
44076.0,0.306,780.0,6.5,7727.0,0,1,0.201,60.3,55.4,1
85391.0,0.269,820.0,9.2,13918.0,0,0,0.733,57.5,30.6,1
75399.0,0.215,649.0,0.2,1000.0,1,0,0.38,57.7,63.2,0
86600.0,0.333,701.0,15.0,16263.0,0,0,0.802,26.6,63.5,1
66561.0,0.275,702.0,3.6,11450.0,1,0,0.458,47.2,41.5,1
96810.0,0.369,643.0,4.0,39922.0,0,0,0.121,41.8,91.2,0
64273.0,0.223,597.0,1.4,13990.0,0,1,0.677,75.3,94.3,1
90663.0,0.13,679.0,5.0,19445.0,1,0,0.528,50.6,100.0,0
70668.0,0.359,683.0,6.5,24367.0,0,0,0.2,70.3,68.4,1
29363.0,0.412,660.0,4.0,41461.0,1,0,0.415,80.8,57.0,0
71824.0,0.164,672.0,0.0,13595.0,0,1,0.579,73.4,51.6,1
23528.0,0.382,734.0,5.8,8495.0,0,1,0.652,58.2,44.3,1
87571.0,0.158,624.0,11.8,12859.0,1,0,0.517,43.2,52.9,1
83717.0,0.394,680.0,5.9,3176.0,0,0,0.531,37.3,57.6,1
72091.0,0.287,710.0,8.4,29051.0,0,0,0.434,55.0,46.5,0
67604.0,0.293,674.0,1.3,4431.0,1,0,0.52,79.6,72.8,1
56991.0,0.262,752.0,7.2,18534.0,0,1,0.634,61.4,92.4,1
81319.0,0.397,740.0,4.7,11589.0,0,0,0.668,44.2,90.4,1
110502.0,0.321,655.0,11.0,18375.0,1,0,0.675,48.0,66.1,0
76538.0,0.071,820.0,7.1,24270.0,1,0,0.679,16.7,55.7,1
71185.0,0.324,603.0,8.5,28993.0,0,0,0.742,37.6,77.2,0
96891.0,0.315,598.0,0.0,18423.0,0,1,0.272,81.1,55.5,1
61130.0,0.387,764.0,9.4,5310.0,0,1,0.479,23.1,72.8,1
85563.0,0.175,653.0,10.2,66150.0,0,1,0.159,46.8,53.4,0
62691.0,0.385,552.0,8.9,19135.0,1,0,0.309,24.2,79.0,0
37145.0,0.419,596.0,8.3,22217.0,1,0,0.528,61.7,86.7,0
50083.0,0.253,767.0,6.6,24180.0,0,1,0.662,94.4,100.0,1
80718.0,0.381,632.0,2.1,23518.0,0,1,0.627,100.0,43.0,0
61913.0,0.287,645.0,6.2,40957.0,0,0,0.748,44.2,47.9,1
70890.0,0.33,647.0,15.9,19366.0,1,0,0.477,68.0,64.5,0
33304.0,0.06,627.0,4.0,29603.0,1,0,0.497,2.4,49.0,0
96651.0,0.354,548.0,1.5,1000.0,0,0,0.647,67.7,51.0,1
94433.0,0.286,631.0,3.9,17934.0,0,1,0.78,43.2,42.0,0
49609.0,0.321,672.0,8.5,1949.0,1,0,0.423,52.8,40.2,1
96119.0,0.142,726.0,12.3,26522.0,0,1,0.452,61.9,55.5,1
53927.0,0.331,646.0,4.6,19589.0,0,1,0.348,46.8,51.7,1
93824.0,0.178,569.0,17.0,33019.0,0,0,0.462,23.3,74.9,1
87983.0,0.365,766.0,11.0,2027.0,1,0,0.469,89.2,28.0,0
98157.0,0.273,686.0,5.1,16196.0,0,1,0.875,82.8,40.6,1
45974.0,0.259,680.0,0.0,38265.0,1,0,0.272,78.1,43.5,0
56172.0,0.229,720.0,0.0,35097.0,1,0,0.676,45.1,75.0,1
62745.0,0.222,641.0,11.4,29202.0,0,1,0.499,86.9,34.8,1
75676.0,0.304,743.0,8.4,9121.0,0,0,0.51,65.8,19.2,1
86855.0,0.36,657.0,4.5,5400.0,1,0,0.546,56.6,58.6,1
86066.0,0.341,693.0,12.6,1000.0,1,0,0.355,41.6,32.3,0
35513.0,0.381,721.0,1.0,42649.0,1,0,0.706,18.6,100.0,0
123548.0,0.337,752.0,13.3,1000.0,1,0,0.594,22.3,55.5,1
63909.0,0.365,674.0,9.9,16033.0,0,0,0.612,17.9,70.0,1
61176.0,0.377,616.0,17.0,13076.0,0,0,0.445,25.3,42.4,0
66845.0,0.163,643.0,17.2,31347.0,1,0,0.475,43.6,37.8,1
117353.0,0.276,599.0,13.5,31463.0,0,1,0.447,64.2,75.7,1
38860.0,0.446,642.0,0.4,25263.0,0,1,0.496,22.7,75.0,0
18000.0,0.385,735.0,7.9,22387.0,1,0,0.52,49.5,18.9,0
75279.0,0.298,707.0,8.9,18478.0,1,0,0.474,57.9,52.0,1
57699.0,0.331,720.0,15.2,32560.0,1,0,0.759,21.9,36.4,0
52520.0,0.358,710.0,7.5,13787.0,0,1,0.635,52.0,77.0,1
40593.0,0.323,717.0,4.3,23133.0,1,0,0.325,36.6,42.1,1
75429.0,0.14,643.0,0.4,49230.0,1,0,0.588,44.1,71.5,1
62900.0,0.284,721.0,2.6,21007.0,0,1,0.706,36.6,54.1,1
50202.0,0.05,719.0,0.8,6532.0,1,0,0.452,41.0,82.0,1
93686.0,0.345,731.0,10.0,20780.0,1,0,0.541,45.7,48.6,1
46047.0,0.421,611.0,12.1,23720.0,0,1,0.73,60.5,60.1,1
116303.0,0.399,671.0,7.9,22782.0,0,0,0.288,40.5,75.2,0
43024.0,0.298,781.0,11.0,11111.0,0,0,0.89,80.1,90.0,1
38520.0,0.484,649.0,5.3,1000.0,1,0,0.298,38.9,72.7,1
45941.0,0.322,684.0,4.5,4022.0,0,1,0.33,0.0,61.5,1
53627.0,0.399,690.0,6.3,16113.0,1,0,0.659,51.3,42.6,1
78649.0,0.285,696.0,7.1,8425.0,0,0,0.51,40.1,55.8,1
52105.0,0.302,606.0,6.8,24628.0,1,0,0.586,62.9,47.2,1
69314.0,0.194,613.0,10.3,40131.0,0,1,0.657,52.0,69.2,1
42308.0,0.277,726.0,9.9,25321.0,1,0,0.603,45.8,31.7,0
49231.0,0.379,740.0,5.1,19618.0,0,0,0.62,55.2,63.1,0
46514.0,0.436,654.0,6.8,19225.0,1,0,0.691,50.7,64.5,1
63278.0,0.135,749.0,15.9,20883.0,1,0,0.675,62.2,51.2,1
35675.0,0.224,685.0,2.8,9020.0,0,1,0.443,28.0,69.0,1
51552.0,0.258,691.0,4.7,22558.0,0,1,0.605,61.0,62.5,1
38058.0,0.35,742.0,4.3,44580.0,0,1,0.398,54.4,97.1,1
27711.0,0.336,506.0,6.7,31030.0,0,0,0.639,60.3,68.0,0
81048.0,0.343,619.0,5.2,15914.0,0,0,0.506,0.0,80.1,1
56138.0,0.317,803.0,9.0,40316.0,0,0,0.564,66.6,75.6,1
49770.0,0.378,689.0,9.5,13500.0,0,0,0.85,59.2,52.7,1
61429.0,0.138,731.0,9.2,9649.0,1,0,0.639,63.5,89.8,1
36340.0,0.214,623.0,13.0,21019.0,1,0,0.643,57.9,24.6,1
92655.0,0.189,769.0,4.9,18006.0,0,1,0.455,18.4,48.2,1
121757.0,0.231,620.0,10.7,11881.0,0,0,0.915,60.9,62.2,0
57931.0,0.341,656.0,4.5,17199.0,1,0,0.487,42.5,74.1,1
52655.0,0.257,711.0,6.7,25654.0,1,0,0.627,67.6,66.2,1
69880.0,0.236,719.0,7.2,4178.0,1,0,0.54,34.1,17.5,1
45989.0,0.276,648.0,7.8,1287.0,1,0,0.478,15.1,63.8,1
79191.0,0.101,690.0,8.7,20256.0,0,1,0.577,87.9,80.1,1
83082.0,0.398,756.0,15.7,16680.0,1,0,0.634,65.3,64.7,0
107339.0,0.439,714.0,11.2,21028.0,0,0,0.556,62.5,44.4,0
50142.0,0.349,733.0,15.0,2740.0,0,1,0.75,28.1,45.1,1
24548.0,0.378,698.0,3.9,4688.0,1,0,0.142,79.3,83.9,1
52390.0,0.285,650.0,2.5,33649.0,1,0,0.75,66.4,48.2,1
18000.0,0.43,780.0,9.4,31656.0,1,0,0.277,41.2,48.4,1
37967.0,0.374,645.0,7.8,20425.0,0,1,0.575,26.8,36.3,1
59378.0,0.33,778.0,8.7,1000.0,0,1,0.463,68.2,62.2,1
53216.0,0.181,644.0,5.4,17828.0,1,0,0.671,39.7,73.3,1
63151.0,0.429,675.0,3.1,20080.0,1,0,0.592,83.8,7.8,1
58381.0,0.258,657.0,4.0,14935.0,0,0,0.687,49.5,43.0,1
60819.0,0.46,647.0,4.4,28769.0,0,0,0.296,43.9,82.2,1
69427.0,0.299,739.0,1.5,32044.0,1,0,0.211,59.9,82.1,0
65158.0,0.314,683.0,8.7,10286.0,0,1,0.977,38.3,74.9,1
48241.0,0.349,595.0,4.3,13165.0,0,1,0.451,93.7,51.1,1
74976.0,0.159,704.0,6.9,11940.0,1,0,0.667,68.4,2.6,1
62521.0,0.366,775.0,6.2,3084.0,0,0,0.28,64.3,68.2,1
73086.0,0.15,597.0,5.0,21245.0,0,0,0.777,57.6,53.4,1
84039.0,0.314,652.0,1.9,14784.0,0,1,0.505,61.3,46.5,1
79335.0,0.38,666.0,2.3,31324.0,0,1,0.571,96.5,50.8,1
84081.0,0.259,620.0,9.7,23399.0,1,0,0.366,27.4,92.4,1
73088.0,0.307,682.0,6.3,7819.0,0,0,0.724,60.5,5.7,0
62355.0,0.457,602.0,9.4,18148.0,1,0,0.534,47.9,49.6,0
42378.0,0.189,624.0,0.0,49233.0,0,1,0.719,46.5,64.5,1
124298.0,0.442,500.0,7.7,29857.0,0,1,0.622,26.8,54.2,1
113424.0,0.417,738.0,3.9,8583.0,0,1,0.69,62.8,45.8,0
37596.0,0.293,535.0,7.2,21567.0,1,0,0.815,9.8,56.7,0
73993.0,0.347,710.0,13.3,19936.0,1,0,0.945,36.5,50.1,0
71965.0,0.376,639.0,9.2,15843.0,1,0,0.407,94.7,62.1,0
72387.0,0.243,689.0,2.3,7665.0,0,0,0.419,62.4,77.0,1
81488.0,0.354,587.0,4.8,25211.0,0,1,0.196,39.5,40.0,0
103911.0,0.199,641.0,11.5,19198.0,0,0,0.783,82.3,39.6,0
45656.0,0.293,626.0,10.4,42826.0,1,0,0.766,55.6,20.1,1
77592.0,0.285,637.0,7.5,1727.0,0,0,0.299,27.7,74.4,1
65988.0,0.296,820.0,11.3,19233.0,0,0,0.274,49.3,46.7,1
95250.0,0.411,714.0,14.5,21500.0,0,1,0.488,59.8,81.9,0
64932.0,0.283,742.0,9.9,26775.0,0,0,0.605,2.9,50.9,1
41698.0,0.374,697.0,8.9,18529.0,1,0,0.369,31.1,41.6,1
59823.0,0.289,690.0,12.7,3880.0,1,0,0.433,100.0,56.6,1
21798.0,0.347,535.0,4.1,16703.0,0,1,0.34,57.5,68.4,0
77898.0,0.162,663.0,5.1,22488.0,0,1,0.507,47.1,54.0,1
82617.0,0.314,697.0,13.8,7389.0,0,0,0.557,57.9,71.7,1
53469.0,0.323,583.0,0.0,7118.0,0,1,0.57,58.2,35.3,1
79669.0,0.417,699.0,2.4,15184.0,1,0,0.644,5.2,39.5,0
49337.0,0.326,679.0,0.0,15195.0,0,1,0.801,49.7,67.4,1
48801.0,0.103,810.0,5.1,27033.0,1,0,0.684,22.6,49.9,1
115086.0,0.322,803.0,4.2,22778.0,0,1,0.653,0.4,100.0,1
93030.0,0.183,619.0,4.4,41105.0,0,1,0.491,15.6,46.6,1
78742.0,0.357,554.0,4.5,36897.0,0,0,0.922,70.1,69.1,0
90395.0,0.145,646.0,12.5,9900.0,1,0,0.425,65.0,60.9,1
55101.0,0.189,727.0,5.6,22243.0,1,0,0.631,58.4,38.3,1
48718.0,0.271,591.0,4.7,33824.0,0,0,0.459,0.0,58.2,1
81331.0,0.374,594.0,8.6,58692.0,0,1,0.714,51.8,65.5,1
45556.0,0.378,746.0,5.4,26756.0,0,0,0.799,82.4,75.1,1
34404.0,0.089,820.0,12.5,27711.0,0,1,0.499,56.3,23.9,1
102852.0,0.442,725.0,14.4,10997.0,0,0,0.657,38.9,59.8,1
96239.0,0.275,610.0,5.2,31286.0,1,0,0.433,47.0,86.0,1
75513.0,0.316,732.0,8.4,9391.0,1,0,0.585,57.7,96.0,1
42641.0,0.204,693.0,8.2,38227.0,1,0,0.642,61.3,19.3,0
103084.0,0.427,714.0,4.7,22358.0,0,1,0.553,17.4,75.7,1
83402.0,0.461,660.0,1.7,4787.0,1,0,0.471,46.8,32.6,1
119991.0,0.216,612.0,13.8,25631.0,0,1,0.697,74.3,47.2,1
87513.0,0.24,499.0,4.9,3385.0,0,1,0.574,42.3,57.6,0
74121.0,0.203,714.0,0.5,3928.0,1,0,0.43,34.7,84.2,1
31235.0,0.242,673.0,8.8,20406.0,1,0,0.417,13.6,65.2,1
52130.0,0.268,786.0,15.2,20399.0,0,0,0.544,71.0,29.8,1
89417.0,0.086,588.0,9.7,15770.0,0,0,0.631,58.3,55.5,1
36946.0,0.395,683.0,6.4,32939.0,1,0,0.659,53.0,40.5,1
62410.0,0.454,507.0,3.3,49611.0,0,0,0.603,28.6,48.2,0
82784.0,0.385,677.0,10.6,2577.0,1,0,0.293,64.4,48.3,1
52314.0,0.351,583.0,8.6,12662.0,0,0,0.995,89.2,61.9,1
84682.0,0.199,735.0,13.3,39941.0,0,1,0.447,43.9,77.2,1
38451.0,0.246,668.0,1.5,21892.0,0,1,0.541,60.7,30.7,0
18000.0,0.495,754.0,0.0,15752.0,0,1,0.468,49.7,31.5,0
96948.0,0.185,662.0,10.3,17397.0,0,0,0.554,54.4,23.1,1
76336.0,0.339,764.0,7.9,24042.0,1,0,0.609,30.4,77.6,1
110356.0,0.333,638.0,12.4,14717.0,1,0,0.445,53.6,43.3,1
85940.0,0.144,703.0,0.0,26458.0,0,0,0.61,41.9,43.8,1
38732.0,0.394,576.0,9.4,22280.0,1,0,0.467,88.9,16.0,0
51832.0,0.241,527.0,0.0,6929.0,0,0,0.698,23.3,70.2,1
76941.0,0.417,698.0,0.7,19952.0,0,0,0.46,55.2,31.2,0
74792.0,0.414,697.0,9.9,35923.0,0,0,0.541,65.5,43.9,1
120246.0,0.164,802.0,6.0,22495.0,1,0,0.515,66.5,61.8,1
62784.0,0.21,622.0,10.2,40691.0,1,0,0.765,41.4,51.6,1
128001.0,0.23,549.0,0.9,47947.0,0,0,0.509,60.6,28.1,0
18000.0,0.36,777.0,13.2,15560.0,0,1,0.246,63.7,82.2,1
70820.0,0.37,820.0,6.2,35412.0,0,0,0.498,57.7,54.0,1
69339.0,0.337,820.0,3.2,30023.0,0,1,0.656,29.4,61.8,1
39115.0,0.297,738.0,10.3,8867.0,1,0,0.478,51.9,60.1,1
56158.0,0.197,677.0,14.1,11113.0,1,0,0.351,50.2,47.2,1
101627.0,0.227,578.0,9.2,36083.0,0,1,0.953,45.0,69.5,0
73054.0,0.163,720.0,12.7,12804.0,1,0,0.566,45.0,27.5,1
90169.0,0.228,588.0,12.3,35296.0,0,0,0.447,67.9,29.6,1
77765.0,0.35,595.0,0.0,6663.0,0,1,0.39,40.1,38.3,1
90912.0,0.379,744.0,13.2,26081.0,0,1,0.435,54.6,36.4,1
84241.0,0.266,677.0,6.4,31637.0,0,1,0.53,46.8,75.4,1
57510.0,0.165,575.0,9.0,19447.0,0,1,0.127,70.7,47.8,1
64497.0,0.268,724.0,3.8,9005.0,0,1,0.525,66.6,24.2,1
45052.0,0.304,658.0,6.1,16996.0,0,0,0.332,60.9,47.9,1
75827.0,0.45,763.0,6.3,17248.0,0,1,0.517,91.7,31.6,1
93037.0,0.282,693.0,4.0,21230.0,0,1,0.717,35.1,56.2,1
133537.0,0.125,794.0,8.6,35332.0,0,1,0.512,56.2,36.6,1
42068.0,0.315,709.0,4.5,6441.0,1,0,0.478,43.5,25.8,1
58933.0,0.374,698.0,1.1,10863.0,0,0,0.925,34.1,48.4,1
63038.0,0.226,695.0,0.0,36845.0,1,0,0.51,59.1,41.4,1
100877.0,0.232,653.0,6.8,26796.0,1,0,0.552,47.2,64.8,0
107377.0,0.216,575.0,0.0,1000.0,1,0,0.169,60.1,70.8,0
47348.0,0.377,663.0,1.5,32753.0,0,0,0.353,37.0,74.2,0
45677.0,0.261,586.0,12.8,34748.0,1,0,0.895,74.4,69.6,1
85327.0,0.324,693.0,7.3,18477.0,0,1,0.45,57.9,72.5,1
84322.0,0.438,697.0,7.2,27935.0,0,1,0.617,75.1,51.7,1
79333.0,0.229,590.0,11.7,10404.0,0,0,0.458,15.8,46.7,1
92663.0,0.27,636.0,7.4,37618.0,1,0,0.448,64.8,87.0,1
75945.0,0.292,815.0,7.3,22599.0,1,0,0.63,84.6,48.8,1
85496.0,0.398,731.0,6.4,33459.0,1,0,0.332,41.5,64.3,1
70478.0,0.325,611.0,6.8,2408.0,0,1,0.533,40.2,37.0,0
96229.0,0.322,750.0,3.2,29740.0,1,0,0.261,29.0,46.4,1
47190.0,0.323,676.0,4.5,38098.0,0,1,0.488,58.1,16.0,1
95574.0,0.112,642.0,2.7,17368.0,1,0,0.363,47.3,43.0,1
55983.0,0.48,586.0,3.7,20342.0,1,0,0.542,35.3,62.1,0
65981.0,0.317,644.0,10.1,56164.0,1,0,0.916,29.3,56.5,1
89812.0,0.121,759.0,5.0,32763.0,1,0,0.496,43.1,79.0,1
54729.0,0.218,692.0,2.3,32242.0,0,1,1.0,87.3,59.1,1
23625.0,0.306,628.0,3.4,11852.0,0,0,0.61,20.3,40.6,0
86532.0,0.256,716.0,4.8,15969.0,1,0,0.533,90.5,33.5,1
112096.0,0.129,679.0,7.9,17462.0,1,0,0.34,69.6,59.3,1
29279.0,0.233,694.0,6.7,25098.0,0,1,0.762,42.9,75.9,1
25489.0,0.35,667.0,7.3,47350.0,1,0,0.476,59.1,81.4,1
28195.0,0.426,720.0,0.0,8687.0,1,0,0.689,36.8,37.5,1
45757.0,0.205,765.0,8.6,6820.0,1,0,0.231,26.5,53.7,1
75076.0,0.299,805.0,0.8,1000.0,0,0,0.449,46.3,42.6,1
43732.0,0.225,744.0,8.1,11423.0,0,0,0.295,51.2,55.7,1
56614.0,0.37,719.0,12.5,3804.0,1,0,0.379,4.1,68.5,0
18000.0,0.228,496.0,0.0,7457.0,0,1,0.515,41.4,48.0,0
58629.0,0.264,707.0,0.5,24377.0,0,0,0.479,47.7,46.2,1
79383.0,0.191,645.0,9.1,19702.0,1,0,0.423,56.4,41.5,1
25144.0,0.301,750.0,0.0,27472.0,1,0,0.817,39.6,86.9,1
86445.0,0.412,629.0,7.9,15207.0,0,1,0.499,39.4,63.1,1
60735.0,0.274,672.0,8.9,22754.0,0,1,0.715,28.0,69.9,1
67371.0,0.231,612.0,4.8,24315.0,1,0,0.455,50.7,53.1,1
29941.0,0.385,630.0,12.2,21803.0,0,0,0.454,86.3,68.9,1
73804.0,0.133,569.0,0.8,24372.0,1,0,0.443,12.8,67.0,1
79496.0,0.326,706.0,13.4,29369.0,0,0,0.471,32.7,38.6,1
46937.0,0.236,820.0,9.5,32484.0,0,0,0.671,40.1,62.7,1
84525.0,0.165,584.0,6.9,9818.0,0,1,0.514,64.2,22.0,1
113711.0,0.248,764.0,4.6,22321.0,1,0,0.454,42.8,66.3,1
72283.0,0.346,669.0,11.8,29623.0,0,1,0.472,82.3,85.7,1
81888.0,0.303,555.0,9.1,1357.0,0,0,0.443,78.5,67.7,1
52705.0,0.404,553.0,6.5,11066.0,0,0,0.793,57.3,88.5,1
57096.0,0.292,668.0,8.6,34240.0,0,1,0.501,18.6,45.6,1
92286.0,0.39,687.0,7.6,10090.0,0,0,0.409,68.5,32.5,1
79669.0,0.431,679.0,12.9,20276.0,0,1,0.573,32.7,24.1,1
65679.0,0.386,820.0,11.0,19363.0,1,0,0.304,23.6,14.2,1
113032.0,0.4,714.0,8.0,23220.0,0,1,0.913,81.1,62.3,0
106268.0,0.276,648.0,9.5,22601.0,1,0,0.497,53.7,28.7,1
42834.0,0.444,654.0,15.6,1996.0,0,0,0.707,63.6,69.2,1
77832.0,0.206,686.0,0.0,30540.0,0,0,0.707,67.0,58.5,0
55182.0,0.148,650.0,4.9,16545.0,1,0,0.738,59.6,68.7,1
78150.0,0.39,721.0,6.4,20513.0,0,1,0.624,55.0,63.1,1
96739.0,0.213,682.0,2.4,9327.0,1,0,0.694,62.3,66.2,0
52472.0,0.346,676.0,2.8,17940.0,1,0,0.477,53.0,61.7,1
99791.0,0.1,624.0,5.7,14215.0,1,0,0.237,60.8,64.8,1
66197.0,0.123,656.0,7.1,27686.0,0,1,0.534,82.0,79.1,1
18733.0,0.185,751.0,8.2,39874.0,0,1,0.636,28.5,44.3,1
64816.0,0.28,726.0,5.0,33105.0,0,0,0.632,59.9,61.3,0
35723.0,0.372,694.0,16.5,18872.0,0,0,0.407,1.0,87.6,1
85588.0,0.364,700.0,12.3,4640.0,0,0,0.5,24.6,45.6,1
69642.0,0.215,675.0,1.1,34528.0,0,1,0.74,65.7,37.4,1
102883.0,0.454,816.0,3.8,12662.0,0,1,0.596,23.7,40.2,1
92502.0,0.167,607.0,5.4,47586.0,0,1,0.491,100.0,85.6,1
44610.0,0.485,706.0,11.7,5970.0,0,1,0.391,50.1,66.6,1
72428.0,0.283,820.0,19.9,8171.0,0,1,0.864,64.5,73.4,1
76308.0,0.301,732.0,8.1,32001.0,0,1,0.539,38.3,73.6,1
92872.0,0.396,818.0,3.8,13195.0,0,1,0.692,45.0,72.1,1
26361.0,0.195,617.0,3.1,2186.0,1,0,0.551,42.0,43.6,1
18227.0,0.402,637.0,14.0,38126.0,0,0,0.34,100.0,74.5,0
74865.0,0.306,593.0,5.9,16677.0,1,0,0.763,47.4,78.3,1
47267.0,0.387,749.0,3.5,36278.0,0,1,0.69,48.1,81.1,1
78355.0,0.3,675.0,15.6,25364.0,0,1,0.354,82.3,64.5,0
61558.0,0.24,696.0,8.7,29116.0,0,1,0.473,40.8,50.7,1
53884.0,0.489,744.0,7.4,40329.0,0,0,0.685,66.4,77.3,1
61267.0,0.071,685.0,1.9,12531.0,1,0,0.424,74.5,66.9,1
93754.0,0.39,770.0,6.9,26631.0,0,1,0.589,49.3,50.9,1
61846.0,0.254,642.0,0.0,21339.0,0,0,0.303,10.9,75.6,1
78319.0,0.358,757.0,2.7,6310.0,0,1,0.867,87.4,79.1,1
47699.0,0.367,687.0,1.4,22627.0,0,0,0.478,27.7,53.3,0
47611.0,0.345,676.0,8.9,23932.0,1,0,0.708,42.7,100.0,1
109737.0,0.224,731.0,9.7,22788.0,1,0,0.474,67.4,58.0,1
74050.0,0.434,615.0,2.9,22623.0,0,0,0.736,76.1,69.5,1
69863.0,0.259,623.0,13.0,6534.0,0,0,0.602,94.2,89.8,1
66519.0,0.258,650.0,12.6,12498.0,1,0,0.613,67.4,61.1,0
99482.0,0.083,663.0,4.1,1764.0,0,0,0.562,32.1,56.2,1
59875.0,0.459,802.0,10.6,18807.0,1,0,0.737,8.5,34.0,1
62492.0,0.168,696.0,15.0,22442.0,1,0,0.488,37.7,55.2,1
80923.0,0.282,726.0,9.4,20444.0,0,0,0.536,82.0,77.5,1
109257.0,0.222,679.0,7.5,34254.0,1,0,0.604,35.1,57.1,1
87139.0,0.412,753.0,3.6,38950.0,0,0,0.582,72.1,58.1,1
42714.0,0.252,514.0,11.5,18859.0,1,0,0.309,19.6,68.6,0
37644.0,0.435,743.0,0.0,1000.0,0,1,0.472,60.8,62.0,0
48998.0,0.534,758.0,0.0,18034.0,1,0,0.516,40.1,58.6,0
68206.0,0.365,698.0,6.4,20384.0,0,1,0.713,74.2,85.2,1
53954.0,0.226,808.0,12.6,17749.0,0,1,0.589,42.6,80.0,1
64290.0,0.295,566.0,19.8,25755.0,1,0,0.535,83.6,38.0,0
84938.0,0.261,740.0,15.4,1000.0,0,0,0.369,13.2,79.4,1
33884.0,0.467,566.0,11.7,30823.0,0,1,0.345,80.1,34.6,0
97650.0,0.378,744.0,7.0,9716.0,1,0,0.571,81.5,94.0,1
59471.0,0.121,701.0,0.7,28366.0,0,1,0.678,16.6,34.9,1
20271.0,0.351,769.0,13.3,23906.0,1,0,0.576,68.8,82.6,0
38254.0,0.347,670.0,3.6,21942.0,0,1,0.557,83.2,20.2,1
86723.0,0.278,565.0,4.9,42255.0,0,0,0.591,83.9,55.9,1
48303.0,0.245,627.0,10.4,20261.0,0,0,0.83,70.0,77.7,1
119254.0,0.185,748.0,10.7,1000.0,0,1,0.608,17.3,31.1,1
83543.0,0.367,709.0,4.5,16408.0,0,1,0.607,33.4,68.0,1
45366.0,0.393,697.0,4.5,19379.0,0,1,0.674,38.0,63.6,1
61885.0,0.239,682.0,0.0,10695.0,0,1,0.562,82.9,23.7,1
102996.0,0.418,810.0,0.0,11595.0,1,0,0.621,18.2,13.3,1
117030.0,0.19,674.0,3.2,20166.0,1,0,0.54,59.3,100.0,1
58398.0,0.208,635.0,6.1,24616.0,0,0,0.478,41.9,80.7,1
79540.0,0.596,653.0,1.6,26190.0,0,1,0.64,11.5,88.3,1
62492.0,0.05,442.0,13.8,16928.0,0,1,0.622,70.0,69.1,1
115814.0,0.449,648.0,0.0,28249.0,0,1,0.866,94.5,49.9,1
100229.0,0.324,666.0,4.8,24779.0,1,0,0.355,49.6,49.7,1
79268.0,0.244,602.0,3.4,8816.0,1,0,0.628,58.6,56.0,0
69643.0,0.437,728.0,9.2,16154.0,0,1,0.605,53.6,31.8,1
68019.0,0.293,706.0,11.4,15090.0,1,0,0.415,49.7,41.1,1
50071.0,0.376,690.0,9.5,33580.0,0,0,0.544,50.1,45.1,0
54066.0,0.299,742.0,9.4,9689.0,0,1,0.485,77.8,35.9,1
43081.0,0.203,680.0,11.1,19518.0,1,0,0.789,44.4,1.6,0
47911.0,0.265,726.0,7.3,21865.0,1,0,0.8,46.2,47.6,1
67318.0,0.275,742.0,11.3,25898.0,0,1,0.486,65.8,100.0,1
46995.0,0.333,731.0,1.7,9791.0,1,0,0.524,78.8,99.8,0
57306.0,0.224,696.0,10.0,20617.0,1,0,0.714,32.0,38.1,1
96220.0,0.294,672.0,2.2,35793.0,0,0,0.697,0.0,66.1,0
67629.0,0.437,770.0,11.8,22022.0,1,0,0.666,78.7,54.1,1
87790.0,0.536,710.0,6.3,14013.0,0,1,0.677,51.5,24.1,1
61475.0,0.194,633.0,5.2,28725.0,0,1,0.39,33.6,31.8,0
83508.0,0.199,642.0,8.0,27731.0,0,1,0.563,54.5,75.0,1
83260.0,0.26,741.0,7.0,22969.0,1,0,0.874,58.0,54.1,1
135522.0,0.204,799.0,0.2,22423.0,0,1,0.567,55.9,76.8,1
113010.0,0.28,694.0,3.0,24671.0,0,0,0.868,54.1,40.9,1
49503.0,0.173,693.0,0.0,1000.0,0,1,0.604,25.5,32.4,1
76902.0,0.369,691.0,8.6,21958.0,0,1,0.643,48.7,20.6,1
100880.0,0.293,631.0,4.8,27166.0,1,0,0.481,68.7,28.2,1
44036.0,0.359,727.0,8.4,6532.0,0,1,0.824,28.1,48.5,1
83675.0,0.355,647.0,12.1,26144.0,0,1,0.657,0.1,60.9,1
88959.0,0.385,688.0,3.8,29818.0,1,0,0.359,72.3,37.9,0
80371.0,0.29,751.0,6.9,1000.0,1,0,0.563,42.2,40.1,1
36094.0,0.248,719.0,1.7,32766.0,0,0,0.529,56.2,3.3,1
33188.0,0.345,820.0,16.3,28618.0,1,0,0.709,26.4,77.3,1
85127.0,0.383,758.0,14.5,14771.0,0,1,0.601,36.5,34.3,1
55669.0,0.218,696.0,0.8,1000.0,1,0,0.246,42.1,48.1,1
75762.0,0.275,499.0,1.6,23892.0,0,1,0.616,31.7,61.3,0
80505.0,0.371,685.0,10.0,17683.0,0,1,0.847,89.8,39.2,0
65644.0,0.295,568.0,10.2,6639.0,0,0,0.43,79.5,35.2,1
88082.0,0.215,717.0,15.9,15606.0,1,0,0.384,34.8,19.5,1
57227.0,0.05,758.0,2.8,6921.0,0,0,0.841,32.6,92.4,1
50713.0,0.351,632.0,2.0,11852.0,1,0,0.79,16.5,92.1,0
18000.0,0.416,600.0,1.7,20736.0,0,1,0.396,32.4,77.7,1
77221.0,0.35,758.0,11.1,14131.0,1,0,0.661,33.7,49.4,0
89355.0,0.322,786.0,16.3,48058.0,1,0,0.756,70.3,24.0,0
59898.0,0.341,729.0,2.9,4479.0,1,0,0.471,54.9,37.1,1
72781.0,0.272,594.0,11.6,27237.0,1,0,0.513,54.1,75.0,0
90245.0,0.202,761.0,13.2,7485.0,1,0,0.453,57.0,44.8,1
71307.0,0.131,712.0,9.1,31580.0,1,0,0.544,70.3,22.8,1
74328.0,0.357,702.0,0.0,2227.0,0,0,0.467,59.0,41.9,0
99324.0,0.257,740.0,0.0,27359.0,1,0,0.554,85.4,28.1,0
95786.0,0.459,649.0,11.6,29047.0,0,1,0.588,88.5,46.6,0
63103.0,0.349,707.0,5.6,16652.0,1,0,0.633,56.8,37.1,1
38490.0,0.434,775.0,7.6,25145.0,0,1,0.592,80.0,68.1,1
52861.0,0.282,786.0,10.9,18749.0,0,1,0.419,25.4,90.9,0
109199.0,0.251,820.0,0.2,24121.0,0,0,0.733,22.7,39.7,1
100330.0,0.176,795.0,5.3,48404.0,1,0,0.284,61.5,77.8,1
48746.0,0.289,706.0,6.8,31565.0,0,1,0.649,50.2,75.1,1
70591.0,0.255,677.0,4.5,17233.0,1,0,0.811,74.5,10.2,1
44422.0,0.382,624.0,7.4,13330.0,0,0,0.72,49.9,22.0,1
67242.0,0.485,683.0,4.8,12400.0,0,0,0.536,52.1,53.3,0
77384.0,0.259,750.0,0.0,9644.0,1,0,0.464,57.7,67.7,1
62325.0,0.388,654.0,9.0,26691.0,0,1,0.959,48.6,79.8,1
64904.0,0.203,728.0,10.6,3485.0,0,0,0.553,0.0,57.0,1
78099.0,0.25,669.0,3.7,25139.0,0,1,0.852,39.0,77.2,1
58407.0,0.399,702.0,11.3,21559.0,0,1,0.249,50.7,35.1,1
106776.0,0.406,722.0,10.5,25642.0,0,1,0.476,41.8,47.3,1
52168.0,0.442,578.0,13.1,3715.0,0,0,0.691,48.4,89.0,1
43786.0,0.327,644.0,3.8,3488.0,1,0,0.419,59.1,70.4,1
65659.0,0.172,802.0,0.2,34611.0,0,1,0.697,58.5,55.0,1
83029.0,0.233,631.0,5.4,20048.0,1,0,0.855,75.3,83.3,1
141408.0,0.175,662.0,17.1,17939.0,1,0,0.261,83.5,59.2,1
62790.0,0.194,639.0,16.5,33367.0,0,1,0.721,37.2,78.1,1
83792.0,0.235,620.0,2.2,26628.0,0,0,0.61,73.7,60.1,1
55560.0,0.312,775.0,9.2,42955.0,0,0,0.226,40.2,49.2,1
39471.0,0.426,573.0,14.1,21758.0,0,0,0.651,36.3,94.5,1
62508.0,0.05,645.0,7.5,35529.0,1,0,0.268,80.7,45.6,1
80562.0,0.203,726.0,11.4,28784.0,0,1,0.457,78.6,63.5,1
113773.0,0.423,604.0,11.4,38889.0,1,0,0.458,53.1,100.0,0
60146.0,0.375,704.0,0.0,21384.0,1,0,0.803,45.8,82.1,1
77135.0,0.464,732.0,18.3,19075.0,1,0,0.833,64.6,82.1,1
107409.0,0.301,632.0,4.3,14431.0,1,0,0.57,32.8,37.6,1
23563.0,0.171,662.0,3.6,30874.0,0,0,0.9,39.7,31.4,1
49060.0,0.34,673.0,11.0,29122.0,1,0,0.651,55.8,62.5,0
57198.0,0.451,670.0,7.9,26188.0,0,1,0.422,64.4,25.3,0
74112.0,0.366,637.0,6.7,7493.0,1,0,0.56,79.6,74.9,1
58398.0,0.238,677.0,12.3,14104.0,1,0,0.527,33.7,75.3,1
71384.0,0.206,569.0,6.2,33069.0,0,1,0.628,68.6,69.6,0
58089.0,0.336,687.0,0.0,10275.0,0,1,0.465,8.4,40.3,1
123555.0,0.263,659.0,0.2,31100.0,0,1,0.516,68.7,22.7,1
64077.0,0.184,721.0,12.4,21895.0,0,1,0.706,41.0,48.7,1
70784.0,0.323,764.0,10.3,21626.0,0,1,0.681,80.6,66.0,0
51562.0,0.272,667.0,7.1,17133.0,1,0,0.473,23.4,55.2,0
79868.0,0.35,611.0,10.4,10400.0,1,0,0.66,56.0,12.3,0
78964.0,0.483,600.0,7.6,22043.0,0,1,0.616,24.1,72.3,1
41318.0,0.27,726.0,9.7,1987.0,0,0,0.34,98.1,35.0,1
89853.0,0.283,683.0,6.5,13215.0,0,1,0.615,58.0,54.3,1
115963.0,0.397,691.0,4.0,16579.0,0,1,0.652,56.1,59.3,1
64682.0,0.381,574.0,11.0,4682.0,1,0,0.474,80.9,82.0,1
63469.0,0.356,557.0,10.1,7358.0,0,1,0.604,25.7,47.3,0
96618.0,0.328,727.0,1.1,39385.0,0,1,0.492,82.7,96.1,1
110481.0,0.282,650.0,5.5,25797.0,0,0,0.305,36.1,68.0,1
71383.0,0.351,700.0,7.1,23376.0,0,0,0.692,71.4,79.7,1
80855.0,0.232,692.0,7.4,1000.0,0,1,0.52,58.5,37.5,1
82616.0,0.312,651.0,9.9,9770.0,0,1,0.917,34.0,31.0,1
78195.0,0.396,750.0,0.0,3194.0,0,0,0.394,86.0,76.7,1
96505.0,0.385,714.0,0.0,17706.0,1,0,0.459,100.0,50.6,1
76162.0,0.408,708.0,12.7,3502.0,1,0,0.789,31.9,32.5,1
49718.0,0.405,770.0,9.3,22695.0,0,0,1.0,61.9,97.3,1
78371.0,0.393,745.0,12.4,8774.0,0,1,0.519,55.4,43.4,1
37685.0,0.157,693.0,9.6,1000.0,0,1,0.59,60.7,29.5,1
58154.0,0.289,768.0,4.9,30042.0,0,1,0.614,36.0,52.8,0
57865.0,0.158,674.0,4.3,11583.0,1,0,0.453,53.2,71.0,1
81694.0,0.421,734.0,3.8,1000.0,0,1,0.472,0.0,25.3,1
88382.0,0.138,589.0,8.0,36303.0,0,0,0.582,93.2,45.1,1
60711.0,0.142,709.0,0.0,12134.0,1,0,0.458,92.2,32.6,1
89286.0,0.385,693.0,4.8,22019.0,0,1,0.789,1.0,54.3,1
101597.0,0.39,599.0,8.3,6478.0,1,0,0.622,87.7,50.7,1
90847.0,0.19,631.0,7.3,40050.0,0,1,0.535,29.9,47.9,1
100129.0,0.283,772.0,3.9,34395.0,1,0,0.745,11.6,53.2,1
60256.0,0.462,675.0,2.7,32204.0,0,1,0.67,48.6,48.8,0
88978.0,0.2,726.0,0.7,14907.0,0,0,0.779,49.8,18.3,1
123997.0,0.171,591.0,1.2,19177.0,1,0,0.616,30.8,41.4,1
112959.0,0.291,579.0,6.2,17803.0,0,1,0.572,93.3,67.7,0
87873.0,0.326,589.0,3.9,1099.0,1,0,0.573,45.6,74.7,1
93620.0,0.199,711.0,3.6,17973.0,0,0,0.582,62.2,100.0,1
100348.0,0.281,601.0,1.1,21268.0,1,0,0.255,47.0,96.3,1
62573.0,0.316,566.0,0.0,29441.0,0,1,0.749,45.5,75.9,1
56234.0,0.251,736.0,10.4,29639.0,1,0,0.371,57.9,23.6,1
89471.0,0.305,616.0,7.6,28806.0,1,0,0.452,39.7,28.2,1
78010.0,0.31,600.0,7.3,21447.0,1,0,0.492,49.7,42.3,1
129468.0,0.242,674.0,6.7,25791.0,1,0,1.0,36.3,22.1,1
57152.0,0.359,586.0,9.0,29695.0,0,0,0.655,0.0,97.6,0
68666.0,0.366,708.0,11.3,12407.0,1,0,0.729,45.8,41.1,0
60050.0,0.05,686.0,3.8,21338.0,1,0,0.769,28.4,12.3,1
48550.0,0.239,580.0,1.4,19323.0,0,1,0.561,31.9,89.0,1
34049.0,0.32,759.0,2.9,19474.0,1,0,0.522,70.2,70.3,0
42801.0,0.417,704.0,3.2,6908.0,0,0,0.258,44.4,61.9,1
66815.0,0.407,767.0,0.0,49002.0,1,0,0.598,20.6,50.4,0
54950.0,0.439,820.0,8.8,47494.0,0,1,0.53,74.3,73.2,1
67855.0,0.16,570.0,6.7,32357.0,0,1,0.38,63.3,70.5,1
110530.0,0.259,711.0,0.0,19147.0,1,0,0.548,87.9,60.1,0
82289.0,0.218,673.0,2.0,8188.0,1,0,0.686,32.6,52.7,1
26523.0,0.419,714.0,4.6,1605.0,1,0,0.391,60.4,75.4,1
21025.0,0.313,705.0,4.9,7655.0,1,0,0.674,56.8,32.1,1
87675.0,0.277,626.0,8.0,1000.0,0,1,0.492,86.2,57.1,1
63323.0,0.26,509.0,6.9,34501.0,0,1,0.562,59.3,74.9,0
38232.0,0.447,734.0,6.3,6856.0,0,1,0.633,42.7,43.2,0
48898.0,0.151,754.0,9.8,16143.0,0,1,0.876,29.7,0.0,1
77251.0,0.297,730.0,2.2,20010.0,0,1,0.399,23.6,64.5,0
69886.0,0.386,645.0,0.4,19957.0,1,0,0.497,70.3,41.0,1
53760.0,0.317,722.0,6.9,20463.0,1,0,0.463,86.3,64.4,1
84121.0,0.334,538.0,9.3,31351.0,0,1,0.9,67.6,44.7,0
84949.0,0.308,651.0,4.3,15515.0,1,0,0.402,39.3,41.5,0
78871.0,0.294,714.0,12.1,22537.0,1,0,0.586,57.3,49.9,1
65489.0,0.38,694.0,10.5,24599.0,0,1,0.355,57.5,65.3,1
41118.0,0.225,688.0,3.9,26168.0,1,0,0.493,61.7,79.0,1
78532.0,0.433,820.0,13.1,39241.0,1,0,0.635,47.7,50.1,1
101735.0,0.436,635.0,5.9,1519.0,0,0,0.479,27.6,54.2,1
98084.0,0.308,742.0,4.5,23479.0,1,0,0.61,43.2,39.6,0
87627.0,0.231,723.0,12.2,21668.0,1,0,0.676,42.3,31.5,1
103897.0,0.413,691.0,7.8,21480.0,0,1,0.252,35.6,80.7,1
53571.0,0.22,700.0,5.3,29186.0,0,1,0.553,37.6,37.8,1
51450.0,0.155,731.0,8.2,42689.0,1,0,0.394,72.5,61.0,1
90774.0,0.137,547.0,4.4,17902.0,1,0,0.488,50.0,44.9,1
68380.0,0.307,751.0,10.0,2561.0,0,0,0.306,34.9,44.6,1
44944.0,0.384,551.0,7.4,7380.0,0,0,0.615,100.0,60.0,1
28857.0,0.254,710.0,5.9,34529.0,0,1,0.759,68.5,80.4,1
56864.0,0.344,770.0,10.2,29758.0,0,1,0.356,16.1,45.5,1
52776.0,0.246,647.0,14.1,2239.0,0,0,0.624,36.2,58.1,1
52909.0,0.251,719.0,8.2,10816.0,0,0,0.476,82.8,43.0,1
54058.0,0.28,670.0,7.1,17654.0,0,1,0.372,54.9,67.1,1
40240.0,0.319,700.0,10.1,1000.0,0,1,0.449,43.4,63.8,1
53596.0,0.478,582.0,7.3,10351.0,0,0,0.554,78.3,44.8,0
50050.0,0.385,661.0,9.3,31200.0,1,0,0.372,68.6,46.5,0
53413.0,0.44,534.0,6.7,9616.0,0,0,0.512,34.1,63.3,0
107552.0,0.574,693.0,6.5,47864.0,0,0,0.246,43.7,40.9,1
104083.0,0.36,771.0,7.2,3112.0,0,1,0.73,27.0,49.0,1
58925.0,0.266,711.0,12.0,14123.0,1,0,0.233,100.0,56.0,1
74732.0,0.215,737.0,18.7,14603.0,0,1,0.642,72.0,75.3,1
74481.0,0.307,717.0,1.3,31830.0,0,0,0.682,59.3,60.9,1
65151.0,0.256,657.0,11.0,6790.0,0,1,0.662,53.2,60.0,1
57876.0,0.327,686.0,10.3,12431.0,0,1,1.0,54.3,48.4,1
60276.0,0.339,608.0,14.6,37767.0,1,0,0.482,26.1,61.1,1
18000.0,0.389,813.0,6.3,10943.0,0,1,0.64,21.8,37.9,0
107739.0,0.362,724.0,13.5,12239.0,0,0,0.767,78.9,51.3,0
92286.0,0.212,602.0,5.7,30309.0,1,0,0.605,30.1,58.5,0
84831.0,0.301,645.0,5.0,28671.0,0,0,0.562,80.5,12.2,1
94967.0,0.257,708.0,13.3,13719.0,1,0,0.272,53.4,43.7,1
89614.0,0.434,698.0,3.6,23260.0,0,0,0.454,20.4,48.6,1
56181.0,0.321,590.0,6.9,18589.0,0,1,0.618,67.8,14.3,1
104266.0,0.326,704.0,3.5,26177.0,1,0,0.72,61.5,81.6,0
86298.0,0.276,665.0,8.1,7573.0,1,0,0.502,68.4,35.9,0
55129.0,0.318,744.0,5.8,30882.0,0,0,0.51,17.2,30.5,1
42161.0,0.221,639.0,4.2,29744.0,0,0,0.511,89.2,84.1,1
54518.0,0.288,696.0,17.0,22872.0,0,1,0.349,46.2,36.3,0
44216.0,0.092,697.0,6.8,25365.0,0,1,0.525,21.0,42.7,1
83775.0,0.129,598.0,8.1,13825.0,0,0,0.665,24.9,62.3,1
114489.0,0.137,630.0,5.6,12892.0,0,1,0.568,56.5,61.6,1
58339.0,0.506,628.0,16.2,12491.0,1,0,0.674,33.3,43.8,0
18000.0,0.304,693.0,4.6,16952.0,0,0,0.476,73.6,72.4,0
87942.0,0.411,549.0,7.6,11870.0,1,0,0.482,59.5,43.6,1
57555.0,0.287,658.0,4.0,26471.0,0,1,0.608,60.9,45.9,1
18758.0,0.215,798.0,13.6,1000.0,1,0,0.625,56.2,48.3,1
109244.0,0.259,599.0,2.2,43523.0,1,0,0.702,66.6,33.0,1
63473.0,0.282,741.0,7.3,3467.0,0,1,0.412,33.5,52.3,1
78231.0,0.291,665.0,0.0,14865.0,0,0,0.438,23.3,87.4,1
39765.0,0.236,665.0,2.5,20687.0,0,1,0.467,51.3,50.8,0
86832.0,0.267,792.0,9.1,47250.0,0,1,0.28,43.5,67.9,1
66627.0,0.237,631.0,2.2,12800.0,0,0,0.522,27.8,20.9,1
120656.0,0.101,666.0,9.5,11322.0,0,0,0.418,25.7,39.5,1
31477.0,0.377,694.0,5.7,31878.0,0,0,0.504,43.9,55.1,0
49991.0,0.356,754.0,2.4,24144.0,0,1,0.728,100.0,60.2,1
62685.0,0.428,593.0,0.0,22403.0,1,0,0.487,65.3,50.2,1
54126.0,0.196,705.0,18.8,34983.0,1,0,0.321,72.0,22.7,1
41694.0,0.336,725.0,4.7,25929.0,0,1,0.835,35.0,56.4,1
53591.0,0.223,700.0,8.1,13839.0,1,0,0.659,81.1,66.2,1
77524.0,0.473,544.0,9.3,11002.0,0,0,0.289,74.7,45.0,1
80878.0,0.306,507.0,14.5,20796.0,1,0,0.357,58.7,54.0,1
37233.0,0.3,667.0,9.0,7464.0,0,1,0.455,36.2,70.9,1
74228.0,0.262,657.0,3.0,19800.0,0,0,0.55,60.8,27.4,1
76537.0,0.457,604.0,1.7,26027.0,0,0,0.431,31.2,29.8,0
48378.0,0.106,629.0,15.3,19997.0,1,0,0.42,0.0,78.6,0
51361.0,0.271,788.0,5.4,2940.0,0,0,0.62,23.5,39.9,1
83581.0,0.109,655.0,6.4,15748.0,0,1,0.449,57.2,45.2,0
69489.0,0.289,677.0,4.7,14272.0,0,0,0.086,28.9,69.8,1
65701.0,0.256,720.0,8.7,5768.0,0,1,0.676,39.1,37.7,1
61717.0,0.117,452.0,4.0,34400.0,1,0,0.527,42.0,39.3,1
75813.0,0.354,583.0,13.6,23441.0,1,0,0.274,44.8,70.7,1
63427.0,0.321,560.0,10.5,32705.0,1,0,0.761,41.0,29.3,1
37894.0,0.141,683.0,8.0,20005.0,0,1,0.832,55.4,58.3,1
20878.0,0.317,755.0,6.3,23984.0,1,0,0.248,34.7,49.8,0
41403.0,0.408,765.0,0.0,33065.0,0,0,0.644,75.4,70.5,1
33062.0,0.415,673.0,19.0,1457.0,1,0,0.5,51.3,46.4,1
72627.0,0.474,576.0,15.0,4851.0,0,0,0.216,31.2,80.1,1
88526.0,0.134,624.0,11.0,5922.0,1,0,0.572,13.1,79.6,1
81184.0,0.371,695.0,3.2,26002.0,1,0,0.455,0.2,52.7,1
65372.0,0.269,716.0,12.8,5892.0,0,0,0.945,56.2,21.2,1
43150.0,0.38,601.0,4.2,53325.0,1,0,0.373,44.1,87.8,0
80656.0,0.249,678.0,4.3,16467.0,0,1,0.373,9.7,46.5,1
54426.0,0.326,672.0,5.6,27902.0,0,1,0.649,37.7,97.8,1
98820.0,0.334,664.0,3.9,1198.0,0,1,0.486,61.7,39.7,1
42477.0,0.074,524.0,9.4,34350.0,0,0,0.059,69.6,37.2,0
59685.0,0.231,746.0,12.3,20580.0,1,0,0.446,65.3,38.0,1
90039.0,0.128,743.0,0.1,13111.0,0,1,0.302,0.0,65.4,1
82881.0,0.352,477.0,4.9,21907.0,1,0,0.575,26.6,43.9,1
75589.0,0.265,649.0,16.5,12904.0,1,0,0.642,48.6,77.6,1
60067.0,0.07,646.0,4.3,11201.0,1,0,0.461,80.9,53.5,1
37336.0,0.302,563.0,9.7,15066.0,0,0,0.338,66.9,58.2,0
64911.0,0.179,708.0,2.9,17122.0,1,0,0.467,24.2,57.2,1
79743.0,0.186,685.0,0.5,32339.0,1,0,0.42,100.0,28.9,1
87034.0,0.133,691.0,16.6,42700.0,1,0,0.538,68.6,56.3,1
82489.0,0.331,712.0,12.7,11131.0,1,0,0.273,12.3,45.1,0
60620.0,0.207,704.0,13.7,15477.0,1,0,0.431,12.4,75.3,1
55770.0,0.378,691.0,0.0,30815.0,0,0,0.403,34.8,19.4,0
78801.0,0.149,708.0,19.6,6436.0,1,0,0.526,77.6,44.8,1
58851.0,0.511,646.0,12.6,32315.0,0,1,0.692,49.2,100.0,1
49972.0,0.329,688.0,8.3,15544.0,0,0,0.51,9.2,38.4,1
76040.0,0.34,597.0,4.9,19371.0,0,0,0.08,55.5,74.2,0
64513.0,0.381,657.0,5.7,1000.0,0,1,0.716,68.5,34.6,1
78003.0,0.465,724.0,0.0,35244.0,1,0,0.426,42.9,83.2,0
69830.0,0.384,668.0,3.8,14617.0,1,0,0.591,24.5,62.2,0
57550.0,0.224,628.0,1.0,20346.0,0,0,0.716,29.1,65.9,1
41324.0,0.378,741.0,0.2,9927.0,0,0,0.665,47.1,30.0,1
116572.0,0.24,674.0,0.1,24382.0,1,0,0.767,58.9,16.7,1
92157.0,0.157,820.0,12.6,11868.0,1,0,0.628,67.5,53.6,1
110577.0,0.397,592.0,2.8,34403.0,0,1,0.381,82.6,66.8,0
83936.0,0.485,608.0,1.0,4638.0,1,0,0.602,61.8,74.8,0
66982.0,0.316,693.0,4.3,1000.0,0,1,0.481,39.7,51.6,1
118079.0,0.319,820.0,4.1,34965.0,1,0,0.401,58.2,47.9,1
94640.0,0.259,711.0,0.4,31159.0,1,0,0.485,46.0,63.2,1
20535.0,0.274,700.0,10.3,22527.0,1,0,0.308,43.0,45.2,1
96880.0,0.05,671.0,14.8,32357.0,0,1,0.424,66.5,57.3,1
80610.0,0.067,688.0,2.1,13721.0,0,0,0.504,14.6,22.5,1
84618.0,0.258,686.0,13.9,30899.0,0,0,0.587,38.2,40.1,1
85536.0,0.397,626.0,4.7,5602.0,1,0,0.604,29.1,52.7,0
51864.0,0.513,700.0,0.0,22299.0,0,0,0.502,59.2,60.1,0
48502.0,0.393,707.0,6.7,9270.0,1,0,0.35,52.7,66.7,0
18000.0,0.28,564.0,7.7,14579.0,0,1,0.299,35.4,62.5,1
87233.0,0.377,472.0,5.9,6445.0,0,0,0.316,54.0,39.4,1
88276.0,0.204,698.0,6.6,14260.0,1,0,0.613,9.6,67.9,0
80387.0,0.212,560.0,4.4,16806.0,1,0,0.69,54.4,59.7,0
77846.0,0.207,711.0,13.4,32848.0,1,0,0.659,42.2,78.2,1
90082.0,0.207,651.0,8.0,3878.0,1,0,0.66,29.4,40.0,1
57659.0,0.17,735.0,12.4,28156.0,1,0,0.832,51.5,53.9,1
18000.0,0.371,674.0,7.2,37064.0,1,0,0.496,16.5,75.0,1
131637.0,0.254,713.0,4.6,27839.0,0,1,0.805,36.8,74.3,1
81126.0,0.321,630.0,13.0,25315.0,0,0,0.34,50.5,64.3,1
80402.0,0.327,629.0,20.4,20289.0,0,1,0.402,49.6,65.2,1
70719.0,0.245,604.0,0.0,33620.0,0,1,0.688,27.6,46.5,1
18000.0,0.223,742.0,15.1,29488.0,1,0,0.311,71.6,80.5,1
101714.0,0.308,721.0,17.5,16067.0,1,0,0.656,57.0,83.0,1
86352.0,0.301,642.0,9.6,25355.0,0,1,0.57,70.7,8.6,1
78103.0,0.276,820.0,19.7,9806.0,0,1,0.584,20.4,48.4,1
66277.0,0.298,648.0,8.3,14736.0,0,0,0.393,3.9,92.5,0
68183.0,0.383,748.0,6.3,12193.0,1,0,0.424,85.0,64.8,0
84544.0,0.234,780.0,7.8,27337.0,0,1,0.473,23.9,34.3,1
95405.0,0.256,699.0,6.7,15472.0,1,0,0.71,42.6,38.8,1
106597.0,0.334,635.0,9.0,23699.0,0,0,0.176,68.8,37.3,1
116229.0,0.319,820.0,6.3,23926.0,0,0,0.337,38.2,81.1,1
100215.0,0.317,624.0,9.2,1000.0,0,0,0.583,34.6,59.6,1
72606.0,0.141,584.0,8.1,12845.0,0,0,0.824,48.1,47.1,1
72032.0,0.312,635.0,13.0,24230.0,0,1,0.921,72.8,48.4,1
86245.0,0.345,688.0,6.4,20283.0,0,0,0.361,52.4,64.5,1
52582.0,0.278,626.0,5.6,24431.0,0,1,0.442,38.5,58.5,1
39158.0,0.359,714.0,12.2,30347.0,0,0,0.43,32.7,9.8,1
82517.0,0.39,681.0,8.1,36288.0,0,1,0.476,79.5,66.7,0
87562.0,0.054,620.0,2.9,3401.0,0,0,0.343,37.1,32.8,1
99124.0,0.404,643.0,12.9,35275.0,0,1,0.725,61.3,86.5,1
89730.0,0.323,741.0,13.9,22908.0,1,0,0.474,45.4,71.4,1
57754.0,0.198,608.0,3.8,28895.0,1,0,0.439,78.9,33.5,1
57359.0,0.114,655.0,7.8,15980.0,0,1,0.619,36.8,35.6,1
97449.0,0.391,673.0,12.0,11735.0,0,0,0.423,57.1,79.5,1
30452.0,0.426,723.0,9.1,23562.0,0,1,0.644,54.1,62.1,1
32343.0,0.407,674.0,11.6,19989.0,1,0,0.7,8.3,36.8,0
39053.0,0.195,584.0,10.1,4761.0,1,0,0.471,56.1,65.2,1
82791.0,0.319,739.0,9.8,25437.0,0,0,0.365,73.7,23.1,1
57837.0,0.402,679.0,6.8,16058.0,1,0,0.509,76.0,48.5,1
126709.0,0.267,613.0,14.5,10773.0,1,0,0.439,34.7,43.6,0
57286.0,0.435,720.0,7.2,19330.0,0,0,0.977,47.7,77.8,1
46728.0,0.344,593.0,10.4,27479.0,1,0,0.652,36.6,84.8,1
58837.0,0.202,714.0,8.1,12697.0,1,0,0.523,41.4,93.8,1
90532.0,0.277,707.0,9.2,23895.0,0,0,0.577,68.5,34.3,1
92937.0,0.462,785.0,4.6,17108.0,0,0,0.72,27.2,25.0,1
120162.0,0.356,673.0,6.7,38740.0,1,0,0.767,56.0,37.3,1
29571.0,0.3,570.0,3.8,21381.0,0,1,0.652,33.1,18.8,1
80262.0,0.223,734.0,6.6,35987.0,1,0,0.705,29.6,57.2,0
73515.0,0.262,622.0,4.0,1000.0,0,1,0.743,82.4,44.9,1
42461.0,0.362,749.0,9.1,45977.0,1,0,0.673,60.3,24.5,0
73533.0,0.102,767.0,15.1,1000.0,0,1,0.656,24.0,48.0,1
80286.0,0.351,616.0,3.2,19112.0,0,1,0.183,24.4,16.1,1
55594.0,0.513,549.0,0.0,18448.0,0,1,0.721,66.0,77.2,0
56553.0,0.325,717.0,1.3,14437.0,0,0,0.585,55.6,73.9,1
118195.0,0.342,704.0,2.7,19801.0,0,0,0.396,51.8,66.6,1
92324.0,0.349,624.0,8.0,33895.0,1,0,0.481,27.6,39.6,0
62363.0,0.192,703.0,9.8,27032.0,0,1,0.732,57.5,24.1,1
60409.0,0.184,702.0,7.5,14114.0,0,0,0.615,61.3,48.4,1
35404.0,0.195,745.0,2.0,11841.0,1,0,0.549,43.0,54.2,1
66918.0,0.391,700.0,10.1,28325.0,0,0,0.585,77.3,50.7,1
86189.0,0.224,566.0,15.2,36133.0,1,0,0.865,36.5,61.3,0
47274.0,0.219,684.0,4.6,2294.0,1,0,0.701,87.3,50.9,1
54945.0,0.379,650.0,6.4,21780.0,1,0,0.527,45.8,34.2,1
48824.0,0.201,636.0,0.0,16195.0,1,0,0.462,7.1,55.3,0
79750.0,0.235,820.0,7.4,34849.0,1,0,0.739,25.8,89.8,1
78455.0,0.299,667.0,7.2,10917.0,0,0,0.695,72.8,67.0,1
62283.0,0.346,559.0,9.8,15994.0,1,0,0.227,49.6,44.6,1
21249.0,0.614,612.0,9.4,20020.0,0,1,0.736,57.2,42.4,0
62412.0,0.473,751.0,15.2,15463.0,0,0,0.628,0.0,26.8,1
50494.0,0.147,612.0,4.9,16354.0,1,0,0.595,32.3,28.0,1
86691.0,0.264,567.0,10.2,12454.0,1,0,0.675,58.6,17.1,1
57705.0,0.456,711.0,7.2,8402.0,1,0,0.161,14.5,59.3,0
27870.0,0.246,708.0,12.6,32008.0,0,1,0.732,53.9,43.9,1
91968.0,0.417,655.0,4.2,24063.0,0,1,0.577,39.7,79.0,1
23391.0,0.353,812.0,8.2,10784.0,1,0,0.548,64.0,24.7,0
65402.0,0.219,722.0,0.0,33316.0,0,0,0.426,14.5,62.3,0
60258.0,0.312,812.0,5.6,11230.0,0,1,0.609,46.7,60.8,1
18000.0,0.435,736.0,4.9,31894.0,0,1,0.712,47.9,56.2,0
63672.0,0.344,625.0,16.5,25326.0,0,1,0.469,24.1,58.2,1
105612.0,0.245,722.0,11.7,29788.0,1,0,0.493,32.7,60.5,1
86899.0,0.359,701.0,0.0,26253.0,0,0,0.576,48.6,44.6,1
75762.0,0.465,592.0,0.0,41140.0,0,1,0.304,56.2,60.4,1
106549.0,0.327,529.0,7.7,27861.0,0,1,0.484,40.7,78.6,1
93637.0,0.293,555.0,14.8,21440.0,1,0,0.498,13.8,1.7,0
80436.0,0.23,663.0,8.3,28259.0,1,0,0.733,51.0,44.4,1
126086.0,0.442,651.0,4.4,39416.0,1,0,0.66,6.3,57.3,1
58484.0,0.347,676.0,0.0,1000.0,0,0,0.628,71.9,36.3,1
99276.0,0.305,677.0,7.7,11542.0,0,1,0.546,47.1,25.7,1
66755.0,0.3,696.0,5.2,26356.0,1,0,0.477,21.8,45.9,0
83785.0,0.264,631.0,12.3,9032.0,1,0,0.591,62.1,46.8,1
20588.0,0.553,600.0,0.5,8546.0,0,0,0.677,51.5,65.2,0
73475.0,0.302,734.0,3.0,22989.0,1,0,0.641,58.7,52.3,1
36189.0,0.24,653.0,7.9,13923.0,0,1,0.52,25.6,65.4,1
21713.0,0.339,672.0,14.4,4826.0,0,1,0.528,41.5,53.6,0
86382.0,0.368,642.0,4.5,15446.0,1,0,0.537,48.1,97.3,1
42037.0,0.197,670.0,7.5,31524.0,0,0,0.445,33.2,46.5,1
18000.0,0.168,745.0,13.8,1000.0,1,0,0.594,69.6,59.7,1
20406.0,0.282,534.0,6.7,39454.0,0,1,0.666,48.3,59.5,1
99851.0,0.325,646.0,12.1,32785.0,1,0,0.419,73.5,15.9,1
85628.0,0.362,680.0,5.6,25223.0,0,1,0.516,56.3,31.7,1
28134.0,0.311,651.0,5.3,1000.0,0,0,0.371,66.1,60.3,1
108134.0,0.361,720.0,7.4,6358.0,1,0,0.591,27.2,2.6,1
43622.0,0.349,480.0,6.9,30104.0,0,1,0.78,69.0,56.5,0
62516.0,0.154,694.0,0.0,27622.0,0,1,0.509,54.5,34.6,1
56047.0,0.21,803.0,5.5,1000.0,1,0,0.322,53.0,48.0,1
73682.0,0.198,725.0,6.5,23567.0,1,0,0.742,88.9,70.6,1
80531.0,0.138,622.0,5.9,26908.0,0,1,0.403,46.0,70.2,1
36616.0,0.375,649.0,10.6,17405.0,1,0,0.654,18.2,65.1,1
62750.0,0.299,758.0,3.8,1580.0,0,0,0.516,37.5,71.8,1
66582.0,0.1,782.0,5.0,18396.0,0,1,0.821,51.9,59.9,1
97810.0,0.177,669.0,1.2,37512.0,1,0,0.44,58.1,35.2,1
71313.0,0.28,730.0,9.9,29409.0,1,0,0.124,33.4,47.5,1
81352.0,0.279,610.0,5.5,24663.0,1,0,0.631,45.0,80.3,0
90718.0,0.141,701.0,5.6,17869.0,0,1,0.204,43.7,39.3,1
57898.0,0.456,780.0,9.7,20729.0,0,1,0.627,13.7,64.4,1
74784.0,0.292,582.0,7.8,20264.0,1,0,0.247,55.9,67.0,0
85968.0,0.224,715.0,0.0,11299.0,0,0,0.53,48.6,44.6,1
71390.0,0.308,695.0,2.8,14478.0,1,0,0.504,11.3,35.9,0
128962.0,0.331,675.0,11.2,19999.0,1,0,0.813,100.0,56.6,1
24050.0,0.257,588.0,8.0,15110.0,0,1,0.438,47.0,34.4,0
80952.0,0.263,594.0,17.0,11769.0,0,0,0.576,64.7,29.5,1
68045.0,0.467,640.0,12.9,8321.0,0,1,0.7,51.8,76.8,1
74981.0,0.205,758.0,8.3,27139.0,0,1,0.662,25.2,100.0,1
98102.0,0.229,763.0,4.1,17716.0,0,0,0.364,54.3,55.0,1
92375.0,0.282,716.0,13.6,37641.0,1,0,0.735,37.3,63.7,1
24921.0,0.342,670.0,0.0,27795.0,0,0,0.693,19.7,32.1,0
100314.0,0.243,650.0,7.9,35051.0,0,0,0.839,52.8,63.1,1
57648.0,0.155,688.0,0.0,17719.0,1,0,0.649,71.3,49.9,0
87571.0,0.288,661.0,9.5,11958.0,0,1,0.314,16.8,67.4,1
105495.0,0.101,752.0,3.2,30686.0,1,0,0.409,31.6,96.9,1
42199.0,0.4,582.0,6.7,1338.0,0,1,0.344,76.6,35.8,0
64454.0,0.175,798.0,21.7,24122.0,1,0,0.569,16.0,44.3,1
86428.0,0.38,714.0,16.8,28843.0,0,1,0.665,42.6,49.3,1
90639.0,0.171,799.0,11.9,14716.0,1,0,0.452,70.2,84.0,1
91044.0,0.23,642.0,0.2,23722.0,1,0,0.916,45.7,59.7,1
73398.0,0.349,717.0,11.5,12066.0,1,0,0.356,59.6,66.7,1
83132.0,0.151,618.0,15.7,5786.0,0,1,0.397,14.4,33.0,1
82858.0,0.347,710.0,0.0,28126.0,1,0,0.432,54.7,35.8,1
61308.0,0.386,742.0,12.7,27806.0,0,1,0.745,44.3,70.1,1
52595.0,0.16,577.0,0.0,18022.0,0,1,0.565,49.5,65.2,1
73488.0,0.278,682.0,5.4,18677.0,1,0,0.755,57.0,62.9,1
63469.0,0.375,715.0,13.4,31972.0,0,1,0.385,34.5,54.5,1
37555.0,0.24,774.0,2.7,12588.0,1,0,0.523,9.6,49.8,1
98895.0,0.286,641.0,1.1,10551.0,1,0,0.476,84.8,46.4,1
52985.0,0.247,678.0,6.8,20335.0,1,0,0.699,70.8,84.8,1
58870.0,0.23,803.0,8.8,25003.0,0,0,0.144,80.0,35.2,1
95658.0,0.307,741.0,0.0,23376.0,1,0,0.652,46.2,76.3,1
103264.0,0.45,780.0,7.7,12358.0,1,0,0.854,45.0,56.2,1
75552.0,0.496,677.0,0.0,10017.0,0,1,0.404,67.6,39.1,0
112604.0,0.474,635.0,11.4,19720.0,1,0,0.975,45.7,55.1,1
72798.0,0.338,715.0,2.0,33900.0,0,1,0.928,54.8,29.1,1
68411.0,0.308,691.0,7.4,17880.0,0,0,0.424,71.7,66.5,1
99227.0,0.476,719.0,12.3,27576.0,0,1,0.344,82.9,55.1,1
56431.0,0.467,554.0,13.0,13032.0,0,1,0.59,23.2,93.6,0
63214.0,0.055,595.0,13.5,56396.0,1,0,0.805,56.5,61.1,1
18729.0,0.22,727.0,4.4,33410.0,0,1,0.313,56.4,27.4,0
60270.0,0.47,681.0,9.9,10271.0,0,1,0.299,36.9,46.5,0
51781.0,0.255,621.0,4.8,26312.0,0,1,0.284,17.4,46.9,1
67986.0,0.188,617.0,12.6,30610.0,0,1,0.551,18.8,47.7,1
20092.0,0.05,726.0,4.7,25220.0,0,1,0.62,79.0,58.6,1
62827.0,0.231,659.0,2.3,42725.0,0,1,0.606,46.6,34.8,1
110852.0,0.175,582.0,12.6,8930.0,0,1,0.547,15.9,51.0,1
84843.0,0.33,681.0,8.8,6766.0,1,0,0.625,87.2,62.0,1
91555.0,0.221,644.0,3.5,19430.0,0,0,0.302,25.0,38.9,1
66037.0,0.315,596.0,0.0,28121.0,0,0,0.408,10.5,53.1,0
54426.0,0.355,734.0,1.2,17529.0,1,0,0.645,62.8,56.4,1
32234.0,0.331,746.0,6.1,29363.0,0,1,0.59,68.9,51.2,1
88504.0,0.209,651.0,0.0,28961.0,0,1,0.512,37.6,74.1,0
48401.0,0.223,580.0,11.5,17703.0,1,0,0.653,63.6,73.9,1
61674.0,0.176,646.0,6.1,5221.0,1,0,0.432,13.7,64.1,1
87635.0,0.349,630.0,2.5,19540.0,0,1,0.701,52.9,59.3,1
67923.0,0.196,609.0,4.5,8808.0,1,0,0.615,0.0,62.1,1
55086.0,0.288,737.0,12.6,44055.0,0,0,0.345,58.1,29.9,1
61435.0,0.269,676.0,8.3,35863.0,1,0,0.856,31.1,51.5,1
93886.0,0.328,600.0,9.2,22761.0,1,0,0.693,47.8,85.0,1
88855.0,0.238,643.0,7.1,15691.0,0,1,0.359,20.9,47.6,1
39525.0,0.304,626.0,13.8,29704.0,0,0,0.509,58.1,30.6,0
18000.0,0.285,766.0,9.9,32164.0,1,0,0.323,57.3,21.1,1
75750.0,0.252,744.0,9.6,25405.0,1,0,0.633,72.4,78.6,1
88157.0,0.442,740.0,12.1,28832.0,0,0,0.35,56.4,48.0,1
59730.0,0.251,697.0,7.7,18914.0,0,0,0.819,65.0,37.1,1
61926.0,0.301,738.0,7.9,36687.0,1,0,0.7,80.2,12.2,1
61648.0,0.173,609.0,0.0,12586.0,1,0,0.207,54.6,54.4,1
56149.0,0.317,530.0,8.9,13048.0,0,0,0.417,58.1,64.5,0
66049.0,0.47,721.0,11.1,8097.0,1,0,0.546,24.1,31.7,1
63615.0,0.514,688.0,0.0,22168.0,1,0,0.298,54.8,77.1,0
96026.0,0.198,599.0,9.1,31094.0,0,1,0.783,22.7,48.4,1
78811.0,0.259,589.0,6.4,43409.0,0,0,0.891,43.4,39.0,0
53583.0,0.358,629.0,7.6,17382.0,1,0,0.606,46.1,72.1,1
18000.0,0.342,656.0,1.2,20841.0,0,1,0.632,76.1,69.4,1
69500.0,0.372,609.0,11.9,22604.0,1,0,0.206,61.2,99.2,0
72995.0,0.077,584.0,8.7,1000.0,0,0,0.438,74.7,46.7,1
44028.0,0.132,764.0,11.7,34250.0,1,0,0.588,42.6,68.0,1
106601.0,0.246,713.0,11.1,1000.0,0,1,0.408,52.0,48.0,1
103622.0,0.187,669.0,2.8,4549.0,0,1,0.687,44.1,54.7,0
66698.0,0.366,623.0,2.1,17810.0,0,0,0.536,56.4,46.3,1
90259.0,0.482,786.0,12.6,20333.0,1,0,0.599,36.3,48.9,0
110019.0,0.316,641.0,12.9,11945.0,0,1,0.657,45.2,35.0,1
45844.0,0.392,668.0,9.1,19610.0,0,1,0.445,28.4,35.3,1
45668.0,0.32,644.0,0.0,21987.0,1,0,0.425,55.0,73.1,1
18000.0,0.243,733.0,8.8,27655.0,1,0,0.793,56.5,41.2,1
73188.0,0.324,584.0,9.2,13535.0,1,0,0.653,60.5,59.1,0
38127.0,0.461,653.0,5.5,36899.0,1,0,0.211,34.0,93.5,0
47595.0,0.139,613.0,1.2,16145.0,1,0,0.578,64.9,33.7,1
78558.0,0.234,703.0,16.1,13031.0,1,0,0.806,4.3,35.3,1
54589.0,0.262,793.0,6.2,7440.0,1,0,0.738,64.5,42.7,0
51130.0,0.429,633.0,13.6,15670.0,0,1,0.603,83.6,75.1,1
71338.0,0.25,750.0,8.2,32010.0,0,1,0.363,53.6,53.9,1
53925.0,0.27,599.0,14.4,32646.0,0,1,0.629,37.5,67.0,1
61580.0,0.23,571.0,2.2,10683.0,0,0,0.227,28.1,59.0,0
28096.0,0.279,642.0,5.0,14603.0,1,0,0.331,56.0,20.2,1
77899.0,0.299,754.0,8.3,23584.0,0,0,0.609,26.1,63.0,1
64803.0,0.358,731.0,7.9,11686.0,0,0,0.23,7.8,50.2,1
79000.0,0.388,624.0,3.4,21770.0,0,1,0.221,67.8,26.2,0
97997.0,0.42,792.0,0.9,35339.0,0,0,0.4,43.4,39.1,1
67103.0,0.381,753.0,9.4,35788.0,0,1,0.521,36.6,39.1,0
72803.0,0.427,691.0,7.5,38339.0,0,1,0.578,44.9,100.0,1
91768.0,0.249,787.0,4.8,28993.0,1,0,0.6,76.7,77.5,0
64026.0,0.39,648.0,6.2,23736.0,1,0,0.73,38.2,27.8,1
62392.0,0.271,739.0,8.8,6346.0,0,1,0.791,56.5,54.2,1
77342.0,0.301,687.0,8.7,13932.0,1,0,0.45,12.8,47.1,0
86818.0,0.392,629.0,8.5,1878.0,1,0,0.655,95.6,27.5,1
40185.0,0.355,632.0,6.4,14303.0,0,1,0.373,58.9,50.9,1
62923.0,0.297,654.0,7.9,30242.0,0,0,0.573,53.6,77.4,0
85465.0,0.221,702.0,12.0,24903.0,0,0,0.452,52.5,40.6,1
92984.0,0.435,690.0,0.5,22286.0,0,1,0.607,14.6,27.5,0
63882.0,0.323,641.0,0.0,15820.0,0,1,0.485,60.7,51.3,1
71138.0,0.215,684.0,12.4,16289.0,0,1,0.31,30.4,69.3,1
95100.0,0.119,552.0,14.0,20523.0,1,0,0.388,72.1,65.1,1
84424.0,0.294,683.0,10.2,32190.0,0,1,0.658,68.9,39.6,1
104316.0,0.291,820.0,10.9,39698.0,1,0,0.292,71.1,49.5,0
72966.0,0.22,595.0,7.0,13232.0,1,0,0.618,45.9,79.1,1
63621.0,0.531,615.0,9.4,30319.0,0,1,0.787,35.1,77.4,1
77075.0,0.264,625.0,0.0,19457.0,1,0,0.559,21.1,52.4,1
61768.0,0.457,640.0,3.1,24676.0,1,0,0.579,22.9,63.0,0
75891.0,0.159,692.0,6.8,31607.0,0,1,0.72,54.9,45.7,1
58037.0,0.205,640.0,9.8,17481.0,1,0,0.491,34.2,11.7,1
89416.0,0.262,754.0,0.0,14105.0,0,1,0.765,24.2,30.8,1
106587.0,0.249,594.0,0.0,6800.0,0,1,0.437,76.3,60.2,1
37602.0,0.38,640.0,9.5,13322.0,1,0,0.297,15.2,38.8,1
85468.0,0.276,614.0,1.1,39100.0,1,0,0.377,34.0,99.2,1
67732.0,0.091,505.0,7.6,15489.0,0,0,0.338,24.6,32.8,0
87841.0,0.283,745.0,14.0,14726.0,1,0,0.503,61.5,66.2,1
40408.0,0.356,750.0,1.7,5361.0,1,0,0.715,62.4,76.7,1
72684.0,0.357,667.0,0.3,9718.0,1,0,0.522,52.6,33.8,1
84282.0,0.339,704.0,2.6,14096.0,0,0,0.736,53.6,57.9,0
111526.0,0.39,678.0,7.0,44112.0,1,0,0.392,76.3,66.7,1
41549.0,0.361,721.0,13.4,16853.0,0,1,0.798,44.6,60.5,1
34290.0,0.478,652.0,12.9,17810.0,1,0,0.524,54.6,46.2,0
36424.0,0.243,669.0,3.6,37695.0,1,0,0.22,20.4,90.5,0
72310.0,0.245,643.0,4.6,42684.0,0,1,0.459,55.1,41.6,1
87927.0,0.326,676.0,8.6,1000.0,0,0,0.285,45.9,70.9,1
78281.0,0.352,669.0,2.8,6915.0,1,0,0.424,23.8,51.7,0
18000.0,0.361,766.0,11.9,29186.0,1,0,1.0,81.4,84.9,1
48369.0,0.361,709.0,0.0,34282.0,0,0,0.735,36.2,25.0,1
31994.0,0.368,820.0,12.2,17598.0,0,0,0.931,37.8,68.6,1
67756.0,0.172,672.0,1.6,30114.0,0,1,0.485,53.5,38.4,1
18906.0,0.155,684.0,10.1,1000.0,1,0,0.532,76.6,40.6,1
35020.0,0.516,627.0,0.0,1000.0,1,0,0.417,80.6,43.8,0
70383.0,0.38,748.0,9.8,20500.0,0,1,0.243,72.6,58.7,1
88153.0,0.245,616.0,9.9,2339.0,1,0,0.77,64.6,37.9,1
77633.0,0.401,581.0,4.9,7427.0,1,0,0.497,56.6,88.2,1
56135.0,0.209,807.0,18.5,19135.0,0,0,0.253,64.6,71.4,1
75211.0,0.321,682.0,7.3,35661.0,1,0,0.476,43.8,52.3,1
68935.0,0.25,746.0,8.8,22411.0,0,1,0.482,18.8,62.3,1
76434.0,0.397,690.0,18.9,38879.0,0,0,0.389,69.5,42.5,1
25878.0,0.207,645.0,6.1,17230.0,1,0,0.659,50.6,86.0,1
72658.0,0.272,720.0,2.5,6660.0,0,1,0.527,34.6,45.1,0
63427.0,0.292,672.0,0.8,33222.0,0,0,0.473,32.5,84.8,1
55258.0,0.264,612.0,9.8,17877.0,0,1,0.599,57.0,88.7,1
67172.0,0.368,666.0,6.5,1545.0,1,0,0.921,85.4,35.0,0
62447.0,0.385,593.0,3.2,18983.0,0,1,0.745,59.4,44.9,1
29995.0,0.402,590.0,0.0,1816.0,0,1,0.781,63.2,66.1,0
62578.0,0.166,638.0,7.2,1000.0,0,0,0.573,46.0,49.8,0
57430.0,0.254,758.0,6.2,13520.0,1,0,0.554,61.7,60.6,1
78900.0,0.365,667.0,1.4,1000.0,1,0,0.466,72.1,57.4,1
18000.0,0.27,613.0,8.7,22511.0,0,0,0.416,48.9,22.2,0
79295.0,0.184,576.0,10.0,23180.0,1,0,0.631,47.0,100.0,1
40457.0,0.136,684.0,11.5,18435.0,1,0,0.386,68.6,34.4,1
96448.0,0.264,779.0,13.1,14864.0,0,0,0.507,44.0,54.0,1
66743.0,0.232,787.0,7.4,1000.0,1,0,0.517,57.0,20.6,1
66444.0,0.204,603.0,4.1,6150.0,1,0,0.878,45.8,92.6,1
59999.0,0.294,658.0,4.2,49691.0,0,1,0.207,60.0,52.9,1
61769.0,0.171,639.0,12.7,1000.0,0,0,0.234,23.8,83.0,0
37441.0,0.391,592.0,13.6,30031.0,1,0,0.575,28.9,85.3,1
88744.0,0.373,680.0,9.1,13211.0,1,0,0.382,61.4,38.7,0
69613.0,0.172,573.0,14.2,42238.0,0,0,0.633,53.0,70.4,1
56003.0,0.108,585.0,10.2,17633.0,1,0,0.359,92.8,69.5,1
63900.0,0.136,736.0,7.2,1210.0,1,0,0.442,72.2,84.5,1
109648.0,0.443,733.0,9.0,1000.0,1,0,0.476,64.4,75.2,1
92870.0,0.355,654.0,4.5,36839.0,0,1,0.743,67.8,32.8,1
30121.0,0.349,616.0,0.0,3291.0,1,0,0.417,42.1,32.4,0
87457.0,0.281,646.0,9.6,16871.0,0,1,0.334,45.4,85.4,0
35490.0,0.406,737.0,1.4,28177.0,0,0,0.41,59.6,48.1,1
43256.0,0.247,731.0,3.5,33873.0,1,0,0.627,48.9,55.7,1
121783.0,0.323,650.0,6.8,11736.0,1,0,0.443,24.1,62.7,1
62528.0,0.289,684.0,3.0,57611.0,1,0,0.882,75.5,37.7,1
111599.0,0.286,639.0,7.4,21950.0,0,0,0.677,48.2,62.2,1
49353.0,0.49,703.0,2.8,38690.0,1,0,0.222,29.4,53.5,1
35961.0,0.366,720.0,4.0,20752.0,0,1,0.532,54.3,78.6,0
50074.0,0.321,670.0,9.3,8491.0,0,0,0.48,95.6,78.8,1
45679.0,0.475,781.0,3.6,8773.0,1,0,0.645,32.9,58.5,1
102747.0,0.285,781.0,9.1,29156.0,0,1,0.371,13.2,27.0,1
88807.0,0.218,785.0,4.5,26792.0,1,0,0.708,43.2,57.0,1
95823.0,0.11,676.0,11.3,23270.0,1,0,0.708,13.9,85.1,1
106442.0,0.144,641.0,15.6,40539.0,1,0,0.513,100.0,37.7,1
69781.0,0.177,642.0,10.4,32718.0,0,0,0.43,53.3,50.3,1
86932.0,0.22,658.0,7.0,8407.0,0,1,0.439,60.4,49.2,1
51025.0,0.332,655.0,5.2,2583.0,1,0,0.346,16.7,80.1,1
125099.0,0.186,701.0,13.3,32167.0,0,1,0.525,56.8,47.8,1
101546.0,0.215,673.0,10.2,17779.0,0,0,0.503,71.4,60.4,1
78592.0,0.246,689.0,8.6,1000.0,0,0,0.746,43.5,68.9,1
43391.0,0.326,650.0,6.0,36351.0,1,0,0.783,50.3,75.2,0
46277.0,0.291,652.0,9.0,28175.0,0,0,0.601,45.2,40.7,0
87166.0,0.477,563.0,3.5,29754.0,0,1,0.83,33.9,41.1,0
79555.0,0.312,738.0,11.7,32275.0,1,0,0.284,44.1,66.5,1
117377.0,0.39,700.0,8.7,20008.0,0,0,0.658,41.3,26.8,1
64071.0,0.424,747.0,6.5,16213.0,0,0,0.494,60.8,41.8,1
50546.0,0.205,714.0,13.8,17229.0,1,0,0.608,28.8,45.6,1
59874.0,0.334,747.0,7.6,14718.0,0,1,0.496,36.4,71.4,1
44157.0,0.409,659.0,5.4,17230.0,0,0,0.787,31.7,20.6,1
61934.0,0.317,607.0,17.9,22456.0,0,0,0.619,18.6,18.9,0
99454.0,0.314,747.0,6.6,16071.0,1,0,0.469,89.0,17.1,0
83741.0,0.441,682.0,0.3,29226.0,1,0,0.605,3.3,43.0,1
54858.0,0.149,614.0,9.4,23497.0,0,1,0.449,51.7,56.6,1
88097.0,0.184,773.0,11.0,23884.0,1,0,0.526,35.1,59.6,1
73104.0,0.346,705.0,10.3,9461.0,1,0,0.654,31.3,64.2,1
71624.0,0.358,732.0,6.4,23828.0,1,0,0.621,43.3,68.5,1
83254.0,0.312,696.0,15.3,13332.0,0,0,0.323,64.1,73.0,0
104471.0,0.279,663.0,5.7,21678.0,0,1,0.658,53.2,85.4,1
41660.0,0.162,602.0,9.0,7424.0,0,0,0.274,34.8,57.9,0
67124.0,0.287,589.0,8.5,24416.0,0,1,0.482,60.0,62.6,0
19439.0,0.295,537.0,18.0,30383.0,0,1,0.473,58.1,70.5,0
87894.0,0.133,661.0,7.3,33704.0,0,0,0.515,58.0,46.4,1
79978.0,0.283,685.0,3.3,14416.0,1,0,0.376,38.9,67.2,1
87508.0,0.255,707.0,4.3,4035.0,0,0,0.646,52.1,96.1,1
68267.0,0.274,649.0,17.4,13325.0,0,0,0.574,46.0,57.5,1
53623.0,0.188,725.0,5.9,2996.0,1,0,0.574,32.0,48.5,1
71196.0,0.247,667.0,1.0,1000.0,0,1,0.647,25.7,51.8,1
45883.0,0.251,820.0,2.3,23714.0,0,1,0.85,74.8,30.5,1
112432.0,0.265,703.0,4.9,19461.0,0,1,0.366,63.2,78.9,1
111546.0,0.265,713.0,11.0,42643.0,0,1,0.504,59.6,65.5,1
93976.0,0.312,742.0,8.5,28310.0,0,0,0.495,32.9,58.1,0
39414.0,0.326,771.0,10.0,3225.0,0,1,0.205,50.3,74.3,0
60131.0,0.24,662.0,10.1,1000.0,0,1,0.091,63.0,45.8,1
38734.0,0.269,762.0,12.0,12828.0,1,0,0.325,61.9,54.2,1
71871.0,0.341,622.0,0.0,22009.0,1,0,0.439,65.3,50.7,1
112417.0,0.322,779.0,4.5,22423.0,1,0,0.607,42.7,17.0,1
58221.0,0.396,695.0,13.5,25329.0,1,0,0.464,21.6,59.9,1
94281.0,0.065,756.0,10.8,6752.0,0,1,0.243,61.5,67.6,1
96699.0,0.296,685.0,10.0,40767.0,0,0,0.646,30.8,56.9,0
18000.0,0.294,645.0,3.7,16601.0,1,0,0.141,57.2,37.8,0
94095.0,0.373,638.0,12.9,36590.0,1,0,0.764,58.7,33.1,1
18000.0,0.372,742.0,5.8,15248.0,0,0,0.175,32.9,19.3,0
92172.0,0.322,502.0,6.1,15447.0,0,1,0.519,76.5,34.8,0
53936.0,0.323,681.0,7.2,36005.0,1,0,0.423,50.7,45.1,1
63681.0,0.238,669.0,5.0,11327.0,0,0,0.384,65.7,64.0,1
45352.0,0.262,801.0,0.6,27976.0,1,0,0.36,46.6,70.6,1
74759.0,0.219,658.0,13.7,9629.0,0,1,0.395,100.0,93.0,1
81948.0,0.334,631.0,5.6,9048.0,0,0,0.654,84.3,93.2,1
120395.0,0.382,624.0,0.0,32483.0,1,0,0.536,25.2,53.1,1
103205.0,0.429,674.0,15.2,13947.0,0,0,0.429,38.8,36.1,1
28914.0,0.158,678.0,0.0,30546.0,0,0,0.481,72.8,46.1,1
49140.0,0.273,704.0,10.9,43335.0,0,1,0.485,55.2,75.3,1
49466.0,0.335,682.0,10.8,36526.0,0,0,0.73,34.2,53.2,1
38097.0,0.215,600.0,8.6,13573.0,1,0,0.554,58.9,64.5,1
45769.0,0.286,699.0,9.4,11727.0,1,0,0.537,81.4,44.3,1
49321.0,0.324,670.0,1.6,44849.0,0,0,0.51,61.5,43.3,1
65965.0,0.343,681.0,3.3,29322.0,0,1,0.711,84.6,67.5,0
68938.0,0.261,723.0,15.8,7845.0,1,0,0.416,39.1,57.3,1
54204.0,0.349,764.0,0.0,31888.0,0,0,0.494,28.6,64.2,1
81257.0,0.27,694.0,11.1,15519.0,0,0,0.363,33.3,68.8,1
85118.0,0.39,611.0,10.7,30880.0,1,0,0.508,34.0,64.2,1
53703.0,0.145,683.0,8.7,25279.0,1,0,0.639,52.4,43.9,0
73609.0,0.183,675.0,15.5,26825.0,0,0,0.373,60.7,85.7,1
48026.0,0.37,741.0,9.0,38167.0,1,0,0.405,24.4,41.5,1
51195.0,0.271,725.0,2.5,24010.0,0,1,0.396,72.8,24.5,1
100069.0,0.263,761.0,4.0,15006.0,1,0,0.584,39.2,38.4,1
76220.0,0.23,750.0,5.5,41292.0,1,0,0.378,58.6,36.3,1
74143.0,0.295,748.0,13.1,24872.0,1,0,0.593,13.0,43.1,1
45061.0,0.342,638.0,6.5,5779.0,1,0,0.447,10.5,61.2,0
85532.0,0.313,543.0,0.0,7413.0,0,1,0.484,52.9,63.7,0
88796.0,0.159,512.0,1.5,38141.0,0,0,0.314,56.0,60.7,0
63459.0,0.069,756.0,10.3,25117.0,0,1,0.794,16.2,34.4,1
86712.0,0.286,815.0,5.9,31149.0,0,1,0.574,50.1,57.8,1
80918.0,0.344,813.0,6.4,7970.0,0,1,0.651,31.2,68.5,0
73211.0,0.434,757.0,11.2,21621.0,0,0,0.628,52.7,58.1,1
90869.0,0.281,633.0,8.7,41162.0,1,0,0.502,51.8,7.3,0
50442.0,0.375,752.0,11.3,25942.0,1,0,0.425,2.3,17.2,1
70077.0,0.334,664.0,0.0,26879.0,1,0,0.651,47.5,50.7,1
78882.0,0.205,613.0,18.3,14321.0,1,0,0.929,65.0,60.2,1
62476.0,0.234,659.0,13.9,22716.0,1,0,0.659,43.9,29.4,1
83950.0,0.468,679.0,3.2,12342.0,0,0,0.456,43.8,48.9,0
75544.0,0.264,686.0,17.1,23868.0,1,0,0.68,0.0,39.5,1
57176.0,0.436,738.0,0.0,14888.0,1,0,0.355,53.2,57.2,0
121533.0,0.314,642.0,9.7,16825.0,0,0,0.585,89.7,31.0,1
42068.0,0.304,749.0,4.0,34584.0,0,1,0.529,29.0,59.6,1
68449.0,0.388,734.0,2.4,36681.0,1,0,0.28,40.5,70.0,1
125436.0,0.271,598.0,15.0,20775.0,0,0,0.522,67.9,38.8,1
154744.0,0.396,696.0,6.5,23153.0,0,1,0.656,43.7,41.6,1
100075.0,0.145,745.0,7.0,13188.0,0,1,0.397,85.7,73.8,1
81899.0,0.317,707.0,6.8,36541.0,0,0,0.565,36.3,39.3,1
49896.0,0.361,744.0,7.4,28528.0,1,0,0.465,83.4,75.4,0
48595.0,0.439,724.0,7.7,35328.0,1,0,0.286,80.1,73.3,1
101527.0,0.078,625.0,4.9,16253.0,1,0,0.734,18.5,35.5,1
89631.0,0.297,527.0,10.9,27018.0,1,0,0.779,71.3,34.0,0
128255.0,0.37,710.0,6.2,1000.0,1,0,0.617,20.8,38.0,1
95402.0,0.264,674.0,0.5,22284.0,1,0,0.723,26.0,32.6,1
81087.0,0.297,648.0,6.7,39392.0,0,0,0.706,45.2,58.1,1
62160.0,0.588,646.0,7.2,36965.0,0,1,0.648,25.0,52.5,1
64851.0,0.328,621.0,4.5,26216.0,1,0,0.785,17.4,45.5,0
67382.0,0.168,691.0,6.4,7232.0,0,1,0.494,59.3,26.9,0
74147.0,0.272,644.0,19.8,11691.0,1,0,0.78,22.2,69.8,1
75846.0,0.135,656.0,2.1,19572.0,0,1,0.334,84.2,65.8,1
76214.0,0.389,677.0,17.8,16896.0,0,0,0.378,63.8,60.9,1
78358.0,0.18,523.0,1.6,22200.0,0,1,0.437,53.8,57.6,0
81020.0,0.181,644.0,1.9,8193.0,1,0,0.839,62.6,26.1,1
29676.0,0.164,722.0,3.2,32779.0,1,0,0.185,64.1,28.3,1
62593.0,0.281,568.0,9.1,21328.0,1,0,0.581,37.7,17.3,1
70098.0,0.138,789.0,9.4,29300.0,0,0,0.697,91.0,44.8,1
82533.0,0.233,749.0,4.4,35345.0,0,0,0.426,30.9,41.0,1
60904.0,0.423,663.0,7.8,27317.0,1,0,0.592,49.1,56.1,0
50649.0,0.24,668.0,1.6,10666.0,1,0,0.649,63.6,63.0,1
69854.0,0.237,680.0,10.5,16611.0,0,0,0.38,37.4,47.4,1
57242.0,0.354,714.0,7.6,1000.0,0,1,0.434,58.4,34.5,1
86016.0,0.165,776.0,17.5,5804.0,0,1,0.876,97.8,48.1,1
62045.0,0.152,547.0,12.5,23230.0,0,1,0.548,47.1,43.1,1
52976.0,0.211,685.0,4.1,17190.0,0,0,0.835,67.6,27.5,1
97440.0,0.324,713.0,6.4,21140.0,0,1,0.593,100.0,58.7,1
52394.0,0.248,722.0,8.5,28454.0,0,1,0.953,62.6,51.8,1
54112.0,0.229,634.0,0.0,38091.0,0,0,0.735,25.1,52.7,0
48007.0,0.298,698.0,6.7,22124.0,0,0,0.547,90.2,41.9,0
56483.0,0.339,636.0,0.9,20465.0,0,0,0.31,0.0,67.0,1
99542.0,0.29,625.0,10.5,16489.0,0,0,0.331,75.5,38.7,1
44799.0,0.454,710.0,10.5,27125.0,0,0,0.408,0.0,67.4,0
53913.0,0.326,605.0,6.2,19015.0,1,0,0.45,73.9,67.5,0
27649.0,0.374,779.0,4.8,3400.0,0,1,0.359,67.0,55.0,1
41437.0,0.359,581.0,3.8,40369.0,0,1,0.632,59.5,26.6,0
57356.0,0.379,640.0,10.7,8938.0,0,0,0.622,34.0,40.8,0
47194.0,0.401,643.0,15.0,1000.0,0,1,0.413,21.4,55.6,1
28859.0,0.496,643.0,5.9,15555.0,0,0,0.553,58.8,68.8,1
71452.0,0.398,703.0,4.6,9150.0,1,0,0.477,57.2,64.9,1
91299.0,0.39,696.0,8.4,22511.0,1,0,0.4,38.4,65.5,0
58863.0,0.451,709.0,12.7,16566.0,0,0,0.489,50.1,44.9,1
94581.0,0.299,808.0,3.2,3077.0,0,1,0.758,95.5,49.5,1
50407.0,0.254,644.0,4.5,8886.0,0,0,0.568,10.5,49.7,1
99721.0,0.211,632.0,7.9,35948.0,1,0,0.577,40.1,76.9,0
90087.0,0.303,665.0,17.0,16141.0,1,0,0.39,43.0,47.3,1
119428.0,0.195,717.0,0.7,9031.0,0,1,1.0,18.7,87.8,1
45353.0,0.193,709.0,11.8,24943.0,0,0,0.555,50.9,42.7,1
50628.0,0.32,764.0,12.0,14609.0,0,1,0.574,57.8,21.3,1
68325.0,0.375,782.0,0.0,22921.0,1,0,0.392,74.7,49.1,1
61124.0,0.435,699.0,15.6,10793.0,0,0,0.0,40.9,84.3,0
42416.0,0.379,676.0,5.9,1000.0,0,1,0.719,0.0,48.2,0
51792.0,0.267,719.0,7.5,16159.0,1,0,0.515,69.1,25.5,1
97916.0,0.286,629.0,9.4,33115.0,1,0,0.673,53.5,12.6,1
48449.0,0.209,673.0,1.3,1000.0,1,0,0.515,27.2,24.0,1
42213.0,0.26,547.0,2.1,8944.0,0,0,0.372,55.2,52.6,1
80565.0,0.265,719.0,2.1,17098.0,1,0,0.591,45.2,49.0,1
83100.0,0.23,645.0,14.7,29797.0,1,0,0.299,63.9,21.1,1
99832.0,0.381,705.0,12.4,32149.0,1,0,0.199,58.8,60.0,1
47228.0,0.259,704.0,11.9,18073.0,1,0,0.657,68.3,41.5,1
58708.0,0.211,778.0,5.7,41304.0,0,1,0.438,90.4,92.8,1
96120.0,0.258,700.0,1.7,49806.0,1,0,0.892,58.4,97.3,1
54976.0,0.284,645.0,8.8,5644.0,1,0,0.498,55.4,48.3,0
81318.0,0.242,820.0,7.9,35910.0,0,0,0.826,9.0,100.0,1
77658.0,0.346,640.0,3.3,15653.0,1,0,0.764,45.0,73.4,1
64358.0,0.28,666.0,8.6,23908.0,0,1,0.315,82.7,74.6,1
119231.0,0.467,751.0,0.0,15428.0,1,0,0.537,80.6,65.6,1
89887.0,0.26,695.0,14.7,1000.0,0,1,0.598,36.9,88.4,1
94840.0,0.256,541.0,0.0,18027.0,0,1,0.76,36.2,71.7,1
92385.0,0.473,725.0,7.1,13799.0,0,0,0.588,9.4,56.5,1
85414.0,0.403,726.0,7.5,17818.0,1,0,0.61,70.1,35.6,0
62634.0,0.331,692.0,9.6,34629.0,0,1,0.653,57.6,88.5,1
88445.0,0.396,803.0,5.5,17513.0,0,1,0.599,58.0,60.0,1
50796.0,0.463,699.0,3.5,34724.0,1,0,0.705,60.7,34.7,0
51721.0,0.283,621.0,11.6,20100.0,0,0,0.304,54.4,20.6,1
100325.0,0.354,576.0,5.8,23088.0,0,0,0.517,66.5,49.6,0
59823.0,0.174,711.0,9.8,24678.0,1,0,0.55,57.9,55.5,1
67528.0,0.097,519.0,7.9,30615.0,0,0,0.215,43.7,94.4,0
92000.0,0.103,603.0,0.0,22906.0,0,1,0.667,46.9,45.6,0
83779.0,0.426,658.0,9.2,32235.0,1,0,0.637,42.9,42.0,0
77532.0,0.367,665.0,1.6,9550.0,0,0,0.25,37.5,66.5,1
69947.0,0.42,727.0,4.7,32900.0,0,0,0.433,37.8,41.9,1
74402.0,0.289,657.0,11.2,26863.0,0,1,0.593,100.0,58.1,1
106044.0,0.493,768.0,15.4,17754.0,1,0,0.472,43.1,53.6,1
68130.0,0.232,764.0,8.4,27108.0,1,0,0.968,34.9,41.1,1
73876.0,0.325,679.0,10.2,19404.0,1,0,0.297,66.0,62.7,1
74083.0,0.358,755.0,5.5,13100.0,0,1,0.482,84.0,69.1,1
52763.0,0.346,771.0,12.9,16905.0,0,1,0.315,53.1,34.1,1
32479.0,0.242,657.0,10.6,30117.0,0,1,0.49,50.2,57.3,1
58322.0,0.149,611.0,16.0,20481.0,1,0,0.567,35.1,27.2,1
87033.0,0.214,741.0,7.5,26982.0,0,1,0.391,61.7,54.3,1
63003.0,0.388,628.0,5.5,10683.0,0,1,0.466,37.4,71.4,1
69162.0,0.316,719.0,3.8,14035.0,0,0,0.674,39.7,30.3,1
25747.0,0.22,774.0,2.1,20628.0,1,0,0.387,55.6,83.3,0
64071.0,0.223,673.0,5.5,1000.0,1,0,0.601,26.3,70.0,1
63184.0,0.202,681.0,2.7,25326.0,1,0,0.678,37.0,69.5,1
67763.0,0.227,711.0,12.0,20151.0,1,0,0.394,33.3,47.2,0
54647.0,0.351,796.0,4.7,18681.0,1,0,0.586,56.5,68.2,1
102117.0,0.408,567.0,13.0,8329.0,1,0,0.727,85.3,40.4,1
56537.0,0.366,614.0,2.7,9549.0,1,0,0.435,32.1,51.1,0
18000.0,0.269,729.0,11.0,19008.0,1,0,0.509,68.7,73.2,1
77013.0,0.335,690.0,4.0,30538.0,1,0,0.698,61.5,93.7,1
68161.0,0.285,698.0,7.8,2511.0,1,0,0.641,72.2,14.0,1
87062.0,0.217,745.0,18.4,22129.0,1,0,0.557,14.3,55.6,1
69656.0,0.05,661.0,11.9,1000.0,1,0,0.747,61.2,70.0,1
40073.0,0.419,616.0,5.0,15188.0,0,1,0.841,41.0,69.2,0
93034.0,0.179,753.0,18.1,16679.0,0,0,0.55,28.1,63.9,1
59508.0,0.208,731.0,4.4,4970.0,1,0,0.524,46.1,41.6,1
64592.0,0.281,546.0,12.1,17293.0,0,1,0.861,51.1,55.2,1
41647.0,0.259,603.0,7.0,37496.0,0,1,0.444,54.6,56.2,0
70205.0,0.296,622.0,6.9,31258.0,0,1,0.498,28.1,39.0,1
82297.0,0.231,671.0,3.7,12752.0,0,1,0.616,47.4,49.3,1
58767.0,0.182,747.0,3.7,6545.0,0,1,0.555,52.2,74.1,1
60076.0,0.092,718.0,14.7,35812.0,1,0,0.561,49.1,42.0,1
36023.0,0.424,637.0,0.0,13111.0,1,0,0.178,86.6,55.9,1
78421.0,0.278,632.0,8.0,13599.0,0,0,0.644,35.2,0.0,1
60164.0,0.145,650.0,12.8,17261.0,1,0,0.673,75.5,67.1,1
40610.0,0.29,749.0,3.1,13219.0,1,0,0.292,87.3,41.9,1
124089.0,0.341,691.0,14.3,11442.0,0,0,0.552,65.6,49.9,1
59334.0,0.322,710.0,11.1,16961.0,0,0,0.541,100.0,30.2,1
94239.0,0.298,702.0,6.3,32894.0,1,0,0.855,91.0,66.3,1
61358.0,0.268,620.0,16.7,1000.0,0,1,0.447,21.1,69.9,1
51960.0,0.319,685.0,7.5,21089.0,1,0,0.532,55.2,30.5,0
96634.0,0.384,753.0,7.9,7153.0,0,0,0.626,18.5,86.8,1
60237.0,0.096,620.0,4.1,22241.0,1,0,0.539,57.5,47.2,1
89384.0,0.166,730.0,1.5,29516.0,0,1,0.652,30.9,64.5,1
66467.0,0.281,694.0,0.0,17450.0,0,0,0.386,28.6,50.5,1
99953.0,0.255,682.0,5.4,32157.0,1,0,0.399,68.1,55.1,1
52507.0,0.338,714.0,13.3,43275.0,1,0,0.586,55.2,38.9,0
106308.0,0.249,534.0,5.9,14658.0,1,0,0.493,57.7,63.2,1
56298.0,0.138,708.0,9.6,27932.0,1,0,0.489,56.2,33.8,1
74877.0,0.305,602.0,9.0,1000.0,0,1,0.807,70.7,49.0,1
28493.0,0.409,622.0,10.9,21639.0,1,0,0.797,51.2,40.7,1
81670.0,0.379,674.0,3.7,26247.0,0,1,0.528,34.9,100.0,0
58186.0,0.445,739.0,7.0,6970.0,0,0,0.562,28.9,34.6,1
104609.0,0.381,554.0,5.4,32721.0,1,0,0.616,70.0,85.4,1
49241.0,0.334,639.0,3.8,24776.0,0,0,0.513,44.5,61.5,1
90488.0,0.21,697.0,5.6,20936.0,1,0,0.294,46.2,92.1,1
60701.0,0.312,588.0,12.0,22748.0,0,0,0.62,41.7,47.9,1
67161.0,0.303,645.0,16.5,27808.0,0,0,0.488,55.3,53.2,1
75178.0,0.279,743.0,5.1,27049.0,0,0,0.276,78.4,69.6,1
122151.0,0.274,736.0,7.9,13638.0,1,0,0.593,63.6,42.2,1
94318.0,0.311,693.0,9.6,27753.0,1,0,0.648,46.7,53.9,1
57932.0,0.288,659.0,11.4,11284.0,0,0,0.741,31.2,24.2,1
105412.0,0.229,756.0,1.2,38923.0,0,1,0.492,67.9,64.7,0
105718.0,0.326,662.0,11.2,1000.0,0,1,0.354,63.8,45.8,0
63697.0,0.383,701.0,13.8,37032.0,0,1,0.357,99.8,58.9,1
91740.0,0.224,634.0,15.8,1000.0,1,0,0.565,54.9,55.4,1
58101.0,0.321,571.0,7.1,18183.0,1,0,0.447,18.3,41.1,0
71756.0,0.294,732.0,17.7,19614.0,1,0,0.823,40.8,53.6,1
70194.0,0.095,599.0,1.8,19319.0,0,0,0.407,62.3,80.4,1
83565.0,0.379,761.0,0.8,7754.0,1,0,0.762,32.4,70.1,1
68353.0,0.263,635.0,12.5,10074.0,0,1,0.459,29.7,74.7,1
52914.0,0.353,744.0,6.0,30164.0,1,0,0.417,54.3,42.4,1
91989.0,0.524,535.0,4.7,34019.0,0,1,0.55,29.3,64.3,0
86085.0,0.191,753.0,9.4,34582.0,1,0,0.554,64.9,86.9,1
35234.0,0.368,719.0,4.3,1000.0,0,1,0.698,21.9,51.3,1
61108.0,0.34,767.0,4.9,8091.0,0,1,0.784,60.8,38.9,1
80802.0,0.331,722.0,10.9,32547.0,1,0,0.449,53.3,70.9,1
88300.0,0.178,790.0,8.4,7339.0,1,0,0.341,50.6,75.7,1
73169.0,0.162,596.0,0.0,42757.0,0,1,0.538,42.1,2.6,0
106485.0,0.166,638.0,7.0,51930.0,1,0,0.364,40.3,83.9,1
63707.0,0.311,737.0,3.7,34035.0,0,0,0.345,18.4,33.0,1
62230.0,0.262,603.0,0.0,17816.0,1,0,0.67,73.7,71.0,1
65342.0,0.372,820.0,9.7,8046.0,0,1,0.771,27.4,30.0,1
19811.0,0.367,688.0,5.4,5614.0,0,1,0.627,52.1,23.7,1
82143.0,0.333,663.0,0.0,23090.0,1,0,0.627,41.9,39.2,1
72267.0,0.314,628.0,7.8,12304.0,1,0,0.394,26.2,59.6,1
64952.0,0.178,657.0,7.9,49161.0,1,0,0.548,52.5,53.8,1
88288.0,0.245,567.0,11.8,37586.0,1,0,0.45,57.2,29.9,0
29437.0,0.305,677.0,7.5,1000.0,1,0,0.635,42.5,54.9,1
52746.0,0.392,699.0,1.2,19138.0,0,0,0.308,36.8,100.0,0
96234.0,0.236,790.0,10.1,6736.0,0,1,0.554,9.9,43.9,1
47069.0,0.339,767.0,20.7,27472.0,1,0,0.513,46.7,61.2,1
85635.0,0.273,753.0,9.3,14204.0,1,0,0.867,45.9,71.4,1
59789.0,0.234,730.0,5.8,21497.0,1,0,0.54,34.5,64.5,1
104211.0,0.103,638.0,8.7,10185.0,1,0,0.429,43.0,62.9,1
92978.0,0.266,593.0,5.0,26569.0,0,0,0.699,36.5,77.2,1
61932.0,0.317,713.0,5.0,17292.0,0,1,0.265,64.7,30.4,1
35722.0,0.17,689.0,13.2,34793.0,0,1,0.475,73.5,73.5,0
101510.0,0.273,751.0,5.5,20583.0,0,1,0.848,82.3,54.6,1
18000.0,0.453,590.0,10.8,2540.0,0,0,0.58,69.2,48.6,1
73677.0,0.269,613.0,8.4,21248.0,0,1,0.484,34.2,19.2,1
87556.0,0.283,653.0,11.5,13190.0,1,0,0.273,70.6,37.8,1
70198.0,0.337,678.0,7.4,23738.0,0,1,0.796,77.7,46.6,1
92298.0,0.352,661.0,4.0,21756.0,0,0,0.744,37.7,62.4,0
86853.0,0.564,687.0,18.9,25591.0,0,1,0.705,33.0,81.8,1
81282.0,0.286,623.0,11.7,13655.0,0,0,0.624,46.7,53.3,1
85438.0,0.451,633.0,7.5,10193.0,0,1,0.596,70.8,33.0,1
107250.0,0.355,567.0,0.0,5538.0,0,1,0.646,43.7,32.9,1
68039.0,0.278,664.0,6.4,1000.0,0,1,0.705,31.3,82.2,1
77302.0,0.304,622.0,7.0,19094.0,1,0,0.396,83.9,28.5,0
69134.0,0.243,559.0,9.6,15393.0,0,0,0.493,32.6,75.3,0
112331.0,0.134,739.0,13.4,33874.0,0,0,0.637,55.9,62.0,1
79420.0,0.244,704.0,10.4,39058.0,0,0,0.505,29.6,60.5,0
59581.0,0.297,796.0,7.4,11991.0,1,0,0.755,69.9,63.5,1
62802.0,0.218,703.0,13.7,12533.0,0,1,0.318,16.2,62.8,1
74299.0,0.317,612.0,1.8,26084.0,0,1,0.526,63.1,88.8,1
88946.0,0.363,714.0,10.2,26349.0,1,0,0.228,62.2,51.9,1
24495.0,0.159,666.0,3.2,12713.0,0,0,0.514,51.2,42.8,0
114585.0,0.435,697.0,5.0,15589.0,0,1,0.512,83.8,59.8,1
101930.0,0.384,702.0,6.4,29940.0,0,0,0.539,35.2,60.8,1
100455.0,0.238,611.0,2.4,20118.0,0,1,0.799,93.6,59.2,1
66558.0,0.347,781.0,1.0,32597.0,1,0,0.906,53.7,38.3,0
85941.0,0.203,748.0,16.3,8946.0,0,1,0.349,60.6,46.5,1
76492.0,0.197,766.0,8.4,14492.0,0,0,0.753,63.3,41.5,1
46927.0,0.264,582.0,5.5,25519.0,0,1,0.7,52.6,83.6,1
102525.0,0.334,791.0,0.0,18172.0,0,1,0.228,77.2,59.3,1
77333.0,0.388,663.0,1.8,29908.0,1,0,0.879,17.8,34.7,0
88533.0,0.264,606.0,0.0,25716.0,0,0,0.77,57.9,82.5,1
71712.0,0.303,650.0,9.0,9749.0,0,1,0.313,30.7,67.9,1
81835.0,0.407,700.0,8.4,35425.0,0,0,0.697,67.9,69.0,1
69989.0,0.327,680.0,17.3,14403.0,1,0,0.619,32.5,65.7,1
74295.0,0.313,637.0,5.4,17615.0,0,0,0.507,68.4,36.1,1
49234.0,0.377,597.0,2.1,32506.0,0,0,0.411,82.3,82.6,0
108892.0,0.29,720.0,6.4,11667.0,0,0,0.319,36.8,72.5,1
62837.0,0.276,692.0,8.0,43762.0,1,0,0.387,32.1,73.3,1
75308.0,0.248,666.0,9.9,17101.0,0,1,0.335,31.1,57.7,1
24721.0,0.449,585.0,5.4,27083.0,0,0,0.716,31.0,94.0,0
78382.0,0.344,543.0,9.4,12151.0,1,0,0.243,69.3,58.3,0
44052.0,0.512,744.0,7.4,30217.0,1,0,0.636,73.0,68.0,0
95783.0,0.408,604.0,10.8,13626.0,0,1,0.52,81.3,62.6,0
77948.0,0.427,618.0,10.5,4003.0,0,0,0.689,65.3,58.7,0
44011.0,0.403,801.0,0.0,38353.0,0,1,0.533,42.0,43.5,1
79750.0,0.287,702.0,7.6,14399.0,0,0,0.485,61.8,33.7,1
66283.0,0.306,614.0,2.7,13494.0,0,0,0.682,33.8,77.8,0
71610.0,0.312,607.0,12.3,7871.0,0,0,0.247,40.7,28.3,1
66935.0,0.353,683.0,1.3,34699.0,1,0,0.418,55.1,47.0,0
88992.0,0.324,680.0,4.7,22087.0,1,0,0.143,98.6,100.0,1
70691.0,0.398,727.0,14.3,7794.0,0,0,0.639,46.5,46.5,1
130699.0,0.374,671.0,4.0,33603.0,1,0,0.475,0.0,25.9,0
66583.0,0.537,715.0,5.7,37646.0,1,0,0.488,62.1,38.6,1
53020.0,0.347,568.0,9.0,29799.0,1,0,0.56,72.9,66.1,1
61581.0,0.464,715.0,13.6,32607.0,0,1,0.602,49.8,57.9,1
45709.0,0.321,717.0,7.1,36574.0,1,0,0.452,84.6,65.7,1
69193.0,0.219,606.0,0.0,8648.0,0,0,0.685,52.2,33.6,1
95252.0,0.176,539.0,13.3,26455.0,1,0,0.668,32.0,52.0,0
62313.0,0.362,672.0,2.0,43355.0,0,0,1.0,50.2,77.8,1
61839.0,0.446,754.0,0.6,24577.0,1,0,0.444,19.6,41.4,0
64279.0,0.289,742.0,11.1,17844.0,0,1,0.529,63.3,64.2,1
112253.0,0.401,714.0,0.0,26349.0,0,1,0.811,45.2,54.5,1
75316.0,0.396,652.0,1.1,39031.0,1,0,0.827,46.3,36.0,0
36991.0,0.192,578.0,7.3,9281.0,0,0,0.356,45.6,83.9,0
68844.0,0.273,652.0,13.3,19884.0,0,1,0.677,70.0,25.5,1
72351.0,0.432,745.0,5.0,17215.0,1,0,0.253,22.1,57.7,1
56276.0,0.181,690.0,6.5,15162.0,0,0,0.55,37.6,29.0,1
21648.0,0.45,595.0,4.4,24790.0,0,0,0.712,47.2,63.7,1
54823.0,0.255,524.0,6.8,8575.0,0,0,0.141,27.7,78.0,0
69232.0,0.494,748.0,4.4,34506.0,0,1,0.575,41.2,30.3,1
76727.0,0.358,475.0,4.0,20555.0,1,0,0.442,81.3,9.2,0
99172.0,0.227,591.0,6.4,21324.0,0,0,0.585,64.3,69.1,0
68116.0,0.377,820.0,0.0,26123.0,0,1,0.494,14.4,41.8,0
55889.0,0.337,734.0,5.6,22420.0,0,0,0.471,39.0,29.8,1
45687.0,0.398,764.0,4.5,13133.0,1,0,0.421,50.4,88.2,0
107139.0,0.235,820.0,5.2,1471.0,0,1,0.421,42.0,36.1,1
28985.0,0.349,633.0,5.7,19788.0,1,0,0.671,75.5,16.1,1
74848.0,0.474,680.0,0.0,2704.0,0,1,0.547,39.8,46.3,0
46074.0,0.304,650.0,1.7,14140.0,0,0,0.361,77.6,73.5,0
44512.0,0.512,623.0,14.4,1000.0,0,1,0.673,40.2,75.2,1
85916.0,0.295,621.0,11.1,25360.0,0,0,0.685,41.9,45.7,0
99274.0,0.309,673.0,2.3,24466.0,0,1,0.279,39.3,51.1,1
39491.0,0.28,519.0,11.3,13979.0,1,0,0.86,77.9,14.6,0
67375.0,0.371,695.0,4.2,41414.0,1,0,0.624,95.8,96.5,0
39629.0,0.322,684.0,12.3,27979.0,1,0,0.876,49.9,99.6,1
56945.0,0.176,675.0,10.0,19848.0,1,0,0.56,24.6,20.4,1
54919.0,0.496,737.0,5.6,5266.0,0,1,0.499,67.8,55.9,1
106989.0,0.337,586.0,8.9,19487.0,0,0,0.85,14.6,43.8,1
51889.0,0.325,684.0,0.0,25090.0,0,1,0.488,74.2,70.2,1
73291.0,0.341,786.0,1.2,24358.0,0,1,0.477,57.1,66.5,1
95437.0,0.336,702.0,12.1,12362.0,1,0,0.447,59.5,42.6,1
84082.0,0.237,556.0,8.9,29869.0,0,0,0.719,85.9,66.7,1
83917.0,0.295,738.0,8.0,6644.0,1,0,0.432,37.9,34.1,1
83425.0,0.433,748.0,16.1,31301.0,0,0,0.843,31.4,38.6,1
117139.0,0.208,709.0,5.3,27384.0,1,0,0.638,57.1,47.7,1
89959.0,0.265,707.0,12.9,37449.0,0,1,0.678,39.4,45.5,0
75617.0,0.245,709.0,0.0,28486.0,1,0,0.662,35.1,53.2,1
67333.0,0.314,623.0,5.2,36499.0,0,1,0.612,48.8,59.2,1
85260.0,0.383,787.0,8.7,24146.0,0,0,0.737,30.5,34.6,1
72515.0,0.259,671.0,8.0,5220.0,0,0,0.527,55.2,60.4,1
74469.0,0.271,820.0,13.7,33205.0,1,0,0.597,0.0,47.8,1
81989.0,0.421,815.0,5.9,21020.0,0,0,0.305,77.4,29.0,1
90646.0,0.228,658.0,8.1,31670.0,0,1,0.588,84.5,50.9,1
92339.0,0.518,710.0,4.4,35591.0,0,0,0.479,5.1,38.5,0
79064.0,0.373,677.0,8.6,17744.0,1,0,0.346,52.7,53.3,1
45833.0,0.476,691.0,5.5,1000.0,0,1,0.89,46.6,68.9,0
111739.0,0.213,747.0,8.2,30650.0,0,0,0.332,86.9,28.1,1
79902.0,0.209,614.0,6.9,33254.0,0,1,0.686,14.8,45.6,1
56502.0,0.178,672.0,6.4,14210.0,0,0,0.685,68.7,89.5,1
75697.0,0.248,733.0,5.2,13016.0,1,0,0.679,51.4,49.1,1
100150.0,0.323,675.0,5.7,15582.0,1,0,0.425,83.2,69.1,0
49560.0,0.289,765.0,1.7,24687.0,0,1,0.496,30.6,71.6,0
106157.0,0.406,578.0,11.1,5323.0,0,1,0.6,61.4,49.1,0
40747.0,0.244,635.0,0.0,34100.0,0,0,0.426,9.7,72.7,1
131124.0,0.05,646.0,3.3,11460.0,1,0,0.379,41.6,53.1,0
42137.0,0.374,561.0,4.0,30511.0,0,0,0.687,54.4,62.9,1
78905.0,0.291,720.0,1.3,1000.0,0,0,0.57,44.6,60.3,1
76532.0,0.355,608.0,4.8,32952.0,1,0,0.595,57.2,52.0,1
42194.0,0.43,794.0,7.3,20148.0,1,0,0.551,71.9,31.9,1
53876.0,0.249,710.0,12.1,25951.0,0,1,0.64,50.2,54.9,1
79484.0,0.51,707.0,3.1,24363.0,0,1,0.909,61.4,86.0,1
90840.0,0.226,648.0,3.5,16774.0,1,0,0.711,43.7,55.1,1
67952.0,0.245,679.0,14.8,17550.0,1,0,0.584,49.5,45.2,1
64164.0,0.174,600.0,10.1,4237.0,0,1,0.835,10.0,44.2,1
45763.0,0.251,681.0,3.9,50409.0,0,1,0.378,56.5,87.4,1
73910.0,0.309,690.0,13.4,28264.0,1,0,0.667,48.9,50.7,0
87457.0,0.286,755.0,5.6,42220.0,1,0,0.581,31.9,67.6,1
80316.0,0.261,637.0,12.9,1000.0,0,1,0.443,42.4,78.0,0
68567.0,0.358,563.0,6.2,19097.0,1,0,0.289,66.7,79.0,0
89307.0,0.307,766.0,5.8,19302.0,0,0,0.429,53.8,88.9,0
109985.0,0.155,730.0,13.5,18445.0,0,1,0.233,23.8,56.7,1
40513.0,0.346,597.0,12.2,11048.0,0,1,0.463,57.0,37.3,1
68446.0,0.346,802.0,9.3,22088.0,1,0,0.471,100.0,28.2,1
59678.0,0.458,712.0,3.3,8260.0,0,0,0.419,53.4,30.5,1
51288.0,0.191,696.0,6.4,25787.0,0,1,0.413,75.6,51.6,1
86829.0,0.451,610.0,0.1,1516.0,1,0,0.352,8.1,59.9,0
50202.0,0.366,696.0,15.2,19879.0,1,0,0.846,42.5,64.3,0
40873.0,0.173,698.0,3.7,12715.0,1,0,0.576,51.2,69.0,1
84750.0,0.37,688.0,6.9,29242.0,1,0,0.537,53.1,19.0,1
135879.0,0.285,686.0,4.6,22477.0,1,0,0.513,53.3,47.6,1
140811.0,0.446,737.0,0.0,19645.0,0,0,0.531,78.2,69.8,1
74935.0,0.246,610.0,14.1,16857.0,0,1,0.703,62.1,38.3,1
69054.0,0.419,693.0,6.4,20354.0,0,1,0.452,47.5,18.5,1
49512.0,0.242,704.0,1.2,30492.0,0,0,0.506,38.4,34.9,1
79657.0,0.318,677.0,0.7,4372.0,0,0,0.691,57.7,96.9,1
96262.0,0.29,716.0,7.7,9683.0,0,1,0.433,74.0,31.1,1
71947.0,0.321,695.0,6.1,16147.0,0,1,0.546,90.3,61.9,1
62718.0,0.278,712.0,13.0,18383.0,1,0,0.88,69.2,84.1,1
88803.0,0.382,619.0,9.3,21215.0,0,0,0.644,38.3,38.5,1
51510.0,0.255,606.0,13.3,1000.0,1,0,0.865,44.2,39.2,1
51775.0,0.361,684.0,14.7,28211.0,1,0,0.589,32.6,10.0,0
62433.0,0.211,616.0,11.3,33389.0,0,0,0.683,6.0,38.3,1
86304.0,0.443,679.0,12.3,13046.0,1,0,0.336,26.9,57.9,1
71025.0,0.354,695.0,8.1,11352.0,1,0,0.638,66.2,42.7,1
105210.0,0.523,596.0,7.5,9708.0,1,0,0.386,43.1,79.0,0
64872.0,0.369,820.0,4.5,8074.0,0,1,0.418,59.4,45.0,0
23319.0,0.468,745.0,12.7,27583.0,1,0,0.587,54.9,37.3,0
62835.0,0.438,685.0,5.6,1000.0,1,0,0.31,79.2,57.5,0
76693.0,0.323,502.0,14.2,23036.0,0,1,0.594,31.7,83.8,1
91399.0,0.348,750.0,0.0,25079.0,1,0,0.719,40.0,74.3,1
114608.0,0.541,681.0,11.0,15386.0,0,1,0.827,54.1,30.3,0
71948.0,0.191,543.0,7.0,9287.0,0,0,0.61,60.3,50.8,1
54131.0,0.342,744.0,16.6,12487.0,1,0,0.574,57.0,73.9,1
78802.0,0.264,797.0,0.0,13210.0,0,1,0.568,47.3,77.2,1
67828.0,0.398,469.0,10.7,37398.0,0,1,0.434,32.7,93.0,0
88182.0,0.251,611.0,9.2,25004.0,0,0,0.721,74.2,73.0,0
130638.0,0.381,613.0,8.6,22236.0,1,0,0.481,39.1,24.5,1
78660.0,0.237,640.0,12.7,14158.0,0,0,0.425,61.2,33.6,1
99655.0,0.303,548.0,7.4,1000.0,1,0,0.456,8.6,65.5,1
69598.0,0.174,673.0,5.6,12070.0,0,0,0.562,61.6,80.7,1
87186.0,0.217,812.0,3.3,23800.0,1,0,0.481,47.8,41.1,1
78826.0,0.387,670.0,8.5,18966.0,1,0,0.451,72.0,40.0,1
98858.0,0.12,667.0,1.8,25644.0,1,0,0.704,44.8,68.0,1
72248.0,0.377,621.0,16.0,32181.0,1,0,0.529,62.4,60.8,1
48394.0,0.371,671.0,5.3,33770.0,0,1,0.32,42.6,3.0,0
53260.0,0.367,622.0,4.3,29463.0,1,0,0.443,89.6,81.0,1
82255.0,0.273,601.0,12.9,21757.0,1,0,0.571,67.2,35.9,0
47459.0,0.18,716.0,3.6,7905.0,1,0,0.816,53.7,48.1,1
49466.0,0.219,619.0,7.2,12101.0,0,0,0.948,24.7,47.1,0
34645.0,0.267,593.0,12.8,1000.0,1,0,0.281,84.4,32.2,1
63582.0,0.265,709.0,11.5,36901.0,1,0,0.845,84.8,49.7,0
106894.0,0.361,523.0,13.8,42248.0,1,0,0.58,56.4,59.8,0
50454.0,0.393,708.0,8.0,14731.0,0,0,0.681,90.8,29.4,0
79449.0,0.173,671.0,19.1,24138.0,0,0,0.781,24.5,47.5,1
143761.0,0.345,673.0,2.9,7052.0,0,1,0.548,70.0,41.0,1
79648.0,0.364,680.0,11.5,8226.0,0,0,0.732,50.0,32.6,1
57513.0,0.197,672.0,4.6,21704.0,1,0,0.747,61.4,73.7,1
87217.0,0.256,641.0,2.9,6698.0,1,0,0.827,63.7,66.5,1
58289.0,0.104,809.0,12.4,17007.0,0,1,0.414,63.8,64.1,1
63321.0,0.129,633.0,0.4,7600.0,0,0,0.941,58.2,42.8,1
40943.0,0.266,639.0,3.7,14703.0,1,0,0.489,67.6,81.6,1
80329.0,0.339,609.0,6.3,32040.0,1,0,0.483,53.8,43.3,1
89594.0,0.25,762.0,0.0,6379.0,1,0,0.895,56.9,90.6,1
47233.0,0.05,564.0,3.2,1000.0,0,1,0.401,74.0,41.1,0
87248.0,0.377,662.0,9.0,19151.0,1,0,0.624,43.4,83.5,1
29366.0,0.33,662.0,12.6,12168.0,0,1,0.661,82.6,73.6,0
46692.0,0.193,679.0,8.3,8417.0,1,0,0.381,54.6,42.1,1
48762.0,0.451,661.0,11.2,39465.0,1,0,0.692,76.3,23.8,1
68026.0,0.265,638.0,14.3,11286.0,1,0,0.597,63.8,61.1,1
75633.0,0.257,651.0,12.5,19943.0,0,1,0.308,26.8,60.3,0
88592.0,0.347,710.0,5.6,1000.0,1,0,0.68,38.7,94.7,1
85215.0,0.455,661.0,9.4,34944.0,0,0,0.624,29.9,48.6,0
105445.0,0.447,685.0,0.0,19385.0,0,1,0.933,67.7,36.1,1
24322.0,0.244,807.0,3.1,2091.0,0,1,0.982,54.5,62.7,1
63128.0,0.376,671.0,7.5,26779.0,0,1,0.67,44.9,89.6,1
63363.0,0.374,577.0,4.7,7808.0,0,0,0.862,57.6,24.4,1
25310.0,0.465,660.0,12.2,28476.0,1,0,0.617,76.0,53.1,0
55303.0,0.412,691.0,3.9,5492.0,0,0,0.414,11.3,59.3,1
67112.0,0.452,697.0,0.0,20186.0,0,0,0.816,82.3,89.2,1
45315.0,0.273,646.0,6.6,24827.0,1,0,0.48,77.6,55.6,1
105525.0,0.263,538.0,5.3,28496.0,0,1,0.399,44.2,42.2,1
73981.0,0.286,672.0,2.2,5023.0,1,0,0.413,17.5,72.8,1
104992.0,0.258,672.0,2.0,9630.0,1,0,0.582,2.8,72.6,1
51292.0,0.225,683.0,8.0,27723.0,0,0,0.73,38.2,82.9,1
66355.0,0.136,600.0,13.6,11388.0,0,1,0.509,73.7,48.2,1
25990.0,0.277,708.0,0.0,23206.0,0,0,0.599,65.1,64.6,0
53059.0,0.371,679.0,14.9,23547.0,1,0,0.688,6.1,71.0,0
52928.0,0.444,666.0,15.7,1000.0,0,1,0.663,44.9,57.1,1
92057.0,0.246,681.0,8.9,3094.0,1,0,0.167,18.8,86.4,0
92742.0,0.344,578.0,10.4,13169.0,0,1,0.697,8.5,38.4,1
66666.0,0.248,779.0,9.8,14093.0,1,0,0.528,54.8,70.5,1
38054.0,0.199,820.0,2.4,26658.0,1,0,0.76,91.8,47.9,1
73441.0,0.486,702.0,17.2,17514.0,0,0,0.21,44.1,100.0,0
50146.0,0.246,753.0,7.4,17458.0,1,0,0.721,78.3,92.3,1
74933.0,0.283,735.0,6.6,10906.0,1,0,0.751,35.4,85.6,1
92602.0,0.359,591.0,12.5,28143.0,1,0,0.521,38.6,88.8,1
49431.0,0.234,679.0,1.3,34654.0,0,0,0.38,31.9,63.6,0
59851.0,0.291,721.0,12.8,28026.0,0,1,0.602,34.4,62.5,1
83665.0,0.435,615.0,0.0,21549.0,1,0,0.383,59.2,31.2,1
54661.0,0.26,683.0,11.9,21274.0,0,1,0.367,18.8,59.5,0
55138.0,0.386,730.0,12.1,37177.0,0,1,0.365,28.9,72.1,1
59573.0,0.493,695.0,10.2,19610.0,0,0,0.736,44.1,61.4,0
81222.0,0.359,758.0,3.6,35230.0,0,1,0.409,74.6,67.2,1
46360.0,0.347,632.0,8.0,11116.0,0,0,0.605,52.4,84.0,1
27497.0,0.24,678.0,9.6,30434.0,1,0,0.511,33.6,100.0,1
68571.0,0.245,695.0,0.9,3280.0,0,1,0.687,35.6,39.8,1
72076.0,0.348,649.0,0.5,25851.0,0,0,0.741,71.7,52.7,1
96680.0,0.257,678.0,13.7,21022.0,0,1,0.745,68.3,64.7,1
100021.0,0.31,736.0,6.6,32415.0,1,0,0.676,82.4,45.2,1
63832.0,0.414,697.0,7.1,21105.0,0,1,0.79,50.0,41.0,1
52310.0,0.468,716.0,4.8,25181.0,0,0,0.542,17.1,31.5,0
45916.0,0.216,747.0,8.8,6693.0,0,0,0.562,97.5,24.7,1
62925.0,0.24,684.0,10.0,31535.0,1,0,0.497,93.8,60.4,1
69490.0,0.301,683.0,11.3,18089.0,0,1,0.228,24.2,88.1,1
96127.0,0.167,662.0,7.5,22942.0,1,0,0.13,58.2,85.7,1
38453.0,0.257,702.0,2.4,29583.0,0,1,0.374,90.0,26.8,1
64268.0,0.342,752.0,9.4,35534.0,0,1,0.374,36.0,68.4,1
80122.0,0.3,701.0,6.8,6350.0,1,0,0.623,74.5,12.4,1
43655.0,0.172,753.0,4.5,9350.0,1,0,0.628,84.8,47.9,1
49341.0,0.235,723.0,0.0,18593.0,1,0,0.776,76.0,32.7,1
109539.0,0.132,743.0,7.4,15286.0,0,1,0.633,73.2,56.1,1
80032.0,0.271,766.0,10.5,20746.0,1,0,0.252,63.2,10.4,1
77605.0,0.414,631.0,4.1,20203.0,0,1,0.423,34.0,31.2,0
87610.0,0.452,594.0,10.7,34457.0,0,0,0.258,15.5,61.0,0
103017.0,0.188,699.0,5.9,3045.0,1,0,0.817,53.6,70.8,1
66230.0,0.264,764.0,1.1,26436.0,1,0,0.939,44.2,63.0,1
33982.0,0.376,725.0,6.0,27096.0,1,0,0.851,67.8,71.1,0
91579.0,0.359,703.0,8.3,46740.0,0,0,0.334,93.8,29.9,1
93667.0,0.413,785.0,8.7,34897.0,0,1,0.458,44.8,15.6,0
67862.0,0.224,650.0,0.6,16262.0,1,0,0.232,82.0,51.8,0
31898.0,0.374,649.0,0.0,17073.0,0,1,0.781,46.4,68.0,1
132714.0,0.404,600.0,2.4,18793.0,0,1,0.414,51.2,68.4,0
70285.0,0.279,695.0,11.2,9613.0,0,0,0.543,49.6,48.3,1
72199.0,0.343,618.0,10.7,11768.0,1,0,0.785,0.0,18.0,1
78291.0,0.516,714.0,0.4,19079.0,1,0,0.721,28.5,83.6,1
62980.0,0.246,642.0,5.5,15629.0,0,1,0.413,70.9,53.9,1
60372.0,0.273,817.0,13.7,16044.0,1,0,0.696,45.7,51.3,1
49641.0,0.247,734.0,8.7,31767.0,1,0,0.557,59.2,78.7,1
46292.0,0.215,654.0,8.4,30581.0,1,0,0.523,68.3,81.7,1
68659.0,0.265,820.0,0.0,12414.0,1,0,0.444,45.1,50.1,0
61051.0,0.358,702.0,6.7,25053.0,0,0,0.636,43.7,69.8,0
91400.0,0.265,678.0,5.2,20139.0,0,0,0.255,81.3,59.5,1
65348.0,0.26,756.0,10.0,44516.0,1,0,0.428,52.0,37.7,0
84073.0,0.357,575.0,10.4,8551.0,0,1,0.344,11.5,91.6,1
89152.0,0.26,538.0,8.8,13004.0,1,0,0.519,83.3,43.7,1
53548.0,0.281,724.0,8.0,50390.0,1,0,0.337,51.3,72.8,0
76897.0,0.377,647.0,0.1,11461.0,1,0,0.682,65.1,47.0,1
76005.0,0.218,696.0,10.6,26554.0,1,0,0.551,68.3,66.2,1
106624.0,0.213,622.0,0.7,18533.0,0,1,0.475,62.3,83.5,1
71384.0,0.206,615.0,6.0,17801.0,0,0,0.642,19.3,69.2,1
56617.0,0.176,687.0,10.5,27661.0,1,0,0.427,44.5,79.9,1
33165.0,0.254,717.0,7.1,20464.0,1,0,1.0,25.7,41.7,1
60005.0,0.367,634.0,6.8,14117.0,0,0,0.401,71.9,63.9,1
68182.0,0.306,813.0,2.5,20366.0,1,0,0.46,14.2,51.8,1
92577.0,0.262,712.0,8.1,12091.0,0,1,0.842,74.2,44.6,1
33770.0,0.39,548.0,10.1,9628.0,0,1,0.602,64.9,65.4,1
79935.0,0.304,756.0,14.1,10629.0,1,0,0.283,14.8,43.5,0
90733.0,0.232,654.0,5.0,30597.0,0,1,0.39,16.8,21.3,1
79753.0,0.358,682.0,12.6,42387.0,0,1,0.523,57.2,7.2,1
42271.0,0.325,675.0,0.0,17079.0,0,1,0.73,41.9,62.2,0
62803.0,0.33,720.0,5.2,20897.0,0,1,0.226,70.5,53.4,1
73047.0,0.39,693.0,13.7,2017.0,0,1,0.558,75.5,72.1,1
54578.0,0.342,669.0,7.3,17691.0,1,0,0.779,86.3,52.0,0
74960.0,0.397,632.0,12.9,17858.0,0,1,0.674,56.3,29.7,1
43801.0,0.204,648.0,4.3,29615.0,0,1,0.721,15.4,49.6,0
61954.0,0.309,651.0,4.7,18024.0,1,0,0.636,36.0,46.6,1
90729.0,0.397,669.0,10.4,8124.0,1,0,0.397,48.1,41.4,1
80043.0,0.247,701.0,5.4,13470.0,1,0,0.797,98.1,63.3,0
74779.0,0.302,534.0,0.0,26091.0,1,0,0.679,82.0,71.1,0
68617.0,0.276,800.0,3.3,29999.0,0,1,0.59,66.3,78.3,1
39758.0,0.297,649.0,10.8,20129.0,0,1,0.599,59.6,53.1,1
46541.0,0.354,726.0,6.5,4421.0,0,0,0.544,0.0,49.6,1
115286.0,0.597,680.0,12.3,37369.0,0,0,0.656,18.2,68.1,0
56140.0,0.477,729.0,0.8,19323.0,1,0,0.761,31.1,48.2,1
18000.0,0.291,790.0,11.6,22421.0,1,0,0.541,31.2,100.0,0
53873.0,0.349,687.0,7.3,14651.0,1,0,0.415,76.3,62.1,0
41056.0,0.385,692.0,3.7,40655.0,0,0,0.583,43.0,91.2,0
46297.0,0.235,607.0,6.3,13690.0,1,0,0.652,46.9,61.8,1
68402.0,0.37,570.0,5.9,3802.0,0,1,0.628,75.1,49.1,0
55922.0,0.353,644.0,0.0,17359.0,0,1,0.591,0.0,28.0,0
105656.0,0.347,645.0,2.8,3275.0,0,1,0.507,14.2,62.9,0
48155.0,0.236,701.0,8.6,22291.0,1,0,0.631,9.3,54.5,0
68722.0,0.439,698.0,9.0,14389.0,0,0,0.619,73.6,44.0,1
26018.0,0.255,627.0,10.8,29387.0,1,0,0.45,61.7,75.5,1
58042.0,0.293,613.0,2.6,34309.0,0,1,0.389,50.3,55.9,1
81852.0,0.262,556.0,2.9,3631.0,1,0,0.499,60.3,66.6,0
66700.0,0.328,820.0,1.6,29962.0,0,0,0.509,36.1,41.9,1
121709.0,0.416,651.0,9.0,33592.0,1,0,0.826,33.9,41.2,0
18000.0,0.249,790.0,0.2,2898.0,0,1,0.648,23.0,65.1,1
64658.0,0.162,772.0,1.8,16816.0,0,0,0.289,75.2,73.3,1
81491.0,0.055,689.0,3.1,19848.0,0,1,0.287,73.9,50.6,1
79913.0,0.384,812.0,10.4,32918.0,1,0,0.194,52.9,53.8,1
78091.0,0.301,679.0,7.4,26188.0,1,0,0.671,26.7,39.7,1
68558.0,0.216,728.0,4.4,9113.0,0,0,0.289,29.4,57.7,1
21484.0,0.317,635.0,5.8,19695.0,0,1,0.602,57.9,19.9,1
68160.0,0.28,659.0,9.5,12412.0,0,1,0.686,76.5,47.1,0
115384.0,0.084,572.0,4.0,1000.0,0,1,0.624,36.1,58.2,1
73469.0,0.149,698.0,8.4,13423.0,0,0,0.287,20.4,38.5,1
90539.0,0.269,756.0,12.8,30467.0,0,1,0.224,0.0,73.2,1
64800.0,0.37,803.0,10.0,38874.0,0,0,0.508,29.1,14.7,1
66890.0,0.361,692.0,7.3,34605.0,0,0,0.513,52.8,55.7,1
43279.0,0.127,685.0,10.8,44169.0,0,1,0.608,53.3,72.3,1
97376.0,0.177,798.0,0.0,43098.0,0,0,0.266,35.1,45.8,1
51927.0,0.194,573.0,8.5,14502.0,1,0,0.41,22.6,53.1,1
71099.0,0.353,768.0,11.7,31155.0,1,0,0.67,57.9,80.8,1
75593.0,0.304,739.0,13.4,35126.0,1,0,0.553,73.3,56.8,1
28929.0,0.316,636.0,2.7,17568.0,1,0,0.584,29.8,50.0,1
93843.0,0.393,618.0,7.7,18814.0,1,0,0.435,56.0,52.5,1
31220.0,0.301,673.0,8.8,34457.0,0,0,0.66,85.6,50.0,1
54212.0,0.38,627.0,1.6,22710.0,0,0,0.615,69.9,35.7,1
87870.0,0.094,768.0,17.5,9978.0,0,1,0.379,57.7,27.8,1
48211.0,0.17,683.0,9.5,33194.0,1,0,0.314,42.0,81.9,1
102399.0,0.327,788.0,2.2,22182.0,1,0,0.413,44.6,41.1,1
75976.0,0.199,712.0,6.7,26761.0,1,0,0.81,30.3,67.6,1
23911.0,0.517,679.0,6.6,36433.0,1,0,0.738,38.2,35.8,0
62356.0,0.426,644.0,0.0,7512.0,1,0,0.447,4.8,75.0,0
104528.0,0.377,685.0,0.7,28092.0,0,0,0.808,94.7,27.9,1
74665.0,0.185,623.0,4.7,29256.0,1,0,0.55,64.9,65.6,1
44013.0,0.317,808.0,10.7,25985.0,0,1,0.555,74.8,49.9,1
45422.0,0.168,619.0,10.0,12982.0,0,0,0.369,45.0,86.2,0
91995.0,0.154,685.0,3.8,28398.0,1,0,0.342,100.0,48.3,1
37074.0,0.164,813.0,0.8,16099.0,1,0,0.14,30.1,65.4,1
67796.0,0.41,679.0,16.3,24581.0,1,0,0.306,35.2,44.2,0
53050.0,0.315,666.0,14.6,9646.0,1,0,0.469,64.0,54.7,1
18000.0,0.322,712.0,3.1,6247.0,0,1,0.448,55.3,26.9,0
70042.0,0.363,623.0,0.0,24745.0,0,1,0.795,70.4,52.8,1
65089.0,0.137,621.0,11.7,24063.0,0,0,0.322,40.9,48.7,1
83789.0,0.281,674.0,10.0,36773.0,0,1,0.566,29.0,36.4,1
58996.0,0.298,538.0,10.5,1677.0,0,1,0.493,21.7,69.8,1
106071.0,0.232,594.0,5.2,24782.0,0,0,0.451,47.5,35.2,1
42650.0,0.294,788.0,4.6,7610.0,0,1,0.306,44.9,38.5,1
69762.0,0.233,606.0,3.8,37903.0,1,0,0.533,35.1,37.7,1
49001.0,0.252,677.0,1.1,36040.0,1,0,0.647,57.0,65.0,1
64764.0,0.424,678.0,3.7,34460.0,1,0,0.353,64.3,86.6,1
71643.0,0.266,700.0,5.1,13444.0,1,0,0.535,47.2,68.0,1
86370.0,0.384,594.0,0.0,23532.0,1,0,0.38,70.6,42.4,1
113858.0,0.323,637.0,19.2,39572.0,1,0,0.828,63.1,64.2,0
87729.0,0.317,628.0,7.5,23459.0,1,0,0.673,53.6,87.4,1
65096.0,0.356,631.0,2.4,13981.0,0,0,0.402,61.4,97.9,0
68031.0,0.373,752.0,5.8,22880.0,0,0,0.499,27.7,57.8,1
78249.0,0.279,739.0,10.2,1000.0,1,0,0.62,69.9,67.8,1
80308.0,0.056,620.0,6.9,1000.0,1,0,0.831,54.2,88.1,1
68412.0,0.465,714.0,16.8,12644.0,0,0,0.294,59.9,74.0,0
89606.0,0.371,599.0,9.8,50833.0,0,0,0.621,0.0,10.8,1
98975.0,0.509,665.0,11.4,25155.0,0,1,0.926,39.7,30.3,1
75777.0,0.295,681.0,5.0,11038.0,0,1,0.763,59.9,50.9,1
78251.0,0.453,588.0,4.4,2997.0,1,0,0.841,62.5,41.3,1
80341.0,0.382,614.0,1.9,32564.0,1,0,0.532,37.0,22.4,0
63245.0,0.359,818.0,1.1,32268.0,1,0,0.63,71.9,59.8,1
49576.0,0.371,685.0,6.0,21737.0,1,0,0.501,50.1,40.5,1
37313.0,0.214,670.0,11.2,28570.0,1,0,0.271,73.9,23.2,0
82923.0,0.3,662.0,11.8,8842.0,1,0,0.834,44.3,71.4,1
85450.0,0.287,595.0,2.6,12329.0,1,0,0.608,68.4,57.5,1
67057.0,0.409,671.0,8.4,17073.0,0,0,0.384,77.3,56.6,1
93536.0,0.315,686.0,7.4,7145.0,0,1,0.541,47.6,69.3,1
40059.0,0.223,691.0,5.1,8727.0,1,0,0.381,55.8,44.9,1
89031.0,0.341,631.0,10.1,27394.0,0,0,0.735,48.4,38.3,1
95649.0,0.333,580.0,8.6,1000.0,0,0,0.569,55.7,48.0,1
59758.0,0.213,716.0,6.1,10778.0,1,0,0.584,53.2,87.4,1
118411.0,0.225,820.0,9.9,25751.0,0,0,0.439,100.0,32.0,1
76649.0,0.251,781.0,9.6,1000.0,1,0,0.641,72.3,98.8,1
84290.0,0.328,723.0,9.3,25200.0,1,0,0.509,46.5,36.6,1
62664.0,0.206,723.0,17.6,5453.0,1,0,0.621,83.1,61.6,1
87827.0,0.167,674.0,12.2,31655.0,1,0,0.586,48.3,73.4,1
99576.0,0.212,741.0,4.5,26901.0,1,0,0.907,42.1,57.2,1
76736.0,0.05,792.0,16.4,30146.0,1,0,0.576,36.9,48.4,1
57220.0,0.188,697.0,6.2,16455.0,1,0,0.632,74.0,45.7,1
72341.0,0.386,756.0,2.7,16864.0,0,1,0.558,2.7,71.2,0
42282.0,0.428,633.0,8.9,13242.0,0,1,0.395,56.7,37.4,0
74718.0,0.388,683.0,8.3,36557.0,1,0,0.544,86.2,73.6,0
45689.0,0.205,627.0,5.8,16823.0,0,0,0.818,78.8,64.0,0
78147.0,0.348,653.0,0.3,41330.0,1,0,0.416,54.9,59.1,1
89223.0,0.342,659.0,10.3,1000.0,1,0,0.231,55.4,66.4,1
18000.0,0.238,645.0,0.0,11715.0,0,1,0.533,51.8,73.8,1
56914.0,0.419,501.0,10.5,35275.0,0,0,0.736,12.1,56.2,0
105212.0,0.202,730.0,1.4,19593.0,0,1,0.478,23.8,46.9,1
57431.0,0.206,714.0,2.9,13899.0,0,1,0.53,48.6,64.6,1
63983.0,0.382,652.0,3.3,30211.0,1,0,0.5,43.8,95.8,0
118189.0,0.243,693.0,15.4,20604.0,0,1,0.436,13.6,34.6,1
24843.0,0.259,622.0,7.5,30578.0,0,0,0.721,45.0,38.5,1
54564.0,0.226,552.0,7.6,1000.0,0,0,0.362,45.7,52.1,0
75238.0,0.28,609.0,11.9,25108.0,1,0,0.583,72.0,31.7,1
87287.0,0.369,599.0,7.5,1000.0,0,1,0.482,52.8,83.9,1
80300.0,0.229,615.0,13.1,24464.0,0,1,0.15,48.2,39.0,0
68886.0,0.455,610.0,7.6,1000.0,0,1,0.74,46.0,80.4,1
76678.0,0.162,703.0,6.8,18038.0,1,0,0.615,12.3,31.2,1
59732.0,0.106,710.0,2.5,12715.0,1,0,0.504,48.7,42.4,1
40347.0,0.311,740.0,2.7,20507.0,0,1,0.737,26.5,51.1,1
100737.0,0.348,597.0,7.5,28540.0,1,0,0.515,49.0,81.1,0
85703.0,0.218,649.0,7.1,13385.0,0,1,0.45,56.2,37.0,1
58634.0,0.215,593.0,5.6,19792.0,0,1,0.634,35.0,76.5,0
66232.0,0.372,649.0,13.8,22654.0,0,1,0.722,83.3,40.3,1
85655.0,0.195,754.0,14.2,11121.0,1,0,0.674,27.3,55.2,1
60651.0,0.349,676.0,3.5,14515.0,1,0,0.582,18.5,18.4,0
41157.0,0.116,629.0,13.5,31259.0,1,0,0.364,26.7,24.2,0
70132.0,0.568,570.0,9.7,22039.0,1,0,0.635,51.3,83.4,0
97949.0,0.347,780.0,4.5,30366.0,0,1,0.571,66.6,62.2,1
21616.0,0.242,692.0,10.7,24419.0,1,0,0.44,12.1,55.3,1
81273.0,0.187,622.0,8.1,2890.0,1,0,0.412,10.2,54.0,1
46549.0,0.35,682.0,11.2,15680.0,1,0,0.547,44.7,34.3,1
112705.0,0.327,564.0,4.4,12978.0,1,0,0.747,47.6,54.3,0
84624.0,0.264,638.0,8.9,15562.0,0,0,0.649,47.6,96.4,1
107007.0,0.4,806.0,0.0,17330.0,0,0,0.602,0.0,46.8,0
49086.0,0.345,732.0,3.3,27531.0,0,1,1.0,70.6,54.3,0
118885.0,0.347,581.0,12.7,36774.0,0,0,0.848,44.1,20.2,0
46145.0,0.278,621.0,6.5,32577.0,0,0,0.798,85.0,50.8,1
72526.0,0.172,725.0,0.7,33363.0,0,0,0.587,70.2,75.3,1
47857.0,0.34,689.0,8.3,28642.0,0,0,0.744,10.0,60.9,1
23097.0,0.395,653.0,3.8,17585.0,0,1,0.655,68.5,49.0,1
81397.0,0.36,730.0,5.1,20400.0,1,0,0.21,33.7,42.6,1
68039.0,0.36,674.0,5.9,36522.0,1,0,0.674,87.3,44.9,0
35069.0,0.147,759.0,8.2,22094.0,1,0,0.28,34.6,69.5,1
61887.0,0.426,720.0,2.6,1385.0,1,0,0.384,80.8,52.2,1
54837.0,0.371,587.0,8.5,38876.0,0,1,0.218,32.6,58.6,0
28105.0,0.202,673.0,2.8,9504.0,0,0,0.266,67.2,92.1,0
33881.0,0.434,629.0,6.3,1000.0,1,0,1.0,70.9,41.7,1
32332.0,0.519,602.0,0.3,5757.0,0,1,0.426,52.8,49.0,0
41360.0,0.396,700.0,2.4,20085.0,0,0,0.777,38.8,14.2,1
78005.0,0.355,642.0,6.0,17919.0,1,0,0.47,55.5,53.2,1
26992.0,0.395,683.0,5.8,16040.0,0,0,0.421,69.6,99.8,1
78651.0,0.165,700.0,12.1,24059.0,0,1,0.0,8.1,54.7,1
65663.0,0.237,611.0,10.3,28463.0,1,0,0.702,58.3,68.6,1
112234.0,0.226,720.0,0.0,22417.0,0,1,0.396,31.1,59.8,1
29535.0,0.33,651.0,5.2,34982.0,1,0,0.426,82.2,52.9,1
106854.0,0.405,719.0,0.0,10918.0,1,0,0.377,27.3,58.7,1
72716.0,0.236,715.0,7.2,24886.0,1,0,0.943,80.5,41.7,1
34219.0,0.291,646.0,6.3,12496.0,1,0,0.592,40.0,0.0,1
95459.0,0.165,742.0,1.8,11346.0,1,0,0.445,5.8,15.2,1
82852.0,0.163,713.0,6.1,1739.0,1,0,0.474,34.6,58.8,1
46053.0,0.095,671.0,13.5,10964.0,1,0,0.659,62.0,29.6,0
77900.0,0.363,725.0,2.2,8109.0,0,0,0.618,52.1,63.5,1
63763.0,0.288,639.0,11.8,9281.0,1,0,0.653,55.0,52.7,1
18000.0,0.304,643.0,6.2,12857.0,0,1,0.492,46.6,68.6,1
98031.0,0.246,780.0,5.0,37880.0,0,0,0.528,65.5,56.0,1
75292.0,0.261,749.0,1.4,19335.0,0,0,0.474,33.1,33.7,1
37050.0,0.178,668.0,10.2,32650.0,0,0,0.456,48.5,83.7,1
53634.0,0.295,645.0,10.8,11720.0,0,1,0.416,43.8,80.9,1
73582.0,0.322,702.0,12.8,21591.0,0,1,0.647,74.9,73.3,1
89030.0,0.166,640.0,5.7,11023.0,1,0,0.434,18.2,39.7,1
18000.0,0.404,649.0,12.4,12750.0,1,0,0.653,64.0,54.1,1
115271.0,0.092,742.0,7.1,28885.0,0,1,0.514,58.7,49.8,0
20632.0,0.218,639.0,8.9,14272.0,0,1,0.557,53.9,77.9,1
113644.0,0.213,665.0,10.3,51104.0,0,0,0.695,18.1,39.3,1
39554.0,0.352,627.0,0.8,26683.0,0,1,0.825,69.1,74.2,0
101506.0,0.253,734.0,3.0,11553.0,1,0,0.416,56.4,27.8,1
84947.0,0.329,594.0,7.9,13337.0,0,0,0.362,37.1,58.3,1
110589.0,0.248,654.0,14.2,50511.0,0,1,0.542,44.5,56.3,1
26767.0,0.294,555.0,7.1,9911.0,0,1,0.1,69.0,47.6,1
39484.0,0.475,766.0,12.8,28534.0,0,1,0.507,53.2,37.3,0
27193.0,0.43,641.0,17.6,1000.0,0,0,0.387,72.2,61.4,1
91249.0,0.11,613.0,14.9,43189.0,1,0,0.723,61.1,50.8,1
90378.0,0.198,754.0,4.2,15081.0,1,0,0.534,20.9,81.8,1
112616.0,0.39,596.0,3.7,24997.0,1,0,0.675,20.9,64.9,1
73128.0,0.419,745.0,6.5,27625.0,0,1,0.513,45.6,90.2,1
18000.0,0.326,583.0,2.5,24374.0,1,0,0.295,55.4,73.3,1
70627.0,0.133,759.0,0.3,9269.0,0,0,0.552,72.0,0.0,1
35652.0,0.486,688.0,6.8,23445.0,0,1,0.39,63.5,55.6,0
69313.0,0.28,706.0,11.8,20646.0,0,1,0.437,66.1,78.8,1
132758.0,0.169,702.0,8.0,27098.0,0,1,0.845,33.4,50.4,1
63608.0,0.425,641.0,7.8,10111.0,1,0,0.368,71.1,91.5,1
52486.0,0.307,755.0,0.0,26325.0,0,1,0.537,72.0,64.4,0
58930.0,0.414,638.0,10.3,12124.0,0,0,0.806,63.4,69.3,1
36312.0,0.216,638.0,7.5,4327.0,0,0,0.665,71.1,55.7,1
56199.0,0.399,597.0,2.2,19426.0,1,0,0.566,82.3,59.1,0
25493.0,0.214,785.0,9.9,32709.0,1,0,0.695,54.2,70.1,1
91785.0,0.334,693.0,12.0,39093.0,1,0,0.598,60.3,55.4,1
84221.0,0.315,724.0,10.9,38694.0,0,1,0.41,31.1,76.3,1
58796.0,0.328,693.0,10.3,4938.0,1,0,0.651,10.4,77.3,1
47751.0,0.266,794.0,11.0,9157.0,1,0,0.405,70.2,75.0,1
67254.0,0.441,618.0,0.1,22839.0,0,1,0.576,29.2,48.5,0
84951.0,0.356,672.0,2.7,28718.0,1,0,0.488,41.9,83.6,1
99081.0,0.383,671.0,0.0,36629.0,0,0,0.266,55.0,83.6,1
71529.0,0.304,692.0,12.7,17345.0,0,1,0.482,18.5,45.0,1
84253.0,0.317,683.0,8.6,8047.0,0,0,0.61,65.0,50.6,1
76459.0,0.134,641.0,13.5,34648.0,0,0,0.614,68.3,46.5,1
100608.0,0.354,750.0,3.9,26849.0,1,0,0.716,65.9,45.0,1
63161.0,0.197,578.0,9.5,25717.0,0,1,0.46,40.5,74.3,1
59898.0,0.076,645.0,5.2,20569.0,0,0,0.752,75.2,63.7,1
82200.0,0.414,678.0,10.1,19599.0,0,1,0.712,53.1,38.1,1
59593.0,0.293,795.0,15.8,36864.0,0,1,0.395,40.3,39.6,1
116604.0,0.373,720.0,15.7,14327.0,0,1,0.375,72.0,24.7,1
96191.0,0.408,650.0,0.0,22484.0,1,0,0.706,63.5,33.1,1
94598.0,0.348,773.0,3.1,21095.0,0,0,0.745,0.0,65.5,0
54021.0,0.356,614.0,14.6,5564.0,1,0,0.469,19.0,69.3,1
81497.0,0.306,784.0,5.8,44199.0,0,1,0.633,37.1,54.4,1
78994.0,0.505,691.0,12.8,38049.0,0,0,0.622,3.8,83.1,1
76466.0,0.292,666.0,6.8,30939.0,0,0,0.57,58.1,61.4,1
86370.0,0.142,760.0,13.7,6424.0,1,0,0.095,48.0,59.6,1
46347.0,0.176,743.0,7.3,1000.0,0,1,0.76,59.5,20.7,1
99632.0,0.333,820.0,7.6,1000.0,1,0,0.372,75.4,25.9,1
71991.0,0.133,610.0,6.8,1000.0,0,1,0.449,61.2,75.6,0
94293.0,0.152,681.0,14.6,26366.0,1,0,0.505,31.0,46.4,1
51455.0,0.429,734.0,9.0,13212.0,0,1,0.485,52.8,58.2,1
62960.0,0.513,659.0,9.4,30295.0,0,0,0.54,68.9,45.9,0
86414.0,0.275,617.0,3.3,21797.0,1,0,0.684,100.0,59.3,1
73464.0,0.276,667.0,0.5,21514.0,1,0,0.485,28.8,74.2,1
70623.0,0.336,687.0,5.1,35203.0,1,0,0.264,82.2,69.1,1
121238.0,0.288,655.0,7.1,7451.0,1,0,0.476,47.1,99.0,1
73620.0,0.411,640.0,9.2,19899.0,0,1,0.136,58.5,67.3,1
89669.0,0.299,572.0,11.4,30460.0,0,1,0.921,44.1,61.6,1
88546.0,0.05,731.0,7.1,1000.0,0,0,0.716,46.6,33.3,1
68717.0,0.327,509.0,9.6,10038.0,1,0,0.516,67.7,22.5,0
36292.0,0.303,783.0,5.9,7220.0,1,0,0.537,68.9,45.9,1
76170.0,0.376,683.0,9.9,17139.0,0,0,0.291,63.1,67.1,0
121514.0,0.293,687.0,16.3,19348.0,1,0,0.322,74.8,52.7,0
77610.0,0.235,716.0,12.2,11287.0,1,0,0.248,56.5,57.4,1
37707.0,0.428,820.0,5.6,13231.0,0,0,0.401,33.0,69.9,1
50625.0,0.287,689.0,4.1,14665.0,0,1,0.809,36.7,44.5,0
77310.0,0.248,514.0,19.6,18562.0,1,0,0.538,83.3,68.3,0
70686.0,0.16,775.0,3.7,21410.0,1,0,0.508,12.9,39.7,1
71882.0,0.42,670.0,11.3,40806.0,0,0,0.72,66.2,40.3,1
82583.0,0.298,678.0,5.0,36781.0,0,1,0.682,49.7,70.8,0
86641.0,0.261,737.0,7.2,10742.0,0,0,0.46,23.4,64.5,1
97749.0,0.211,631.0,8.0,14190.0,1,0,0.603,31.2,44.5,1
76804.0,0.27,632.0,18.6,15098.0,0,1,0.372,42.0,67.6,1
80114.0,0.305,539.0,16.2,15191.0,0,1,0.621,82.9,46.2,0
52239.0,0.217,630.0,0.0,21241.0,0,0,0.558,27.4,56.5,1
76749.0,0.222,726.0,9.0,12220.0,0,0,0.455,84.8,27.4,1
51482.0,0.309,611.0,0.0,24167.0,1,0,0.747,77.1,44.0,1
83113.0,0.361,685.0,0.0,18223.0,1,0,0.804,48.3,35.4,1
60469.0,0.24,628.0,3.4,19880.0,0,0,0.335,55.4,61.2,0
41446.0,0.312,748.0,12.3,9272.0,0,1,0.471,85.9,34.7,1
138077.0,0.366,689.0,5.7,14012.0,0,1,0.58,39.7,63.7,1
80094.0,0.455,691.0,11.6,13115.0,1,0,0.713,68.4,56.3,0
100603.0,0.273,739.0,12.1,14228.0,0,0,0.278,91.9,69.7,1
97735.0,0.27,632.0,3.4,23510.0,1,0,0.55,29.4,66.3,1
62980.0,0.372,719.0,5.0,25066.0,1,0,0.663,38.7,7.8,1
61652.0,0.374,781.0,4.4,3503.0,0,0,0.381,29.2,56.9,1
108876.0,0.355,536.0,10.8,28157.0,0,0,0.571,67.7,54.4,1
57259.0,0.404,680.0,6.2,25237.0,0,1,0.609,57.7,82.2,1
98062.0,0.25,618.0,2.0,40884.0,1,0,0.246,20.4,100.0,0
79900.0,0.102,592.0,5.5,1000.0,0,0,0.488,55.2,37.7,1
23398.0,0.351,629.0,9.8,11774.0,1,0,0.222,48.4,38.6,0
56556.0,0.211,579.0,0.0,26409.0,0,0,0.676,18.4,55.4,1
75238.0,0.23,686.0,3.3,20385.0,1,0,0.602,13.8,77.9,1
76082.0,0.206,689.0,2.0,1000.0,0,0,0.659,42.5,73.0,1
103940.0,0.484,595.0,13.6,27862.0,0,1,0.686,44.8,50.6,1
90960.0,0.084,764.0,2.5,12997.0,1,0,0.524,64.5,48.2,1
46931.0,0.451,585.0,7.9,1000.0,0,1,0.375,23.0,57.9,0
51454.0,0.366,650.0,1.1,33839.0,1,0,0.807,62.6,30.2,1
56525.0,0.373,634.0,15.7,1000.0,0,0,0.823,55.7,40.3,1
65989.0,0.115,655.0,0.0,24503.0,0,1,0.221,62.1,74.3,1
41445.0,0.367,763.0,11.6,22335.0,0,1,0.454,45.5,30.8,1
86367.0,0.285,680.0,14.3,19995.0,1,0,0.67,62.8,61.1,1
61632.0,0.338,715.0,6.5,16376.0,1,0,0.446,42.9,58.0,1
72699.0,0.24,533.0,0.1,11414.0,0,1,0.425,12.4,61.6,0
73804.0,0.201,679.0,0.0,23443.0,1,0,0.845,64.3,60.8,1
55561.0,0.331,584.0,5.4,13840.0,0,0,0.502,53.6,50.1,0
79659.0,0.359,625.0,13.2,8815.0,1,0,0.51,100.0,42.5,0
80461.0,0.339,692.0,1.8,29276.0,0,0,0.572,63.9,53.1,1
81176.0,0.315,605.0,3.2,1000.0,0,0,0.34,29.6,31.6,1
28101.0,0.363,729.0,15.2,11650.0,0,0,0.651,66.9,73.6,1
93873.0,0.292,533.0,6.6,4165.0,0,0,0.72,50.5,45.0,1
52575.0,0.156,790.0,0.0,1000.0,0,1,0.649,50.4,63.0,1
52054.0,0.306,709.0,5.1,36366.0,1,0,0.615,69.0,96.7,0
105631.0,0.344,654.0,5.4,28839.0,0,1,0.497,72.8,74.3,1
62888.0,0.22,722.0,9.8,5276.0,0,0,0.619,26.6,77.1,1
57117.0,0.169,567.0,8.9,20780.0,1,0,0.665,53.6,24.5,1
71098.0,0.384,662.0,1.3,13535.0,0,0,0.702,81.4,86.5,1
132337.0,0.267,740.0,5.8,3232.0,1,0,0.756,21.5,63.0,1
46182.0,0.322,791.0,2.9,19139.0,1,0,0.237,46.6,69.4,1
33745.0,0.168,702.0,1.7,23093.0,0,0,0.367,71.1,71.8,1
76299.0,0.277,618.0,0.0,6648.0,0,1,0.525,65.7,31.3,1
91649.0,0.358,687.0,14.2,12547.0,0,1,0.845,53.7,57.9,1
98349.0,0.278,551.0,5.4,7450.0,0,0,0.811,29.5,0.0,1
98535.0,0.163,820.0,2.2,35209.0,1,0,0.252,22.5,17.5,0
121162.0,0.388,779.0,17.3,16971.0,1,0,0.355,59.6,43.5,1
91993.0,0.273,586.0,9.4,12259.0,1,0,0.386,45.1,46.3,0
48842.0,0.232,555.0,2.7,1542.0,1,0,0.615,53.7,52.8,1
40710.0,0.373,480.0,9.7,32615.0,0,0,0.344,37.9,76.0,1
37642.0,0.329,624.0,9.0,28564.0,0,1,0.456,43.4,40.1,1
83510.0,0.314,780.0,8.9,11474.0,0,1,0.73,55.1,68.4,1
66111.0,0.236,772.0,9.0,14840.0,1,0,0.59,64.8,39.4,1
72977.0,0.34,589.0,2.4,27091.0,1,0,0.822,59.4,45.5,0
99816.0,0.422,661.0,2.5,30622.0,0,0,0.481,29.5,49.4,1
100586.0,0.153,699.0,6.5,24031.0,0,1,0.511,55.4,30.3,1
105237.0,0.527,648.0,10.7,22260.0,1,0,0.482,65.3,53.8,0
60971.0,0.266,653.0,9.9,4048.0,1,0,0.651,22.4,95.6,0
41862.0,0.364,555.0,5.0,45789.0,1,0,0.418,53.4,45.8,0
108354.0,0.147,546.0,8.5,12353.0,1,0,0.448,38.0,61.8,0
50384.0,0.325,581.0,9.8,24628.0,1,0,0.686,59.7,58.6,0
61428.0,0.376,747.0,8.4,8649.0,1,0,0.687,38.7,68.4,0
74545.0,0.209,591.0,0.2,25417.0,0,1,0.524,37.2,16.3,0
39760.0,0.357,744.0,3.8,11461.0,0,1,0.442,50.8,60.7,1
100894.0,0.117,718.0,6.1,23079.0,0,0,0.622,72.9,42.7,1
57090.0,0.408,759.0,11.0,28335.0,1,0,0.597,47.4,50.3,1
55331.0,0.307,645.0,7.3,36036.0,0,1,0.571,45.1,50.1,1
50510.0,0.443,669.0,13.0,10443.0,1,0,0.835,41.5,35.9,1
59600.0,0.348,782.0,4.2,32940.0,0,0,0.391,76.9,83.4,1
41307.0,0.416,628.0,5.0,26912.0,1,0,0.43,48.2,46.9,0
66378.0,0.176,709.0,7.6,12419.0,1,0,0.27,43.4,49.9,1
40847.0,0.05,659.0,11.3,28266.0,0,1,0.519,43.1,49.7,1
50436.0,0.401,669.0,1.8,19181.0,0,0,0.748,52.9,74.1,1
50329.0,0.391,701.0,0.0,3854.0,1,0,0.703,0.0,76.4,0
60651.0,0.268,680.0,4.8,12427.0,1,0,0.291,81.0,15.5,1
59373.0,0.369,600.0,15.6,12498.0,0,1,0.565,53.8,56.7,1
84113.0,0.304,732.0,12.3,15528.0,1,0,0.577,71.0,35.9,1
41577.0,0.497,820.0,7.1,22803.0,0,1,0.294,33.1,56.8,1
81235.0,0.243,719.0,9.2,6852.0,0,1,0.716,49.9,24.1,1
82995.0,0.31,588.0,8.7,10848.0,1,0,0.524,62.4,63.9,0
71302.0,0.36,702.0,6.9,32666.0,1,0,0.627,45.8,64.2,1
56055.0,0.056,820.0,8.4,11511.0,0,0,0.456,44.4,100.0,1
95512.0,0.435,716.0,4.3,32702.0,1,0,0.283,77.6,68.7,1
74915.0,0.383,746.0,6.2,26437.0,1,0,0.789,54.6,49.4,1
78762.0,0.33,622.0,6.8,11349.0,1,0,0.76,29.3,52.2,1
79481.0,0.366,712.0,4.9,28144.0,1,0,0.581,21.1,40.4,1
70723.0,0.425,727.0,10.9,46909.0,0,1,0.515,36.8,57.4,1
82389.0,0.05,642.0,2.0,4479.0,0,1,0.074,40.6,55.9,1
48553.0,0.338,621.0,9.7,8670.0,1,0,0.656,42.8,62.7,0
68744.0,0.185,653.0,6.3,14906.0,0,1,0.5,38.0,36.4,1
74778.0,0.363,715.0,2.8,33446.0,0,0,0.573,35.5,67.3,1
18000.0,0.433,577.0,10.9,28767.0,0,0,0.325,69.5,48.8,0
62400.0,0.21,653.0,3.9,17849.0,1,0,0.365,48.4,95.0,1
66237.0,0.261,609.0,9.9,2438.0,1,0,0.547,32.1,74.3,1
94055.0,0.367,718.0,0.0,36752.0,0,1,0.656,41.4,62.1,1
68117.0,0.499,698.0,4.9,25948.0,0,1,0.496,47.8,63.5,0
37492.0,0.573,621.0,0.1,38173.0,1,0,0.243,68.9,7.1,0
58944.0,0.429,672.0,6.7,30298.0,1,0,0.686,5.4,70.4,1
42734.0,0.336,670.0,0.0,49908.0,0,1,0.451,25.1,93.4,1
20520.0,0.069,683.0,0.0,25575.0,0,0,0.742,28.4,50.4,1
103521.0,0.183,634.0,7.0,32092.0,0,1,0.585,55.0,61.9,1
45802.0,0.454,660.0,15.7,17104.0,0,1,0.525,66.8,56.6,1
64445.0,0.297,820.0,13.6,24833.0,0,0,0.6,9.2,50.1,1
71818.0,0.244,680.0,8.2,21137.0,0,1,0.589,17.0,23.7,1
63080.0,0.425,717.0,13.0,16847.0,1,0,0.932,39.3,73.5,1
22159.0,0.469,679.0,12.3,3965.0,1,0,0.555,59.0,38.8,0
72375.0,0.257,717.0,9.3,15965.0,0,1,0.962,73.9,73.2,1
51039.0,0.297,615.0,12.9,9322.0,1,0,0.494,88.8,64.6,1
82003.0,0.148,626.0,10.8,20161.0,1,0,0.706,42.2,61.9,1
100089.0,0.222,576.0,7.6,21667.0,1,0,0.286,72.3,55.0,0
49267.0,0.183,748.0,7.7,37442.0,1,0,0.273,53.9,78.5,1
83455.0,0.345,598.0,8.1,30755.0,0,1,0.533,41.2,70.4,1
38365.0,0.072,710.0,9.4,22812.0,1,0,0.51,33.7,41.4,1
135169.0,0.287,610.0,8.3,21511.0,0,0,0.738,61.4,26.9,1
99976.0,0.328,575.0,2.6,8735.0,1,0,0.164,86.5,58.1,1
54662.0,0.187,577.0,6.5,7705.0,1,0,0.569,19.8,59.4,0
119618.0,0.188,651.0,8.0,10570.0,1,0,0.71,42.2,41.9,1
102379.0,0.294,660.0,8.6,17839.0,0,1,0.613,51.6,56.2,1
27153.0,0.478,731.0,0.0,47215.0,0,0,0.554,62.6,55.1,1
40426.0,0.271,648.0,6.7,27005.0,0,1,0.484,14.2,64.3,0
88848.0,0.377,709.0,5.7,19357.0,0,1,0.792,30.6,67.2,1
104657.0,0.219,747.0,3.5,1137.0,0,0,0.564,78.5,74.9,1
46021.0,0.287,750.0,19.8,2849.0,0,0,0.763,38.8,79.9,0
68607.0,0.322,676.0,10.6,22454.0,0,1,0.608,43.0,30.0,1
125612.0,0.217,625.0,0.0,17805.0,1,0,0.772,27.4,16.9,1
44872.0,0.254,630.0,5.3,15063.0,0,1,0.74,46.9,59.6,1
69258.0,0.429,777.0,0.0,1000.0,0,0,0.754,67.3,16.0,0
102801.0,0.258,675.0,3.4,26496.0,1,0,0.237,23.9,82.1,1
54955.0,0.359,627.0,10.9,31134.0,1,0,0.157,33.8,63.0,0
30965.0,0.209,681.0,0.0,1000.0,0,1,0.684,36.0,50.4,1
69811.0,0.144,657.0,4.7,32765.0,1,0,0.627,71.2,44.6,1
75149.0,0.288,453.0,12.2,25939.0,1,0,0.709,67.9,41.4,1
76146.0,0.344,820.0,13.3,1000.0,1,0,0.691,30.2,63.4,1
79216.0,0.329,657.0,6.6,33531.0,1,0,0.804,58.1,28.6,1
126039.0,0.143,757.0,8.8,16036.0,1,0,0.562,69.8,60.3,1
66775.0,0.177,660.0,11.6,12504.0,0,1,0.413,84.7,77.2,1
113153.0,0.285,643.0,6.7,26500.0,1,0,0.57,26.0,44.5,1
88455.0,0.266,752.0,11.4,39297.0,1,0,0.662,49.2,72.3,1
83321.0,0.165,682.0,15.0,27257.0,0,1,0.901,40.5,58.7,1
75250.0,0.502,663.0,5.5,15259.0,0,1,0.616,65.3,65.5,1
39942.0,0.329,600.0,0.0,32128.0,1,0,0.536,44.1,54.9,1
35091.0,0.282,654.0,8.2,28693.0,0,1,0.743,44.0,54.0,0
41729.0,0.234,723.0,14.6,20858.0,1,0,0.733,23.7,69.4,1
31834.0,0.231,681.0,2.4,1000.0,0,0,0.624,64.8,73.7,1
63839.0,0.4,719.0,6.8,17986.0,1,0,0.786,79.2,40.0,1
50805.0,0.261,504.0,2.7,22059.0,0,1,0.877,0.4,63.9,1
41568.0,0.259,725.0,6.9,12195.0,0,1,0.542,57.3,41.1,1
58362.0,0.329,609.0,7.1,40280.0,0,1,0.961,25.8,61.8,1
96759.0,0.337,737.0,3.7,27404.0,1,0,0.77,33.4,36.3,1
59747.0,0.392,820.0,11.3,23839.0,1,0,0.596,50.9,64.4,1
82444.0,0.2,730.0,11.0,27639.0,1,0,0.637,31.3,65.1,1
66560.0,0.385,579.0,3.7,21227.0,0,1,0.669,28.9,50.2,0
97820.0,0.396,692.0,3.1,23684.0,0,1,0.307,57.5,53.3,1
74879.0,0.329,626.0,9.8,28756.0,0,1,0.524,72.6,72.5,1
80569.0,0.216,618.0,15.1,1000.0,1,0,0.574,63.9,35.6,0
61786.0,0.244,669.0,15.2,26487.0,1,0,0.402,36.6,40.4,0
61318.0,0.335,811.0,5.5,27541.0,0,1,0.434,45.9,69.1,1
45842.0,0.333,739.0,10.8,47423.0,0,1,0.591,42.7,100.0,1
46233.0,0.231,738.0,9.6,26073.0,1,0,0.348,57.0,85.7,1
64257.0,0.086,711.0,14.3,15049.0,0,1,0.577,41.7,71.3,1
55801.0,0.225,704.0,5.6,17845.0,0,0,0.367,69.8,63.8,0
76317.0,0.212,668.0,10.3,22486.0,1,0,0.153,43.2,68.1,1
82871.0,0.257,699.0,9.4,29322.0,0,0,0.856,27.0,34.0,1
100059.0,0.254,557.0,9.9,16443.0,1,0,0.224,57.0,83.1,1
45671.0,0.244,728.0,7.8,22625.0,0,1,0.615,85.9,75.3,1
135346.0,0.41,624.0,3.8,30589.0,1,0,0.687,29.1,82.1,1
64754.0,0.241,580.0,2.6,9245.0,0,0,0.483,41.3,72.9,1
85739.0,0.239,795.0,5.1,25095.0,1,0,0.652,91.6,54.9,1
61868.0,0.372,800.0,8.4,39361.0,0,1,0.452,49.1,60.0,1
67587.0,0.227,649.0,13.1,25294.0,0,0,0.519,61.2,39.2,1
50838.0,0.303,627.0,5.1,23542.0,0,1,0.611,38.4,24.0,1
72620.0,0.212,708.0,7.7,16017.0,0,1,0.526,65.4,48.7,1
91240.0,0.362,727.0,9.0,1000.0,0,1,0.487,33.4,46.7,0
79250.0,0.258,701.0,15.6,30721.0,1,0,0.295,30.4,47.0,1
31326.0,0.433,556.0,6.5,1000.0,1,0,0.255,87.3,84.8,0
84155.0,0.254,727.0,7.2,30123.0,0,1,0.817,65.2,74.6,1
76175.0,0.267,698.0,0.0,1000.0,1,0,0.514,38.6,57.1,0
77874.0,0.364,604.0,12.4,42936.0,0,1,0.433,74.2,51.1,1
74577.0,0.273,751.0,6.8,42251.0,1,0,0.405,43.2,40.4,1
18000.0,0.094,697.0,6.2,24776.0,0,0,0.079,49.4,30.8,1
43179.0,0.306,647.0,1.8,21199.0,1,0,0.93,42.6,42.2,1
105320.0,0.306,620.0,5.2,17621.0,0,0,0.379,97.3,56.4,0
75880.0,0.245,747.0,11.6,24217.0,1,0,0.669,77.0,36.9,1
67876.0,0.172,657.0,8.1,33228.0,0,0,0.476,48.4,59.9,0
79547.0,0.299,704.0,13.1,20511.0,1,0,0.623,40.8,47.7,1
74459.0,0.308,667.0,8.8,39999.0,0,1,0.625,46.9,82.3,1
134523.0,0.254,729.0,6.6,1000.0,0,1,0.531,62.3,68.1,1
72870.0,0.295,687.0,6.0,31257.0,0,0,0.826,40.1,61.7,1
106641.0,0.139,648.0,0.2,8200.0,1,0,0.731,58.5,52.6,1
83599.0,0.494,626.0,10.6,27930.0,1,0,0.384,31.3,70.7,0
73131.0,0.326,571.0,14.5,4680.0,0,0,0.503,12.5,64.1,1
48884.0,0.302,682.0,5.4,9669.0,1,0,0.156,58.8,80.5,0
30431.0,0.436,679.0,0.0,24608.0,1,0,0.387,75.2,75.8,0
57735.0,0.148,702.0,8.4,13367.0,1,0,0.594,34.6,57.4,1
66449.0,0.178,574.0,7.4,15217.0,1,0,0.707,98.3,86.5,1
39258.0,0.177,679.0,0.0,46045.0,0,0,0.612,58.9,45.7,0
63507.0,0.394,554.0,0.6,24154.0,1,0,0.677,48.4,29.3,1
58861.0,0.315,673.0,10.5,20614.0,0,1,0.595,26.5,49.0,1
96828.0,0.371,649.0,9.0,19121.0,0,1,0.718,33.5,52.4,1
79694.0,0.375,565.0,4.5,19673.0,0,1,0.668,44.0,58.7,1
18000.0,0.478,541.0,10.6,30106.0,1,0,0.362,79.5,46.0,0
110494.0,0.354,696.0,10.8,19570.0,0,1,0.264,14.4,74.0,1
47806.0,0.239,743.0,13.7,7014.0,1,0,0.574,50.5,66.7,1
62446.0,0.126,661.0,7.1,38994.0,0,1,0.336,100.0,39.9,0
71792.0,0.237,638.0,10.5,32414.0,0,1,0.936,48.7,64.8,1
56827.0,0.215,583.0,6.1,15074.0,0,1,0.549,62.0,65.9,0
51432.0,0.289,649.0,11.7,16004.0,1,0,0.294,15.6,41.2,0
60954.0,0.189,625.0,5.6,15083.0,0,0,0.316,13.8,38.4,1
93349.0,0.456,642.0,2.9,16182.0,1,0,0.646,52.2,0.0,1
72960.0,0.279,698.0,8.6,25875.0,0,0,0.922,70.0,40.7,1
74966.0,0.261,760.0,14.5,16053.0,0,1,0.615,51.5,67.3,1
40967.0,0.271,674.0,8.8,48813.0,0,1,0.691,53.1,40.1,1
78473.0,0.203,700.0,4.8,24078.0,1,0,0.478,51.4,50.6,1
48722.0,0.184,749.0,2.7,29835.0,1,0,0.293,39.2,76.3,1
67394.0,0.269,679.0,7.6,28691.0,1,0,0.315,85.0,69.3,1
97086.0,0.135,683.0,6.3,14123.0,1,0,0.441,79.8,62.5,1
98800.0,0.393,603.0,0.0,35082.0,1,0,0.387,34.5,44.0,0
91566.0,0.386,732.0,1.4,11000.0,0,0,0.581,60.1,55.5,1
69044.0,0.293,534.0,12.9,7237.0,0,0,0.654,35.0,28.1,1
98698.0,0.202,726.0,5.6,15737.0,1,0,0.471,46.8,49.5,1
63729.0,0.179,677.0,6.8,6349.0,0,1,0.299,76.1,45.2,1
59546.0,0.394,806.0,0.0,16127.0,1,0,0.499,69.6,86.8,1
115118.0,0.388,664.0,13.5,20134.0,1,0,0.812,54.2,63.9,1
104688.0,0.253,696.0,7.9,1000.0,1,0,0.679,67.5,43.6,1
64903.0,0.36,601.0,5.0,18427.0,0,1,0.35,84.8,42.5,1
31060.0,0.298,623.0,6.2,16141.0,0,0,0.772,37.2,69.7,1
105282.0,0.241,643.0,13.4,30340.0,0,1,0.664,55.2,57.7,1
83077.0,0.37,714.0,7.1,26568.0,0,1,0.582,35.1,20.8,1
92167.0,0.373,554.0,10.3,21363.0,0,0,0.757,32.7,57.6,1
39593.0,0.394,616.0,4.6,34790.0,0,0,0.597,40.4,0.0,0
42767.0,0.231,790.0,16.9,21481.0,0,1,0.573,45.5,51.8,1
93306.0,0.276,781.0,6.7,25852.0,0,1,0.745,34.6,48.5,1
49668.0,0.219,667.0,17.1,6952.0,1,0,0.735,69.9,32.2,1
76698.0,0.313,719.0,12.5,38505.0,1,0,0.679,40.5,12.5,1
67719.0,0.266,738.0,4.7,38587.0,1,0,0.423,78.8,69.8,1
89478.0,0.304,706.0,0.1,26777.0,0,0,0.52,63.8,67.0,0
50365.0,0.263,642.0,8.3,6975.0,1,0,0.661,67.5,23.7,1
39256.0,0.328,820.0,0.7,21935.0,0,1,0.475,47.9,52.3,1
85162.0,0.351,591.0,4.1,24508.0,1,0,1.0,89.1,62.5,0
26066.0,0.381,666.0,0.0,15510.0,0,0,0.111,53.7,71.8,0
61160.0,0.305,646.0,11.1,37210.0,1,0,0.716,55.6,41.5,1
75748.0,0.335,564.0,15.2,14748.0,1,0,0.741,59.7,27.3,1
94705.0,0.254,646.0,0.0,1000.0,0,1,0.47,29.8,32.4,1
81416.0,0.392,708.0,6.9,16647.0,1,0,0.796,56.6,68.4,0
73275.0,0.296,579.0,16.2,2823.0,1,0,0.758,72.7,76.9,0
86103.0,0.32,769.0,15.5,10092.0,0,1,0.679,31.4,46.7,1
69582.0,0.401,755.0,10.7,21333.0,1,0,0.591,70.6,81.1,1
106539.0,0.376,663.0,12.4,13841.0,0,0,0.763,73.3,51.0,1
44426.0,0.198,731.0,1.1,5928.0,1,0,0.669,42.4,33.9,0
84984.0,0.418,671.0,6.8,37807.0,0,1,0.415,46.4,41.7,1
77812.0,0.161,538.0,8.6,17511.0,0,0,0.714,64.1,37.6,1
64353.0,0.349,691.0,6.6,22928.0,0,1,0.761,54.9,48.1,1
43740.0,0.383,499.0,10.0,35155.0,1,0,0.136,10.3,20.1,0
74610.0,0.167,746.0,16.6,28006.0,1,0,0.521,8.5,27.8,1
66828.0,0.439,626.0,14.2,21858.0,1,0,0.725,47.7,43.5,1
62369.0,0.179,682.0,0.0,12912.0,0,0,0.549,26.4,40.5,1
88010.0,0.456,688.0,0.3,15425.0,0,1,0.679,71.5,47.3,1
72385.0,0.417,666.0,4.8,23993.0,0,0,0.837,57.9,61.6,1
62284.0,0.33,723.0,2.5,25506.0,0,0,0.791,91.8,29.0,0
45099.0,0.287,695.0,6.9,32029.0,1,0,0.642,76.2,48.1,1
48180.0,0.187,560.0,14.9,14413.0,0,1,0.448,13.3,87.7,1
88750.0,0.362,621.0,0.0,18585.0,0,1,0.753,79.3,44.7,0
55284.0,0.321,648.0,8.2,14096.0,1,0,0.46,43.0,67.5,0
26782.0,0.344,764.0,2.3,26315.0,1,0,0.696,23.8,31.3,1
63230.0,0.142,653.0,15.1,9397.0,0,1,0.508,44.4,45.9,1
65173.0,0.304,646.0,3.9,17561.0,1,0,0.418,54.4,23.9,1
76074.0,0.21,623.0,6.1,1000.0,0,1,0.589,100.0,40.2,1
43645.0,0.329,664.0,9.0,11669.0,0,0,0.389,60.6,68.4,0
78832.0,0.232,661.0,10.2,27314.0,0,1,0.374,79.2,93.1,1
31027.0,0.291,721.0,4.0,9042.0,0,0,0.812,63.0,19.5,1
120482.0,0.193,567.0,12.5,28496.0,0,1,0.788,58.7,43.6,0
60749.0,0.342,715.0,0.5,13044.0,0,1,0.895,45.4,16.9,1
80570.0,0.223,820.0,6.2,6572.0,0,0,0.413,65.3,41.3,1
59200.0,0.384,572.0,8.2,24563.0,0,1,0.651,41.9,55.2,0
61785.0,0.408,636.0,5.5,17967.0,1,0,0.683,72.4,74.5,1
55486.0,0.231,691.0,8.4,13554.0,1,0,0.622,55.1,38.7,1
86340.0,0.264,724.0,4.7,14750.0,0,0,1.0,79.3,63.3,1
32615.0,0.245,690.0,10.7,21819.0,1,0,0.703,29.8,100.0,1
78830.0,0.277,675.0,6.0,19703.0,0,0,0.659,51.3,88.9,1
47223.0,0.142,669.0,2.7,12223.0,0,0,0.724,59.6,54.1,1
40224.0,0.309,820.0,8.1,1771.0,1,0,0.571,58.4,61.6,1
95040.0,0.337,705.0,6.5,8335.0,0,0,0.53,100.0,27.7,0
96307.0,0.244,697.0,7.6,11584.0,1,0,0.634,63.7,54.8,0
75508.0,0.27,706.0,7.7,35556.0,1,0,0.624,63.4,28.6,1
97942.0,0.365,640.0,6.3,21188.0,0,0,0.808,63.5,81.1,0
38678.0,0.288,734.0,0.0,13043.0,1,0,0.551,95.3,75.4,1
74438.0,0.379,820.0,3.5,23612.0,1,0,0.055,43.1,74.5,1
75673.0,0.306,708.0,11.7,15959.0,1,0,0.423,33.2,58.2,1
125959.0,0.227,696.0,6.2,16436.0,0,0,0.655,45.3,33.2,1
65327.0,0.301,766.0,9.5,5063.0,0,0,0.496,28.2,53.7,1
99907.0,0.427,803.0,5.6,42261.0,1,0,0.638,64.5,39.1,1
109873.0,0.268,729.0,10.4,20178.0,1,0,0.587,31.7,51.5,1
95706.0,0.265,583.0,5.3,24720.0,0,1,0.541,34.9,63.4,1
49765.0,0.258,748.0,3.9,7798.0,0,1,0.575,56.1,60.6,1
18000.0,0.311,748.0,11.2,36349.0,0,0,0.79,19.4,80.8,1
33644.0,0.304,652.0,1.6,1000.0,0,1,0.799,25.1,36.8,1
18000.0,0.105,773.0,11.6,4073.0,0,0,0.797,43.9,41.5,1
102699.0,0.408,703.0,6.9,42768.0,1,0,0.458,44.5,54.1,1
50456.0,0.452,665.0,2.1,12390.0,0,0,0.763,64.6,64.4,1
75653.0,0.265,774.0,8.2,42015.0,1,0,0.232,79.6,39.0,0
86576.0,0.229,709.0,13.6,35201.0,1,0,0.485,80.8,45.2,1
71391.0,0.221,590.0,6.6,19197.0,0,0,0.508,33.2,70.6,1
69490.0,0.2,766.0,1.9,1000.0,0,1,0.459,57.1,87.8,1
74665.0,0.305,753.0,13.5,30035.0,0,1,0.671,76.2,74.3,1
70909.0,0.425,733.0,1.9,38166.0,0,1,0.631,80.7,52.4,1
48660.0,0.169,576.0,1.7,14848.0,1,0,0.48,46.5,71.4,0
72334.0,0.222,677.0,7.2,9458.0,1,0,0.735,69.4,73.7,1
48249.0,0.156,692.0,14.1,21377.0,0,0,0.523,59.4,62.6,1
78933.0,0.385,672.0,6.2,25288.0,1,0,0.666,53.2,51.6,0
101026.0,0.459,820.0,2.8,43148.0,0,0,0.344,46.9,64.1,1
36622.0,0.342,770.0,2.3,17183.0,0,1,0.474,40.6,96.0,1
86937.0,0.231,532.0,9.5,26698.0,1,0,0.035,45.4,59.7,1
72635.0,0.355,731.0,11.9,19936.0,0,0,0.476,48.6,62.0,1
53185.0,0.292,547.0,5.1,6097.0,1,0,0.366,50.9,57.2,0
104561.0,0.281,615.0,7.9,25557.0,1,0,0.706,52.2,58.8,0
72681.0,0.208,537.0,4.6,16312.0,1,0,0.448,88.0,50.8,1
18000.0,0.152,672.0,12.0,25330.0,0,1,0.346,41.0,36.1,1
66824.0,0.233,679.0,2.9,8114.0,1,0,0.85,74.5,58.0,1
71055.0,0.394,688.0,5.4,10816.0,0,0,0.587,37.7,39.6,1
73033.0,0.258,592.0,0.2,1693.0,1,0,0.628,68.2,68.3,1
76817.0,0.185,771.0,5.1,20302.0,1,0,0.615,56.4,87.3,1
76365.0,0.384,820.0,11.1,16835.0,0,1,0.404,33.5,76.8,1
35739.0,0.296,709.0,9.7,16265.0,1,0,0.86,35.1,24.1,1
79318.0,0.324,690.0,5.6,27250.0,1,0,0.694,24.9,57.5,0
54518.0,0.506,719.0,2.9,27861.0,0,0,0.807,46.8,29.6,1
78945.0,0.394,641.0,0.0,8393.0,0,1,0.357,74.6,18.0,0
22977.0,0.281,716.0,17.7,23270.0,0,1,0.667,28.8,67.0,1
57315.0,0.368,697.0,2.1,11947.0,1,0,0.886,50.1,75.6,0
75715.0,0.377,786.0,5.3,9503.0,1,0,0.617,30.6,13.4,0
94695.0,0.47,808.0,1.6,1000.0,0,1,0.411,78.7,34.0,1
91219.0,0.237,652.0,8.4,29728.0,0,1,0.557,52.2,74.9,1
74955.0,0.335,707.0,0.0,3392.0,0,1,0.632,53.5,74.9,1
47201.0,0.502,682.0,11.2,27202.0,0,1,0.736,49.2,89.9,1
53061.0,0.339,714.0,8.5,14659.0,1,0,0.3,61.2,76.2,1
81240.0,0.468,750.0,0.0,33648.0,0,0,0.786,57.1,44.9,1
71541.0,0.192,700.0,9.3,27432.0,0,1,0.587,72.6,67.8,1
111201.0,0.363,820.0,3.4,1000.0,0,0,0.483,71.8,57.5,1
109741.0,0.309,682.0,0.5,20798.0,1,0,0.535,90.9,33.8,1
22833.0,0.138,638.0,9.8,21204.0,1,0,0.524,65.3,74.8,1
100020.0,0.392,677.0,14.0,21428.0,1,0,0.609,37.8,69.4,1
132321.0,0.186,772.0,9.2,29947.0,0,1,0.429,39.5,46.6,1
75696.0,0.204,650.0,6.8,37665.0,0,1,0.379,45.3,59.2,1
90070.0,0.083,805.0,8.9,30133.0,0,0,0.238,46.5,76.0,1
45594.0,0.411,677.0,4.6,29032.0,1,0,0.728,36.5,68.6,1
66077.0,0.303,757.0,9.7,36028.0,0,0,0.594,81.5,49.5,1
62400.0,0.304,686.0,7.3,23854.0,0,0,0.708,98.0,87.5,1
75112.0,0.325,697.0,1.1,35401.0,0,1,0.781,29.9,72.2,1
81407.0,0.233,727.0,8.5,8135.0,1,0,0.694,44.8,20.3,1
55597.0,0.415,671.0,0.0,12549.0,1,0,0.471,56.9,69.3,0
87694.0,0.335,624.0,10.8,25713.0,1,0,0.581,78.1,39.1,0
84164.0,0.261,645.0,12.2,30843.0,1,0,0.881,56.9,22.3,1
46184.0,0.251,642.0,9.0,29429.0,0,0,0.771,57.0,75.9,0
96388.0,0.401,686.0,5.8,1000.0,0,1,0.751,21.4,100.0,1
88649.0,0.243,658.0,3.5,21456.0,0,1,0.558,48.9,62.1,1
88807.0,0.168,820.0,0.0,15003.0,1,0,0.383,55.9,15.4,1
87893.0,0.373,598.0,14.5,30781.0,1,0,0.517,71.7,54.0,0
51275.0,0.274,652.0,9.9,13215.0,1,0,1.0,21.2,55.4,1
18000.0,0.236,741.0,1.9,22422.0,0,0,0.749,77.1,42.9,1
18000.0,0.268,626.0,3.5,21078.0,0,1,0.379,64.5,71.2,1
71202.0,0.143,723.0,7.7,14647.0,0,0,0.586,13.3,69.3,1
52112.0,0.468,718.0,5.9,27022.0,1,0,0.664,35.5,85.4,1
107668.0,0.37,666.0,10.8,17370.0,1,0,0.441,96.3,91.3,1
97923.0,0.357,566.0,9.0,27645.0,0,1,0.63,23.7,47.1,1
125064.0,0.269,726.0,6.0,20664.0,1,0,0.269,46.6,65.7,1
77425.0,0.274,651.0,9.1,38017.0,1,0,0.743,53.6,81.4,0
106067.0,0.164,709.0,1.7,18448.0,0,0,0.455,24.3,28.8,1
92048.0,0.223,729.0,6.7,24647.0,1,0,0.491,38.4,64.4,0
45958.0,0.244,576.0,7.4,4654.0,0,0,0.474,30.1,28.8,0
18000.0,0.225,736.0,4.2,6628.0,1,0,0.709,86.5,60.3,1
89870.0,0.346,712.0,2.9,8578.0,0,0,0.295,43.3,49.7,1
35536.0,0.302,782.0,4.6,3056.0,0,1,0.678,42.1,85.8,1
92890.0,0.386,796.0,1.2,13432.0,0,1,0.658,69.5,44.9,1
27809.0,0.343,695.0,0.0,11385.0,0,0,0.32,36.9,48.1,0
64645.0,0.105,723.0,10.6,25645.0,1,0,0.789,35.8,88.4,1
100700.0,0.16,712.0,0.0,12388.0,0,0,0.83,79.0,21.1,1
87982.0,0.172,644.0,20.3,13282.0,0,1,0.368,75.3,19.6,1
90543.0,0.355,637.0,11.1,30769.0,1,0,0.627,23.5,0.0,1
61770.0,0.301,637.0,5.6,45340.0,0,1,0.338,76.0,41.9,1
69092.0,0.246,731.0,10.5,42068.0,0,0,0.534,52.1,24.0,1
73960.0,0.309,818.0,7.9,26584.0,0,1,0.968,36.9,91.0,1
65081.0,0.254,769.0,12.5,24568.0,0,0,0.288,78.3,63.2,1
98349.0,0.201,643.0,8.5,12120.0,1,0,0.606,57.5,81.3,1
90170.0,0.355,655.0,12.9,24606.0,0,1,0.497,78.7,80.4,1
97857.0,0.286,645.0,8.1,44261.0,0,1,0.211,28.5,56.1,0
57628.0,0.544,603.0,8.8,20149.0,0,1,0.417,31.9,26.9,0
80498.0,0.378,624.0,7.6,12319.0,1,0,0.67,18.0,74.6,1
86278.0,0.258,652.0,7.6,23153.0,1,0,0.844,64.1,48.2,1
81105.0,0.359,686.0,0.0,13946.0,1,0,0.998,67.8,46.6,0
39332.0,0.249,780.0,1.6,44073.0,0,0,0.61,12.6,78.7,1
108825.0,0.417,809.0,6.3,28114.0,1,0,0.38,61.8,50.2,1
67752.0,0.252,718.0,7.6,26984.0,0,1,0.603,36.4,40.1,1
58874.0,0.442,682.0,12.4,10604.0,0,1,0.684,44.1,65.6,1
86321.0,0.359,686.0,0.0,11656.0,0,1,0.839,66.6,59.1,1
81329.0,0.409,769.0,10.3,19250.0,0,1,0.409,49.7,30.8,0
74013.0,0.395,677.0,14.4,5468.0,1,0,0.173,19.1,20.4,1
114839.0,0.547,599.0,14.8,14163.0,0,1,0.688,70.8,73.7,1
93728.0,0.163,804.0,5.9,5643.0,1,0,0.464,66.7,36.9,1
45374.0,0.209,706.0,2.9,2975.0,0,0,0.708,53.4,36.5,0
88396.0,0.427,693.0,1.5,27204.0,1,0,0.681,85.4,74.9,1
79984.0,0.232,604.0,14.8,11343.0,1,0,0.173,49.7,36.0,0
89686.0,0.335,814.0,11.3,40660.0,1,0,0.51,33.3,92.0,1
76211.0,0.331,767.0,12.4,15118.0,0,1,0.32,90.7,28.8,1
108693.0,0.433,718.0,16.6,24110.0,0,0,0.284,50.7,35.6,1
59229.0,0.237,740.0,1.7,44117.0,1,0,0.68,35.1,42.8,1
63095.0,0.429,716.0,2.8,6755.0,1,0,0.561,45.5,50.4,1
69247.0,0.386,652.0,10.3,3966.0,0,1,0.747,45.0,51.5,1
109217.0,0.261,721.0,1.3,15754.0,0,1,0.358,61.6,68.3,1
81858.0,0.322,757.0,2.8,22934.0,1,0,0.515,55.3,48.8,1
69939.0,0.082,712.0,7.0,36670.0,0,1,0.454,100.0,46.0,1
62074.0,0.378,649.0,2.5,23539.0,1,0,0.816,59.7,69.8,0
88005.0,0.152,752.0,18.2,37523.0,1,0,0.767,43.9,93.0,1
35193.0,0.464,673.0,11.0,33304.0,1,0,0.568,63.3,78.3,0
57733.0,0.278,664.0,10.3,21133.0,0,1,0.722,50.6,21.2,1
44664.0,0.26,720.0,11.3,14457.0,1,0,0.36,9.4,91.3,0
68619.0,0.05,576.0,0.6,19518.0,1,0,0.625,47.4,72.9,1
61800.0,0.192,665.0,13.0,30384.0,0,1,0.492,52.9,34.2,1
96311.0,0.427,586.0,13.7,24397.0,0,1,0.464,89.1,41.4,1
63195.0,0.281,699.0,9.5,13969.0,0,0,0.436,97.8,23.2,1
53360.0,0.262,724.0,1.0,25172.0,0,0,0.27,30.9,63.4,1
61700.0,0.158,766.0,10.3,26654.0,0,0,0.608,25.3,37.4,1
73184.0,0.422,591.0,5.1,16771.0,1,0,0.579,52.3,48.1,1
83530.0,0.267,636.0,5.2,24448.0,0,1,0.507,49.0,66.1,1
76290.0,0.386,630.0,1.7,20982.0,1,0,0.762,34.3,74.9,1
54781.0,0.22,768.0,13.0,25436.0,0,1,0.455,62.1,53.2,1
82256.0,0.275,673.0,0.0,22453.0,0,1,0.596,0.0,42.5,1
74232.0,0.291,686.0,14.2,31810.0,1,0,0.623,70.4,35.9,1
81256.0,0.247,583.0,9.0,13317.0,0,1,0.741,54.0,53.3,1
46218.0,0.416,666.0,1.8,24848.0,0,1,0.462,94.4,41.5,1
59159.0,0.306,616.0,7.7,15811.0,0,0,0.499,18.1,64.7,0
58322.0,0.47,671.0,4.7,18056.0,0,0,0.544,14.5,62.5,1
42366.0,0.121,751.0,8.9,7496.0,1,0,0.599,47.4,43.5,1
60827.0,0.286,727.0,5.8,11719.0,0,1,0.175,36.2,45.1,1
94371.0,0.168,586.0,11.8,2967.0,0,1,0.127,33.1,44.3,0
98418.0,0.288,793.0,10.5,45145.0,1,0,0.451,31.5,51.0,1
76026.0,0.168,656.0,13.3,21321.0,1,0,0.847,72.1,37.3,1
63027.0,0.377,719.0,0.0,37526.0,1,0,0.724,41.2,77.8,1
75695.0,0.395,689.0,11.6,20545.0,0,0,0.58,41.3,23.2,1
58563.0,0.394,524.0,2.6,38760.0,0,0,0.247,58.3,55.8,0
63799.0,0.311,734.0,7.4,8993.0,0,0,0.603,96.3,40.5,1
18000.0,0.284,662.0,6.8,37057.0,1,0,0.506,57.8,76.0,0
109872.0,0.297,643.0,8.3,12379.0,0,1,0.384,72.3,17.0,1
77255.0,0.406,566.0,13.3,31793.0,1,0,0.543,63.1,57.5,0
99903.0,0.124,698.0,11.9,17331.0,0,1,0.31,22.3,48.7,1
59077.0,0.289,713.0,5.3,32033.0,1,0,0.817,63.4,70.9,1
64050.0,0.245,592.0,8.3,5375.0,1,0,0.852,30.5,51.2,1
57345.0,0.415,599.0,7.7,7722.0,0,1,0.392,48.1,68.8,1
49553.0,0.081,695.0,5.7,19351.0,1,0,0.887,84.6,54.0,1
96232.0,0.328,820.0,2.3,5401.0,0,1,0.251,82.7,56.1,1
85639.0,0.231,615.0,4.6,11470.0,0,1,0.527,63.0,69.9,1
91642.0,0.371,693.0,15.3,27978.0,0,0,0.498,75.8,46.1,1
65873.0,0.346,712.0,5.9,15067.0,0,0,0.617,35.6,55.9,1
75331.0,0.291,594.0,0.0,22456.0,0,0,0.625,36.8,0.0,0
82821.0,0.153,659.0,8.1,20482.0,0,0,0.645,42.9,54.8,0
85862.0,0.191,685.0,0.1,20305.0,1,0,0.284,80.8,11.1,1
76126.0,0.345,798.0,7.8,19858.0,1,0,0.543,60.8,50.5,1
108049.0,0.326,665.0,2.5,14243.0,1,0,0.5,35.2,55.4,0
101665.0,0.284,746.0,9.9,4150.0,0,1,0.929,82.3,56.5,1
80820.0,0.34,752.0,0.0,17998.0,1,0,0.928,65.3,30.6,1
110740.0,0.531,578.0,1.1,8105.0,0,0,0.549,43.9,68.8,0
57301.0,0.136,616.0,10.4,27107.0,1,0,0.103,97.0,74.1,0
64369.0,0.312,754.0,3.1,1000.0,1,0,0.477,41.8,42.5,1
75321.0,0.34,712.0,10.2,34671.0,1,0,0.385,36.5,64.6,1
68206.0,0.29,753.0,10.7,1000.0,0,0,0.481,52.0,52.3,1
49114.0,0.289,738.0,8.2,23959.0,1,0,0.531,33.6,50.1,1
90988.0,0.299,728.0,6.9,28461.0,1,0,0.727,45.5,57.4,1
121747.0,0.313,730.0,9.9,32580.0,0,1,0.384,38.2,55.9,1
72761.0,0.234,639.0,5.7,8759.0,0,0,0.579,44.1,56.4,1
78321.0,0.32,758.0,0.0,15727.0,0,1,0.657,88.1,56.2,1
25954.0,0.416,700.0,9.1,18063.0,1,0,0.601,78.1,60.6,1
59367.0,0.33,675.0,5.3,11482.0,1,0,0.649,60.6,59.0,0
65042.0,0.292,636.0,5.9,6817.0,0,0,0.792,61.0,20.4,1
140324.0,0.292,672.0,11.8,16034.0,1,0,0.552,45.3,47.7,1
72751.0,0.332,734.0,11.9,43937.0,0,0,0.626,43.8,59.1,1
84935.0,0.439,769.0,8.9,15814.0,1,0,0.628,87.5,78.2,0
102949.0,0.375,687.0,7.3,21870.0,1,0,0.424,65.5,74.1,1
19911.0,0.32,717.0,9.4,43813.0,1,0,0.685,13.1,64.2,0
76632.0,0.437,781.0,9.8,9007.0,0,1,0.447,78.3,24.6,1
67992.0,0.222,555.0,8.6,13249.0,0,0,0.316,100.0,45.8,0
84524.0,0.424,614.0,13.1,1000.0,1,0,0.671,89.6,74.6,0
56895.0,0.3,649.0,4.8,27570.0,0,1,0.422,67.8,92.8,1
81653.0,0.389,746.0,4.0,1000.0,1,0,0.396,60.8,71.6,0
85300.0,0.449,640.0,3.9,1000.0,1,0,0.589,65.5,48.3,1
59835.0,0.373,692.0,10.5,19339.0,0,1,0.707,10.6,80.3,1
43104.0,0.446,820.0,3.4,13415.0,1,0,0.663,94.7,96.6,1
92732.0,0.118,754.0,10.6,27746.0,1,0,0.643,11.5,63.6,1
71630.0,0.297,757.0,6.2,7791.0,0,1,0.321,56.3,45.9,1
45383.0,0.118,575.0,0.0,15003.0,0,1,0.248,44.9,26.3,1
65964.0,0.583,762.0,3.7,26653.0,1,0,0.174,73.4,40.6,0
58632.0,0.36,730.0,0.0,31458.0,0,0,0.653,87.3,47.8,1
63503.0,0.076,658.0,12.9,47721.0,1,0,0.773,48.2,48.0,1
37400.0,0.269,736.0,12.5,13768.0,1,0,0.503,40.1,70.4,1
105497.0,0.439,666.0,16.5,31804.0,0,0,0.882,46.4,43.4,1
68737.0,0.328,659.0,0.0,15639.0,1,0,0.345,68.7,25.3,1
59460.0,0.34,563.0,2.4,27507.0,0,1,0.526,42.1,21.3,0
63342.0,0.188,673.0,16.6,37281.0,0,0,0.435,11.4,54.6,1
54960.0,0.285,675.0,5.2,12902.0,1,0,0.53,42.8,43.1,0
101516.0,0.257,777.0,12.9,35747.0,0,0,0.412,61.5,34.4,1
23690.0,0.167,668.0,9.0,1000.0,0,1,0.484,59.6,71.1,1
31116.0,0.24,604.0,0.0,1745.0,1,0,0.176,41.9,77.4,0
70433.0,0.557,645.0,0.0,23286.0,0,1,0.793,68.5,66.2,1
74704.0,0.173,717.0,4.3,32366.0,0,1,0.614,69.3,53.0,1
129980.0,0.354,589.0,8.4,5965.0,1,0,0.38,17.6,55.4,0
85449.0,0.373,487.0,4.7,22234.0,1,0,0.799,29.4,57.1,0
46617.0,0.422,553.0,9.8,8460.0,0,1,0.697,33.1,31.0,1
63717.0,0.168,506.0,2.1,10140.0,0,0,0.459,66.7,25.1,1
70113.0,0.253,687.0,8.5,10116.0,1,0,0.72,57.7,10.8,0
57564.0,0.322,642.0,6.6,34196.0,1,0,0.212,60.7,60.5,0
92270.0,0.188,695.0,2.1,7528.0,1,0,0.332,24.6,69.8,1
88713.0,0.263,600.0,2.6,20382.0,1,0,0.521,64.3,57.0,1
40877.0,0.432,610.0,7.8,9037.0,0,0,0.494,26.6,64.1,1
78944.0,0.439,676.0,11.4,12058.0,0,0,0.688,66.4,88.1,1
101899.0,0.318,759.0,4.6,19637.0,1,0,0.832,45.3,48.1,1
59114.0,0.366,724.0,8.4,20459.0,0,1,0.255,2.2,65.3,0
105191.0,0.248,794.0,6.2,35272.0,1,0,0.696,60.7,59.8,1
61641.0,0.455,471.0,12.6,29006.0,0,1,0.336,29.6,59.6,0
36582.0,0.291,640.0,5.9,18527.0,1,0,0.251,46.7,37.9,0
41478.0,0.313,614.0,6.8,26609.0,0,1,0.278,39.3,28.5,0
88183.0,0.422,715.0,8.8,10619.0,0,0,0.41,32.0,53.0,1
57691.0,0.29,804.0,6.2,26913.0,0,1,0.307,28.8,52.5,1
57384.0,0.277,624.0,10.7,23072.0,1,0,0.534,39.6,74.1,1
74917.0,0.448,613.0,4.0,8053.0,0,1,0.51,70.6,73.3,1
102959.0,0.324,741.0,2.2,18168.0,1,0,0.769,67.1,54.5,0
72553.0,0.357,619.0,3.9,38486.0,0,0,0.347,73.9,73.0,0
99636.0,0.493,667.0,7.6,26230.0,1,0,0.696,65.0,77.8,1
74290.0,0.182,673.0,19.6,14857.0,1,0,0.838,40.9,47.7,1
59523.0,0.442,754.0,0.0,22978.0,0,1,0.281,55.0,35.1,1
57465.0,0.454,684.0,0.2,21522.0,0,0,0.477,29.1,79.6,1
85543.0,0.389,673.0,6.3,4580.0,0,1,0.627,46.2,47.0,1
75801.0,0.26,554.0,2.2,8986.0,0,1,0.438,80.4,84.5,1
65779.0,0.241,751.0,7.1,20148.0,0,0,0.72,56.1,45.8,1
64078.0,0.455,619.0,10.6,21531.0,0,1,0.519,9.6,60.5,1
86222.0,0.181,569.0,2.8,14794.0,1,0,0.949,22.6,73.3,1
70009.0,0.114,734.0,7.3,34856.0,0,1,0.644,21.7,32.0,1
39796.0,0.302,769.0,6.5,23393.0,0,1,0.868,18.3,64.4,1
60647.0,0.403,655.0,1.8,19093.0,0,1,0.256,28.2,61.0,1
88380.0,0.083,714.0,5.8,48834.0,1,0,0.45,83.3,71.0,1
66497.0,0.352,687.0,6.3,13095.0,1,0,0.693,51.4,29.9,1
105554.0,0.453,820.0,3.2,15872.0,1,0,0.392,83.1,51.2,1
89936.0,0.367,820.0,12.3,24651.0,1,0,0.523,66.3,84.5,1
113681.0,0.205,662.0,3.0,25748.0,0,0,0.527,44.1,89.3,1
21682.0,0.395,586.0,1.7,6864.0,0,1,0.519,20.1,70.7,1
68293.0,0.3,798.0,1.8,19149.0,1,0,0.78,44.3,54.1,1
24806.0,0.436,503.0,7.6,22735.0,0,1,0.257,36.3,53.5,1
56540.0,0.353,707.0,4.8,30265.0,0,0,0.476,56.2,92.5,0
76400.0,0.191,672.0,0.0,24394.0,0,1,0.406,47.8,35.1,1
52379.0,0.233,578.0,11.1,20859.0,0,1,0.67,26.7,49.9,1
63693.0,0.336,690.0,0.0,43331.0,1,0,0.526,83.4,54.1,1
38897.0,0.312,686.0,9.4,29181.0,1,0,0.694,70.8,64.4,1
77794.0,0.386,583.0,8.2,35100.0,1,0,0.805,50.8,80.6,0
71893.0,0.345,663.0,10.5,37675.0,0,1,0.718,38.9,80.6,1
66883.0,0.321,674.0,5.0,17831.0,1,0,0.617,46.3,66.3,1
60802.0,0.32,705.0,11.2,38796.0,0,1,0.58,66.3,31.2,0
72425.0,0.423,613.0,0.8,13836.0,1,0,0.459,39.2,51.5,0
116338.0,0.31,600.0,0.0,1000.0,1,0,0.196,33.7,26.3,0
94965.0,0.103,628.0,10.1,26416.0,0,1,0.761,46.0,73.5,1
85702.0,0.499,772.0,0.0,1000.0,1,0,0.416,95.1,26.3,0
64304.0,0.211,664.0,11.8,16813.0,0,0,0.659,63.1,50.6,1
52355.0,0.353,544.0,4.7,2191.0,0,1,0.474,32.1,72.7,1
81109.0,0.444,737.0,14.2,27300.0,0,1,0.65,45.7,58.3,1
55968.0,0.512,737.0,8.3,20127.0,1,0,0.498,62.9,27.8,1
97655.0,0.165,793.0,7.3,13192.0,0,0,0.725,63.6,54.7,1
101487.0,0.258,645.0,6.2,32730.0,0,1,0.672,47.3,77.8,1
85323.0,0.294,684.0,6.6,13860.0,0,1,0.918,29.0,82.3,1
82898.0,0.466,816.0,0.0,5598.0,0,1,0.799,36.3,57.5,1
45353.0,0.303,710.0,3.7,47341.0,0,1,0.568,34.5,64.7,1
82136.0,0.372,675.0,13.0,23139.0,0,1,0.655,31.5,46.8,1
46891.0,0.342,659.0,9.9,15535.0,0,1,0.487,31.0,51.1,0
42866.0,0.278,682.0,5.8,1000.0,0,0,0.581,66.1,54.4,1
102259.0,0.268,639.0,7.6,7566.0,0,0,0.906,85.8,47.4,1
66345.0,0.192,758.0,12.2,1000.0,1,0,0.776,97.3,67.0,1
25175.0,0.356,736.0,8.1,23491.0,1,0,0.476,35.9,33.6,1
30437.0,0.292,522.0,4.6,29434.0,0,1,0.318,58.8,56.7,1
72736.0,0.284,567.0,5.7,24192.0,0,1,0.663,65.6,18.6,1
72136.0,0.26,562.0,20.1,2093.0,1,0,0.597,42.6,22.7,0
78751.0,0.279,692.0,8.3,41554.0,1,0,0.405,26.6,34.7,1
64511.0,0.479,765.0,7.9,37575.0,0,1,0.616,77.3,49.2,1
110981.0,0.145,788.0,6.2,24932.0,0,0,0.128,39.2,58.4,1
68903.0,0.489,762.0,8.0,20612.0,0,0,0.45,46.5,63.9,0
46778.0,0.331,684.0,2.7,20199.0,0,0,0.489,36.9,83.3,1
52350.0,0.315,699.0,2.8,25046.0,0,0,0.314,35.7,63.7,1
60982.0,0.328,641.0,0.0,31693.0,0,1,0.701,81.6,64.6,1
86079.0,0.342,760.0,11.1,22060.0,1,0,0.768,81.3,45.1,1
56947.0,0.3,603.0,3.8,28155.0,0,0,0.549,46.1,74.1,1
83299.0,0.07,681.0,7.4,17634.0,1,0,0.517,59.6,100.0,1
31409.0,0.364,601.0,9.6,28868.0,0,0,0.581,63.3,29.2,1
51993.0,0.388,764.0,5.5,22251.0,0,0,0.455,32.0,82.2,1
79190.0,0.289,759.0,11.8,28723.0,0,1,0.668,57.2,73.3,1
65632.0,0.27,677.0,7.8,29814.0,1,0,0.738,65.7,57.3,1
55879.0,0.42,560.0,8.9,43538.0,1,0,0.518,25.7,61.6,1
92390.0,0.247,613.0,2.5,34905.0,0,1,0.741,20.3,33.3,0
73473.0,0.309,630.0,9.7,1308.0,0,1,0.434,18.4,20.9,1
55191.0,0.192,687.0,4.9,33487.0,0,0,0.531,26.7,50.0,1
50372.0,0.193,702.0,13.7,1000.0,0,1,0.589,38.4,53.5,1
112105.0,0.201,745.0,0.0,23711.0,0,0,0.434,22.4,37.5,1
86891.0,0.26,740.0,13.5,25363.0,1,0,0.414,56.4,33.3,1
62762.0,0.329,806.0,2.1,31171.0,1,0,0.359,34.5,68.7,1
68006.0,0.21,717.0,8.8,17848.0,1,0,0.579,37.7,75.3,1
67685.0,0.101,769.0,15.1,15504.0,1,0,0.897,62.5,44.5,1
103732.0,0.287,722.0,3.9,32494.0,0,1,0.428,43.9,16.7,1
57709.0,0.309,785.0,8.2,28027.0,0,0,0.502,48.7,72.4,0
47121.0,0.08,757.0,5.1,13428.0,0,1,0.266,22.9,32.3,1
48652.0,0.32,690.0,7.1,17284.0,1,0,0.496,54.1,23.8,0
85876.0,0.207,704.0,0.0,6312.0,1,0,0.488,65.2,64.8,0
77710.0,0.269,768.0,11.9,18866.0,1,0,0.416,41.9,24.5,1
37895.0,0.183,636.0,9.2,15034.0,0,0,0.669,32.6,58.2,1
54005.0,0.369,669.0,9.2,15444.0,0,1,0.163,49.3,65.3,1
101843.0,0.321,770.0,10.5,18872.0,0,1,0.706,14.4,62.9,1
69451.0,0.192,657.0,4.9,12251.0,0,1,0.823,45.2,45.3,1
85821.0,0.372,664.0,5.7,33024.0,1,0,0.318,50.3,54.2,1
47351.0,0.279,698.0,15.9,47375.0,1,0,0.324,17.0,54.3,1
111746.0,0.383,630.0,4.9,27051.0,0,1,0.229,0.0,73.0,1
80326.0,0.198,584.0,1.8,1000.0,0,0,0.195,58.6,34.8,1
90759.0,0.274,573.0,12.1,6988.0,1,0,1.0,82.3,82.3,1
18000.0,0.39,662.0,10.8,14471.0,0,1,0.481,27.1,82.7,1
84740.0,0.241,727.0,7.4,2852.0,0,1,0.62,64.8,32.1,1
66817.0,0.278,673.0,11.6,15552.0,1,0,0.589,83.8,66.0,0
120416.0,0.275,672.0,0.0,13948.0,1,0,0.684,81.5,60.9,1
49321.0,0.225,616.0,8.9,24495.0,1,0,0.294,50.0,63.7,1
133471.0,0.453,600.0,5.9,23960.0,0,1,0.797,88.3,84.4,1
64999.0,0.219,789.0,4.6,20380.0,1,0,0.694,42.2,63.1,1
83822.0,0.177,596.0,5.4,15941.0,1,0,0.416,79.4,27.9,1
65227.0,0.408,518.0,9.3,2308.0,0,0,0.554,23.3,38.1,0
75343.0,0.072,774.0,12.2,28742.0,1,0,0.647,70.3,19.2,1
36616.0,0.131,603.0,5.9,13644.0,0,0,0.251,22.2,41.8,0
89555.0,0.319,708.0,8.2,20223.0,0,0,0.535,51.5,54.8,1
81602.0,0.55,710.0,9.7,7793.0,0,1,0.383,46.0,24.4,1
70313.0,0.177,677.0,0.0,32185.0,0,1,0.706,71.5,79.2,1
66756.0,0.232,658.0,9.7,25914.0,0,1,0.897,96.7,41.3,1
18000.0,0.207,659.0,8.7,14245.0,0,1,0.366,75.7,63.0,1
42361.0,0.42,566.0,2.9,1000.0,1,0,0.618,20.9,70.6,0
18000.0,0.287,694.0,13.6,23278.0,0,0,0.247,28.5,41.7,0
81544.0,0.245,702.0,8.9,16024.0,0,0,0.797,55.1,51.8,1
37373.0,0.196,697.0,0.0,7038.0,0,1,0.465,53.6,94.3,1
82778.0,0.19,776.0,2.3,13512.0,0,0,0.345,46.4,70.4,1
80545.0,0.244,666.0,4.9,1091.0,1,0,0.602,28.5,48.5,1
97130.0,0.317,703.0,17.6,27956.0,0,1,0.467,33.3,60.7,1
85840.0,0.281,737.0,7.7,28760.0,0,0,0.37,58.9,88.2,1
63311.0,0.266,670.0,9.4,38289.0,0,1,0.782,78.5,64.0,1
73334.0,0.289,636.0,0.0,29715.0,0,1,0.569,17.9,48.0,1
74856.0,0.299,664.0,4.5,16192.0,1,0,0.544,32.6,57.9,0
137711.0,0.274,775.0,13.8,1000.0,1,0,0.599,13.3,39.7,1
68675.0,0.336,794.0,11.0,12531.0,0,1,0.411,62.3,27.7,1
74243.0,0.332,613.0,5.8,27701.0,0,0,0.773,42.9,43.7,1
85485.0,0.281,659.0,3.2,36498.0,1,0,0.59,42.6,32.8,1
51571.0,0.444,688.0,0.2,20606.0,1,0,0.51,60.9,53.2,0
51909.0,0.219,751.0,8.2,26447.0,0,0,0.83,76.0,84.7,1
87590.0,0.239,688.0,10.9,6425.0,0,0,0.115,26.6,49.8,1
93813.0,0.394,679.0,3.2,38972.0,1,0,0.593,52.6,78.0,1
99403.0,0.337,601.0,0.0,2195.0,1,0,0.556,60.2,76.0,1
33294.0,0.246,652.0,6.9,10822.0,1,0,0.887,66.9,63.3,1
91344.0,0.294,518.0,6.3,32003.0,1,0,0.517,43.4,48.5,0
53969.0,0.317,663.0,0.9,35426.0,0,0,0.61,63.6,66.9,1
82412.0,0.176,694.0,4.0,32155.0,0,1,0.502,59.1,45.0,1
67729.0,0.257,672.0,8.4,27139.0,0,1,0.75,38.9,44.1,1
69222.0,0.432,738.0,2.9,12277.0,0,1,0.697,48.4,41.2,1
55834.0,0.42,700.0,10.9,37498.0,0,0,0.54,47.3,53.0,1
98965.0,0.326,695.0,2.2,17159.0,0,0,0.757,43.7,88.7,0
91609.0,0.458,693.0,0.0,4352.0,1,0,0.995,53.8,59.9,0
69931.0,0.128,669.0,11.2,12282.0,0,0,0.555,0.0,47.8,1
70272.0,0.252,672.0,5.5,3324.0,1,0,0.741,71.5,37.7,1
49807.0,0.33,634.0,0.0,29634.0,0,0,0.535,56.5,42.8,0
52856.0,0.329,711.0,4.2,22735.0,0,0,0.347,69.2,3.0,1
98284.0,0.418,649.0,0.0,29270.0,0,1,0.584,31.4,44.2,1
54647.0,0.431,681.0,18.0,21616.0,1,0,0.855,13.0,36.6,1
42986.0,0.449,561.0,5.7,42751.0,1,0,0.492,50.5,51.3,0
94063.0,0.444,629.0,6.7,21504.0,0,1,0.41,58.0,10.8,0
64554.0,0.23,608.0,11.1,11210.0,0,1,0.914,95.7,29.1,1
58719.0,0.293,659.0,12.2,16768.0,1,0,0.31,51.8,59.8,0
100537.0,0.284,631.0,5.3,20994.0,1,0,0.622,69.1,42.7,1
88069.0,0.297,648.0,4.2,1000.0,1,0,0.594,44.3,33.2,1
32485.0,0.265,755.0,12.6,32752.0,1,0,0.261,68.2,41.5,1
50160.0,0.438,765.0,4.1,19439.0,1,0,0.582,83.3,26.0,1
67987.0,0.261,718.0,7.0,11864.0,0,1,0.901,0.0,43.8,1
63775.0,0.347,645.0,14.1,29806.0,0,0,0.804,28.9,13.8,1
87578.0,0.205,673.0,7.8,19898.0,1,0,0.664,59.1,39.9,1
50645.0,0.302,628.0,1.9,38622.0,1,0,0.532,52.7,47.6,0
77044.0,0.18,820.0,14.4,15706.0,0,0,0.482,51.2,55.1,1
105299.0,0.369,580.0,9.8,15386.0,1,0,0.378,71.7,65.4,0
37575.0,0.254,658.0,11.6,18663.0,0,0,0.782,86.3,49.2,0
94783.0,0.405,630.0,6.7,14347.0,0,0,0.226,72.6,31.8,1
59257.0,0.16,820.0,8.3,33301.0,0,1,0.819,55.6,47.4,1
43273.0,0.423,767.0,6.8,45182.0,1,0,0.873,47.3,20.3,0
55015.0,0.198,764.0,2.4,12100.0,1,0,0.735,36.8,55.8,0
61791.0,0.204,701.0,7.9,19501.0,1,0,0.342,41.4,30.3,1
18000.0,0.377,589.0,7.5,23732.0,0,1,0.471,58.0,69.0,1
83938.0,0.105,643.0,0.0,28547.0,1,0,0.289,24.6,53.1,1
69165.0,0.133,723.0,7.6,15331.0,1,0,0.621,64.2,22.2,1
63231.0,0.148,646.0,0.7,35422.0,0,1,0.294,20.8,86.9,1
53953.0,0.295,657.0,11.6,14451.0,0,1,0.829,71.1,37.9,0
84028.0,0.574,623.0,10.3,8923.0,0,1,0.466,39.7,96.0,1
75225.0,0.371,695.0,3.7,42153.0,1,0,0.696,72.2,90.1,1
60958.0,0.331,743.0,6.8,19937.0,0,0,0.571,64.4,65.9,1
89676.0,0.201,745.0,4.9,34905.0,1,0,0.383,54.3,45.2,1
68875.0,0.409,755.0,2.9,1000.0,1,0,0.185,46.8,39.0,1
97643.0,0.375,570.0,10.4,1000.0,0,0,0.568,81.6,46.1,1
80673.0,0.354,575.0,3.6,28541.0,1,0,0.68,29.0,41.1,1
57609.0,0.292,820.0,15.7,11368.0,0,0,0.442,63.4,54.4,1
65483.0,0.192,661.0,8.1,29888.0,0,0,0.422,40.9,41.2,1
36791.0,0.244,735.0,10.3,19030.0,0,0,0.765,70.0,60.6,1
59891.0,0.268,671.0,0.1,10501.0,0,1,0.501,40.8,70.4,1
71746.0,0.279,676.0,8.9,24172.0,1,0,0.688,92.9,45.8,0
68474.0,0.408,695.0,10.8,33856.0,0,1,0.667,39.8,41.9,1
50883.0,0.299,820.0,17.9,33994.0,0,0,0.363,97.3,62.2,1
75650.0,0.302,730.0,11.8,42402.0,0,0,0.628,86.6,42.7,1
75335.0,0.332,658.0,8.7,27215.0,1,0,0.322,0.0,78.6,1
61246.0,0.245,820.0,8.8,9331.0,0,1,0.494,100.0,53.3,1
74663.0,0.371,746.0,5.9,8707.0,0,1,0.613,34.6,36.1,1
78912.0,0.333,739.0,11.2,22604.0,1,0,0.465,52.0,82.9,1
78325.0,0.349,609.0,12.1,29808.0,1,0,0.673,50.4,48.0,1
21868.0,0.243,636.0,11.3,15791.0,0,0,0.327,52.6,50.8,1
19380.0,0.406,732.0,1.9,1000.0,1,0,0.414,46.4,39.2,0
47073.0,0.247,627.0,0.7,20430.0,0,1,0.762,25.4,67.3,0
61266.0,0.393,692.0,3.6,19102.0,0,0,0.327,81.9,46.4,0
63379.0,0.548,742.0,5.5,14792.0,0,1,0.532,100.0,63.9,1
60318.0,0.393,666.0,4.9,1000.0,0,1,0.44,29.0,60.4,1
102005.0,0.168,719.0,6.3,31009.0,1,0,0.623,55.9,62.0,1
111513.0,0.3,705.0,1.5,20875.0,0,0,0.451,39.3,42.7,1
24441.0,0.287,679.0,12.3,8799.0,0,1,0.466,26.7,74.4,1
120335.0,0.119,711.0,6.1,12831.0,1,0,0.862,44.6,55.1,1
87604.0,0.333,681.0,14.8,2432.0,0,0,0.456,73.0,72.2,1
89486.0,0.218,602.0,8.6,24805.0,0,0,0.523,32.9,43.3,1
77589.0,0.232,759.0,9.4,25374.0,0,0,0.197,54.2,57.1,1
65285.0,0.153,697.0,0.0,18860.0,1,0,0.688,38.0,32.1,1
69885.0,0.183,820.0,15.5,24786.0,1,0,0.652,71.8,10.4,1
68495.0,0.406,570.0,5.0,7373.0,1,0,0.774,23.8,92.4,1
54721.0,0.283,613.0,5.2,2771.0,1,0,0.372,70.0,33.3,0
63564.0,0.324,689.0,0.8,21122.0,1,0,0.605,52.1,51.5,1
51559.0,0.44,629.0,12.5,25521.0,0,1,0.649,75.6,85.6,1
92658.0,0.261,617.0,8.2,13834.0,1,0,0.422,63.2,24.8,0
80577.0,0.206,820.0,1.8,18507.0,0,0,0.527,30.9,50.5,1
51157.0,0.248,655.0,7.4,25091.0,0,1,0.588,37.4,51.3,1
67545.0,0.286,765.0,15.6,39454.0,0,1,0.409,52.5,50.5,1
35924.0,0.362,686.0,6.2,1644.0,0,1,0.69,49.2,28.1,1
84260.0,0.322,765.0,7.6,1000.0,1,0,0.188,63.9,90.6,1
100296.0,0.293,542.0,1.9,2717.0,1,0,0.702,40.9,99.2,0
45066.0,0.301,712.0,5.1,1128.0,1,0,0.743,57.1,33.1,1
90416.0,0.154,664.0,0.0,31566.0,1,0,0.606,58.8,58.7,1
70934.0,0.211,626.0,7.4,21726.0,0,0,0.6,60.1,30.6,0
92484.0,0.413,716.0,12.9,22156.0,1,0,0.784,37.2,59.9,1
80789.0,0.245,755.0,4.9,41815.0,0,0,0.585,69.7,34.7,1
74527.0,0.299,631.0,16.5,8147.0,1,0,0.609,77.0,62.3,0
18000.0,0.198,813.0,13.5,33942.0,0,0,0.313,26.7,39.2,1
70665.0,0.361,668.0,4.5,32329.0,0,0,0.718,51.3,31.4,1
62861.0,0.357,704.0,6.1,22645.0,1,0,0.394,45.0,72.9,1
44394.0,0.383,707.0,8.9,42240.0,0,1,0.549,67.3,63.9,1
63062.0,0.158,798.0,12.7,14094.0,0,1,0.43,69.6,26.8,1
64268.0,0.361,752.0,12.5,24462.0,0,0,0.151,51.3,46.1,0
67137.0,0.252,642.0,4.7,30551.0,0,0,0.337,58.2,53.0,1
54217.0,0.206,734.0,2.5,1496.0,1,0,0.405,88.5,73.1,1
51986.0,0.303,682.0,3.2,27449.0,1,0,0.49,36.0,42.4,1
66979.0,0.39,677.0,2.5,9347.0,0,0,0.658,34.0,80.2,1
92323.0,0.206,806.0,8.0,44652.0,1,0,0.499,64.4,41.4,1
59775.0,0.367,600.0,5.3,14413.0,0,1,0.687,73.3,40.0,1
103059.0,0.087,694.0,1.4,19972.0,1,0,0.53,58.6,36.6,1
80164.0,0.395,799.0,0.8,27755.0,0,0,0.494,68.8,53.6,1
26708.0,0.366,557.0,6.6,39942.0,0,1,0.203,49.3,25.3,1
42200.0,0.089,712.0,0.0,29731.0,0,0,0.651,47.1,56.7,1
121401.0,0.415,556.0,9.6,17239.0,0,1,0.183,76.0,49.7,0
40938.0,0.303,571.0,9.8,15824.0,0,1,0.38,26.5,47.3,1
69624.0,0.386,664.0,7.4,23181.0,1,0,0.707,62.5,44.1,0
76020.0,0.271,642.0,3.2,36055.0,0,0,0.799,11.5,72.2,1
53686.0,0.257,758.0,6.9,44459.0,1,0,0.773,67.9,65.2,1
84261.0,0.405,586.0,9.6,35189.0,0,1,0.408,39.9,69.9,1
96279.0,0.354,707.0,14.7,18936.0,1,0,0.635,60.1,60.1,1
93676.0,0.23,768.0,19.3,14203.0,0,0,0.48,63.4,52.8,1
62653.0,0.234,709.0,6.8,30691.0,1,0,0.476,55.7,54.6,1
87604.0,0.299,703.0,11.3,22688.0,0,0,0.439,32.0,28.4,1
61791.0,0.441,763.0,6.1,39974.0,0,1,0.745,69.5,40.8,1
42445.0,0.285,588.0,0.0,21217.0,0,0,0.466,29.7,60.4,1
41701.0,0.062,645.0,6.5,19642.0,1,0,0.56,17.7,69.9,1
69019.0,0.443,707.0,7.2,14256.0,1,0,0.355,82.9,71.4,1
99879.0,0.403,556.0,6.6,19816.0,0,1,1.0,77.3,57.1,1
138984.0,0.306,726.0,3.1,37396.0,1,0,0.662,39.9,67.0,1
36117.0,0.233,707.0,1.2,10284.0,0,0,0.568,97.0,49.8,1
34757.0,0.416,689.0,4.7,4265.0,0,1,0.491,28.6,61.4,1
89265.0,0.422,729.0,13.8,10477.0,0,1,0.581,52.1,43.3,0
45538.0,0.287,614.0,5.4,32171.0,0,0,0.399,25.1,62.5,0
102647.0,0.316,771.0,9.6,3730.0,1,0,0.697,72.5,43.5,1
79445.0,0.271,653.0,1.5,1000.0,0,0,0.244,82.2,72.2,1
95171.0,0.202,681.0,9.2,25127.0,0,1,0.186,2.2,29.6,1
111786.0,0.301,621.0,3.0,3741.0,1,0,1.0,44.3,55.0,1
70361.0,0.116,640.0,2.0,11670.0,0,0,0.55,48.6,45.6,1
106528.0,0.252,546.0,7.5,16502.0,1,0,0.443,31.4,26.9,0
47235.0,0.26,636.0,4.1,28810.0,0,1,0.726,24.7,29.9,1
104600.0,0.322,682.0,9.6,22045.0,1,0,0.49,39.6,38.4,1
67716.0,0.286,646.0,0.1,27202.0,1,0,0.588,47.2,60.5,0
73802.0,0.295,598.0,6.3,33661.0,1,0,0.183,18.1,88.6,1
36356.0,0.291,702.0,2.3,18204.0,0,1,0.146,86.0,23.7,1
117052.0,0.188,744.0,3.7,23911.0,0,1,0.521,60.2,80.1,1
80739.0,0.309,548.0,7.3,22445.0,1,0,0.553,44.3,25.5,0
93650.0,0.266,799.0,13.9,1000.0,0,1,0.721,38.5,93.8,1
72344.0,0.245,665.0,12.3,10348.0,0,0,0.732,65.2,50.6,1
56307.0,0.259,689.0,9.3,10091.0,0,1,0.719,52.4,43.0,1
