timestamp,session_id,model_version,turn_index,refusal_flag
2026-04-08T00:06:25+00:00,S100005,aurora-2.3,1,0
2026-04-08T00:08:49+00:00,S100002,aurora-2.3,2,0
2026-04-08T00:19:46+00:00,S100033,aurora-2.3,1,0
2026-04-08T00:26:47+00:00,S100060,aurora-2.3,5,0
2026-04-08T00:41:47+00:00,S100042,aurora-2.3,1,0
2026-04-08T00:43:36+00:00,S100059,aurora-2.3,4,0
2026-04-08T00:49:58+00:00,S100058,aurora-2.3,5,0
2026-04-08T00:52:56+00:00,S100041,aurora-2.3,1,0
2026-04-08T01:08:13+00:00,S100056,aurora-2.3,2,0
2026-04-08T01:13:11+00:00,S100054,aurora-2.3,1,0
2026-04-08T01:16:43+00:00,S100058,aurora-2.3,3,0
2026-04-08T01:17:27+00:00,S100002,aurora-2.3,1,0
2026-04-08T01:18:26+00:00,S100026,aurora-2.3,3,0
2026-04-08T01:21:26+00:00,S100011,aurora-2.3,2,0
2026-04-08T01:36:53+00:00,S100003,aurora-2.3,3,0
2026-04-08T01:44:46+00:00,S100037,aurora-2.3,2,0
2026-04-08T02:09:52+00:00,S100030,aurora-2.3,1,0
2026-04-08T02:24:32+00:00,S100061,aurora-2.3,2,0
2026-04-08T02:30:31+00:00,S100062,aurora-2.3,2,0
2026-04-08T02:33:27+00:00,S100010,aurora-2.3,4,0
2026-04-08T02:37:43+00:00,S100050,aurora-2.3,5,0
2026-04-08T02:41:46+00:00,S100014,aurora-2.3,4,0
2026-04-08T02:46:36+00:00,S100055,aurora-2.3,5,0
2026-04-08T02:48:34+00:00,S100003,aurora-2.3,1,0
2026-04-08T03:00:43+00:00,S100030,aurora-2.3,2,1
2026-04-08T03:08:39+00:00,S100020,aurora-2.3,4,0
2026-04-08T03:22:11+00:00,S100020,aurora-2.3,1,0
2026-04-08T03:26:45+00:00,S100044,aurora-2.3,2,0
2026-04-08T03:41:05+00:00,S100023,aurora-2.3,1,0
2026-04-08T03:43:30+00:00,S100061,aurora-2.3,4,0
2026-04-08T03:54:52+00:00,S100020,aurora-2.3,3,0
2026-04-08T03:57:26+00:00,S100006,aurora-2.3,3,0
2026-04-08T04:04:35+00:00,S100003,aurora-2.3,4,0
2026-04-08T04:11:42+00:00,S100019,aurora-2.3,1,0
2026-04-08T04:15:26+00:00,S100052,aurora-2.3,5,0
2026-04-08T04:17:00+00:00,S100058,aurora-2.3,4,0
2026-04-08T04:19:58+00:00,S100011,aurora-2.3,1,0
2026-04-08T04:32:46+00:00,S100044,aurora-2.3,3,0
2026-04-08T04:34:08+00:00,S100029,aurora-2.3,1,0
2026-04-08T04:38:24+00:00,S100014,aurora-2.3,1,0
2026-04-08T04:43:02+00:00,S100055,aurora-2.3,4,0
2026-04-08T04:48:50+00:00,S100006,aurora-2.3,4,0
2026-04-08T04:50:28+00:00,S100059,aurora-2.3,2,0
2026-04-08T04:56:08+00:00,S100010,aurora-2.3,3,0
2026-04-08T05:01:31+00:00,S100057,aurora-2.3,5,0
2026-04-08T05:08:52+00:00,S100055,aurora-2.3,2,0
2026-04-08T05:09:56+00:00,S100042,aurora-2.3,4,0
2026-04-08T05:18:15+00:00,S100047,aurora-2.3,2,0
2026-04-08T05:20:08+00:00,S100049,aurora-2.3,3,0
2026-04-08T05:32:36+00:00,S100038,aurora-2.3,1,0
2026-04-08T05:34:47+00:00,S100023,aurora-2.3,2,0
2026-04-08T05:47:07+00:00,S100022,aurora-2.3,5,0
2026-04-08T05:49:45+00:00,S100022,aurora-2.3,3,0
2026-04-08T06:01:32+00:00,S100026,aurora-2.3,1,0
2026-04-08T06:01:48+00:00,S100035,aurora-2.3,4,0
2026-04-08T06:03:24+00:00,S100041,aurora-2.3,3,0
2026-04-08T06:15:56+00:00,S100010,aurora-2.3,2,0
2026-04-08T06:22:16+00:00,S100039,aurora-2.3,2,0
2026-04-08T06:24:00+00:00,S100052,aurora-2.3,3,0
2026-04-08T06:33:51+00:00,S100036,aurora-2.3,2,0
2026-04-08T06:36:37+00:00,S100016,aurora-2.3,1,0
2026-04-08T06:38:41+00:00,S100051,aurora-2.3,1,0
2026-04-08T06:39:38+00:00,S100008,aurora-2.3,2,0
2026-04-08T06:43:43+00:00,S100031,aurora-2.3,2,0
2026-04-08T06:50:03+00:00,S100017,aurora-2.3,1,0
2026-04-08T07:05:42+00:00,S100060,aurora-2.3,4,0
2026-04-08T07:06:11+00:00,S100045,aurora-2.3,4,0
2026-04-08T07:12:25+00:00,S100045,aurora-2.3,3,0
2026-04-08T08:05:30+00:00,S100019,aurora-2.3,4,0
2026-04-08T08:25:16+00:00,S100044,aurora-2.3,1,0
2026-04-08T08:30:16+00:00,S100028,aurora-2.3,2,0
2026-04-08T08:35:21+00:00,S100051,aurora-2.3,2,0
2026-04-08T08:39:02+00:00,S100026,aurora-2.3,4,0
2026-04-08T08:41:48+00:00,S100049,aurora-2.3,2,0
2026-04-08T08:51:09+00:00,S100053,aurora-2.3,5,0
2026-04-08T08:53:52+00:00,S100041,aurora-2.3,5,0
2026-04-08T08:55:10+00:00,S100053,aurora-2.3,2,0
2026-04-08T08:57:53+00:00,S100027,aurora-2.3,4,0
2026-04-08T09:07:07+00:00,S100009,aurora-2.3,2,0
2026-04-08T09:07:43+00:00,S100029,aurora-2.3,3,0
2026-04-08T09:17:46+00:00,S100033,aurora-2.3,2,0
2026-04-08T09:21:16+00:00,S100012,aurora-2.3,2,0
2026-04-08T09:22:53+00:00,S100003,aurora-2.3,2,0
2026-04-08T09:23:32+00:00,S100023,aurora-2.3,3,0
2026-04-08T09:24:15+00:00,S100014,aurora-2.3,2,0
2026-04-08T09:38:25+00:00,S100040,aurora-2.3,4,0
2026-04-08T09:43:00+00:00,S100048,aurora-2.3,1,0
2026-04-08T09:53:18+00:00,S100053,aurora-2.3,4,0
2026-04-08T10:09:19+00:00,S100038,aurora-2.3,5,0
2026-04-08T10:10:58+00:00,S100036,aurora-2.3,1,0
2026-04-08T10:16:08+00:00,S100050,aurora-2.3,1,0
2026-04-08T10:18:11+00:00,S100032,aurora-2.3,1,0
2026-04-08T10:18:20+00:00,S100047,aurora-2.3,1,0
2026-04-08T10:24:08+00:00,S100015,aurora-2.3,2,0
2026-04-08T10:38:44+00:00,S100052,aurora-2.3,1,0
2026-04-08T10:56:02+00:00,S100022,aurora-2.3,4,0
2026-04-08T11:01:15+00:00,S100044,aurora-2.3,4,0
2026-04-08T11:02:53+00:00,S100018,aurora-2.3,4,0
2026-04-08T11:06:30+00:00,S100003,aurora-2.3,5,0
2026-04-08T11:16:54+00:00,S100038,aurora-2.3,2,0
2026-04-08T11:24:15+00:00,S100019,aurora-2.3,5,0
2026-04-08T11:28:58+00:00,S100060,aurora-2.3,1,0
2026-04-08T11:41:51+00:00,S100055,aurora-2.3,3,0
2026-04-08T11:42:18+00:00,S100037,aurora-2.3,3,0
2026-04-08T11:54:20+00:00,S100045,aurora-2.3,1,0
2026-04-08T11:57:20+00:00,S100043,aurora-2.3,1,0
2026-04-08T11:58:11+00:00,S100020,aurora-2.3,2,0
2026-04-08T12:02:33+00:00,S100042,aurora-2.3,2,0
2026-04-08T12:08:31+00:00,S100058,aurora-2.3,1,0
2026-04-08T12:37:40+00:00,S100041,aurora-2.3,2,0
2026-04-08T12:50:24+00:00,S100047,aurora-2.3,3,0
2026-04-08T12:53:42+00:00,S100060,aurora-2.3,2,0
2026-04-08T13:05:40+00:00,S100024,aurora-2.3,3,0
2026-04-08T13:07:20+00:00,S100027,aurora-2.3,2,0
2026-04-08T13:08:18+00:00,S100053,aurora-2.3,3,0
2026-04-08T13:11:22+00:00,S100010,aurora-2.3,1,1
2026-04-08T13:14:50+00:00,S100006,aurora-2.3,1,0
2026-04-08T13:15:50+00:00,S100027,aurora-2.3,5,0
2026-04-08T13:32:11+00:00,S100013,aurora-2.3,3,0
2026-04-08T13:34:47+00:00,S100007,aurora-2.3,2,0
2026-04-08T13:37:47+00:00,S100040,aurora-2.3,3,0
2026-04-08T13:41:06+00:00,S100001,aurora-2.3,1,0
2026-04-08T13:42:08+00:00,S100026,aurora-2.3,2,0
2026-04-08T13:45:32+00:00,S100008,aurora-2.3,4,0
2026-04-08T14:09:18+00:00,S100043,aurora-2.3,2,0
2026-04-08T14:16:50+00:00,S100027,aurora-2.3,3,0
2026-04-08T14:31:03+00:00,S100043,aurora-2.3,3,0
2026-04-08T14:31:51+00:00,S100021,aurora-2.3,2,0
2026-04-08T14:32:16+00:00,S100008,aurora-2.3,5,0
2026-04-08T14:33:48+00:00,S100032,aurora-2.3,2,0
2026-04-08T14:36:35+00:00,S100018,aurora-2.3,3,0
2026-04-08T14:39:32+00:00,S100029,aurora-2.3,2,0
2026-04-08T14:40:17+00:00,S100042,aurora-2.3,3,0
2026-04-08T14:44:26+00:00,S100018,aurora-2.3,2,0
2026-04-08T14:50:26+00:00,S100035,aurora-2.3,1,0
2026-04-08T14:55:13+00:00,S100010,aurora-2.3,5,0
2026-04-08T15:05:46+00:00,S100022,aurora-2.3,1,0
2026-04-08T15:09:04+00:00,S100009,aurora-2.3,4,0
2026-04-08T15:09:28+00:00,S100048,aurora-2.3,3,0
2026-04-08T15:15:24+00:00,S100034,aurora-2.3,1,0
2026-04-08T15:37:35+00:00,S100004,aurora-2.3,2,0
2026-04-08T15:43:16+00:00,S100021,aurora-2.3,3,1
2026-04-08T15:59:18+00:00,S100043,aurora-2.3,4,0
2026-04-08T16:08:55+00:00,S100062,aurora-2.3,1,0
2026-04-08T16:12:30+00:00,S100057,aurora-2.3,4,0
2026-04-08T16:17:00+00:00,S100025,aurora-2.3,2,0
2026-04-08T16:23:34+00:00,S100057,aurora-2.3,2,0
2026-04-08T16:30:20+00:00,S100025,aurora-2.3,1,0
2026-04-08T16:46:47+00:00,S100024,aurora-2.3,2,0
2026-04-08T16:59:20+00:00,S100038,aurora-2.3,3,0
2026-04-08T17:00:48+00:00,S100001,aurora-2.3,2,0
2026-04-08T17:02:23+00:00,S100015,aurora-2.3,1,0
2026-04-08T17:11:24+00:00,S100030,aurora-2.3,3,0
2026-04-08T17:16:27+00:00,S100058,aurora-2.3,2,0
2026-04-08T17:16:35+00:00,S100055,aurora-2.3,1,0
2026-04-08T17:20:05+00:00,S100028,aurora-2.3,5,0
2026-04-08T17:26:24+00:00,S100056,aurora-2.3,1,0
2026-04-08T17:33:13+00:00,S100007,aurora-2.3,4,0
2026-04-08T17:43:05+00:00,S100002,aurora-2.3,4,0
2026-04-08T17:47:42+00:00,S100060,aurora-2.3,3,0
2026-04-08T17:48:35+00:00,S100034,aurora-2.3,2,0
2026-04-08T17:57:37+00:00,S100017,aurora-2.3,2,0
2026-04-08T18:01:11+00:00,S100014,aurora-2.3,3,0
2026-04-08T18:34:47+00:00,S100050,aurora-2.3,2,0
2026-04-08T18:44:53+00:00,S100048,aurora-2.3,2,0
2026-04-08T18:47:15+00:00,S100028,aurora-2.3,4,0
2026-04-08T18:56:25+00:00,S100059,aurora-2.3,3,0
2026-04-08T19:01:16+00:00,S100050,aurora-2.3,4,0
2026-04-08T19:11:50+00:00,S100040,aurora-2.3,1,0
2026-04-08T19:13:56+00:00,S100057,aurora-2.3,3,0
2026-04-08T19:15:42+00:00,S100038,aurora-2.3,4,0
2026-04-08T19:25:47+00:00,S100047,aurora-2.3,4,0
2026-04-08T19:26:51+00:00,S100024,aurora-2.3,1,0
2026-04-08T19:26:55+00:00,S100004,aurora-2.3,3,0
2026-04-08T19:28:39+00:00,S100049,aurora-2.3,1,0
2026-04-08T19:30:27+00:00,S100035,aurora-2.3,2,0
2026-04-08T19:44:07+00:00,S100008,aurora-2.3,1,0
2026-04-08T19:46:41+00:00,S100052,aurora-2.3,2,0
2026-04-08T19:56:27+00:00,S100028,aurora-2.3,3,0
2026-04-08T19:59:35+00:00,S100039,aurora-2.3,1,0
2026-04-08T20:17:13+00:00,S100061,aurora-2.3,3,0
2026-04-08T20:21:39+00:00,S100019,aurora-2.3,2,0
2026-04-08T20:22:34+00:00,S100009,aurora-2.3,3,0
2026-04-08T20:30:41+00:00,S100004,aurora-2.3,1,0
2026-04-08T20:39:57+00:00,S100050,aurora-2.3,3,0
2026-04-08T20:42:30+00:00,S100031,aurora-2.3,1,0
2026-04-08T20:50:49+00:00,S100007,aurora-2.3,3,0
2026-04-08T21:00:00+00:00,S100027,aurora-2.3,1,0
2026-04-08T21:01:56+00:00,S100005,aurora-2.3,2,0
2026-04-08T21:08:38+00:00,S100029,aurora-2.3,4,0
2026-04-08T21:19:08+00:00,S100054,aurora-2.3,2,0
2026-04-08T21:21:54+00:00,S100021,aurora-2.3,1,0
2026-04-08T21:28:19+00:00,S100040,aurora-2.3,2,0
2026-04-08T21:30:52+00:00,S100061,aurora-2.3,1,0
2026-04-08T21:32:45+00:00,S100045,aurora-2.3,2,0
2026-04-08T21:37:16+00:00,S100013,aurora-2.3,2,0
2026-04-08T21:39:14+00:00,S100041,aurora-2.3,4,0
2026-04-08T21:52:38+00:00,S100008,aurora-2.3,3,0
2026-04-08T22:09:15+00:00,S100019,aurora-2.3,3,0
2026-04-08T22:10:13+00:00,S100018,aurora-2.3,1,0
2026-04-08T22:10:47+00:00,S100053,aurora-2.3,1,0
2026-04-08T22:21:25+00:00,S100006,aurora-2.3,2,0
2026-04-08T22:22:28+00:00,S100029,aurora-2.3,5,0
2026-04-08T22:27:21+00:00,S100012,aurora-2.3,1,0
2026-04-08T22:29:24+00:00,S100059,aurora-2.3,1,0
2026-04-08T22:31:36+00:00,S100001,aurora-2.3,3,0
2026-04-08T22:32:08+00:00,S100009,aurora-2.3,1,0
2026-04-08T22:38:58+00:00,S100006,aurora-2.3,5,0
2026-04-08T22:40:40+00:00,S100046,aurora-2.3,1,0
2026-04-08T22:42:51+00:00,S100025,aurora-2.3,3,0
2026-04-08T22:48:58+00:00,S100016,aurora-2.3,2,0
2026-04-08T22:51:01+00:00,S100028,aurora-2.3,1,0
2026-04-08T22:58:02+00:00,S100037,aurora-2.3,1,0
2026-04-08T22:58:30+00:00,S100007,aurora-2.3,1,0
2026-04-08T23:07:40+00:00,S100057,aurora-2.3,1,0
2026-04-08T23:14:36+00:00,S100024,aurora-2.3,4,0
2026-04-08T23:16:33+00:00,S100002,aurora-2.3,3,0
2026-04-08T23:24:27+00:00,S100052,aurora-2.3,4,0
2026-04-08T23:31:09+00:00,S100046,aurora-2.3,2,0
2026-04-08T23:37:20+00:00,S100022,aurora-2.3,2,0
2026-04-08T23:38:08+00:00,S100035,aurora-2.3,3,0
2026-04-08T23:51:31+00:00,S100013,aurora-2.3,1,0
2026-04-09T00:07:58+00:00,S100082,aurora-2.3,4,0
2026-04-09T00:13:18+00:00,S100124,aurora-2.3,4,0
2026-04-09T00:18:01+00:00,S100078,aurora-2.3,2,0
2026-04-09T00:20:10+00:00,S100083,aurora-2.3,5,0
2026-04-09T00:21:26+00:00,S100066,aurora-2.3,1,0
2026-04-09T00:43:07+00:00,S100083,aurora-2.3,1,0
2026-04-09T00:52:00+00:00,S100112,aurora-2.3,1,0
2026-04-09T00:59:59+00:00,S100073,aurora-2.3,2,0
2026-04-09T01:02:11+00:00,S100064,aurora-2.3,1,0
2026-04-09T01:02:48+00:00,S100075,aurora-2.3,2,0
2026-04-09T01:14:26+00:00,S100124,aurora-2.3,2,0
2026-04-09T01:14:31+00:00,S100122,aurora-2.3,4,0
2026-04-09T01:23:52+00:00,S100082,aurora-2.3,3,0
2026-04-09T01:25:37+00:00,S100097,aurora-2.3,3,0
2026-04-09T01:26:02+00:00,S100119,aurora-2.3,1,0
2026-04-09T01:30:30+00:00,S100070,aurora-2.3,4,0
2026-04-09T01:31:52+00:00,S100099,aurora-2.3,3,0
2026-04-09T01:32:52+00:00,S100089,aurora-2.3,2,0
2026-04-09T01:34:42+00:00,S100108,aurora-2.3,2,0
2026-04-09T01:41:39+00:00,S100118,aurora-2.3,2,0
2026-04-09T01:49:53+00:00,S100104,aurora-2.3,3,0
2026-04-09T02:16:59+00:00,S100097,aurora-2.3,4,0
2026-04-09T02:24:57+00:00,S100066,aurora-2.3,3,0
2026-04-09T02:33:59+00:00,S100074,aurora-2.3,2,0
2026-04-09T02:39:03+00:00,S100124,aurora-2.3,1,0
2026-04-09T02:44:21+00:00,S100095,aurora-2.3,1,0
2026-04-09T03:08:33+00:00,S100072,aurora-2.3,4,0
2026-04-09T03:10:48+00:00,S100099,aurora-2.3,2,1
2026-04-09T03:13:30+00:00,S100106,aurora-2.3,4,0
2026-04-09T03:15:21+00:00,S100094,aurora-2.3,1,0
2026-04-09T03:19:04+00:00,S100064,aurora-2.3,3,0
2026-04-09T03:46:15+00:00,S100072,aurora-2.3,2,1
2026-04-09T03:54:29+00:00,S100088,aurora-2.3,3,0
2026-04-09T03:55:53+00:00,S100112,aurora-2.3,3,0
2026-04-09T03:56:32+00:00,S100077,aurora-2.3,1,0
2026-04-09T04:01:50+00:00,S100080,aurora-2.3,3,0
2026-04-09T04:04:41+00:00,S100068,aurora-2.3,2,0
2026-04-09T04:09:20+00:00,S100104,aurora-2.3,1,0
2026-04-09T04:17:57+00:00,S100075,aurora-2.3,3,0
2026-04-09T04:18:27+00:00,S100070,aurora-2.3,2,0
2026-04-09T04:44:32+00:00,S100093,aurora-2.3,1,0
2026-04-09T05:15:01+00:00,S100091,aurora-2.3,4,0
2026-04-09T05:25:29+00:00,S100104,aurora-2.3,2,0
2026-04-09T05:30:13+00:00,S100109,aurora-2.3,1,0
2026-04-09T05:32:06+00:00,S100123,aurora-2.3,1,0
2026-04-09T05:33:38+00:00,S100079,aurora-2.3,2,0
2026-04-09T05:38:18+00:00,S100082,aurora-2.3,2,0
2026-04-09T05:46:49+00:00,S100070,aurora-2.3,1,0
2026-04-09T05:49:03+00:00,S100096,aurora-2.3,4,0
2026-04-09T05:49:17+00:00,S100075,aurora-2.3,5,0
2026-04-09T05:54:15+00:00,S100113,aurora-2.3,3,0
2026-04-09T05:58:39+00:00,S100077,aurora-2.3,5,0
2026-04-09T05:59:48+00:00,S100122,aurora-2.3,2,0
2026-04-09T06:01:38+00:00,S100085,aurora-2.3,2,0
2026-04-09T06:03:53+00:00,S100084,aurora-2.3,1,0
2026-04-09T06:16:00+00:00,S100074,aurora-2.3,4,1
2026-04-09T06:19:36+00:00,S100103,aurora-2.3,3,0
2026-04-09T06:30:05+00:00,S100096,aurora-2.3,1,0
2026-04-09T06:30:38+00:00,S100109,aurora-2.3,2,0
2026-04-09T06:32:05+00:00,S100092,aurora-2.3,2,1
2026-04-09T06:37:16+00:00,S100097,aurora-2.3,2,0
2026-04-09T06:44:57+00:00,S100095,aurora-2.3,2,0
2026-04-09T06:47:29+00:00,S100111,aurora-2.3,2,0
2026-04-09T06:51:37+00:00,S100073,aurora-2.3,1,0
2026-04-09T06:53:48+00:00,S100096,aurora-2.3,2,0
2026-04-09T07:14:00+00:00,S100126,aurora-2.3,2,0
2026-04-09T07:34:13+00:00,S100119,aurora-2.3,4,0
2026-04-09T07:40:19+00:00,S100117,aurora-2.3,4,0
2026-04-09T07:41:15+00:00,S100107,aurora-2.3,1,0
2026-04-09T08:15:16+00:00,S100100,aurora-2.3,3,0
2026-04-09T08:17:27+00:00,S100123,aurora-2.3,2,0
2026-04-09T08:19:23+00:00,S100085,aurora-2.3,5,0
2026-04-09T08:31:59+00:00,S100080,aurora-2.3,2,0
2026-04-09T08:32:26+00:00,S100091,aurora-2.3,3,0
2026-04-09T08:48:21+00:00,S100127,aurora-2.3,2,0
2026-04-09T08:54:33+00:00,S100087,aurora-2.3,1,0
2026-04-09T08:58:46+00:00,S100121,aurora-2.3,3,0
2026-04-09T08:59:25+00:00,S100115,aurora-2.3,3,0
2026-04-09T09:08:13+00:00,S100108,aurora-2.3,1,0
2026-04-09T09:10:02+00:00,S100101,aurora-2.3,3,0
2026-04-09T09:10:18+00:00,S100125,aurora-2.3,1,0
2026-04-09T09:13:36+00:00,S100064,aurora-2.3,4,0
2026-04-09T09:16:01+00:00,S100106,aurora-2.3,5,0
2026-04-09T09:20:14+00:00,S100071,aurora-2.3,2,0
2026-04-09T09:25:06+00:00,S100126,aurora-2.3,3,0
2026-04-09T09:26:12+00:00,S100068,aurora-2.3,1,0
2026-04-09T09:26:58+00:00,S100106,aurora-2.3,1,0
2026-04-09T09:39:38+00:00,S100117,aurora-2.3,3,0
2026-04-09T09:40:40+00:00,S100065,aurora-2.3,2,0
2026-04-09T09:48:36+00:00,S100121,aurora-2.3,4,0
2026-04-09T09:50:02+00:00,S100100,aurora-2.3,2,0
2026-04-09T09:51:30+00:00,S100087,aurora-2.3,4,0
2026-04-09T10:04:32+00:00,S100069,aurora-2.3,4,0
2026-04-09T10:07:26+00:00,S100064,aurora-2.3,2,0
2026-04-09T10:20:15+00:00,S100105,aurora-2.3,3,0
2026-04-09T10:28:12+00:00,S100087,aurora-2.3,2,0
2026-04-09T10:29:46+00:00,S100119,aurora-2.3,3,0
2026-04-09T10:30:37+00:00,S100077,aurora-2.3,2,0
2026-04-09T10:39:05+00:00,S100085,aurora-2.3,4,0
2026-04-09T10:41:55+00:00,S100115,aurora-2.3,4,0
2026-04-09T11:01:39+00:00,S100126,aurora-2.3,4,0
2026-04-09T11:05:16+00:00,S100063,aurora-2.3,4,0
2026-04-09T11:06:20+00:00,S100111,aurora-2.3,1,0
2026-04-09T11:16:07+00:00,S100091,aurora-2.3,5,0
2026-04-09T11:19:15+00:00,S100086,aurora-2.3,2,0
2026-04-09T11:20:43+00:00,S100116,aurora-2.3,1,0
2026-04-09T11:32:48+00:00,S100069,aurora-2.3,5,0
2026-04-09T11:33:18+00:00,S100065,aurora-2.3,3,0
2026-04-09T11:35:09+00:00,S100083,aurora-2.3,3,0
2026-04-09T12:02:51+00:00,S100077,aurora-2.3,3,0
2026-04-09T12:15:48+00:00,S100069,aurora-2.3,3,0
2026-04-09T12:20:20+00:00,S100071,aurora-2.3,3,0
2026-04-09T12:22:43+00:00,S100089,aurora-2.3,1,0
2026-04-09T12:24:52+00:00,S100081,aurora-2.3,2,0
2026-04-09T12:27:31+00:00,S100098,aurora-2.3,2,0
2026-04-09T12:28:12+00:00,S100079,aurora-2.3,1,0
2026-04-09T12:28:20+00:00,S100109,aurora-2.3,4,0
2026-04-09T12:30:17+00:00,S100105,aurora-2.3,1,0
2026-04-09T12:47:57+00:00,S100084,aurora-2.3,3,0
2026-04-09T12:52:30+00:00,S100085,aurora-2.3,3,0
2026-04-09T12:52:31+00:00,S100105,aurora-2.3,5,0
2026-04-09T12:58:35+00:00,S100082,aurora-2.3,1,0
2026-04-09T13:02:54+00:00,S100073,aurora-2.3,3,0
2026-04-09T13:03:44+00:00,S100105,aurora-2.3,4,0
2026-04-09T13:12:27+00:00,S100117,aurora-2.3,2,0
2026-04-09T13:18:11+00:00,S100066,aurora-2.3,5,0
2026-04-09T13:34:08+00:00,S100074,aurora-2.3,5,0
2026-04-09T13:40:50+00:00,S100069,aurora-2.3,2,0
2026-04-09T13:46:51+00:00,S100120,aurora-2.3,2,0
2026-04-09T13:48:31+00:00,S100115,aurora-2.3,2,0
2026-04-09T13:58:37+00:00,S100111,aurora-2.3,3,0
2026-04-09T13:59:08+00:00,S100103,aurora-2.3,1,0
2026-04-09T14:15:29+00:00,S100096,aurora-2.3,3,0
2026-04-09T14:15:29+00:00,S100117,aurora-2.3,1,0
2026-04-09T14:17:47+00:00,S100071,aurora-2.3,1,0
2026-04-09T14:25:32+00:00,S100126,aurora-2.3,1,0
2026-04-09T14:45:09+00:00,S100063,aurora-2.3,2,0
2026-04-09T14:46:30+00:00,S100108,aurora-2.3,3,0
2026-04-09T14:52:42+00:00,S100098,aurora-2.3,1,0
2026-04-09T14:56:13+00:00,S100085,aurora-2.3,1,0
2026-04-09T14:57:25+00:00,S100127,aurora-2.3,3,0
2026-04-09T14:59:37+00:00,S100083,aurora-2.3,2,0
2026-04-09T15:14:49+00:00,S100119,aurora-2.3,2,1
2026-04-09T15:16:05+00:00,S100067,aurora-2.3,3,0
2026-04-09T15:22:27+00:00,S100121,aurora-2.3,2,0
2026-04-09T15:29:26+00:00,S100122,aurora-2.3,1,0
2026-04-09T15:30:38+00:00,S100066,aurora-2.3,4,0
2026-04-09T15:34:08+00:00,S100122,aurora-2.3,5,0
2026-04-09T15:44:42+00:00,S100078,aurora-2.3,1,0
2026-04-09T15:45:06+00:00,S100095,aurora-2.3,3,0
2026-04-09T15:54:36+00:00,S100091,aurora-2.3,1,0
2026-04-09T15:55:46+00:00,S100076,aurora-2.3,1,0
2026-04-09T15:56:37+00:00,S100090,aurora-2.3,4,0
2026-04-09T15:58:30+00:00,S100097,aurora-2.3,1,1
2026-04-09T16:02:49+00:00,S100090,aurora-2.3,1,0
2026-04-09T16:03:57+00:00,S100126,aurora-2.3,5,0
2026-04-09T16:04:12+00:00,S100090,aurora-2.3,3,0
2026-04-09T16:09:52+00:00,S100101,aurora-2.3,2,0
2026-04-09T16:10:30+00:00,S100124,aurora-2.3,3,0
2026-04-09T16:15:57+00:00,S100119,aurora-2.3,5,0
2026-04-09T16:19:40+00:00,S100121,aurora-2.3,1,0
2026-04-09T16:22:52+00:00,S100092,aurora-2.3,1,0
2026-04-09T16:25:52+00:00,S100063,aurora-2.3,1,0
2026-04-09T16:32:11+00:00,S100087,aurora-2.3,3,0
2026-04-09T16:39:02+00:00,S100112,aurora-2.3,4,0
2026-04-09T16:39:21+00:00,S100125,aurora-2.3,2,0
2026-04-09T16:41:09+00:00,S100072,aurora-2.3,1,0
2026-04-09T16:43:25+00:00,S100109,aurora-2.3,3,0
2026-04-09T17:08:12+00:00,S100104,aurora-2.3,4,0
2026-04-09T17:09:31+00:00,S100075,aurora-2.3,1,0
2026-04-09T17:11:55+00:00,S100099,aurora-2.3,5,0
2026-04-09T17:12:41+00:00,S100069,aurora-2.3,1,1
2026-04-09T17:13:53+00:00,S100088,aurora-2.3,1,0
2026-04-09T17:27:35+00:00,S100075,aurora-2.3,4,0
2026-04-09T17:33:18+00:00,S100063,aurora-2.3,3,0
2026-04-09T17:41:33+00:00,S100115,aurora-2.3,5,0
2026-04-09T17:41:34+00:00,S100120,aurora-2.3,1,0
2026-04-09T17:53:14+00:00,S100102,aurora-2.3,2,0
2026-04-09T18:01:19+00:00,S100066,aurora-2.3,2,0
2026-04-09T18:07:58+00:00,S100110,aurora-2.3,1,0
2026-04-09T18:14:12+00:00,S100089,aurora-2.3,3,0
2026-04-09T18:15:24+00:00,S100096,aurora-2.3,5,0
2026-04-09T18:19:48+00:00,S100074,aurora-2.3,1,0
2026-04-09T18:27:49+00:00,S100064,aurora-2.3,5,0
2026-04-09T18:34:47+00:00,S100103,aurora-2.3,2,0
2026-04-09T18:40:37+00:00,S100095,aurora-2.3,4,0
2026-04-09T18:48:51+00:00,S100106,aurora-2.3,2,0
2026-04-09T18:58:29+00:00,S100102,aurora-2.3,1,0
2026-04-09T19:02:02+00:00,S100106,aurora-2.3,3,0
2026-04-09T19:03:50+00:00,S100063,aurora-2.3,5,0
2026-04-09T19:04:00+00:00,S100100,aurora-2.3,1,0
2026-04-09T19:04:54+00:00,S100122,aurora-2.3,3,0
2026-04-09T19:10:04+00:00,S100124,aurora-2.3,5,0
2026-04-09T19:11:30+00:00,S100114,aurora-2.3,2,0
2026-04-09T19:16:36+00:00,S100074,aurora-2.3,3,1
2026-04-09T19:19:49+00:00,S100086,aurora-2.3,1,0
2026-04-09T19:24:45+00:00,S100114,aurora-2.3,3,0
2026-04-09T19:38:39+00:00,S100084,aurora-2.3,4,0
2026-04-09T19:48:59+00:00,S100077,aurora-2.3,4,0
2026-04-09T19:52:06+00:00,S100105,aurora-2.3,2,0
2026-04-09T19:52:30+00:00,S100071,aurora-2.3,4,0
2026-04-09T19:58:23+00:00,S100099,aurora-2.3,4,0
2026-04-09T20:01:45+00:00,S100081,aurora-2.3,1,0
2026-04-09T20:02:27+00:00,S100127,aurora-2.3,1,0
2026-04-09T20:04:39+00:00,S100076,aurora-2.3,2,0
2026-04-09T20:07:12+00:00,S100099,aurora-2.3,1,0
2026-04-09T20:19:41+00:00,S100080,aurora-2.3,1,0
2026-04-09T20:26:58+00:00,S100108,aurora-2.3,4,0
2026-04-09T20:27:34+00:00,S100067,aurora-2.3,1,0
2026-04-09T20:31:26+00:00,S100065,aurora-2.3,1,0
2026-04-09T20:31:56+00:00,S100103,aurora-2.3,4,0
2026-04-09T20:44:45+00:00,S100067,aurora-2.3,2,0
2026-04-09T20:51:29+00:00,S100073,aurora-2.3,4,0
2026-04-09T20:56:51+00:00,S100072,aurora-2.3,3,0
2026-04-09T21:39:39+00:00,S100116,aurora-2.3,2,0
2026-04-09T21:46:19+00:00,S100113,aurora-2.3,1,0
2026-04-09T22:00:13+00:00,S100083,aurora-2.3,4,0
2026-04-09T22:11:20+00:00,S100090,aurora-2.3,2,0
2026-04-09T22:18:54+00:00,S100113,aurora-2.3,2,0
2026-04-09T22:23:50+00:00,S100067,aurora-2.3,5,0
2026-04-09T22:28:08+00:00,S100118,aurora-2.3,1,0
2026-04-09T22:30:49+00:00,S100110,aurora-2.3,2,0
2026-04-09T22:32:49+00:00,S100123,aurora-2.3,3,0
2026-04-09T22:36:55+00:00,S100088,aurora-2.3,2,0
2026-04-09T22:41:05+00:00,S100091,aurora-2.3,2,0
2026-04-09T22:49:09+00:00,S100093,aurora-2.3,2,0
2026-04-09T22:57:17+00:00,S100112,aurora-2.3,2,0
2026-04-09T22:59:05+00:00,S100114,aurora-2.3,4,0
2026-04-09T23:05:03+00:00,S100123,aurora-2.3,4,0
2026-04-09T23:11:53+00:00,S100102,aurora-2.3,3,0
2026-04-09T23:22:16+00:00,S100107,aurora-2.3,2,0
2026-04-09T23:27:06+00:00,S100094,aurora-2.3,2,0
2026-04-09T23:31:28+00:00,S100114,aurora-2.3,1,0
2026-04-09T23:39:11+00:00,S100084,aurora-2.3,2,0
2026-04-09T23:41:42+00:00,S100095,aurora-2.3,5,0
2026-04-09T23:44:59+00:00,S100067,aurora-2.3,4,0
2026-04-09T23:46:39+00:00,S100071,aurora-2.3,5,1
2026-04-09T23:47:57+00:00,S100101,aurora-2.3,1,0
2026-04-09T23:48:02+00:00,S100110,aurora-2.3,3,0
2026-04-09T23:50:21+00:00,S100100,aurora-2.3,4,0
2026-04-09T23:52:44+00:00,S100115,aurora-2.3,1,0
2026-04-09T23:53:48+00:00,S100070,aurora-2.3,3,0
2026-04-10T00:05:48+00:00,S100140,aurora-2.3,2,0
2026-04-10T00:08:41+00:00,S100163,aurora-2.3,1,0
2026-04-10T00:11:40+00:00,S100128,aurora-2.3,3,0
2026-04-10T00:19:39+00:00,S100175,aurora-2.3,2,0
2026-04-10T00:25:16+00:00,S100168,aurora-2.3,1,0
2026-04-10T00:26:18+00:00,S100143,aurora-2.3,4,0
2026-04-10T00:32:01+00:00,S100176,aurora-2.3,1,0
2026-04-10T00:38:49+00:00,S100134,aurora-2.3,4,0
2026-04-10T00:40:47+00:00,S100162,aurora-2.3,2,0
2026-04-10T00:42:59+00:00,S100144,aurora-2.3,3,0
2026-04-10T00:44:14+00:00,S100162,aurora-2.3,1,0
2026-04-10T00:57:36+00:00,S100131,aurora-2.3,3,0
2026-04-10T01:01:15+00:00,S100136,aurora-2.3,3,0
2026-04-10T01:08:46+00:00,S100175,aurora-2.3,1,0
2026-04-10T01:13:49+00:00,S100141,aurora-2.3,3,1
2026-04-10T01:15:01+00:00,S100171,aurora-2.3,1,0
2026-04-10T01:17:46+00:00,S100136,aurora-2.3,4,0
2026-04-10T01:18:14+00:00,S100179,aurora-2.3,1,0
2026-04-10T01:22:50+00:00,S100132,aurora-2.3,3,0
2026-04-10T01:27:32+00:00,S100132,aurora-2.3,2,0
2026-04-10T01:32:08+00:00,S100133,aurora-2.3,2,0
2026-04-10T01:34:40+00:00,S100178,aurora-2.3,1,0
2026-04-10T01:40:10+00:00,S100185,aurora-2.3,3,0
2026-04-10T01:43:38+00:00,S100173,aurora-2.3,2,0
2026-04-10T01:46:17+00:00,S100132,aurora-2.3,4,0
2026-04-10T01:46:38+00:00,S100156,aurora-2.3,2,0
2026-04-10T02:02:26+00:00,S100166,aurora-2.3,2,0
2026-04-10T02:14:20+00:00,S100177,aurora-2.3,1,0
2026-04-10T02:17:37+00:00,S100180,aurora-2.3,2,0
2026-04-10T02:21:06+00:00,S100177,aurora-2.3,4,0
2026-04-10T02:28:05+00:00,S100170,aurora-2.3,1,0
2026-04-10T02:31:55+00:00,S100151,aurora-2.3,2,0
2026-04-10T02:48:55+00:00,S100134,aurora-2.3,1,0
2026-04-10T02:51:33+00:00,S100153,aurora-2.3,1,0
2026-04-10T02:51:37+00:00,S100156,aurora-2.3,4,0
2026-04-10T03:15:36+00:00,S100147,aurora-2.3,2,0
2026-04-10T03:30:21+00:00,S100171,aurora-2.3,2,0
2026-04-10T03:31:17+00:00,S100138,aurora-2.3,3,0
2026-04-10T03:32:42+00:00,S100140,aurora-2.3,3,0
2026-04-10T03:34:54+00:00,S100153,aurora-2.3,4,0
2026-04-10T04:27:52+00:00,S100161,aurora-2.3,2,0
2026-04-10T04:27:55+00:00,S100136,aurora-2.3,2,0
2026-04-10T04:28:36+00:00,S100164,aurora-2.3,3,0
2026-04-10T04:40:59+00:00,S100166,aurora-2.3,1,0
2026-04-10T04:42:10+00:00,S100161,aurora-2.3,1,0
2026-04-10T04:51:52+00:00,S100129,aurora-2.3,3,0
2026-04-10T04:53:45+00:00,S100168,aurora-2.3,3,0
2026-04-10T04:54:05+00:00,S100172,aurora-2.3,3,0
2026-04-10T04:56:48+00:00,S100134,aurora-2.3,2,1
2026-04-10T04:58:35+00:00,S100184,aurora-2.3,1,0
2026-04-10T05:02:23+00:00,S100138,aurora-2.3,2,0
2026-04-10T05:07:48+00:00,S100183,aurora-2.3,4,0
2026-04-10T05:14:07+00:00,S100142,aurora-2.3,2,0
2026-04-10T05:35:30+00:00,S100160,aurora-2.3,1,0
2026-04-10T05:38:53+00:00,S100154,aurora-2.3,5,0
2026-04-10T05:44:23+00:00,S100170,aurora-2.3,2,0
2026-04-10T05:47:57+00:00,S100131,aurora-2.3,2,0
2026-04-10T06:00:40+00:00,S100160,aurora-2.3,2,0
2026-04-10T06:00:51+00:00,S100176,aurora-2.3,3,0
2026-04-10T06:02:38+00:00,S100143,aurora-2.3,2,0
2026-04-10T06:03:13+00:00,S100136,aurora-2.3,1,0
2026-04-10T06:09:35+00:00,S100140,aurora-2.3,4,0
2026-04-10T06:10:41+00:00,S100137,aurora-2.3,3,0
2026-04-10T06:39:36+00:00,S100155,aurora-2.3,2,0
2026-04-10T06:42:42+00:00,S100182,aurora-2.3,1,0
2026-04-10T06:48:42+00:00,S100146,aurora-2.3,3,0
2026-04-10T06:58:59+00:00,S100128,aurora-2.3,1,0
2026-04-10T07:01:24+00:00,S100138,aurora-2.3,1,0
2026-04-10T07:02:27+00:00,S100146,aurora-2.3,1,0
2026-04-10T07:07:50+00:00,S100128,aurora-2.3,5,1
2026-04-10T07:18:46+00:00,S100130,aurora-2.3,1,0
2026-04-10T07:20:21+00:00,S100179,aurora-2.3,2,0
2026-04-10T07:39:42+00:00,S100173,aurora-2.3,3,0
2026-04-10T07:56:04+00:00,S100175,aurora-2.3,4,0
2026-04-10T08:06:14+00:00,S100181,aurora-2.3,4,0
2026-04-10T08:12:22+00:00,S100135,aurora-2.3,1,0
2026-04-10T08:34:47+00:00,S100157,aurora-2.3,2,0
2026-04-10T08:37:48+00:00,S100175,aurora-2.3,3,0
2026-04-10T08:43:57+00:00,S100174,aurora-2.3,1,0
2026-04-10T09:07:44+00:00,S100183,aurora-2.3,2,0
2026-04-10T09:13:43+00:00,S100131,aurora-2.3,4,0
2026-04-10T09:16:34+00:00,S100141,aurora-2.3,1,0
2026-04-10T09:20:44+00:00,S100146,aurora-2.3,2,0
2026-04-10T09:28:00+00:00,S100164,aurora-2.3,4,0
2026-04-10T09:35:22+00:00,S100139,aurora-2.3,4,0
2026-04-10T09:45:44+00:00,S100173,aurora-2.3,1,0
2026-04-10T09:45:54+00:00,S100149,aurora-2.3,1,0
2026-04-10T09:51:01+00:00,S100148,aurora-2.3,1,0
2026-04-10T09:55:29+00:00,S100158,aurora-2.3,1,0
2026-04-10T10:14:43+00:00,S100153,aurora-2.3,3,0
2026-04-10T10:15:16+00:00,S100143,aurora-2.3,3,0
2026-04-10T10:28:09+00:00,S100129,aurora-2.3,4,0
2026-04-10T10:29:51+00:00,S100154,aurora-2.3,2,0
2026-04-10T10:34:30+00:00,S100160,aurora-2.3,3,0
2026-04-10T10:35:21+00:00,S100150,aurora-2.3,1,0
2026-04-10T11:17:45+00:00,S100165,aurora-2.3,5,0
2026-04-10T11:17:56+00:00,S100156,aurora-2.3,3,0
2026-04-10T11:23:38+00:00,S100141,aurora-2.3,2,0
2026-04-10T11:36:53+00:00,S100181,aurora-2.3,1,1
2026-04-10T12:28:31+00:00,S100167,aurora-2.3,3,0
2026-04-10T12:39:17+00:00,S100165,aurora-2.3,4,0
2026-04-10T12:46:39+00:00,S100155,aurora-2.3,1,0
2026-04-10T12:58:44+00:00,S100177,aurora-2.3,2,0
2026-04-10T13:00:47+00:00,S100172,aurora-2.3,1,0
2026-04-10T13:02:40+00:00,S100147,aurora-2.3,1,0
2026-04-10T13:07:02+00:00,S100147,aurora-2.3,3,0
2026-04-10T13:20:18+00:00,S100131,aurora-2.3,1,0
2026-04-10T13:25:11+00:00,S100183,aurora-2.3,1,0
2026-04-10T13:26:48+00:00,S100163,aurora-2.3,2,0
2026-04-10T13:30:00+00:00,S100154,aurora-2.3,1,0
2026-04-10T13:36:41+00:00,S100154,aurora-2.3,4,0
2026-04-10T13:38:58+00:00,S100161,aurora-2.3,4,0
2026-04-10T13:48:51+00:00,S100137,aurora-2.3,1,0
2026-04-10T13:54:16+00:00,S100171,aurora-2.3,3,0
2026-04-10T14:08:23+00:00,S100145,aurora-2.3,2,0
2026-04-10T14:25:02+00:00,S100142,aurora-2.3,1,0
2026-04-10T14:26:04+00:00,S100145,aurora-2.3,1,0
2026-04-10T14:26:36+00:00,S100164,aurora-2.3,5,0
2026-04-10T14:26:50+00:00,S100170,aurora-2.3,3,0
2026-04-10T14:28:06+00:00,S100181,aurora-2.3,3,0
2026-04-10T14:39:11+00:00,S100144,aurora-2.3,1,0
2026-04-10T14:40:41+00:00,S100180,aurora-2.3,1,0
2026-04-10T14:42:19+00:00,S100168,aurora-2.3,2,1
2026-04-10T14:49:30+00:00,S100159,aurora-2.3,4,0
2026-04-10T14:50:05+00:00,S100133,aurora-2.3,1,0
2026-04-10T14:58:41+00:00,S100182,aurora-2.3,4,0
2026-04-10T15:22:28+00:00,S100139,aurora-2.3,2,0
2026-04-10T15:32:56+00:00,S100134,aurora-2.3,3,0
2026-04-10T15:33:41+00:00,S100142,aurora-2.3,4,0
2026-04-10T15:36:23+00:00,S100157,aurora-2.3,1,0
2026-04-10T15:36:55+00:00,S100183,aurora-2.3,5,0
2026-04-10T15:43:51+00:00,S100185,aurora-2.3,1,0
2026-04-10T15:55:59+00:00,S100175,aurora-2.3,5,0
2026-04-10T15:57:06+00:00,S100181,aurora-2.3,2,0
2026-04-10T16:00:59+00:00,S100153,aurora-2.3,2,0
2026-04-10T16:07:25+00:00,S100162,aurora-2.3,3,0
2026-04-10T16:18:57+00:00,S100143,aurora-2.3,5,0
2026-04-10T16:30:30+00:00,S100142,aurora-2.3,3,0
2026-04-10T16:35:22+00:00,S100151,aurora-2.3,1,0
2026-04-10T16:44:15+00:00,S100172,aurora-2.3,2,0
2026-04-10T16:44:17+00:00,S100133,aurora-2.3,3,1
2026-04-10T16:55:26+00:00,S100177,aurora-2.3,3,0
2026-04-10T17:06:46+00:00,S100185,aurora-2.3,2,0
2026-04-10T17:07:11+00:00,S100139,aurora-2.3,3,0
2026-04-10T17:16:35+00:00,S100129,aurora-2.3,1,0
2026-04-10T17:18:03+00:00,S100165,aurora-2.3,2,0
2026-04-10T17:18:26+00:00,S100169,aurora-2.3,1,0
2026-04-10T17:22:03+00:00,S100182,aurora-2.3,3,0
2026-04-10T17:35:47+00:00,S100161,aurora-2.3,5,0
2026-04-10T17:56:07+00:00,S100145,aurora-2.3,3,0
2026-04-10T17:59:22+00:00,S100140,aurora-2.3,5,0
2026-04-10T18:04:20+00:00,S100164,aurora-2.3,1,0
2026-04-10T18:11:04+00:00,S100158,aurora-2.3,2,0
2026-04-10T18:24:56+00:00,S100156,aurora-2.3,1,0
2026-04-10T18:25:34+00:00,S100132,aurora-2.3,1,0
2026-04-10T18:34:21+00:00,S100178,aurora-2.3,2,0
2026-04-10T18:37:04+00:00,S100158,aurora-2.3,3,0
2026-04-10T18:40:36+00:00,S100183,aurora-2.3,3,0
2026-04-10T18:45:54+00:00,S100167,aurora-2.3,1,0
2026-04-10T18:49:11+00:00,S100174,aurora-2.3,2,0
2026-04-10T19:00:01+00:00,S100159,aurora-2.3,5,0
2026-04-10T19:05:16+00:00,S100165,aurora-2.3,3,1
2026-04-10T19:35:15+00:00,S100148,aurora-2.3,2,0
2026-04-10T19:35:23+00:00,S100135,aurora-2.3,2,0
2026-04-10T19:39:41+00:00,S100128,aurora-2.3,2,0
2026-04-10T19:41:13+00:00,S100154,aurora-2.3,3,0
2026-04-10T19:43:44+00:00,S100152,aurora-2.3,2,0
2026-04-10T19:49:24+00:00,S100138,aurora-2.3,4,0
2026-04-10T19:49:37+00:00,S100149,aurora-2.3,2,0
2026-04-10T20:00:16+00:00,S100167,aurora-2.3,2,0
2026-04-10T20:02:23+00:00,S100159,aurora-2.3,2,0
2026-04-10T20:06:44+00:00,S100176,aurora-2.3,2,0
2026-04-10T20:09:13+00:00,S100129,aurora-2.3,2,0
2026-04-10T20:23:01+00:00,S100139,aurora-2.3,1,0
2026-04-10T20:29:55+00:00,S100161,aurora-2.3,3,0
2026-04-10T20:38:54+00:00,S100178,aurora-2.3,3,0
2026-04-10T21:00:18+00:00,S100130,aurora-2.3,2,0
2026-04-10T21:06:38+00:00,S100130,aurora-2.3,4,0
2026-04-10T21:24:08+00:00,S100129,aurora-2.3,5,0
2026-04-10T21:35:11+00:00,S100152,aurora-2.3,1,0
2026-04-10T21:52:30+00:00,S100144,aurora-2.3,2,0
2026-04-10T22:11:25+00:00,S100159,aurora-2.3,3,0
2026-04-10T22:25:55+00:00,S100184,aurora-2.3,2,0
2026-04-10T22:30:47+00:00,S100143,aurora-2.3,1,0
2026-04-10T22:35:48+00:00,S100169,aurora-2.3,2,0
2026-04-10T22:40:54+00:00,S100165,aurora-2.3,1,0
2026-04-10T22:44:44+00:00,S100171,aurora-2.3,4,0
2026-04-10T22:54:12+00:00,S100130,aurora-2.3,3,0
2026-04-10T22:59:11+00:00,S100128,aurora-2.3,4,0
2026-04-10T23:02:17+00:00,S100159,aurora-2.3,1,0
2026-04-10T23:08:03+00:00,S100179,aurora-2.3,3,0
2026-04-10T23:16:55+00:00,S100164,aurora-2.3,2,0
2026-04-10T23:21:34+00:00,S100150,aurora-2.3,2,0
2026-04-10T23:23:37+00:00,S100140,aurora-2.3,1,0
2026-04-10T23:47:52+00:00,S100182,aurora-2.3,2,0
2026-04-10T23:56:41+00:00,S100137,aurora-2.3,2,0
2026-04-11T00:25:22+00:00,S100231,aurora-2.3,1,0
2026-04-11T00:32:54+00:00,S100238,aurora-2.3,1,0
2026-04-11T00:40:03+00:00,S100200,aurora-2.3,1,0
2026-04-11T00:40:36+00:00,S100245,aurora-2.3,2,0
2026-04-11T00:41:42+00:00,S100195,aurora-2.3,2,0
2026-04-11T00:48:38+00:00,S100197,aurora-2.3,1,0
2026-04-11T00:52:04+00:00,S100187,aurora-2.3,3,0
2026-04-11T00:59:49+00:00,S100220,aurora-2.3,2,0
2026-04-11T01:02:33+00:00,S100231,aurora-2.3,4,0
2026-04-11T01:10:07+00:00,S100194,aurora-2.3,3,0
2026-04-11T01:21:04+00:00,S100224,aurora-2.3,2,0
2026-04-11T01:36:53+00:00,S100210,aurora-2.3,3,0
2026-04-11T01:46:58+00:00,S100218,aurora-2.3,3,0
2026-04-11T01:47:35+00:00,S100240,aurora-2.3,3,0
2026-04-11T01:54:42+00:00,S100228,aurora-2.3,4,0
2026-04-11T01:58:36+00:00,S100207,aurora-2.3,1,0
2026-04-11T02:02:46+00:00,S100235,aurora-2.3,2,0
2026-04-11T02:11:55+00:00,S100195,aurora-2.3,1,0
2026-04-11T02:16:04+00:00,S100193,aurora-2.3,3,0
2026-04-11T02:23:55+00:00,S100240,aurora-2.3,1,0
2026-04-11T02:30:11+00:00,S100203,aurora-2.3,2,1
2026-04-11T02:32:23+00:00,S100233,aurora-2.3,2,0
2026-04-11T02:42:00+00:00,S100195,aurora-2.3,4,0
2026-04-11T02:42:21+00:00,S100197,aurora-2.3,3,0
2026-04-11T02:44:09+00:00,S100200,aurora-2.3,3,0
2026-04-11T02:47:16+00:00,S100189,aurora-2.3,3,0
2026-04-11T02:48:31+00:00,S100234,aurora-2.3,4,1
2026-04-11T02:51:08+00:00,S100204,aurora-2.3,1,0
2026-04-11T03:04:05+00:00,S100215,aurora-2.3,3,0
2026-04-11T03:12:32+00:00,S100209,aurora-2.3,1,0
2026-04-11T03:18:45+00:00,S100229,aurora-2.3,1,0
2026-04-11T03:19:53+00:00,S100189,aurora-2.3,1,0
2026-04-11T03:29:15+00:00,S100236,aurora-2.3,2,0
2026-04-11T03:42:29+00:00,S100208,aurora-2.3,5,0
2026-04-11T03:43:00+00:00,S100239,aurora-2.3,3,0
2026-04-11T03:50:23+00:00,S100219,aurora-2.3,4,0
2026-04-11T03:50:52+00:00,S100209,aurora-2.3,2,0
2026-04-11T03:57:06+00:00,S100235,aurora-2.3,4,0
2026-04-11T04:03:24+00:00,S100243,aurora-2.3,4,0
2026-04-11T04:03:38+00:00,S100196,aurora-2.3,5,0
2026-04-11T04:06:05+00:00,S100238,aurora-2.3,2,0
2026-04-11T04:09:08+00:00,S100198,aurora-2.3,1,0
2026-04-11T04:10:46+00:00,S100239,aurora-2.3,5,0
2026-04-11T04:10:58+00:00,S100228,aurora-2.3,3,0
2026-04-11T04:20:46+00:00,S100206,aurora-2.3,2,0
2026-04-11T04:28:55+00:00,S100210,aurora-2.3,2,0
2026-04-11T04:45:13+00:00,S100201,aurora-2.3,1,0
2026-04-11T04:53:39+00:00,S100239,aurora-2.3,4,0
2026-04-11T04:58:24+00:00,S100193,aurora-2.3,1,0
2026-04-11T05:06:20+00:00,S100226,aurora-2.3,4,0
2026-04-11T05:17:35+00:00,S100188,aurora-2.3,3,0
2026-04-11T05:17:58+00:00,S100219,aurora-2.3,3,0
2026-04-11T05:20:54+00:00,S100221,aurora-2.3,1,0
2026-04-11T05:23:26+00:00,S100205,aurora-2.3,2,0
2026-04-11T05:24:42+00:00,S100200,aurora-2.3,4,0
2026-04-11T05:32:27+00:00,S100226,aurora-2.3,1,0
2026-04-11T05:33:46+00:00,S100221,aurora-2.3,2,0
2026-04-11T05:34:55+00:00,S100191,aurora-2.3,2,0
2026-04-11T05:40:08+00:00,S100188,aurora-2.3,2,0
2026-04-11T05:48:34+00:00,S100207,aurora-2.3,3,0
2026-04-11T06:02:16+00:00,S100194,aurora-2.3,1,0
2026-04-11T06:13:01+00:00,S100245,aurora-2.3,4,0
2026-04-11T06:15:31+00:00,S100229,aurora-2.3,3,0
2026-04-11T06:23:39+00:00,S100219,aurora-2.3,1,0
2026-04-11T06:24:03+00:00,S100190,aurora-2.3,2,0
2026-04-11T06:32:23+00:00,S100228,aurora-2.3,1,0
2026-04-11T06:42:48+00:00,S100223,aurora-2.3,5,0
2026-04-11T06:44:21+00:00,S100245,aurora-2.3,3,0
2026-04-11T06:57:25+00:00,S100231,aurora-2.3,3,0
2026-04-11T07:13:57+00:00,S100232,aurora-2.3,2,0
2026-04-11T07:14:01+00:00,S100203,aurora-2.3,1,0
2026-04-11T07:15:50+00:00,S100222,aurora-2.3,5,0
2026-04-11T07:20:17+00:00,S100212,aurora-2.3,2,0
2026-04-11T07:23:02+00:00,S100194,aurora-2.3,2,0
2026-04-11T07:27:47+00:00,S100211,aurora-2.3,3,0
2026-04-11T07:33:11+00:00,S100213,aurora-2.3,2,0
2026-04-11T07:53:24+00:00,S100216,aurora-2.3,2,0
2026-04-11T08:07:47+00:00,S100187,aurora-2.3,2,0
2026-04-11T08:20:38+00:00,S100235,aurora-2.3,3,0
2026-04-11T08:24:57+00:00,S100195,aurora-2.3,3,0
2026-04-11T08:35:41+00:00,S100191,aurora-2.3,1,0
2026-04-11T08:39:12+00:00,S100240,aurora-2.3,2,0
2026-04-11T08:40:50+00:00,S100196,aurora-2.3,3,0
2026-04-11T08:42:32+00:00,S100199,aurora-2.3,3,0
2026-04-11T08:46:30+00:00,S100237,aurora-2.3,3,0
2026-04-11T08:51:14+00:00,S100204,aurora-2.3,5,0
2026-04-11T08:51:16+00:00,S100189,aurora-2.3,4,0
2026-04-11T08:56:25+00:00,S100239,aurora-2.3,2,0
2026-04-11T09:04:40+00:00,S100235,aurora-2.3,5,0
2026-04-11T09:08:03+00:00,S100187,aurora-2.3,1,0
2026-04-11T09:22:32+00:00,S100199,aurora-2.3,1,0
2026-04-11T09:24:42+00:00,S100206,aurora-2.3,1,0
2026-04-11T09:27:02+00:00,S100225,aurora-2.3,2,0
2026-04-11T09:42:38+00:00,S100222,aurora-2.3,3,0
2026-04-11T09:50:28+00:00,S100192,aurora-2.3,2,0
2026-04-11T09:52:36+00:00,S100214,aurora-2.3,2,0
2026-04-11T09:53:20+00:00,S100230,aurora-2.3,3,0
2026-04-11T10:11:29+00:00,S100221,aurora-2.3,3,0
2026-04-11T10:13:47+00:00,S100219,aurora-2.3,2,0
2026-04-11T10:17:35+00:00,S100234,aurora-2.3,3,0
2026-04-11T10:27:22+00:00,S100218,aurora-2.3,1,0
2026-04-11T10:33:20+00:00,S100186,aurora-2.3,1,0
2026-04-11T10:35:19+00:00,S100212,aurora-2.3,5,0
2026-04-11T11:15:34+00:00,S100202,aurora-2.3,1,0
2026-04-11T11:16:59+00:00,S100243,aurora-2.3,2,0
2026-04-11T11:18:40+00:00,S100243,aurora-2.3,5,0
2026-04-11T11:33:02+00:00,S100205,aurora-2.3,1,0
2026-04-11T11:35:12+00:00,S100246,aurora-2.3,2,0
2026-04-11T11:42:14+00:00,S100196,aurora-2.3,1,0
2026-04-11T11:56:09+00:00,S100199,aurora-2.3,2,0
2026-04-11T12:08:16+00:00,S100193,aurora-2.3,2,0
2026-04-11T12:47:03+00:00,S100221,aurora-2.3,4,0
2026-04-11T12:51:27+00:00,S100238,aurora-2.3,3,0
2026-04-11T12:54:00+00:00,S100186,aurora-2.3,2,0
2026-04-11T12:54:05+00:00,S100206,aurora-2.3,3,0
2026-04-11T13:00:16+00:00,S100224,aurora-2.3,1,0
2026-04-11T13:07:37+00:00,S100215,aurora-2.3,1,0
2026-04-11T13:10:02+00:00,S100225,aurora-2.3,3,0
2026-04-11T13:12:58+00:00,S100206,aurora-2.3,4,0
2026-04-11T13:14:06+00:00,S100204,aurora-2.3,3,0
2026-04-11T13:16:17+00:00,S100234,aurora-2.3,1,0
2026-04-11T13:20:40+00:00,S100212,aurora-2.3,1,0
2026-04-11T13:22:01+00:00,S100197,aurora-2.3,4,0
2026-04-11T13:29:39+00:00,S100237,aurora-2.3,1,0
2026-04-11T13:29:48+00:00,S100222,aurora-2.3,1,0
2026-04-11T13:35:05+00:00,S100244,aurora-2.3,2,0
2026-04-11T13:38:51+00:00,S100212,aurora-2.3,4,0
2026-04-11T13:45:41+00:00,S100239,aurora-2.3,1,0
2026-04-11T13:45:58+00:00,S100202,aurora-2.3,2,0
2026-04-11T13:55:47+00:00,S100190,aurora-2.3,4,0
2026-04-11T13:59:16+00:00,S100222,aurora-2.3,2,0
2026-04-11T14:03:26+00:00,S100237,aurora-2.3,4,0
2026-04-11T14:27:42+00:00,S100200,aurora-2.3,2,0
2026-04-11T14:31:14+00:00,S100198,aurora-2.3,3,0
2026-04-11T14:35:34+00:00,S100204,aurora-2.3,4,0
2026-04-11T14:40:11+00:00,S100233,aurora-2.3,4,0
2026-04-11T14:40:38+00:00,S100189,aurora-2.3,2,0
2026-04-11T14:40:44+00:00,S100193,aurora-2.3,4,0
2026-04-11T14:41:40+00:00,S100230,aurora-2.3,2,0
2026-04-11T14:46:34+00:00,S100235,aurora-2.3,1,0
2026-04-11T14:49:41+00:00,S100242,aurora-2.3,2,0
2026-04-11T14:51:42+00:00,S100240,aurora-2.3,4,0
2026-04-11T14:55:13+00:00,S100241,aurora-2.3,4,0
2026-04-11T14:57:10+00:00,S100244,aurora-2.3,3,0
2026-04-11T15:14:32+00:00,S100229,aurora-2.3,4,0
2026-04-11T15:14:33+00:00,S100196,aurora-2.3,4,0
2026-04-11T15:23:57+00:00,S100204,aurora-2.3,2,0
2026-04-11T15:53:50+00:00,S100245,aurora-2.3,1,0
2026-04-11T16:14:01+00:00,S100223,aurora-2.3,4,0
2026-04-11T16:21:43+00:00,S100232,aurora-2.3,1,0
2026-04-11T16:24:03+00:00,S100192,aurora-2.3,1,0
2026-04-11T16:26:08+00:00,S100241,aurora-2.3,1,0
2026-04-11T16:33:47+00:00,S100243,aurora-2.3,1,0
2026-04-11T16:37:06+00:00,S100209,aurora-2.3,4,0
2026-04-11T16:43:46+00:00,S100244,aurora-2.3,1,0
2026-04-11T16:46:26+00:00,S100218,aurora-2.3,2,0
2026-04-11T16:56:09+00:00,S100187,aurora-2.3,4,0
2026-04-11T16:58:40+00:00,S100237,aurora-2.3,5,0
2026-04-11T17:01:55+00:00,S100224,aurora-2.3,3,0
2026-04-11T17:04:02+00:00,S100229,aurora-2.3,2,0
2026-04-11T17:13:35+00:00,S100246,aurora-2.3,1,0
2026-04-11T17:40:49+00:00,S100230,aurora-2.3,1,0
2026-04-11T17:42:59+00:00,S100215,aurora-2.3,2,0
2026-04-11T17:47:54+00:00,S100188,aurora-2.3,1,0
2026-04-11T17:50:08+00:00,S100223,aurora-2.3,1,0
2026-04-11T17:52:24+00:00,S100222,aurora-2.3,4,0
2026-04-11T17:56:13+00:00,S100226,aurora-2.3,3,0
2026-04-11T18:01:31+00:00,S100208,aurora-2.3,2,0
2026-04-11T18:16:51+00:00,S100234,aurora-2.3,5,0
2026-04-11T18:19:04+00:00,S100227,aurora-2.3,1,0
2026-04-11T18:20:15+00:00,S100210,aurora-2.3,1,0
2026-04-11T18:34:48+00:00,S100216,aurora-2.3,1,0
2026-04-11T18:37:53+00:00,S100214,aurora-2.3,1,0
2026-04-11T18:55:08+00:00,S100189,aurora-2.3,5,0
2026-04-11T19:03:57+00:00,S100241,aurora-2.3,2,0
2026-04-11T19:06:49+00:00,S100208,aurora-2.3,3,0
2026-04-11T19:22:41+00:00,S100234,aurora-2.3,2,0
2026-04-11T19:35:14+00:00,S100217,aurora-2.3,2,0
2026-04-11T19:46:23+00:00,S100207,aurora-2.3,2,0
2026-04-11T19:47:41+00:00,S100197,aurora-2.3,2,0
2026-04-11T19:48:56+00:00,S100228,aurora-2.3,2,0
2026-04-11T19:51:11+00:00,S100233,aurora-2.3,3,0
2026-04-11T19:52:18+00:00,S100203,aurora-2.3,3,0
2026-04-11T19:59:44+00:00,S100210,aurora-2.3,4,0
2026-04-11T20:10:15+00:00,S100243,aurora-2.3,3,0
2026-04-11T20:22:25+00:00,S100227,aurora-2.3,2,0
2026-04-11T20:33:05+00:00,S100198,aurora-2.3,2,0
2026-04-11T20:34:39+00:00,S100195,aurora-2.3,5,0
2026-04-11T20:36:11+00:00,S100190,aurora-2.3,1,0
2026-04-11T20:45:44+00:00,S100190,aurora-2.3,5,0
2026-04-11T20:51:20+00:00,S100186,aurora-2.3,3,0
2026-04-11T21:07:08+00:00,S100223,aurora-2.3,2,0
2026-04-11T21:12:44+00:00,S100225,aurora-2.3,1,0
2026-04-11T21:13:19+00:00,S100212,aurora-2.3,3,0
2026-04-11T21:17:49+00:00,S100208,aurora-2.3,1,0
2026-04-11T21:17:52+00:00,S100230,aurora-2.3,4,0
2026-04-11T21:23:00+00:00,S100201,aurora-2.3,2,0
2026-04-11T21:36:01+00:00,S100209,aurora-2.3,3,0
2026-04-11T21:38:57+00:00,S100190,aurora-2.3,3,0
2026-04-11T21:44:05+00:00,S100231,aurora-2.3,5,0
2026-04-11T21:48:03+00:00,S100203,aurora-2.3,4,0
2026-04-11T21:49:48+00:00,S100226,aurora-2.3,2,0
2026-04-11T21:53:37+00:00,S100196,aurora-2.3,2,0
2026-04-11T22:20:08+00:00,S100237,aurora-2.3,2,0
2026-04-11T22:22:55+00:00,S100191,aurora-2.3,3,0
2026-04-11T22:23:19+00:00,S100236,aurora-2.3,1,0
2026-04-11T22:24:28+00:00,S100227,aurora-2.3,3,0
2026-04-11T22:24:48+00:00,S100220,aurora-2.3,1,0
2026-04-11T22:38:12+00:00,S100214,aurora-2.3,3,0
2026-04-11T22:41:00+00:00,S100211,aurora-2.3,2,1
2026-04-11T22:53:41+00:00,S100233,aurora-2.3,1,0
2026-04-11T22:58:15+00:00,S100241,aurora-2.3,3,1
2026-04-11T23:11:31+00:00,S100231,aurora-2.3,2,0
2026-04-11T23:16:48+00:00,S100217,aurora-2.3,1,0
2026-04-11T23:19:33+00:00,S100187,aurora-2.3,5,0
2026-04-11T23:19:40+00:00,S100208,aurora-2.3,4,0
2026-04-11T23:24:13+00:00,S100229,aurora-2.3,5,0
2026-04-11T23:26:44+00:00,S100223,aurora-2.3,3,0
2026-04-11T23:27:50+00:00,S100242,aurora-2.3,1,0
2026-04-11T23:30:44+00:00,S100211,aurora-2.3,1,0
2026-04-11T23:40:16+00:00,S100213,aurora-2.3,1,0
2026-04-11T23:48:09+00:00,S100217,aurora-2.3,3,0
2026-04-12T00:09:42+00:00,S100294,aurora-2.3,4,0
2026-04-12T00:20:16+00:00,S100295,aurora-2.3,4,0
2026-04-12T00:24:03+00:00,S100261,aurora-2.3,3,0
2026-04-12T00:26:23+00:00,S100255,aurora-2.3,2,0
2026-04-12T00:53:04+00:00,S100261,aurora-2.3,1,0
2026-04-12T01:06:20+00:00,S100269,aurora-2.3,5,0
2026-04-12T01:10:57+00:00,S100282,aurora-2.3,1,0
2026-04-12T01:11:35+00:00,S100252,aurora-2.3,1,0
2026-04-12T01:19:27+00:00,S100259,aurora-2.3,2,0
2026-04-12T01:24:03+00:00,S100282,aurora-2.3,5,1
2026-04-12T01:27:11+00:00,S100307,aurora-2.3,3,0
2026-04-12T01:29:24+00:00,S100251,aurora-2.3,3,0
2026-04-12T01:30:00+00:00,S100258,aurora-2.3,4,0
2026-04-12T01:30:20+00:00,S100277,aurora-2.3,2,0
2026-04-12T01:39:34+00:00,S100299,aurora-2.3,1,0
2026-04-12T01:39:43+00:00,S100250,aurora-2.3,4,0
2026-04-12T01:48:40+00:00,S100262,aurora-2.3,2,0
2026-04-12T01:50:08+00:00,S100274,aurora-2.3,3,0
2026-04-12T01:53:47+00:00,S100250,aurora-2.3,3,0
2026-04-12T02:12:07+00:00,S100275,aurora-2.3,4,0
2026-04-12T02:24:47+00:00,S100287,aurora-2.3,3,0
2026-04-12T02:44:30+00:00,S100289,aurora-2.3,3,0
2026-04-12T02:51:01+00:00,S100275,aurora-2.3,1,0
2026-04-12T02:54:36+00:00,S100283,aurora-2.3,1,0
2026-04-12T02:56:05+00:00,S100302,aurora-2.3,2,0
2026-04-12T02:59:50+00:00,S100306,aurora-2.3,1,0
2026-04-12T03:09:01+00:00,S100290,aurora-2.3,5,0
2026-04-12T03:38:05+00:00,S100277,aurora-2.3,1,0
2026-04-12T03:57:33+00:00,S100281,aurora-2.3,1,0
2026-04-12T03:57:33+00:00,S100261,aurora-2.3,2,0
2026-04-12T03:58:22+00:00,S100307,aurora-2.3,2,0
2026-04-12T03:59:32+00:00,S100247,aurora-2.3,2,0
2026-04-12T04:03:04+00:00,S100308,aurora-2.3,4,0
2026-04-12T04:03:53+00:00,S100263,aurora-2.3,3,0
2026-04-12T04:17:23+00:00,S100290,aurora-2.3,3,0
2026-04-12T04:38:08+00:00,S100268,aurora-2.3,2,0
2026-04-12T04:41:22+00:00,S100297,aurora-2.3,3,0
2026-04-12T04:57:32+00:00,S100279,aurora-2.3,2,0
2026-04-12T05:04:18+00:00,S100305,aurora-2.3,1,0
2026-04-12T05:08:50+00:00,S100255,aurora-2.3,4,0
2026-04-12T05:14:59+00:00,S100273,aurora-2.3,4,0
2026-04-12T05:20:52+00:00,S100307,aurora-2.3,5,0
2026-04-12T05:22:07+00:00,S100278,aurora-2.3,1,0
2026-04-12T05:22:45+00:00,S100302,aurora-2.3,1,0
2026-04-12T05:30:07+00:00,S100255,aurora-2.3,1,0
2026-04-12T05:33:51+00:00,S100266,aurora-2.3,3,1
2026-04-12T05:34:13+00:00,S100261,aurora-2.3,4,0
2026-04-12T05:37:07+00:00,S100304,aurora-2.3,2,0
2026-04-12T05:46:23+00:00,S100285,aurora-2.3,5,0
2026-04-12T05:46:31+00:00,S100270,aurora-2.3,1,0
2026-04-12T05:52:58+00:00,S100282,aurora-2.3,3,0
2026-04-12T05:52:58+00:00,S100264,aurora-2.3,1,0
2026-04-12T05:57:19+00:00,S100273,aurora-2.3,2,0
2026-04-12T06:00:23+00:00,S100303,aurora-2.3,1,0
2026-04-12T06:01:56+00:00,S100284,aurora-2.3,4,1
2026-04-12T06:12:16+00:00,S100276,aurora-2.3,3,0
2026-04-12T06:15:49+00:00,S100286,aurora-2.3,2,0
2026-04-12T06:27:47+00:00,S100267,aurora-2.3,5,0
2026-04-12T06:49:35+00:00,S100284,aurora-2.3,2,0
2026-04-12T06:50:57+00:00,S100287,aurora-2.3,2,0
2026-04-12T07:22:16+00:00,S100247,aurora-2.3,4,0
2026-04-12T07:32:03+00:00,S100294,aurora-2.3,5,0
2026-04-12T07:47:30+00:00,S100289,aurora-2.3,4,0
2026-04-12T07:53:07+00:00,S100302,aurora-2.3,4,0
2026-04-12T07:58:04+00:00,S100269,aurora-2.3,4,0
2026-04-12T07:58:41+00:00,S100297,aurora-2.3,2,0
2026-04-12T08:02:34+00:00,S100293,aurora-2.3,5,0
2026-04-12T08:03:45+00:00,S100281,aurora-2.3,3,0
2026-04-12T08:20:38+00:00,S100254,aurora-2.3,2,0
2026-04-12T08:35:58+00:00,S100308,aurora-2.3,5,0
2026-04-12T08:50:56+00:00,S100288,aurora-2.3,2,0
2026-04-12T09:08:31+00:00,S100260,aurora-2.3,3,0
2026-04-12T09:19:46+00:00,S100268,aurora-2.3,4,0
2026-04-12T09:27:01+00:00,S100279,aurora-2.3,1,1
2026-04-12T09:27:28+00:00,S100309,aurora-2.3,2,0
2026-04-12T09:38:44+00:00,S100301,aurora-2.3,3,0
2026-04-12T09:39:33+00:00,S100276,aurora-2.3,1,0
2026-04-12T09:42:40+00:00,S100294,aurora-2.3,1,0
2026-04-12T09:52:39+00:00,S100275,aurora-2.3,2,0
2026-04-12T10:03:57+00:00,S100256,aurora-2.3,2,0
2026-04-12T10:24:42+00:00,S100265,aurora-2.3,1,0
2026-04-12T10:27:07+00:00,S100298,aurora-2.3,1,0
2026-04-12T10:29:26+00:00,S100248,aurora-2.3,2,0
2026-04-12T10:40:41+00:00,S100301,aurora-2.3,1,0
2026-04-12T10:45:21+00:00,S100294,aurora-2.3,2,0
2026-04-12T10:47:09+00:00,S100290,aurora-2.3,4,1
2026-04-12T10:49:14+00:00,S100302,aurora-2.3,3,0
2026-04-12T10:50:39+00:00,S100294,aurora-2.3,3,0
2026-04-12T10:53:01+00:00,S100300,aurora-2.3,1,0
2026-04-12T10:58:23+00:00,S100256,aurora-2.3,1,0
2026-04-12T11:10:39+00:00,S100301,aurora-2.3,2,0
2026-04-12T11:19:04+00:00,S100249,aurora-2.3,5,0
2026-04-12T11:20:17+00:00,S100268,aurora-2.3,1,0
2026-04-12T11:22:36+00:00,S100247,aurora-2.3,3,0
2026-04-12T11:51:19+00:00,S100251,aurora-2.3,2,0
2026-04-12T11:54:03+00:00,S100262,aurora-2.3,1,0
2026-04-12T12:05:08+00:00,S100285,aurora-2.3,3,0
2026-04-12T12:07:21+00:00,S100269,aurora-2.3,1,0
2026-04-12T12:10:46+00:00,S100295,aurora-2.3,2,0
2026-04-12T12:11:53+00:00,S100264,aurora-2.3,2,0
2026-04-12T12:15:55+00:00,S100277,aurora-2.3,3,0
2026-04-12T12:19:28+00:00,S100296,aurora-2.3,1,0
2026-04-12T12:21:39+00:00,S100250,aurora-2.3,1,0
2026-04-12T12:25:41+00:00,S100249,aurora-2.3,2,0
2026-04-12T12:30:03+00:00,S100272,aurora-2.3,2,0
2026-04-12T12:33:31+00:00,S100253,aurora-2.3,2,0
2026-04-12T12:41:27+00:00,S100253,aurora-2.3,3,0
2026-04-12T12:49:03+00:00,S100275,aurora-2.3,5,0
2026-04-12T12:50:33+00:00,S100289,aurora-2.3,2,0
2026-04-12T12:56:29+00:00,S100247,aurora-2.3,1,0
2026-04-12T12:59:59+00:00,S100270,aurora-2.3,2,0
2026-04-12T13:03:50+00:00,S100247,aurora-2.3,5,0
2026-04-12T13:12:31+00:00,S100307,aurora-2.3,4,0
2026-04-12T13:21:06+00:00,S100266,aurora-2.3,1,0
2026-04-12T13:26:19+00:00,S100273,aurora-2.3,1,0
2026-04-12T13:27:05+00:00,S100292,aurora-2.3,2,1
2026-04-12T13:30:09+00:00,S100269,aurora-2.3,3,0
2026-04-12T13:34:37+00:00,S100269,aurora-2.3,2,0
2026-04-12T13:36:57+00:00,S100272,aurora-2.3,3,0
2026-04-12T13:37:06+00:00,S100267,aurora-2.3,4,1
2026-04-12T13:41:18+00:00,S100290,aurora-2.3,1,0
2026-04-12T13:44:35+00:00,S100288,aurora-2.3,1,0
2026-04-12T13:54:58+00:00,S100304,aurora-2.3,5,0
2026-04-12T14:17:43+00:00,S100283,aurora-2.3,2,0
2026-04-12T14:18:55+00:00,S100252,aurora-2.3,2,0
2026-04-12T14:20:11+00:00,S100258,aurora-2.3,2,0
2026-04-12T14:29:23+00:00,S100276,aurora-2.3,2,0
2026-04-12T14:29:58+00:00,S100260,aurora-2.3,2,0
2026-04-12T14:36:15+00:00,S100251,aurora-2.3,1,0
2026-04-12T14:39:09+00:00,S100280,aurora-2.3,1,0
2026-04-12T14:42:37+00:00,S100273,aurora-2.3,3,0
2026-04-12T14:42:45+00:00,S100250,aurora-2.3,2,0
2026-04-12T14:43:14+00:00,S100249,aurora-2.3,1,0
2026-04-12T14:50:30+00:00,S100257,aurora-2.3,1,0
2026-04-12T14:54:55+00:00,S100300,aurora-2.3,2,0
2026-04-12T15:01:18+00:00,S100271,aurora-2.3,1,0
2026-04-12T15:08:33+00:00,S100257,aurora-2.3,2,0
2026-04-12T15:10:15+00:00,S100278,aurora-2.3,3,0
2026-04-12T15:14:27+00:00,S100286,aurora-2.3,1,0
2026-04-12T15:23:52+00:00,S100281,aurora-2.3,2,0
2026-04-12T15:24:50+00:00,S100253,aurora-2.3,1,0
2026-04-12T15:25:53+00:00,S100292,aurora-2.3,3,0
2026-04-12T15:28:50+00:00,S100284,aurora-2.3,5,0
2026-04-12T15:29:18+00:00,S100285,aurora-2.3,1,0
2026-04-12T15:34:21+00:00,S100292,aurora-2.3,1,0
2026-04-12T15:35:12+00:00,S100285,aurora-2.3,4,0
2026-04-12T15:46:50+00:00,S100284,aurora-2.3,1,0
2026-04-12T15:51:44+00:00,S100258,aurora-2.3,1,0
2026-04-12T15:55:32+00:00,S100272,aurora-2.3,1,0
2026-04-12T15:55:43+00:00,S100293,aurora-2.3,3,0
2026-04-12T15:57:56+00:00,S100271,aurora-2.3,2,0
2026-04-12T15:58:01+00:00,S100261,aurora-2.3,5,0
2026-04-12T16:18:58+00:00,S100305,aurora-2.3,3,0
2026-04-12T16:24:31+00:00,S100285,aurora-2.3,2,0
2026-04-12T16:53:11+00:00,S100303,aurora-2.3,2,0
2026-04-12T16:54:17+00:00,S100308,aurora-2.3,2,0
2026-04-12T17:07:58+00:00,S100293,aurora-2.3,2,0
2026-04-12T17:13:22+00:00,S100275,aurora-2.3,3,0
2026-04-12T17:18:43+00:00,S100254,aurora-2.3,1,0
2026-04-12T17:23:06+00:00,S100249,aurora-2.3,4,0
2026-04-12T17:32:31+00:00,S100249,aurora-2.3,3,0
2026-04-12T17:38:38+00:00,S100304,aurora-2.3,1,0
2026-04-12T17:39:34+00:00,S100290,aurora-2.3,2,0
2026-04-12T17:47:49+00:00,S100268,aurora-2.3,3,0
2026-04-12T17:49:32+00:00,S100266,aurora-2.3,2,0
2026-04-12T17:51:06+00:00,S100263,aurora-2.3,1,0
2026-04-12T17:56:20+00:00,S100287,aurora-2.3,4,0
2026-04-12T18:00:22+00:00,S100280,aurora-2.3,2,0
2026-04-12T18:01:14+00:00,S100309,aurora-2.3,1,0
2026-04-12T18:11:44+00:00,S100255,aurora-2.3,3,0
2026-04-12T18:25:04+00:00,S100296,aurora-2.3,2,0
2026-04-12T18:31:31+00:00,S100295,aurora-2.3,1,0
2026-04-12T18:42:54+00:00,S100260,aurora-2.3,1,0
2026-04-12T18:48:46+00:00,S100263,aurora-2.3,2,0
2026-04-12T18:52:35+00:00,S100309,aurora-2.3,4,0
2026-04-12T19:01:01+00:00,S100298,aurora-2.3,2,0
2026-04-12T19:02:47+00:00,S100284,aurora-2.3,3,0
2026-04-12T19:16:55+00:00,S100305,aurora-2.3,2,0
2026-04-12T19:28:07+00:00,S100291,aurora-2.3,2,0
2026-04-12T19:33:48+00:00,S100259,aurora-2.3,1,0
2026-04-12T19:38:43+00:00,S100291,aurora-2.3,1,0
2026-04-12T19:47:41+00:00,S100308,aurora-2.3,1,0
2026-04-12T19:52:14+00:00,S100253,aurora-2.3,4,0
2026-04-12T19:59:51+00:00,S100276,aurora-2.3,4,0
2026-04-12T20:01:06+00:00,S100282,aurora-2.3,2,0
2026-04-12T20:17:35+00:00,S100307,aurora-2.3,1,0
2026-04-12T20:20:28+00:00,S100287,aurora-2.3,5,0
2026-04-12T20:25:05+00:00,S100293,aurora-2.3,4,0
2026-04-12T20:38:03+00:00,S100297,aurora-2.3,1,0
2026-04-12T20:38:35+00:00,S100304,aurora-2.3,3,0
2026-04-12T20:50:12+00:00,S100296,aurora-2.3,3,0
2026-04-12T20:54:39+00:00,S100274,aurora-2.3,2,0
2026-04-12T21:01:03+00:00,S100282,aurora-2.3,4,0
2026-04-12T21:17:33+00:00,S100302,aurora-2.3,5,0
2026-04-12T21:30:47+00:00,S100287,aurora-2.3,1,0
2026-04-12T21:35:15+00:00,S100248,aurora-2.3,1,0
2026-04-12T21:37:54+00:00,S100308,aurora-2.3,3,0
2026-04-12T21:51:15+00:00,S100278,aurora-2.3,4,0
2026-04-12T21:52:38+00:00,S100304,aurora-2.3,4,1
2026-04-12T21:52:48+00:00,S100292,aurora-2.3,4,0
2026-04-12T22:00:06+00:00,S100267,aurora-2.3,2,0
2026-04-12T22:18:03+00:00,S100309,aurora-2.3,3,0
2026-04-12T22:22:03+00:00,S100258,aurora-2.3,3,0
2026-04-12T22:23:30+00:00,S100274,aurora-2.3,1,0
2026-04-12T22:36:11+00:00,S100278,aurora-2.3,2,0
2026-04-12T22:59:02+00:00,S100293,aurora-2.3,1,0
2026-04-12T23:08:03+00:00,S100267,aurora-2.3,3,0
2026-04-12T23:09:03+00:00,S100265,aurora-2.3,3,0
2026-04-12T23:21:08+00:00,S100267,aurora-2.3,1,0
2026-04-12T23:24:58+00:00,S100289,aurora-2.3,1,0
2026-04-12T23:28:37+00:00,S100309,aurora-2.3,5,0
2026-04-12T23:32:08+00:00,S100299,aurora-2.3,2,0
2026-04-12T23:35:58+00:00,S100306,aurora-2.3,2,0
2026-04-12T23:41:35+00:00,S100305,aurora-2.3,4,0
2026-04-12T23:42:09+00:00,S100303,aurora-2.3,3,0
2026-04-12T23:45:52+00:00,S100265,aurora-2.3,2,0
2026-04-12T23:47:01+00:00,S100295,aurora-2.3,3,0
2026-04-13T00:27:38+00:00,S100377,aurora-2.3,3,0
2026-04-13T00:43:11+00:00,S100361,aurora-2.3,1,0
2026-04-13T00:50:39+00:00,S100333,aurora-2.3,4,0
2026-04-13T00:51:46+00:00,S100333,aurora-2.3,1,0
2026-04-13T00:53:03+00:00,S100331,aurora-2.3,3,0
2026-04-13T01:04:02+00:00,S100366,aurora-2.3,3,0
2026-04-13T01:11:42+00:00,S100365,aurora-2.3,3,0
2026-04-13T01:13:35+00:00,S100357,aurora-2.3,1,0
2026-04-13T01:18:16+00:00,S100324,aurora-2.3,4,0
2026-04-13T01:20:54+00:00,S100353,aurora-2.3,1,0
2026-04-13T01:28:15+00:00,S100340,aurora-2.3,4,0
2026-04-13T01:29:29+00:00,S100379,aurora-2.3,2,0
2026-04-13T01:31:18+00:00,S100313,aurora-2.3,1,0
2026-04-13T01:36:21+00:00,S100362,aurora-2.3,4,0
2026-04-13T01:41:22+00:00,S100351,aurora-2.3,1,0
2026-04-13T01:49:58+00:00,S100349,aurora-2.3,4,0
2026-04-13T01:53:59+00:00,S100355,aurora-2.3,5,0
2026-04-13T01:57:42+00:00,S100359,aurora-2.3,1,0
2026-04-13T01:58:38+00:00,S100355,aurora-2.3,4,0
2026-04-13T02:08:06+00:00,S100360,aurora-2.3,4,0
2026-04-13T02:11:27+00:00,S100321,aurora-2.3,3,0
2026-04-13T02:13:09+00:00,S100368,aurora-2.3,3,0
2026-04-13T02:14:17+00:00,S100380,aurora-2.3,3,0
2026-04-13T02:16:46+00:00,S100374,aurora-2.3,2,0
2026-04-13T02:25:11+00:00,S100312,aurora-2.3,3,0
2026-04-13T02:29:51+00:00,S100327,aurora-2.3,3,0
2026-04-13T02:31:54+00:00,S100345,aurora-2.3,1,0
2026-04-13T02:43:13+00:00,S100347,aurora-2.3,1,0
2026-04-13T02:45:21+00:00,S100338,aurora-2.3,3,0
2026-04-13T02:45:52+00:00,S100344,aurora-2.3,3,0
2026-04-13T02:52:04+00:00,S100355,aurora-2.3,1,0
2026-04-13T02:54:12+00:00,S100364,aurora-2.3,3,0
2026-04-13T03:11:03+00:00,S100345,aurora-2.3,2,0
2026-04-13T03:12:52+00:00,S100362,aurora-2.3,1,0
2026-04-13T03:19:19+00:00,S100324,aurora-2.3,3,0
2026-04-13T03:21:52+00:00,S100328,aurora-2.3,3,0
2026-04-13T03:23:12+00:00,S100369,aurora-2.3,1,0
2026-04-13T03:24:13+00:00,S100319,aurora-2.3,3,0
2026-04-13T03:35:07+00:00,S100317,aurora-2.3,2,0
2026-04-13T03:51:59+00:00,S100321,aurora-2.3,2,0
2026-04-13T03:55:24+00:00,S100339,aurora-2.3,4,0
2026-04-13T03:58:34+00:00,S100365,aurora-2.3,1,0
2026-04-13T04:05:10+00:00,S100375,aurora-2.3,2,0
2026-04-13T04:06:49+00:00,S100322,aurora-2.3,4,0
2026-04-13T04:13:44+00:00,S100314,aurora-2.3,1,0
2026-04-13T04:16:51+00:00,S100361,aurora-2.3,3,0
2026-04-13T04:22:05+00:00,S100365,aurora-2.3,4,0
2026-04-13T04:30:13+00:00,S100366,aurora-2.3,5,0
2026-04-13T04:34:06+00:00,S100322,aurora-2.3,2,0
2026-04-13T04:34:15+00:00,S100354,aurora-2.3,4,0
2026-04-13T04:34:21+00:00,S100366,aurora-2.3,2,0
2026-04-13T04:38:46+00:00,S100311,aurora-2.3,3,0
2026-04-13T04:44:46+00:00,S100319,aurora-2.3,1,0
2026-04-13T04:45:05+00:00,S100376,aurora-2.3,1,0
2026-04-13T04:49:18+00:00,S100378,aurora-2.3,2,0
2026-04-13T05:06:36+00:00,S100313,aurora-2.3,4,0
2026-04-13T05:19:56+00:00,S100324,aurora-2.3,2,0
2026-04-13T05:27:39+00:00,S100371,aurora-2.3,5,0
2026-04-13T05:38:52+00:00,S100358,aurora-2.3,2,0
2026-04-13T05:44:01+00:00,S100349,aurora-2.3,5,0
2026-04-13T05:44:02+00:00,S100329,aurora-2.3,2,0
2026-04-13T05:49:10+00:00,S100311,aurora-2.3,5,0
2026-04-13T05:49:32+00:00,S100356,aurora-2.3,3,0
2026-04-13T05:49:57+00:00,S100350,aurora-2.3,1,0
2026-04-13T05:54:43+00:00,S100366,aurora-2.3,4,0
2026-04-13T05:56:45+00:00,S100310,aurora-2.3,1,0
2026-04-13T06:01:35+00:00,S100318,aurora-2.3,3,1
2026-04-13T06:05:43+00:00,S100363,aurora-2.3,1,0
2026-04-13T06:06:46+00:00,S100359,aurora-2.3,3,0
2026-04-13T06:19:28+00:00,S100369,aurora-2.3,2,0
2026-04-13T06:29:03+00:00,S100344,aurora-2.3,2,0
2026-04-13T06:31:56+00:00,S100347,aurora-2.3,3,0
2026-04-13T06:38:27+00:00,S100372,aurora-2.3,1,0
2026-04-13T06:43:01+00:00,S100369,aurora-2.3,3,0
2026-04-13T06:43:39+00:00,S100329,aurora-2.3,1,0
2026-04-13T06:53:17+00:00,S100371,aurora-2.3,1,0
2026-04-13T07:00:03+00:00,S100348,aurora-2.3,2,0
2026-04-13T07:05:12+00:00,S100314,aurora-2.3,2,0
2026-04-13T07:09:03+00:00,S100318,aurora-2.3,1,0
2026-04-13T07:16:56+00:00,S100322,aurora-2.3,5,1
2026-04-13T07:22:33+00:00,S100323,aurora-2.3,2,0
2026-04-13T07:36:20+00:00,S100339,aurora-2.3,3,0
2026-04-13T07:37:05+00:00,S100311,aurora-2.3,4,0
2026-04-13T07:48:00+00:00,S100327,aurora-2.3,1,0
2026-04-13T08:00:41+00:00,S100376,aurora-2.3,2,0
2026-04-13T08:02:58+00:00,S100313,aurora-2.3,5,0
2026-04-13T08:08:03+00:00,S100364,aurora-2.3,4,0
2026-04-13T08:08:12+00:00,S100372,aurora-2.3,3,0
2026-04-13T08:09:10+00:00,S100361,aurora-2.3,2,0
2026-04-13T08:13:57+00:00,S100314,aurora-2.3,4,0
2026-04-13T08:15:22+00:00,S100344,aurora-2.3,5,0
2026-04-13T08:22:43+00:00,S100335,aurora-2.3,3,0
2026-04-13T08:23:32+00:00,S100359,aurora-2.3,2,0
2026-04-13T08:38:28+00:00,S100377,aurora-2.3,2,0
2026-04-13T08:39:16+00:00,S100356,aurora-2.3,1,0
2026-04-13T08:43:16+00:00,S100330,aurora-2.3,2,0
2026-04-13T08:53:35+00:00,S100350,aurora-2.3,4,0
2026-04-13T08:56:29+00:00,S100379,aurora-2.3,3,0
2026-04-13T08:57:15+00:00,S100354,aurora-2.3,5,0
2026-04-13T09:05:26+00:00,S100364,aurora-2.3,1,0
2026-04-13T09:12:45+00:00,S100337,aurora-2.3,2,0
2026-04-13T09:13:20+00:00,S100333,aurora-2.3,3,0
2026-04-13T09:15:36+00:00,S100350,aurora-2.3,2,0
2026-04-13T09:16:36+00:00,S100337,aurora-2.3,3,0
2026-04-13T09:21:13+00:00,S100344,aurora-2.3,4,0
2026-04-13T09:22:43+00:00,S100337,aurora-2.3,1,0
2026-04-13T09:27:04+00:00,S100355,aurora-2.3,2,0
2026-04-13T09:29:15+00:00,S100332,aurora-2.3,1,0
2026-04-13T09:31:03+00:00,S100312,aurora-2.3,2,0
2026-04-13T09:34:24+00:00,S100341,aurora-2.3,1,0
2026-04-13T09:35:03+00:00,S100328,aurora-2.3,2,0
2026-04-13T09:43:08+00:00,S100342,aurora-2.3,2,0
2026-04-13T09:43:36+00:00,S100346,aurora-2.3,3,0
2026-04-13T09:44:43+00:00,S100334,aurora-2.3,1,0
2026-04-13T09:52:33+00:00,S100333,aurora-2.3,2,0
2026-04-13T09:54:19+00:00,S100347,aurora-2.3,2,0
2026-04-13T10:14:44+00:00,S100364,aurora-2.3,2,0
2026-04-13T10:20:38+00:00,S100331,aurora-2.3,1,0
2026-04-13T10:24:49+00:00,S100316,aurora-2.3,2,0
2026-04-13T10:34:46+00:00,S100335,aurora-2.3,5,0
2026-04-13T10:46:24+00:00,S100336,aurora-2.3,2,0
2026-04-13T11:03:24+00:00,S100370,aurora-2.3,2,0
2026-04-13T11:05:48+00:00,S100351,aurora-2.3,2,0
2026-04-13T11:15:14+00:00,S100368,aurora-2.3,1,0
2026-04-13T11:32:27+00:00,S100345,aurora-2.3,3,0
2026-04-13T11:38:00+00:00,S100363,aurora-2.3,2,0
2026-04-13T11:38:14+00:00,S100368,aurora-2.3,2,0
2026-04-13T11:50:10+00:00,S100371,aurora-2.3,2,0
2026-04-13T11:58:45+00:00,S100318,aurora-2.3,2,0
2026-04-13T12:00:37+00:00,S100314,aurora-2.3,3,0
2026-04-13T12:04:05+00:00,S100356,aurora-2.3,5,0
2026-04-13T12:04:36+00:00,S100311,aurora-2.3,2,0
2026-04-13T12:06:31+00:00,S100367,aurora-2.3,3,0
2026-04-13T12:07:13+00:00,S100361,aurora-2.3,4,0
2026-04-13T12:08:28+00:00,S100332,aurora-2.3,2,0
2026-04-13T12:33:34+00:00,S100320,aurora-2.3,2,0
2026-04-13T12:36:26+00:00,S100323,aurora-2.3,1,0
2026-04-13T12:46:01+00:00,S100355,aurora-2.3,3,0
2026-04-13T12:47:14+00:00,S100317,aurora-2.3,1,0
2026-04-13T12:49:51+00:00,S100354,aurora-2.3,2,0
2026-04-13T12:52:10+00:00,S100371,aurora-2.3,3,1
2026-04-13T12:55:28+00:00,S100378,aurora-2.3,1,0
2026-04-13T12:56:04+00:00,S100315,aurora-2.3,2,0
2026-04-13T13:00:16+00:00,S100336,aurora-2.3,1,0
2026-04-13T13:00:33+00:00,S100357,aurora-2.3,2,0
2026-04-13T13:01:04+00:00,S100342,aurora-2.3,3,0
2026-04-13T13:12:18+00:00,S100322,aurora-2.3,3,0
2026-04-13T13:17:45+00:00,S100346,aurora-2.3,1,0
2026-04-13T13:18:05+00:00,S100380,aurora-2.3,1,0
2026-04-13T13:20:36+00:00,S100324,aurora-2.3,1,0
2026-04-13T13:23:58+00:00,S100337,aurora-2.3,4,0
2026-04-13T13:25:07+00:00,S100349,aurora-2.3,1,0
2026-04-13T13:48:46+00:00,S100335,aurora-2.3,1,0
2026-04-13T13:52:53+00:00,S100350,aurora-2.3,5,0
2026-04-13T14:00:27+00:00,S100357,aurora-2.3,4,0
2026-04-13T14:06:09+00:00,S100322,aurora-2.3,1,0
2026-04-13T14:10:57+00:00,S100313,aurora-2.3,3,0
2026-04-13T14:23:19+00:00,S100326,aurora-2.3,2,0
2026-04-13T14:44:14+00:00,S100339,aurora-2.3,5,0
2026-04-13T14:46:40+00:00,S100323,aurora-2.3,4,0
2026-04-13T14:47:52+00:00,S100341,aurora-2.3,3,0
2026-04-13T14:55:29+00:00,S100380,aurora-2.3,2,0
2026-04-13T15:02:44+00:00,S100358,aurora-2.3,3,0
2026-04-13T15:12:09+00:00,S100328,aurora-2.3,1,0
2026-04-13T15:14:12+00:00,S100362,aurora-2.3,3,0
2026-04-13T15:18:00+00:00,S100343,aurora-2.3,2,0
2026-04-13T15:20:24+00:00,S100350,aurora-2.3,3,0
2026-04-13T15:31:15+00:00,S100325,aurora-2.3,1,0
2026-04-13T15:31:46+00:00,S100351,aurora-2.3,3,0
2026-04-13T15:44:23+00:00,S100352,aurora-2.3,3,0
2026-04-13T15:52:24+00:00,S100338,aurora-2.3,2,0
2026-04-13T16:02:19+00:00,S100341,aurora-2.3,2,0
2026-04-13T16:09:18+00:00,S100340,aurora-2.3,2,0
2026-04-13T16:17:30+00:00,S100374,aurora-2.3,3,0
2026-04-13T16:22:38+00:00,S100311,aurora-2.3,1,0
2026-04-13T16:25:29+00:00,S100343,aurora-2.3,1,0
2026-04-13T16:26:20+00:00,S100339,aurora-2.3,2,0
2026-04-13T16:27:25+00:00,S100356,aurora-2.3,4,0
2026-04-13T16:31:11+00:00,S100360,aurora-2.3,3,0
2026-04-13T16:39:47+00:00,S100360,aurora-2.3,2,0
2026-04-13T16:42:44+00:00,S100353,aurora-2.3,3,0
2026-04-13T16:46:53+00:00,S100352,aurora-2.3,2,0
2026-04-13T16:49:52+00:00,S100316,aurora-2.3,1,0
2026-04-13T16:52:15+00:00,S100318,aurora-2.3,4,0
2026-04-13T17:00:31+00:00,S100348,aurora-2.3,1,0
2026-04-13T17:00:52+00:00,S100366,aurora-2.3,1,0
2026-04-13T17:07:11+00:00,S100354,aurora-2.3,3,0
2026-04-13T17:13:45+00:00,S100349,aurora-2.3,3,0
2026-04-13T17:19:26+00:00,S100373,aurora-2.3,2,0
2026-04-13T17:23:28+00:00,S100338,aurora-2.3,1,0
2026-04-13T17:28:29+00:00,S100323,aurora-2.3,5,0
2026-04-13T17:30:29+00:00,S100365,aurora-2.3,2,0
2026-04-13T17:44:36+00:00,S100352,aurora-2.3,4,0
2026-04-13T17:49:50+00:00,S100335,aurora-2.3,4,0
2026-04-13T18:05:20+00:00,S100340,aurora-2.3,3,0
2026-04-13T18:23:04+00:00,S100367,aurora-2.3,1,0
2026-04-13T18:26:34+00:00,S100357,aurora-2.3,3,0
2026-04-13T18:27:22+00:00,S100378,aurora-2.3,3,0
2026-04-13T18:29:33+00:00,S100320,aurora-2.3,1,0
2026-04-13T18:37:15+00:00,S100375,aurora-2.3,1,0
2026-04-13T18:38:42+00:00,S100360,aurora-2.3,1,0
2026-04-13T18:42:28+00:00,S100346,aurora-2.3,2,0
2026-04-13T18:58:59+00:00,S100377,aurora-2.3,4,0
2026-04-13T19:01:22+00:00,S100356,aurora-2.3,2,0
2026-04-13T19:14:13+00:00,S100376,aurora-2.3,3,0
2026-04-13T19:14:21+00:00,S100319,aurora-2.3,2,0
2026-04-13T19:22:37+00:00,S100344,aurora-2.3,1,0
2026-04-13T19:25:33+00:00,S100330,aurora-2.3,1,0
2026-04-13T19:31:27+00:00,S100327,aurora-2.3,2,0
2026-04-13T19:34:10+00:00,S100347,aurora-2.3,4,0
2026-04-13T19:46:44+00:00,S100334,aurora-2.3,2,0
2026-04-13T19:58:19+00:00,S100313,aurora-2.3,2,0
2026-04-13T20:05:03+00:00,S100348,aurora-2.3,3,0
2026-04-13T20:06:28+00:00,S100331,aurora-2.3,2,0
2026-04-13T20:16:09+00:00,S100315,aurora-2.3,1,0
2026-04-13T20:16:36+00:00,S100370,aurora-2.3,3,0
2026-04-13T20:21:25+00:00,S100377,aurora-2.3,1,0
2026-04-13T20:23:25+00:00,S100352,aurora-2.3,1,0
2026-04-13T20:33:46+00:00,S100371,aurora-2.3,4,0
2026-04-13T20:46:11+00:00,S100312,aurora-2.3,1,0
2026-04-13T20:47:23+00:00,S100351,aurora-2.3,4,0
2026-04-13T20:47:38+00:00,S100353,aurora-2.3,2,0
2026-04-13T21:00:41+00:00,S100376,aurora-2.3,4,0
2026-04-13T21:05:56+00:00,S100364,aurora-2.3,5,0
2026-04-13T21:08:27+00:00,S100370,aurora-2.3,1,0
2026-04-13T21:12:01+00:00,S100353,aurora-2.3,4,0
2026-04-13T21:12:04+00:00,S100339,aurora-2.3,1,0
2026-04-13T21:16:54+00:00,S100325,aurora-2.3,2,0
2026-04-13T21:31:12+00:00,S100372,aurora-2.3,2,0
2026-04-13T21:33:07+00:00,S100335,aurora-2.3,2,0
2026-04-13T21:34:52+00:00,S100326,aurora-2.3,1,0
2026-04-13T21:40:37+00:00,S100373,aurora-2.3,1,0
2026-04-13T21:41:16+00:00,S100341,aurora-2.3,4,0
2026-04-13T21:55:53+00:00,S100340,aurora-2.3,1,0
2026-04-13T22:05:28+00:00,S100323,aurora-2.3,3,0
2026-04-13T22:07:24+00:00,S100319,aurora-2.3,4,0
2026-04-13T22:10:01+00:00,S100321,aurora-2.3,1,0
2026-04-13T22:12:09+00:00,S100342,aurora-2.3,1,0
2026-04-13T22:19:43+00:00,S100354,aurora-2.3,1,0
2026-04-13T22:25:57+00:00,S100362,aurora-2.3,2,0
2026-04-13T22:32:12+00:00,S100360,aurora-2.3,5,0
2026-04-13T22:38:04+00:00,S100330,aurora-2.3,3,0
2026-04-13T22:39:37+00:00,S100321,aurora-2.3,4,0
2026-04-13T22:47:01+00:00,S100374,aurora-2.3,1,0
2026-04-13T22:53:03+00:00,S100358,aurora-2.3,1,0
2026-04-13T23:05:56+00:00,S100349,aurora-2.3,2,0
2026-04-13T23:09:52+00:00,S100379,aurora-2.3,1,0
2026-04-13T23:21:20+00:00,S100310,aurora-2.3,2,0
2026-04-13T23:27:45+00:00,S100372,aurora-2.3,4,0
2026-04-13T23:30:48+00:00,S100367,aurora-2.3,2,0
2026-04-14T00:04:05+00:00,S100409,aurora-2.3,3,0
2026-04-14T00:05:09+00:00,S100418,aurora-2.3,3,0
2026-04-14T00:09:34+00:00,S100427,aurora-2.3,4,0
2026-04-14T00:18:38+00:00,S100413,aurora-2.3,1,0
2026-04-14T00:21:13+00:00,S100418,aurora-2.3,1,0
2026-04-14T00:26:10+00:00,S100388,aurora-2.3,1,0
2026-04-14T00:29:37+00:00,S100431,aurora-2.3,3,0
2026-04-14T00:29:49+00:00,S100404,aurora-2.3,3,0
2026-04-14T00:33:47+00:00,S100407,aurora-2.3,4,0
2026-04-14T00:43:08+00:00,S100423,aurora-2.3,2,0
2026-04-14T00:59:17+00:00,S100406,aurora-2.3,1,0
2026-04-14T01:41:58+00:00,S100409,aurora-2.3,2,0
2026-04-14T01:42:28+00:00,S100395,aurora-2.3,5,0
2026-04-14T01:50:41+00:00,S100418,aurora-2.3,5,0
2026-04-14T01:58:27+00:00,S100401,aurora-2.3,1,0
2026-04-14T02:00:48+00:00,S100397,aurora-2.3,3,0
2026-04-14T02:03:38+00:00,S100427,aurora-2.3,3,0
2026-04-14T02:12:26+00:00,S100408,aurora-2.3,2,0
2026-04-14T02:20:47+00:00,S100384,aurora-2.3,3,0
2026-04-14T02:21:13+00:00,S100433,aurora-2.3,2,0
2026-04-14T02:48:39+00:00,S100402,aurora-2.3,1,0
2026-04-14T03:03:08+00:00,S100400,aurora-2.3,1,0
2026-04-14T03:08:59+00:00,S100387,aurora-2.3,4,0
2026-04-14T03:23:14+00:00,S100422,aurora-2.3,1,0
2026-04-14T03:25:15+00:00,S100402,aurora-2.3,3,0
2026-04-14T03:38:05+00:00,S100392,aurora-2.3,3,0
2026-04-14T03:38:10+00:00,S100434,aurora-2.3,5,0
2026-04-14T03:43:04+00:00,S100397,aurora-2.3,4,1
2026-04-14T03:45:39+00:00,S100391,aurora-2.3,2,0
2026-04-14T03:52:08+00:00,S100395,aurora-2.3,3,0
2026-04-14T03:53:41+00:00,S100381,aurora-2.3,1,0
2026-04-14T03:56:55+00:00,S100396,aurora-2.3,2,0
2026-04-14T04:07:36+00:00,S100388,aurora-2.3,2,0
2026-04-14T04:11:52+00:00,S100400,aurora-2.3,2,0
2026-04-14T04:17:17+00:00,S100430,aurora-2.3,2,0
2026-04-14T04:34:40+00:00,S100426,aurora-2.3,4,0
2026-04-14T04:36:58+00:00,S100410,aurora-2.3,1,0
2026-04-14T04:37:41+00:00,S100382,aurora-2.3,2,0
2026-04-14T04:39:33+00:00,S100416,aurora-2.3,4,0
2026-04-14T04:46:23+00:00,S100433,aurora-2.3,3,0
2026-04-14T04:53:20+00:00,S100390,aurora-2.3,1,0
2026-04-14T04:56:49+00:00,S100381,aurora-2.3,2,0
2026-04-14T05:00:56+00:00,S100425,aurora-2.3,1,0
2026-04-14T05:05:37+00:00,S100403,aurora-2.3,1,0
2026-04-14T05:06:10+00:00,S100412,aurora-2.3,1,0
2026-04-14T05:13:40+00:00,S100432,aurora-2.3,2,0
2026-04-14T05:15:57+00:00,S100389,aurora-2.3,3,0
2026-04-14T05:26:15+00:00,S100428,aurora-2.3,1,0
2026-04-14T05:29:04+00:00,S100416,aurora-2.3,5,0
2026-04-14T05:51:40+00:00,S100407,aurora-2.3,3,0
2026-04-14T05:54:01+00:00,S100405,aurora-2.3,2,0
2026-04-14T05:56:46+00:00,S100428,aurora-2.3,4,0
2026-04-14T06:00:04+00:00,S100428,aurora-2.3,2,0
2026-04-14T06:02:40+00:00,S100404,aurora-2.3,1,0
2026-04-14T06:03:38+00:00,S100415,aurora-2.3,3,0
2026-04-14T06:03:47+00:00,S100436,aurora-2.3,1,0
2026-04-14T06:08:46+00:00,S100414,aurora-2.3,5,0
2026-04-14T06:24:08+00:00,S100432,aurora-2.3,4,0
2026-04-14T06:38:50+00:00,S100416,aurora-2.3,1,0
2026-04-14T06:41:31+00:00,S100386,aurora-2.3,1,0
2026-04-14T06:46:23+00:00,S100393,aurora-2.3,2,0
2026-04-14T06:48:37+00:00,S100383,aurora-2.3,1,1
2026-04-14T07:00:11+00:00,S100385,aurora-2.3,1,0
2026-04-14T07:49:16+00:00,S100401,aurora-2.3,3,0
2026-04-14T07:56:01+00:00,S100383,aurora-2.3,2,0
2026-04-14T08:14:21+00:00,S100404,aurora-2.3,2,0
2026-04-14T08:19:17+00:00,S100413,aurora-2.3,5,0
2026-04-14T08:20:34+00:00,S100430,aurora-2.3,4,0
2026-04-14T08:25:14+00:00,S100401,aurora-2.3,2,0
2026-04-14T08:48:48+00:00,S100402,aurora-2.3,4,0
2026-04-14T08:54:45+00:00,S100435,aurora-2.3,1,0
2026-04-14T08:54:57+00:00,S100416,aurora-2.3,2,0
2026-04-14T08:56:52+00:00,S100389,aurora-2.3,1,0
2026-04-14T09:28:02+00:00,S100384,aurora-2.3,1,0
2026-04-14T09:36:01+00:00,S100416,aurora-2.3,3,0
2026-04-14T09:36:48+00:00,S100430,aurora-2.3,3,0
2026-04-14T09:39:15+00:00,S100400,aurora-2.3,5,0
2026-04-14T09:48:45+00:00,S100429,aurora-2.3,4,0
2026-04-14T09:51:44+00:00,S100414,aurora-2.3,4,0
2026-04-14T09:53:49+00:00,S100406,aurora-2.3,2,0
2026-04-14T09:59:06+00:00,S100386,aurora-2.3,2,0
2026-04-14T10:27:41+00:00,S100390,aurora-2.3,2,0
2026-04-14T10:47:39+00:00,S100386,aurora-2.3,5,0
2026-04-14T10:54:47+00:00,S100402,aurora-2.3,5,0
2026-04-14T11:15:53+00:00,S100420,aurora-2.3,3,0
2026-04-14T11:16:57+00:00,S100429,aurora-2.3,2,0
2026-04-14T11:17:46+00:00,S100433,aurora-2.3,4,0
2026-04-14T11:20:01+00:00,S100409,aurora-2.3,1,0
2026-04-14T11:20:57+00:00,S100384,aurora-2.3,5,0
2026-04-14T11:41:33+00:00,S100387,aurora-2.3,2,0
2026-04-14T11:51:41+00:00,S100413,aurora-2.3,4,0
2026-04-14T12:02:22+00:00,S100435,aurora-2.3,2,0
2026-04-14T12:06:33+00:00,S100387,aurora-2.3,1,0
2026-04-14T12:10:58+00:00,S100426,aurora-2.3,3,0
2026-04-14T12:11:29+00:00,S100415,aurora-2.3,2,0
2026-04-14T12:20:49+00:00,S100411,aurora-2.3,3,0
2026-04-14T12:25:03+00:00,S100384,aurora-2.3,4,0
2026-04-14T12:25:40+00:00,S100413,aurora-2.3,3,1
2026-04-14T12:25:40+00:00,S100408,aurora-2.3,1,0
2026-04-14T12:36:03+00:00,S100422,aurora-2.3,4,0
2026-04-14T12:55:29+00:00,S100411,aurora-2.3,1,0
2026-04-14T13:02:56+00:00,S100410,aurora-2.3,3,0
2026-04-14T13:04:35+00:00,S100398,aurora-2.3,1,0
2026-04-14T13:09:59+00:00,S100415,aurora-2.3,1,0
2026-04-14T13:10:54+00:00,S100414,aurora-2.3,2,0
2026-04-14T13:25:06+00:00,S100413,aurora-2.3,2,0
2026-04-14T13:29:43+00:00,S100427,aurora-2.3,2,0
2026-04-14T13:30:27+00:00,S100411,aurora-2.3,4,0
2026-04-14T13:31:27+00:00,S100387,aurora-2.3,3,0
2026-04-14T13:34:19+00:00,S100393,aurora-2.3,1,0
2026-04-14T13:37:28+00:00,S100407,aurora-2.3,5,0
2026-04-14T13:38:46+00:00,S100429,aurora-2.3,1,0
2026-04-14T13:41:08+00:00,S100399,aurora-2.3,4,0
2026-04-14T13:53:43+00:00,S100434,aurora-2.3,3,0
2026-04-14T13:54:48+00:00,S100388,aurora-2.3,3,0
2026-04-14T13:55:39+00:00,S100419,aurora-2.3,2,1
2026-04-14T13:59:23+00:00,S100384,aurora-2.3,2,0
2026-04-14T14:04:04+00:00,S100426,aurora-2.3,1,0
2026-04-14T14:12:12+00:00,S100429,aurora-2.3,5,0
2026-04-14T14:13:55+00:00,S100394,aurora-2.3,2,0
2026-04-14T14:22:30+00:00,S100417,aurora-2.3,3,0
2026-04-14T14:23:16+00:00,S100406,aurora-2.3,3,0
2026-04-14T14:26:14+00:00,S100432,aurora-2.3,3,0
2026-04-14T14:30:10+00:00,S100427,aurora-2.3,1,0
2026-04-14T14:31:41+00:00,S100422,aurora-2.3,2,0
2026-04-14T14:46:41+00:00,S100397,aurora-2.3,2,0
2026-04-14T14:50:25+00:00,S100393,aurora-2.3,3,0
2026-04-14T14:50:36+00:00,S100400,aurora-2.3,4,0
2026-04-14T15:00:53+00:00,S100397,aurora-2.3,5,0
2026-04-14T15:16:19+00:00,S100431,aurora-2.3,5,0
2026-04-14T15:27:23+00:00,S100421,aurora-2.3,1,0
2026-04-14T15:27:24+00:00,S100396,aurora-2.3,3,0
2026-04-14T15:29:39+00:00,S100423,aurora-2.3,1,0
2026-04-14T15:42:13+00:00,S100420,aurora-2.3,2,0
2026-04-14T15:48:24+00:00,S100419,aurora-2.3,3,0
2026-04-14T15:50:28+00:00,S100417,aurora-2.3,2,0
2026-04-14T15:51:33+00:00,S100389,aurora-2.3,5,0
2026-04-14T15:54:19+00:00,S100411,aurora-2.3,2,0
2026-04-14T15:54:46+00:00,S100403,aurora-2.3,3,0
2026-04-14T16:01:01+00:00,S100436,aurora-2.3,2,0
2026-04-14T16:03:03+00:00,S100405,aurora-2.3,1,0
2026-04-14T16:09:36+00:00,S100392,aurora-2.3,1,0
2026-04-14T16:10:32+00:00,S100396,aurora-2.3,1,0
2026-04-14T16:10:48+00:00,S100383,aurora-2.3,3,0
2026-04-14T16:28:00+00:00,S100436,aurora-2.3,3,0
2026-04-14T16:34:48+00:00,S100407,aurora-2.3,2,0
2026-04-14T16:34:59+00:00,S100399,aurora-2.3,1,0
2026-04-14T16:37:47+00:00,S100426,aurora-2.3,2,0
2026-04-14T16:39:36+00:00,S100417,aurora-2.3,1,0
2026-04-14T16:46:53+00:00,S100410,aurora-2.3,2,0
2026-04-14T16:51:21+00:00,S100385,aurora-2.3,2,0
2026-04-14T17:03:51+00:00,S100392,aurora-2.3,4,0
2026-04-14T17:04:33+00:00,S100421,aurora-2.3,2,0
2026-04-14T17:08:53+00:00,S100414,aurora-2.3,3,0
2026-04-14T17:10:55+00:00,S100431,aurora-2.3,2,0
2026-04-14T17:16:58+00:00,S100419,aurora-2.3,1,0
2026-04-14T17:17:55+00:00,S100424,aurora-2.3,4,0
2026-04-14T17:21:18+00:00,S100392,aurora-2.3,2,0
2026-04-14T17:23:50+00:00,S100402,aurora-2.3,2,0
2026-04-14T17:33:15+00:00,S100436,aurora-2.3,4,0
2026-04-14T17:43:21+00:00,S100400,aurora-2.3,3,0
2026-04-14T17:57:57+00:00,S100429,aurora-2.3,3,0
2026-04-14T18:12:04+00:00,S100391,aurora-2.3,1,0
2026-04-14T18:13:00+00:00,S100386,aurora-2.3,4,0
2026-04-14T18:16:50+00:00,S100395,aurora-2.3,4,0
2026-04-14T18:29:03+00:00,S100434,aurora-2.3,1,0
2026-04-14T18:30:31+00:00,S100424,aurora-2.3,3,0
2026-04-14T18:38:46+00:00,S100424,aurora-2.3,1,0
2026-04-14T19:11:17+00:00,S100422,aurora-2.3,3,0
2026-04-14T19:14:44+00:00,S100396,aurora-2.3,4,0
2026-04-14T19:15:39+00:00,S100423,aurora-2.3,3,0
2026-04-14T19:23:44+00:00,S100398,aurora-2.3,2,0
2026-04-14T19:25:48+00:00,S100410,aurora-2.3,4,0
2026-04-14T19:36:20+00:00,S100399,aurora-2.3,3,0
2026-04-14T19:38:14+00:00,S100395,aurora-2.3,2,0
2026-04-14T19:45:52+00:00,S100432,aurora-2.3,1,0
2026-04-14T19:53:07+00:00,S100430,aurora-2.3,1,0
2026-04-14T19:59:28+00:00,S100386,aurora-2.3,3,0
2026-04-14T20:01:53+00:00,S100398,aurora-2.3,3,0
2026-04-14T20:01:56+00:00,S100407,aurora-2.3,1,0
2026-04-14T20:11:14+00:00,S100406,aurora-2.3,4,0
2026-04-14T20:25:18+00:00,S100405,aurora-2.3,3,0
2026-04-14T20:26:33+00:00,S100431,aurora-2.3,4,0
2026-04-14T20:26:51+00:00,S100412,aurora-2.3,3,0
2026-04-14T20:29:10+00:00,S100431,aurora-2.3,1,0
2026-04-14T20:33:07+00:00,S100428,aurora-2.3,3,0
2026-04-14T20:33:28+00:00,S100395,aurora-2.3,1,0
2026-04-14T20:35:12+00:00,S100410,aurora-2.3,5,0
2026-04-14T20:37:28+00:00,S100414,aurora-2.3,1,0
2026-04-14T20:37:50+00:00,S100393,aurora-2.3,4,0
2026-04-14T20:56:05+00:00,S100399,aurora-2.3,2,0
2026-04-14T21:00:18+00:00,S100434,aurora-2.3,4,0
2026-04-14T21:16:27+00:00,S100403,aurora-2.3,2,0
2026-04-14T21:33:32+00:00,S100385,aurora-2.3,3,0
2026-04-14T21:40:49+00:00,S100387,aurora-2.3,5,0
2026-04-14T21:42:08+00:00,S100394,aurora-2.3,1,0
2026-04-14T21:44:56+00:00,S100418,aurora-2.3,2,0
2026-04-14T22:07:58+00:00,S100389,aurora-2.3,2,0
2026-04-14T22:17:55+00:00,S100425,aurora-2.3,2,0
2026-04-14T22:20:58+00:00,S100412,aurora-2.3,2,0
2026-04-14T22:56:48+00:00,S100417,aurora-2.3,4,0
2026-04-14T23:13:22+00:00,S100433,aurora-2.3,1,0
2026-04-14T23:15:34+00:00,S100420,aurora-2.3,1,0
2026-04-14T23:16:46+00:00,S100419,aurora-2.3,4,0
2026-04-14T23:19:06+00:00,S100389,aurora-2.3,4,0
2026-04-14T23:24:19+00:00,S100418,aurora-2.3,4,0
2026-04-14T23:35:37+00:00,S100424,aurora-2.3,2,0
2026-04-14T23:43:13+00:00,S100397,aurora-2.3,1,0
2026-04-14T23:54:10+00:00,S100382,aurora-2.3,1,0
2026-04-14T23:58:30+00:00,S100434,aurora-2.3,2,0
2026-04-15T00:05:27+00:00,S100479,aurora-2.3,2,0
2026-04-15T00:12:57+00:00,S100471,aurora-2.3,4,0
2026-04-15T00:20:35+00:00,S100483,aurora-2.3,3,0
2026-04-15T00:34:30+00:00,S100470,aurora-2.3,2,0
2026-04-15T00:43:01+00:00,S100488,aurora-2.3,3,0
2026-04-15T01:25:51+00:00,S100451,aurora-2.3,2,0
2026-04-15T01:27:43+00:00,S100451,aurora-2.3,3,0
2026-04-15T01:32:34+00:00,S100469,aurora-2.3,3,0
2026-04-15T01:32:43+00:00,S100490,aurora-2.3,3,0
2026-04-15T01:37:24+00:00,S100456,aurora-2.3,4,0
2026-04-15T01:44:18+00:00,S100484,aurora-2.3,3,0
2026-04-15T01:58:15+00:00,S100462,aurora-2.3,1,0
2026-04-15T02:01:55+00:00,S100480,aurora-2.3,3,0
2026-04-15T02:12:22+00:00,S100439,aurora-2.3,3,0
2026-04-15T02:12:39+00:00,S100457,aurora-2.3,3,0
2026-04-15T02:23:26+00:00,S100457,aurora-2.3,1,0
2026-04-15T02:46:21+00:00,S100477,aurora-2.3,3,0
2026-04-15T02:46:33+00:00,S100468,aurora-2.3,4,0
2026-04-15T03:03:35+00:00,S100479,aurora-2.3,1,0
2026-04-15T03:21:32+00:00,S100477,aurora-2.3,2,0
2026-04-15T03:37:10+00:00,S100458,aurora-2.3,3,1
2026-04-15T03:40:32+00:00,S100485,aurora-2.3,1,0
2026-04-15T03:48:27+00:00,S100443,aurora-2.3,3,0
2026-04-15T03:52:19+00:00,S100462,aurora-2.3,2,0
2026-04-15T03:57:13+00:00,S100471,aurora-2.3,1,0
2026-04-15T03:58:55+00:00,S100480,aurora-2.3,1,0
2026-04-15T04:06:52+00:00,S100483,aurora-2.3,1,0
2026-04-15T04:21:45+00:00,S100461,aurora-2.3,1,0
2026-04-15T04:23:57+00:00,S100469,aurora-2.3,1,0
2026-04-15T04:24:46+00:00,S100460,aurora-2.3,5,0
2026-04-15T04:34:28+00:00,S100450,aurora-2.3,2,0
2026-04-15T04:46:04+00:00,S100440,aurora-2.3,3,0
2026-04-15T04:46:55+00:00,S100486,aurora-2.3,3,1
2026-04-15T04:47:39+00:00,S100468,aurora-2.3,1,0
2026-04-15T04:51:27+00:00,S100479,aurora-2.3,3,0
2026-04-15T04:56:58+00:00,S100492,aurora-2.3,2,0
2026-04-15T04:59:39+00:00,S100450,aurora-2.3,1,0
2026-04-15T05:04:32+00:00,S100489,aurora-2.3,1,0
2026-04-15T05:04:55+00:00,S100491,aurora-2.3,3,0
2026-04-15T05:10:04+00:00,S100459,aurora-2.3,5,0
2026-04-15T05:40:35+00:00,S100487,aurora-2.3,1,0
2026-04-15T05:40:54+00:00,S100437,aurora-2.3,1,0
2026-04-15T05:55:01+00:00,S100484,aurora-2.3,2,0
2026-04-15T05:55:01+00:00,S100481,aurora-2.3,3,0
2026-04-15T06:07:41+00:00,S100446,aurora-2.3,2,0
2026-04-15T06:18:12+00:00,S100456,aurora-2.3,1,0
2026-04-15T06:50:35+00:00,S100491,aurora-2.3,2,0
2026-04-15T06:55:40+00:00,S100438,aurora-2.3,5,0
2026-04-15T07:03:47+00:00,S100458,aurora-2.3,1,0
2026-04-15T07:33:59+00:00,S100438,aurora-2.3,3,0
2026-04-15T07:53:10+00:00,S100464,aurora-2.3,1,0
2026-04-15T07:53:49+00:00,S100466,aurora-2.3,3,0
2026-04-15T08:04:49+00:00,S100451,aurora-2.3,1,0
2026-04-15T08:09:25+00:00,S100456,aurora-2.3,2,0
2026-04-15T08:09:48+00:00,S100464,aurora-2.3,2,0
2026-04-15T08:38:27+00:00,S100486,aurora-2.3,4,0
2026-04-15T08:49:13+00:00,S100467,aurora-2.3,2,0
2026-04-15T08:49:29+00:00,S100459,aurora-2.3,3,1
2026-04-15T08:53:22+00:00,S100491,aurora-2.3,1,0
2026-04-15T09:13:17+00:00,S100441,aurora-2.3,1,0
2026-04-15T09:25:59+00:00,S100465,aurora-2.3,1,0
2026-04-15T09:30:39+00:00,S100438,aurora-2.3,4,0
2026-04-15T09:43:34+00:00,S100457,aurora-2.3,4,0
2026-04-15T09:53:13+00:00,S100469,aurora-2.3,2,0
2026-04-15T09:53:20+00:00,S100440,aurora-2.3,5,0
2026-04-15T09:53:35+00:00,S100448,aurora-2.3,3,0
2026-04-15T10:02:54+00:00,S100470,aurora-2.3,4,0
2026-04-15T10:18:05+00:00,S100444,aurora-2.3,2,0
2026-04-15T10:27:07+00:00,S100445,aurora-2.3,1,0
2026-04-15T10:30:08+00:00,S100470,aurora-2.3,5,0
2026-04-15T10:30:28+00:00,S100472,aurora-2.3,1,0
2026-04-15T10:34:52+00:00,S100470,aurora-2.3,3,0
2026-04-15T10:36:53+00:00,S100442,aurora-2.3,3,0
2026-04-15T10:39:39+00:00,S100474,aurora-2.3,3,0
2026-04-15T10:43:50+00:00,S100447,aurora-2.3,2,0
2026-04-15T10:45:53+00:00,S100446,aurora-2.3,4,0
2026-04-15T10:46:39+00:00,S100460,aurora-2.3,3,0
2026-04-15T10:54:16+00:00,S100482,aurora-2.3,5,0
2026-04-15T10:55:39+00:00,S100461,aurora-2.3,4,0
2026-04-15T11:05:10+00:00,S100437,aurora-2.3,2,0
2026-04-15T11:16:37+00:00,S100476,aurora-2.3,2,0
2026-04-15T11:29:21+00:00,S100475,aurora-2.3,4,0
2026-04-15T11:36:50+00:00,S100465,aurora-2.3,2,0
2026-04-15T11:41:35+00:00,S100470,aurora-2.3,1,0
2026-04-15T11:48:52+00:00,S100459,aurora-2.3,2,0
2026-04-15T12:31:57+00:00,S100456,aurora-2.3,3,0
2026-04-15T12:34:20+00:00,S100480,aurora-2.3,2,0
2026-04-15T12:36:37+00:00,S100477,aurora-2.3,5,0
2026-04-15T12:37:04+00:00,S100443,aurora-2.3,2,0
2026-04-15T12:38:56+00:00,S100475,aurora-2.3,3,0
2026-04-15T12:40:33+00:00,S100477,aurora-2.3,1,0
2026-04-15T12:43:55+00:00,S100466,aurora-2.3,1,0
2026-04-15T12:57:24+00:00,S100475,aurora-2.3,1,0
2026-04-15T13:08:29+00:00,S100486,aurora-2.3,2,0
2026-04-15T13:11:44+00:00,S100466,aurora-2.3,4,0
2026-04-15T13:18:25+00:00,S100440,aurora-2.3,2,0
2026-04-15T13:23:06+00:00,S100455,aurora-2.3,1,0
2026-04-15T13:27:39+00:00,S100485,aurora-2.3,4,0
2026-04-15T13:32:35+00:00,S100478,aurora-2.3,2,0
2026-04-15T13:36:31+00:00,S100442,aurora-2.3,2,0
2026-04-15T13:43:37+00:00,S100460,aurora-2.3,4,0
2026-04-15T13:58:39+00:00,S100490,aurora-2.3,1,0
2026-04-15T14:15:21+00:00,S100454,aurora-2.3,3,0
2026-04-15T14:22:19+00:00,S100459,aurora-2.3,1,0
2026-04-15T14:23:36+00:00,S100440,aurora-2.3,4,0
2026-04-15T14:25:46+00:00,S100489,aurora-2.3,2,0
2026-04-15T14:26:10+00:00,S100451,aurora-2.3,4,0
2026-04-15T14:35:55+00:00,S100455,aurora-2.3,2,0
2026-04-15T14:36:14+00:00,S100477,aurora-2.3,4,0
2026-04-15T14:36:37+00:00,S100492,aurora-2.3,4,0
2026-04-15T15:01:24+00:00,S100447,aurora-2.3,1,0
2026-04-15T15:02:47+00:00,S100448,aurora-2.3,4,0
2026-04-15T15:11:52+00:00,S100472,aurora-2.3,2,0
2026-04-15T15:15:18+00:00,S100458,aurora-2.3,2,0
2026-04-15T15:18:19+00:00,S100443,aurora-2.3,1,0
2026-04-15T15:18:39+00:00,S100487,aurora-2.3,3,0
2026-04-15T15:24:47+00:00,S100488,aurora-2.3,1,0
2026-04-15T15:32:55+00:00,S100453,aurora-2.3,1,0
2026-04-15T15:44:43+00:00,S100468,aurora-2.3,2,0
2026-04-15T15:48:01+00:00,S100446,aurora-2.3,3,0
2026-04-15T15:50:50+00:00,S100492,aurora-2.3,1,0
2026-04-15T15:51:15+00:00,S100491,aurora-2.3,4,0
2026-04-15T15:53:06+00:00,S100450,aurora-2.3,3,0
2026-04-15T15:53:17+00:00,S100454,aurora-2.3,2,0
2026-04-15T16:03:27+00:00,S100471,aurora-2.3,5,0
2026-04-15T16:05:16+00:00,S100472,aurora-2.3,4,0
2026-04-15T16:15:45+00:00,S100455,aurora-2.3,3,0
2026-04-15T16:43:31+00:00,S100446,aurora-2.3,1,1
2026-04-15T16:53:01+00:00,S100448,aurora-2.3,2,0
2026-04-15T16:54:26+00:00,S100467,aurora-2.3,4,0
2026-04-15T17:07:15+00:00,S100475,aurora-2.3,5,0
2026-04-15T17:09:31+00:00,S100469,aurora-2.3,4,0
2026-04-15T17:10:00+00:00,S100481,aurora-2.3,4,0
2026-04-15T17:25:08+00:00,S100452,aurora-2.3,3,0
2026-04-15T17:36:48+00:00,S100482,aurora-2.3,3,0
2026-04-15T17:40:50+00:00,S100440,aurora-2.3,1,0
2026-04-15T17:54:00+00:00,S100474,aurora-2.3,1,0
2026-04-15T18:03:20+00:00,S100478,aurora-2.3,1,0
2026-04-15T18:14:05+00:00,S100461,aurora-2.3,3,0
2026-04-15T18:14:59+00:00,S100461,aurora-2.3,5,0
2026-04-15T18:27:23+00:00,S100461,aurora-2.3,2,0
2026-04-15T18:38:48+00:00,S100457,aurora-2.3,2,0
2026-04-15T18:41:03+00:00,S100466,aurora-2.3,2,0
2026-04-15T18:42:48+00:00,S100488,aurora-2.3,2,0
2026-04-15T18:48:17+00:00,S100463,aurora-2.3,1,0
2026-04-15T18:56:33+00:00,S100458,aurora-2.3,4,0
2026-04-15T18:59:51+00:00,S100459,aurora-2.3,4,0
2026-04-15T19:02:03+00:00,S100482,aurora-2.3,1,0
2026-04-15T19:29:34+00:00,S100452,aurora-2.3,2,0
2026-04-15T19:32:07+00:00,S100485,aurora-2.3,2,0
2026-04-15T19:36:19+00:00,S100457,aurora-2.3,5,0
2026-04-15T19:36:21+00:00,S100472,aurora-2.3,3,0
2026-04-15T19:36:59+00:00,S100442,aurora-2.3,1,0
2026-04-15T19:41:09+00:00,S100480,aurora-2.3,4,0
2026-04-15T19:43:38+00:00,S100468,aurora-2.3,3,0
2026-04-15T20:07:46+00:00,S100438,aurora-2.3,2,0
2026-04-15T20:07:48+00:00,S100486,aurora-2.3,1,0
2026-04-15T20:14:17+00:00,S100487,aurora-2.3,2,0
2026-04-15T20:16:28+00:00,S100444,aurora-2.3,1,0
2026-04-15T20:21:48+00:00,S100463,aurora-2.3,2,0
2026-04-15T20:36:06+00:00,S100484,aurora-2.3,1,0
2026-04-15T20:39:47+00:00,S100453,aurora-2.3,2,0
2026-04-15T20:42:22+00:00,S100481,aurora-2.3,2,0
2026-04-15T20:44:30+00:00,S100471,aurora-2.3,2,0
2026-04-15T20:56:28+00:00,S100475,aurora-2.3,2,0
2026-04-15T21:01:10+00:00,S100467,aurora-2.3,1,0
2026-04-15T21:03:35+00:00,S100473,aurora-2.3,1,0
2026-04-15T21:07:15+00:00,S100489,aurora-2.3,4,0
2026-04-15T21:13:45+00:00,S100474,aurora-2.3,4,0
2026-04-15T21:14:10+00:00,S100483,aurora-2.3,2,0
2026-04-15T21:22:42+00:00,S100441,aurora-2.3,3,0
2026-04-15T21:24:07+00:00,S100439,aurora-2.3,1,0
2026-04-15T21:26:04+00:00,S100451,aurora-2.3,5,0
2026-04-15T21:27:43+00:00,S100476,aurora-2.3,1,0
2026-04-15T21:36:01+00:00,S100482,aurora-2.3,4,0
2026-04-15T21:38:03+00:00,S100439,aurora-2.3,2,0
2026-04-15T21:38:28+00:00,S100456,aurora-2.3,5,0
2026-04-15T21:47:19+00:00,S100452,aurora-2.3,1,0
2026-04-15T21:48:59+00:00,S100448,aurora-2.3,1,0
2026-04-15T21:53:25+00:00,S100464,aurora-2.3,3,0
2026-04-15T21:54:59+00:00,S100450,aurora-2.3,4,0
2026-04-15T21:57:47+00:00,S100471,aurora-2.3,3,0
2026-04-15T21:58:21+00:00,S100444,aurora-2.3,3,0
2026-04-15T22:00:54+00:00,S100454,aurora-2.3,1,0
2026-04-15T22:05:02+00:00,S100445,aurora-2.3,2,0
2026-04-15T22:12:00+00:00,S100438,aurora-2.3,1,0
2026-04-15T22:16:10+00:00,S100485,aurora-2.3,3,1
2026-04-15T22:18:09+00:00,S100474,aurora-2.3,5,0
2026-04-15T22:23:49+00:00,S100449,aurora-2.3,1,0
2026-04-15T22:32:58+00:00,S100460,aurora-2.3,1,0
2026-04-15T22:33:06+00:00,S100473,aurora-2.3,2,0
2026-04-15T22:39:09+00:00,S100482,aurora-2.3,2,0
2026-04-15T22:43:56+00:00,S100490,aurora-2.3,2,0
2026-04-15T22:49:37+00:00,S100460,aurora-2.3,2,0
2026-04-15T22:53:46+00:00,S100489,aurora-2.3,3,0
2026-04-15T22:57:49+00:00,S100441,aurora-2.3,2,0
2026-04-15T23:15:01+00:00,S100474,aurora-2.3,2,0
2026-04-15T23:26:55+00:00,S100481,aurora-2.3,1,0
2026-04-15T23:29:15+00:00,S100492,aurora-2.3,3,0
2026-04-15T23:43:44+00:00,S100449,aurora-2.3,2,0
2026-04-15T23:53:30+00:00,S100467,aurora-2.3,3,0
2026-04-15T23:53:51+00:00,S100458,aurora-2.3,5,0
2026-04-16T00:00:09+00:00,S100519,aurora-2.3,3,0
2026-04-16T00:03:00+00:00,S100551,aurora-2.3,1,0
2026-04-16T00:14:18+00:00,S100513,aurora-2.3,1,0
2026-04-16T00:18:07+00:00,S100521,aurora-2.3,3,0
2026-04-16T00:19:53+00:00,S100536,aurora-2.3,3,0
2026-04-16T00:21:50+00:00,S100533,aurora-2.3,1,0
2026-04-16T00:23:28+00:00,S100554,aurora-2.3,2,0
2026-04-16T00:24:59+00:00,S100527,aurora-2.3,1,0
2026-04-16T00:27:06+00:00,S100497,aurora-2.3,4,1
2026-04-16T00:33:15+00:00,S100537,aurora-2.3,4,0
2026-04-16T00:37:16+00:00,S100539,aurora-2.3,5,0
2026-04-16T00:44:20+00:00,S100503,aurora-2.3,1,0
2026-04-16T01:04:48+00:00,S100526,aurora-2.3,4,0
2026-04-16T01:09:39+00:00,S100519,aurora-2.3,5,0
2026-04-16T01:11:40+00:00,S100534,aurora-2.3,1,0
2026-04-16T01:21:28+00:00,S100555,aurora-2.3,1,0
2026-04-16T01:21:40+00:00,S100550,aurora-2.3,1,0
2026-04-16T01:41:46+00:00,S100495,aurora-2.3,1,0
2026-04-16T01:45:55+00:00,S100550,aurora-2.3,4,0
2026-04-16T01:46:50+00:00,S100545,aurora-2.3,1,0
2026-04-16T02:06:31+00:00,S100541,aurora-2.3,2,0
2026-04-16T02:07:07+00:00,S100508,aurora-2.3,3,0
2026-04-16T02:08:50+00:00,S100547,aurora-2.3,1,0
2026-04-16T02:12:55+00:00,S100510,aurora-2.3,2,0
2026-04-16T02:15:52+00:00,S100556,aurora-2.3,2,1
2026-04-16T02:17:21+00:00,S100532,aurora-2.3,1,0
2026-04-16T02:28:40+00:00,S100543,aurora-2.3,2,0
2026-04-16T02:33:17+00:00,S100494,aurora-2.3,3,0
2026-04-16T02:35:54+00:00,S100544,aurora-2.3,1,0
2026-04-16T02:43:02+00:00,S100549,aurora-2.3,3,0
2026-04-16T02:51:59+00:00,S100549,aurora-2.3,5,0
2026-04-16T02:57:41+00:00,S100549,aurora-2.3,1,0
2026-04-16T03:08:05+00:00,S100533,aurora-2.3,4,0
2026-04-16T03:12:52+00:00,S100531,aurora-2.3,3,0
2026-04-16T03:15:40+00:00,S100548,aurora-2.3,1,0
2026-04-16T03:17:34+00:00,S100540,aurora-2.3,3,0
2026-04-16T03:19:51+00:00,S100541,aurora-2.3,3,0
2026-04-16T03:22:17+00:00,S100500,aurora-2.3,3,0
2026-04-16T03:26:59+00:00,S100552,aurora-2.3,2,0
2026-04-16T03:43:22+00:00,S100553,aurora-2.3,4,0
2026-04-16T03:46:09+00:00,S100527,aurora-2.3,2,0
2026-04-16T03:50:25+00:00,S100522,aurora-2.3,3,0
2026-04-16T03:57:55+00:00,S100515,aurora-2.3,1,0
2026-04-16T04:10:41+00:00,S100508,aurora-2.3,1,0
2026-04-16T04:10:53+00:00,S100509,aurora-2.3,4,0
2026-04-16T04:19:25+00:00,S100498,aurora-2.3,1,0
2026-04-16T04:21:08+00:00,S100514,aurora-2.3,1,0
2026-04-16T04:24:06+00:00,S100528,aurora-2.3,2,0
2026-04-16T04:27:19+00:00,S100549,aurora-2.3,4,0
2026-04-16T04:53:46+00:00,S100510,aurora-2.3,1,0
2026-04-16T05:03:07+00:00,S100543,aurora-2.3,1,0
2026-04-16T05:13:57+00:00,S100497,aurora-2.3,3,0
2026-04-16T05:19:01+00:00,S100552,aurora-2.3,3,0
2026-04-16T05:20:33+00:00,S100558,aurora-2.3,2,0
2026-04-16T05:36:59+00:00,S100533,aurora-2.3,3,0
2026-04-16T05:37:10+00:00,S100551,aurora-2.3,4,0
2026-04-16T05:40:42+00:00,S100540,aurora-2.3,4,0
2026-04-16T05:43:25+00:00,S100556,aurora-2.3,1,0
2026-04-16T05:52:54+00:00,S100531,aurora-2.3,1,0
2026-04-16T05:58:20+00:00,S100516,aurora-2.3,2,0
2026-04-16T06:02:39+00:00,S100535,aurora-2.3,1,0
2026-04-16T06:02:51+00:00,S100505,aurora-2.3,1,0
2026-04-16T06:05:18+00:00,S100521,aurora-2.3,1,0
2026-04-16T06:06:47+00:00,S100524,aurora-2.3,1,0
2026-04-16T06:11:04+00:00,S100537,aurora-2.3,1,0
2026-04-16T06:17:24+00:00,S100519,aurora-2.3,4,0
2026-04-16T06:22:28+00:00,S100515,aurora-2.3,5,0
2026-04-16T06:24:44+00:00,S100502,aurora-2.3,2,0
2026-04-16T06:38:31+00:00,S100519,aurora-2.3,1,0
2026-04-16T06:53:11+00:00,S100527,aurora-2.3,4,0
2026-04-16T06:54:57+00:00,S100494,aurora-2.3,4,0
2026-04-16T07:07:12+00:00,S100511,aurora-2.3,1,0
2026-04-16T07:16:33+00:00,S100524,aurora-2.3,2,0
2026-04-16T07:17:59+00:00,S100508,aurora-2.3,2,0
2026-04-16T07:21:11+00:00,S100496,aurora-2.3,1,0
2026-04-16T07:22:25+00:00,S100548,aurora-2.3,5,0
2026-04-16T07:31:18+00:00,S100514,aurora-2.3,3,0
2026-04-16T07:47:23+00:00,S100513,aurora-2.3,3,0
2026-04-16T07:59:18+00:00,S100541,aurora-2.3,1,0
2026-04-16T08:07:20+00:00,S100542,aurora-2.3,2,0
2026-04-16T08:11:29+00:00,S100526,aurora-2.3,3,0
2026-04-16T08:24:23+00:00,S100539,aurora-2.3,2,0
2026-04-16T08:34:46+00:00,S100555,aurora-2.3,3,0
2026-04-16T08:35:38+00:00,S100557,aurora-2.3,3,0
2026-04-16T08:55:24+00:00,S100533,aurora-2.3,2,0
2026-04-16T08:57:37+00:00,S100543,aurora-2.3,3,1
2026-04-16T09:02:08+00:00,S100541,aurora-2.3,4,0
2026-04-16T09:02:56+00:00,S100537,aurora-2.3,2,0
2026-04-16T09:08:57+00:00,S100495,aurora-2.3,2,0
2026-04-16T09:16:13+00:00,S100498,aurora-2.3,2,0
2026-04-16T09:16:32+00:00,S100494,aurora-2.3,2,0
2026-04-16T09:18:19+00:00,S100530,aurora-2.3,1,0
2026-04-16T09:22:07+00:00,S100512,aurora-2.3,1,0
2026-04-16T09:24:52+00:00,S100536,aurora-2.3,1,0
2026-04-16T09:26:30+00:00,S100529,aurora-2.3,3,0
2026-04-16T09:52:10+00:00,S100540,aurora-2.3,5,0
2026-04-16T09:53:19+00:00,S100507,aurora-2.3,3,0
2026-04-16T10:07:01+00:00,S100526,aurora-2.3,2,0
2026-04-16T10:09:44+00:00,S100513,aurora-2.3,2,0
2026-04-16T10:13:05+00:00,S100548,aurora-2.3,4,0
2026-04-16T10:15:58+00:00,S100536,aurora-2.3,2,0
2026-04-16T10:25:45+00:00,S100510,aurora-2.3,5,0
2026-04-16T10:31:29+00:00,S100539,aurora-2.3,4,0
2026-04-16T10:32:29+00:00,S100530,aurora-2.3,3,0
2026-04-16T10:36:01+00:00,S100529,aurora-2.3,2,0
2026-04-16T10:39:52+00:00,S100508,aurora-2.3,4,0
2026-04-16T10:42:09+00:00,S100546,aurora-2.3,3,0
2026-04-16T10:46:28+00:00,S100511,aurora-2.3,2,0
2026-04-16T10:59:26+00:00,S100493,aurora-2.3,1,0
2026-04-16T11:06:03+00:00,S100536,aurora-2.3,4,0
2026-04-16T11:10:32+00:00,S100557,aurora-2.3,1,0
2026-04-16T11:12:24+00:00,S100542,aurora-2.3,1,0
2026-04-16T11:19:40+00:00,S100520,aurora-2.3,3,0
2026-04-16T11:24:22+00:00,S100515,aurora-2.3,2,0
2026-04-16T11:38:40+00:00,S100518,aurora-2.3,2,0
2026-04-16T11:41:48+00:00,S100500,aurora-2.3,5,0
2026-04-16T11:48:55+00:00,S100514,aurora-2.3,4,1
2026-04-16T11:54:17+00:00,S100532,aurora-2.3,2,0
2026-04-16T11:56:05+00:00,S100534,aurora-2.3,2,0
2026-04-16T12:10:10+00:00,S100505,aurora-2.3,2,0
2026-04-16T12:33:01+00:00,S100520,aurora-2.3,4,0
2026-04-16T12:36:22+00:00,S100540,aurora-2.3,2,0
2026-04-16T12:57:23+00:00,S100547,aurora-2.3,2,0
2026-04-16T13:00:25+00:00,S100535,aurora-2.3,3,0
2026-04-16T13:12:21+00:00,S100520,aurora-2.3,2,0
2026-04-16T13:28:42+00:00,S100555,aurora-2.3,2,0
2026-04-16T13:30:41+00:00,S100500,aurora-2.3,2,0
2026-04-16T13:31:59+00:00,S100498,aurora-2.3,4,0
2026-04-16T13:40:37+00:00,S100530,aurora-2.3,2,0
2026-04-16T13:52:01+00:00,S100518,aurora-2.3,3,0
2026-04-16T13:54:02+00:00,S100553,aurora-2.3,2,0
2026-04-16T13:55:56+00:00,S100497,aurora-2.3,2,0
2026-04-16T13:58:59+00:00,S100551,aurora-2.3,5,0
2026-04-16T14:04:01+00:00,S100546,aurora-2.3,2,0
2026-04-16T14:05:58+00:00,S100535,aurora-2.3,2,0
2026-04-16T14:11:15+00:00,S100537,aurora-2.3,5,0
2026-04-16T14:16:47+00:00,S100551,aurora-2.3,3,0
2026-04-16T14:16:58+00:00,S100500,aurora-2.3,1,0
2026-04-16T14:17:15+00:00,S100501,aurora-2.3,3,0
2026-04-16T14:21:40+00:00,S100518,aurora-2.3,1,0
2026-04-16T14:22:52+00:00,S100503,aurora-2.3,2,0
2026-04-16T14:25:39+00:00,S100498,aurora-2.3,5,0
2026-04-16T14:28:15+00:00,S100521,aurora-2.3,2,0
2026-04-16T14:32:34+00:00,S100544,aurora-2.3,2,0
2026-04-16T14:34:55+00:00,S100540,aurora-2.3,1,0
2026-04-16T14:41:32+00:00,S100511,aurora-2.3,3,0
2026-04-16T14:52:41+00:00,S100527,aurora-2.3,3,0
2026-04-16T14:54:00+00:00,S100550,aurora-2.3,3,0
2026-04-16T14:54:40+00:00,S100558,aurora-2.3,1,0
2026-04-16T15:06:42+00:00,S100505,aurora-2.3,3,0
2026-04-16T15:07:22+00:00,S100525,aurora-2.3,4,0
2026-04-16T15:10:51+00:00,S100539,aurora-2.3,3,0
2026-04-16T15:12:51+00:00,S100517,aurora-2.3,1,0
2026-04-16T15:21:00+00:00,S100549,aurora-2.3,2,0
2026-04-16T15:23:36+00:00,S100505,aurora-2.3,4,0
2026-04-16T15:23:46+00:00,S100516,aurora-2.3,1,0
2026-04-16T15:35:58+00:00,S100534,aurora-2.3,3,0
2026-04-16T15:41:40+00:00,S100506,aurora-2.3,5,0
2026-04-16T15:42:59+00:00,S100538,aurora-2.3,2,0
2026-04-16T15:49:38+00:00,S100537,aurora-2.3,3,0
2026-04-16T16:07:09+00:00,S100553,aurora-2.3,3,0
2026-04-16T16:09:27+00:00,S100517,aurora-2.3,2,0
2026-04-16T16:09:59+00:00,S100501,aurora-2.3,4,0
2026-04-16T16:21:15+00:00,S100556,aurora-2.3,3,0
2026-04-16T16:46:13+00:00,S100496,aurora-2.3,2,0
2026-04-16T16:55:31+00:00,S100502,aurora-2.3,1,0
2026-04-16T16:57:51+00:00,S100499,aurora-2.3,4,0
2026-04-16T17:02:12+00:00,S100512,aurora-2.3,3,0
2026-04-16T17:07:28+00:00,S100506,aurora-2.3,1,0
2026-04-16T17:11:20+00:00,S100525,aurora-2.3,5,0
2026-04-16T17:12:26+00:00,S100522,aurora-2.3,2,0
2026-04-16T17:12:34+00:00,S100523,aurora-2.3,1,0
2026-04-16T17:20:54+00:00,S100506,aurora-2.3,4,0
2026-04-16T17:24:31+00:00,S100550,aurora-2.3,2,0
2026-04-16T17:31:58+00:00,S100548,aurora-2.3,2,0
2026-04-16T17:34:39+00:00,S100547,aurora-2.3,4,0
2026-04-16T17:45:51+00:00,S100507,aurora-2.3,1,0
2026-04-16T17:48:14+00:00,S100552,aurora-2.3,1,0
2026-04-16T17:50:36+00:00,S100545,aurora-2.3,4,0
2026-04-16T18:10:15+00:00,S100548,aurora-2.3,3,0
2026-04-16T18:13:56+00:00,S100515,aurora-2.3,4,0
2026-04-16T18:30:14+00:00,S100529,aurora-2.3,1,0
2026-04-16T18:40:34+00:00,S100519,aurora-2.3,2,0
2026-04-16T18:46:07+00:00,S100499,aurora-2.3,3,0
2026-04-16T18:53:45+00:00,S100532,aurora-2.3,3,0
2026-04-16T18:56:17+00:00,S100496,aurora-2.3,3,0
2026-04-16T18:57:41+00:00,S100506,aurora-2.3,2,0
2026-04-16T19:00:37+00:00,S100525,aurora-2.3,3,0
2026-04-16T19:03:58+00:00,S100500,aurora-2.3,4,0
2026-04-16T19:05:20+00:00,S100501,aurora-2.3,2,0
2026-04-16T19:24:00+00:00,S100503,aurora-2.3,3,0
2026-04-16T19:34:35+00:00,S100493,aurora-2.3,2,0
2026-04-16T19:43:30+00:00,S100547,aurora-2.3,3,0
2026-04-16T19:45:27+00:00,S100506,aurora-2.3,3,0
2026-04-16T19:49:57+00:00,S100528,aurora-2.3,1,0
2026-04-16T19:51:08+00:00,S100557,aurora-2.3,2,0
2026-04-16T19:53:47+00:00,S100546,aurora-2.3,1,0
2026-04-16T19:58:03+00:00,S100515,aurora-2.3,3,0
2026-04-16T19:58:07+00:00,S100552,aurora-2.3,4,0
2026-04-16T20:00:36+00:00,S100545,aurora-2.3,3,0
2026-04-16T20:04:12+00:00,S100509,aurora-2.3,3,0
2026-04-16T20:05:08+00:00,S100501,aurora-2.3,1,0
2026-04-16T20:18:01+00:00,S100510,aurora-2.3,3,0
2026-04-16T20:20:00+00:00,S100499,aurora-2.3,1,0
2026-04-16T20:20:15+00:00,S100510,aurora-2.3,4,0
2026-04-16T20:23:21+00:00,S100528,aurora-2.3,3,0
2026-04-16T20:23:33+00:00,S100520,aurora-2.3,1,0
2026-04-16T20:24:48+00:00,S100504,aurora-2.3,1,0
2026-04-16T20:26:07+00:00,S100556,aurora-2.3,4,0
2026-04-16T20:29:03+00:00,S100553,aurora-2.3,1,0
2026-04-16T20:29:37+00:00,S100525,aurora-2.3,1,0
2026-04-16T20:38:10+00:00,S100551,aurora-2.3,2,0
2026-04-16T20:43:28+00:00,S100523,aurora-2.3,2,0
2026-04-16T21:03:17+00:00,S100531,aurora-2.3,2,0
2026-04-16T21:05:42+00:00,S100541,aurora-2.3,5,0
2026-04-16T21:29:05+00:00,S100507,aurora-2.3,2,0
2026-04-16T21:35:00+00:00,S100504,aurora-2.3,3,0
2026-04-16T21:39:54+00:00,S100509,aurora-2.3,2,0
2026-04-16T21:40:46+00:00,S100504,aurora-2.3,2,0
2026-04-16T21:46:02+00:00,S100522,aurora-2.3,1,0
2026-04-16T21:49:06+00:00,S100494,aurora-2.3,1,0
2026-04-16T21:52:45+00:00,S100526,aurora-2.3,1,0
2026-04-16T22:39:10+00:00,S100509,aurora-2.3,1,0
2026-04-16T22:41:57+00:00,S100512,aurora-2.3,2,0
2026-04-16T22:47:13+00:00,S100545,aurora-2.3,2,0
2026-04-16T22:49:03+00:00,S100498,aurora-2.3,3,0
2026-04-16T22:50:39+00:00,S100507,aurora-2.3,4,0
2026-04-16T22:54:49+00:00,S100514,aurora-2.3,2,1
2026-04-16T23:03:08+00:00,S100525,aurora-2.3,2,0
2026-04-16T23:23:39+00:00,S100499,aurora-2.3,2,0
2026-04-16T23:24:01+00:00,S100539,aurora-2.3,1,0
2026-04-16T23:38:17+00:00,S100497,aurora-2.3,1,0
2026-04-16T23:44:24+00:00,S100538,aurora-2.3,1,0
2026-04-16T23:51:40+00:00,S100554,aurora-2.3,1,0
2026-04-17T00:16:40+00:00,S100630,aurora-2.3,1,0
2026-04-17T00:17:19+00:00,S100631,aurora-2.3,2,0
2026-04-17T00:23:17+00:00,S100616,aurora-2.3,4,0
2026-04-17T00:31:04+00:00,S100576,aurora-2.3,1,0
2026-04-17T00:33:07+00:00,S100618,aurora-2.3,3,0
2026-04-17T00:48:16+00:00,S100594,aurora-2.3,1,0
2026-04-17T00:59:33+00:00,S100599,aurora-2.3,2,0
2026-04-17T01:23:23+00:00,S100560,aurora-2.3,1,0
2026-04-17T01:29:14+00:00,S100583,aurora-2.3,5,0
2026-04-17T01:34:06+00:00,S100596,aurora-2.3,4,0
2026-04-17T01:48:22+00:00,S100607,aurora-2.3,5,0
2026-04-17T01:52:52+00:00,S100586,aurora-2.3,5,0
2026-04-17T01:55:20+00:00,S100603,aurora-2.3,5,0
2026-04-17T02:13:12+00:00,S100587,aurora-2.3,2,0
2026-04-17T02:14:18+00:00,S100611,aurora-2.3,4,0
2026-04-17T02:16:26+00:00,S100590,aurora-2.3,4,0
2026-04-17T02:16:53+00:00,S100562,aurora-2.3,2,0
2026-04-17T02:16:59+00:00,S100593,aurora-2.3,5,0
2026-04-17T02:19:31+00:00,S100629,aurora-2.3,3,0
2026-04-17T02:22:23+00:00,S100589,aurora-2.3,1,0
2026-04-17T02:26:37+00:00,S100611,aurora-2.3,3,0
2026-04-17T02:29:32+00:00,S100600,aurora-2.3,3,0
2026-04-17T02:31:31+00:00,S100569,aurora-2.3,1,0
2026-04-17T02:43:03+00:00,S100560,aurora-2.3,2,0
2026-04-17T02:46:45+00:00,S100603,aurora-2.3,4,0
2026-04-17T02:50:14+00:00,S100572,aurora-2.3,1,0
2026-04-17T02:50:36+00:00,S100624,aurora-2.3,2,0
2026-04-17T02:54:10+00:00,S100590,aurora-2.3,3,0
2026-04-17T03:06:14+00:00,S100613,aurora-2.3,2,0
2026-04-17T03:06:47+00:00,S100570,aurora-2.3,1,0
2026-04-17T03:21:23+00:00,S100567,aurora-2.3,2,0
2026-04-17T03:21:24+00:00,S100586,aurora-2.3,1,0
2026-04-17T03:24:11+00:00,S100622,aurora-2.3,4,0
2026-04-17T03:25:43+00:00,S100580,aurora-2.3,2,0
2026-04-17T03:27:57+00:00,S100561,aurora-2.3,1,0
2026-04-17T03:29:03+00:00,S100566,aurora-2.3,2,0
2026-04-17T03:30:23+00:00,S100597,aurora-2.3,2,0
2026-04-17T03:31:02+00:00,S100599,aurora-2.3,1,0
2026-04-17T03:32:33+00:00,S100614,aurora-2.3,2,0
2026-04-17T03:35:01+00:00,S100563,aurora-2.3,5,0
2026-04-17T03:40:37+00:00,S100559,aurora-2.3,1,0
2026-04-17T03:42:08+00:00,S100625,aurora-2.3,2,0
2026-04-17T03:42:44+00:00,S100582,aurora-2.3,1,0
2026-04-17T03:52:32+00:00,S100600,aurora-2.3,5,0
2026-04-17T03:58:43+00:00,S100621,aurora-2.3,2,0
2026-04-17T04:02:50+00:00,S100580,aurora-2.3,1,0
2026-04-17T04:14:20+00:00,S100578,aurora-2.3,3,0
2026-04-17T04:14:52+00:00,S100630,aurora-2.3,2,0
2026-04-17T04:16:42+00:00,S100561,aurora-2.3,3,0
2026-04-17T04:18:34+00:00,S100569,aurora-2.3,2,0
2026-04-17T04:28:26+00:00,S100606,aurora-2.3,2,0
2026-04-17T04:31:44+00:00,S100598,aurora-2.3,3,0
2026-04-17T04:34:26+00:00,S100612,aurora-2.3,1,0
2026-04-17T04:34:51+00:00,S100565,aurora-2.3,2,0
2026-04-17T04:35:18+00:00,S100620,aurora-2.3,4,0
2026-04-17T04:39:56+00:00,S100596,aurora-2.3,1,0
2026-04-17T04:41:30+00:00,S100608,aurora-2.3,4,0
2026-04-17T04:45:09+00:00,S100592,aurora-2.3,2,0
2026-04-17T04:48:14+00:00,S100594,aurora-2.3,2,0
2026-04-17T04:50:29+00:00,S100568,aurora-2.3,3,0
2026-04-17T04:58:21+00:00,S100572,aurora-2.3,3,0
2026-04-17T05:00:56+00:00,S100593,aurora-2.3,1,0
2026-04-17T05:01:09+00:00,S100576,aurora-2.3,2,0
2026-04-17T05:02:18+00:00,S100602,aurora-2.3,2,0
2026-04-17T05:09:15+00:00,S100618,aurora-2.3,2,0
2026-04-17T05:20:32+00:00,S100578,aurora-2.3,2,0
2026-04-17T05:21:12+00:00,S100588,aurora-2.3,1,0
2026-04-17T05:22:27+00:00,S100574,aurora-2.3,3,0
2026-04-17T05:29:58+00:00,S100591,aurora-2.3,1,0
2026-04-17T05:35:36+00:00,S100607,aurora-2.3,4,0
2026-04-17T05:41:38+00:00,S100626,aurora-2.3,1,0
2026-04-17T05:51:20+00:00,S100571,aurora-2.3,2,0
2026-04-17T05:53:45+00:00,S100622,aurora-2.3,1,0
2026-04-17T06:08:54+00:00,S100617,aurora-2.3,3,0
2026-04-17T06:13:58+00:00,S100575,aurora-2.3,1,0
2026-04-17T06:16:17+00:00,S100581,aurora-2.3,1,0
2026-04-17T06:17:42+00:00,S100567,aurora-2.3,3,0
2026-04-17T06:22:59+00:00,S100574,aurora-2.3,4,0
2026-04-17T06:31:38+00:00,S100622,aurora-2.3,3,1
2026-04-17T06:39:39+00:00,S100624,aurora-2.3,1,0
2026-04-17T06:46:13+00:00,S100593,aurora-2.3,4,0
2026-04-17T06:46:58+00:00,S100566,aurora-2.3,1,0
2026-04-17T06:59:04+00:00,S100562,aurora-2.3,1,0
2026-04-17T07:00:09+00:00,S100592,aurora-2.3,4,0
2026-04-17T07:04:02+00:00,S100581,aurora-2.3,2,0
2026-04-17T07:04:26+00:00,S100563,aurora-2.3,2,0
2026-04-17T07:04:42+00:00,S100609,aurora-2.3,3,0
2026-04-17T07:17:44+00:00,S100629,aurora-2.3,2,0
2026-04-17T07:19:19+00:00,S100622,aurora-2.3,2,0
2026-04-17T07:23:49+00:00,S100616,aurora-2.3,1,0
2026-04-17T07:28:48+00:00,S100584,aurora-2.3,2,0
2026-04-17T07:31:50+00:00,S100579,aurora-2.3,3,0
2026-04-17T07:34:24+00:00,S100560,aurora-2.3,3,0
2026-04-17T07:36:40+00:00,S100597,aurora-2.3,1,0
2026-04-17T07:42:15+00:00,S100566,aurora-2.3,3,0
2026-04-17T07:57:13+00:00,S100574,aurora-2.3,5,0
2026-04-17T08:01:04+00:00,S100603,aurora-2.3,2,0
2026-04-17T08:07:44+00:00,S100590,aurora-2.3,1,0
2026-04-17T08:09:02+00:00,S100579,aurora-2.3,2,0
2026-04-17T08:10:41+00:00,S100580,aurora-2.3,3,0
2026-04-17T08:19:21+00:00,S100628,aurora-2.3,1,0
2026-04-17T08:29:25+00:00,S100586,aurora-2.3,4,0
2026-04-17T08:30:54+00:00,S100621,aurora-2.3,3,0
2026-04-17T08:32:05+00:00,S100567,aurora-2.3,1,0
2026-04-17T08:45:35+00:00,S100621,aurora-2.3,4,0
2026-04-17T09:08:49+00:00,S100577,aurora-2.3,1,0
2026-04-17T09:09:07+00:00,S100587,aurora-2.3,3,0
2026-04-17T09:10:28+00:00,S100608,aurora-2.3,2,0
2026-04-17T09:12:19+00:00,S100619,aurora-2.3,1,0
2026-04-17T09:28:31+00:00,S100574,aurora-2.3,2,0
2026-04-17T09:33:44+00:00,S100615,aurora-2.3,1,0
2026-04-17T09:37:37+00:00,S100613,aurora-2.3,3,0
2026-04-17T09:39:21+00:00,S100602,aurora-2.3,1,0
2026-04-17T09:41:11+00:00,S100596,aurora-2.3,2,0
2026-04-17T09:47:53+00:00,S100598,aurora-2.3,4,0
2026-04-17T09:53:18+00:00,S100627,aurora-2.3,3,0
2026-04-17T10:08:48+00:00,S100563,aurora-2.3,4,0
2026-04-17T10:12:02+00:00,S100575,aurora-2.3,5,0
2026-04-17T10:20:48+00:00,S100600,aurora-2.3,1,0
2026-04-17T10:25:03+00:00,S100583,aurora-2.3,3,0
2026-04-17T10:28:22+00:00,S100600,aurora-2.3,4,0
2026-04-17T10:33:52+00:00,S100621,aurora-2.3,1,0
2026-04-17T10:40:39+00:00,S100573,aurora-2.3,3,0
2026-04-17T10:43:25+00:00,S100607,aurora-2.3,2,1
2026-04-17T10:45:22+00:00,S100584,aurora-2.3,1,0
2026-04-17T11:05:42+00:00,S100559,aurora-2.3,4,0
2026-04-17T11:09:18+00:00,S100564,aurora-2.3,5,0
2026-04-17T11:12:57+00:00,S100592,aurora-2.3,1,0
2026-04-17T11:14:12+00:00,S100586,aurora-2.3,2,0
2026-04-17T11:15:56+00:00,S100586,aurora-2.3,3,0
2026-04-17T11:37:04+00:00,S100563,aurora-2.3,3,0
2026-04-17T11:40:07+00:00,S100614,aurora-2.3,1,0
2026-04-17T11:41:32+00:00,S100579,aurora-2.3,4,0
2026-04-17T12:11:46+00:00,S100630,aurora-2.3,3,0
2026-04-17T12:13:10+00:00,S100564,aurora-2.3,3,0
2026-04-17T12:28:32+00:00,S100564,aurora-2.3,2,0
2026-04-17T12:33:53+00:00,S100609,aurora-2.3,2,0
2026-04-17T12:39:04+00:00,S100610,aurora-2.3,2,0
2026-04-17T12:40:20+00:00,S100568,aurora-2.3,2,0
2026-04-17T12:40:38+00:00,S100585,aurora-2.3,2,0
2026-04-17T13:10:20+00:00,S100559,aurora-2.3,2,0
2026-04-17T13:11:04+00:00,S100593,aurora-2.3,3,0
2026-04-17T13:22:49+00:00,S100574,aurora-2.3,1,0
2026-04-17T13:24:52+00:00,S100573,aurora-2.3,4,0
2026-04-17T13:31:13+00:00,S100617,aurora-2.3,2,0
2026-04-17T13:33:33+00:00,S100608,aurora-2.3,3,0
2026-04-17T13:38:10+00:00,S100610,aurora-2.3,1,0
2026-04-17T13:40:46+00:00,S100606,aurora-2.3,1,0
2026-04-17T13:49:11+00:00,S100623,aurora-2.3,3,0
2026-04-17T13:52:59+00:00,S100589,aurora-2.3,3,0
2026-04-17T13:57:42+00:00,S100601,aurora-2.3,2,0
2026-04-17T14:05:44+00:00,S100598,aurora-2.3,1,0
2026-04-17T14:15:50+00:00,S100609,aurora-2.3,1,0
2026-04-17T14:18:54+00:00,S100583,aurora-2.3,4,0
2026-04-17T14:24:11+00:00,S100592,aurora-2.3,3,0
2026-04-17T14:25:39+00:00,S100579,aurora-2.3,1,0
2026-04-17T14:31:14+00:00,S100601,aurora-2.3,1,0
2026-04-17T14:34:31+00:00,S100591,aurora-2.3,2,0
2026-04-17T14:55:18+00:00,S100604,aurora-2.3,1,0
2026-04-17T15:01:10+00:00,S100624,aurora-2.3,4,0
2026-04-17T15:04:04+00:00,S100561,aurora-2.3,2,0
2026-04-17T15:08:26+00:00,S100616,aurora-2.3,3,0
2026-04-17T15:09:07+00:00,S100578,aurora-2.3,1,0
2026-04-17T15:12:13+00:00,S100611,aurora-2.3,1,0
2026-04-17T15:21:55+00:00,S100570,aurora-2.3,2,0
2026-04-17T15:25:19+00:00,S100575,aurora-2.3,3,0
2026-04-17T15:25:57+00:00,S100569,aurora-2.3,3,0
2026-04-17T15:28:49+00:00,S100571,aurora-2.3,3,0
2026-04-17T15:34:06+00:00,S100581,aurora-2.3,4,0
2026-04-17T15:34:08+00:00,S100604,aurora-2.3,3,0
2026-04-17T15:45:17+00:00,S100575,aurora-2.3,2,0
2026-04-17T15:45:40+00:00,S100616,aurora-2.3,2,0
2026-04-17T15:47:04+00:00,S100595,aurora-2.3,1,0
2026-04-17T15:59:03+00:00,S100575,aurora-2.3,4,0
2026-04-17T15:59:05+00:00,S100624,aurora-2.3,5,0
2026-04-17T16:04:36+00:00,S100588,aurora-2.3,3,0
2026-04-17T16:05:46+00:00,S100608,aurora-2.3,1,0
2026-04-17T16:10:14+00:00,S100565,aurora-2.3,3,0
2026-04-17T16:11:33+00:00,S100612,aurora-2.3,2,0
2026-04-17T16:20:17+00:00,S100627,aurora-2.3,2,0
2026-04-17T16:24:38+00:00,S100589,aurora-2.3,2,0
2026-04-17T16:25:17+00:00,S100607,aurora-2.3,1,0
2026-04-17T16:31:59+00:00,S100627,aurora-2.3,1,0
2026-04-17T16:40:25+00:00,S100631,aurora-2.3,1,0
2026-04-17T16:43:10+00:00,S100604,aurora-2.3,4,0
2026-04-17T16:51:43+00:00,S100573,aurora-2.3,2,0
2026-04-17T17:02:40+00:00,S100590,aurora-2.3,2,0
2026-04-17T17:09:05+00:00,S100559,aurora-2.3,3,0
2026-04-17T17:20:13+00:00,S100628,aurora-2.3,2,0
2026-04-17T17:20:53+00:00,S100594,aurora-2.3,3,0
2026-04-17T17:31:21+00:00,S100565,aurora-2.3,4,0
2026-04-17T17:32:11+00:00,S100572,aurora-2.3,2,0
2026-04-17T17:52:23+00:00,S100604,aurora-2.3,2,0
2026-04-17T17:52:27+00:00,S100596,aurora-2.3,3,0
2026-04-17T17:57:40+00:00,S100605,aurora-2.3,2,0
2026-04-17T17:59:48+00:00,S100564,aurora-2.3,1,0
2026-04-17T18:00:39+00:00,S100582,aurora-2.3,3,0
2026-04-17T18:04:36+00:00,S100605,aurora-2.3,3,0
2026-04-17T18:05:25+00:00,S100610,aurora-2.3,3,0
2026-04-17T18:14:47+00:00,S100565,aurora-2.3,1,0
2026-04-17T18:16:51+00:00,S100620,aurora-2.3,1,0
2026-04-17T18:26:40+00:00,S100629,aurora-2.3,1,0
2026-04-17T18:30:09+00:00,S100611,aurora-2.3,5,0
2026-04-17T18:33:28+00:00,S100582,aurora-2.3,4,0
2026-04-17T18:47:57+00:00,S100618,aurora-2.3,4,0
2026-04-17T18:51:41+00:00,S100624,aurora-2.3,3,0
2026-04-17T18:52:09+00:00,S100583,aurora-2.3,2,0
2026-04-17T18:59:22+00:00,S100595,aurora-2.3,2,0
2026-04-17T19:02:43+00:00,S100571,aurora-2.3,1,0
2026-04-17T19:04:41+00:00,S100605,aurora-2.3,4,0
2026-04-17T19:06:59+00:00,S100577,aurora-2.3,2,0
2026-04-17T19:07:57+00:00,S100581,aurora-2.3,5,0
2026-04-17T19:08:42+00:00,S100615,aurora-2.3,3,0
2026-04-17T19:10:53+00:00,S100618,aurora-2.3,5,0
2026-04-17T19:28:37+00:00,S100568,aurora-2.3,1,0
2026-04-17T19:28:38+00:00,S100578,aurora-2.3,4,0
2026-04-17T19:29:28+00:00,S100613,aurora-2.3,1,0
2026-04-17T19:45:14+00:00,S100623,aurora-2.3,1,0
2026-04-17T19:50:13+00:00,S100585,aurora-2.3,1,0
2026-04-17T19:58:16+00:00,S100573,aurora-2.3,1,0
2026-04-17T20:00:04+00:00,S100630,aurora-2.3,4,0
2026-04-17T20:07:12+00:00,S100621,aurora-2.3,5,0
2026-04-17T20:08:15+00:00,S100580,aurora-2.3,4,0
2026-04-17T20:19:23+00:00,S100607,aurora-2.3,3,0
2026-04-17T20:26:16+00:00,S100611,aurora-2.3,2,0
2026-04-17T20:30:03+00:00,S100626,aurora-2.3,3,0
2026-04-17T20:35:40+00:00,S100618,aurora-2.3,1,0
2026-04-17T20:43:25+00:00,S100620,aurora-2.3,3,0
2026-04-17T20:51:04+00:00,S100588,aurora-2.3,2,0
2026-04-17T20:51:27+00:00,S100582,aurora-2.3,2,0
2026-04-17T20:58:07+00:00,S100593,aurora-2.3,2,0
2026-04-17T21:09:34+00:00,S100606,aurora-2.3,3,0
2026-04-17T21:21:43+00:00,S100598,aurora-2.3,2,0
2026-04-17T21:24:08+00:00,S100625,aurora-2.3,1,0
2026-04-17T21:25:24+00:00,S100622,aurora-2.3,5,0
2026-04-17T21:26:04+00:00,S100623,aurora-2.3,2,0
2026-04-17T21:32:38+00:00,S100617,aurora-2.3,1,0
2026-04-17T21:39:50+00:00,S100615,aurora-2.3,2,0
2026-04-17T21:43:39+00:00,S100603,aurora-2.3,3,0
2026-04-17T21:45:42+00:00,S100567,aurora-2.3,4,0
2026-04-17T21:48:08+00:00,S100587,aurora-2.3,1,0
2026-04-17T22:00:38+00:00,S100564,aurora-2.3,4,0
2026-04-17T22:35:05+00:00,S100614,aurora-2.3,4,0
2026-04-17T22:40:36+00:00,S100620,aurora-2.3,2,0
2026-04-17T22:41:13+00:00,S100572,aurora-2.3,4,0
2026-04-17T22:42:42+00:00,S100563,aurora-2.3,1,0
2026-04-17T22:44:07+00:00,S100599,aurora-2.3,3,0
2026-04-17T22:51:16+00:00,S100583,aurora-2.3,1,0
2026-04-17T23:01:22+00:00,S100581,aurora-2.3,3,0
2026-04-17T23:06:22+00:00,S100605,aurora-2.3,1,0
2026-04-17T23:16:41+00:00,S100592,aurora-2.3,5,0
2026-04-17T23:25:22+00:00,S100626,aurora-2.3,2,0
2026-04-17T23:30:05+00:00,S100614,aurora-2.3,3,0
2026-04-17T23:32:41+00:00,S100609,aurora-2.3,4,0
2026-04-17T23:46:40+00:00,S100619,aurora-2.3,2,0
2026-04-17T23:52:17+00:00,S100603,aurora-2.3,1,0
2026-04-17T23:52:26+00:00,S100600,aurora-2.3,2,0
2026-04-18T00:00:41+00:00,S100665,aurora-2.3,5,0
2026-04-18T00:05:21+00:00,S100689,aurora-2.3,2,0
2026-04-18T00:15:15+00:00,S100680,aurora-2.3,4,0
2026-04-18T00:49:47+00:00,S100641,aurora-2.3,3,0
2026-04-18T00:53:12+00:00,S100642,aurora-2.3,3,0
2026-04-18T00:56:38+00:00,S100662,aurora-2.3,3,0
2026-04-18T01:04:23+00:00,S100660,aurora-2.3,1,0
2026-04-18T01:05:30+00:00,S100659,aurora-2.3,2,0
2026-04-18T01:06:22+00:00,S100648,aurora-2.3,2,0
2026-04-18T01:09:57+00:00,S100682,aurora-2.3,2,0
2026-04-18T01:13:05+00:00,S100651,aurora-2.3,2,0
2026-04-18T01:16:28+00:00,S100661,aurora-2.3,2,0
2026-04-18T01:26:35+00:00,S100657,aurora-2.3,3,0
2026-04-18T01:33:58+00:00,S100671,aurora-2.3,1,0
2026-04-18T01:35:57+00:00,S100637,aurora-2.3,4,0
2026-04-18T01:36:00+00:00,S100685,aurora-2.3,2,0
2026-04-18T01:50:41+00:00,S100686,aurora-2.3,1,0
2026-04-18T01:52:01+00:00,S100689,aurora-2.3,1,0
2026-04-18T01:54:03+00:00,S100649,aurora-2.3,1,0
2026-04-18T02:27:28+00:00,S100640,aurora-2.3,2,0
2026-04-18T02:34:51+00:00,S100670,aurora-2.3,3,0
2026-04-18T02:46:34+00:00,S100639,aurora-2.3,2,0
2026-04-18T02:56:39+00:00,S100666,aurora-2.3,5,0
2026-04-18T02:57:45+00:00,S100664,aurora-2.3,4,0
2026-04-18T03:00:06+00:00,S100659,aurora-2.3,5,0
2026-04-18T03:01:38+00:00,S100634,aurora-2.3,4,0
2026-04-18T03:04:42+00:00,S100659,aurora-2.3,3,0
2026-04-18T03:05:19+00:00,S100673,aurora-2.3,3,0
2026-04-18T03:06:30+00:00,S100661,aurora-2.3,3,0
2026-04-18T03:06:50+00:00,S100653,aurora-2.3,1,0
2026-04-18T03:09:39+00:00,S100636,aurora-2.3,1,0
2026-04-18T03:11:53+00:00,S100653,aurora-2.3,3,0
2026-04-18T03:17:29+00:00,S100649,aurora-2.3,2,1
2026-04-18T03:21:13+00:00,S100681,aurora-2.3,5,0
2026-04-18T03:27:16+00:00,S100664,aurora-2.3,5,0
2026-04-18T03:36:32+00:00,S100647,aurora-2.3,5,0
2026-04-18T03:39:09+00:00,S100684,aurora-2.3,1,0
2026-04-18T03:39:31+00:00,S100648,aurora-2.3,1,0
2026-04-18T03:41:43+00:00,S100662,aurora-2.3,5,0
2026-04-18T03:45:29+00:00,S100642,aurora-2.3,1,0
2026-04-18T03:46:45+00:00,S100670,aurora-2.3,4,0
2026-04-18T03:57:12+00:00,S100646,aurora-2.3,2,0
2026-04-18T03:59:16+00:00,S100632,aurora-2.3,2,0
2026-04-18T04:08:08+00:00,S100653,aurora-2.3,2,0
2026-04-18T04:12:40+00:00,S100645,aurora-2.3,2,0
2026-04-18T04:12:48+00:00,S100688,aurora-2.3,1,0
2026-04-18T04:14:27+00:00,S100668,aurora-2.3,3,0
2026-04-18T04:16:04+00:00,S100678,aurora-2.3,3,0
2026-04-18T04:31:26+00:00,S100670,aurora-2.3,1,0
2026-04-18T04:35:13+00:00,S100675,aurora-2.3,1,0
2026-04-18T05:00:54+00:00,S100666,aurora-2.3,2,0
2026-04-18T05:06:15+00:00,S100658,aurora-2.3,5,0
2026-04-18T05:07:04+00:00,S100666,aurora-2.3,4,0
2026-04-18T05:09:21+00:00,S100636,aurora-2.3,3,0
2026-04-18T05:19:20+00:00,S100673,aurora-2.3,4,0
2026-04-18T05:24:53+00:00,S100673,aurora-2.3,2,0
2026-04-18T05:29:42+00:00,S100660,aurora-2.3,3,0
2026-04-18T05:54:14+00:00,S100677,aurora-2.3,5,0
2026-04-18T06:32:08+00:00,S100677,aurora-2.3,1,0
2026-04-18T06:56:04+00:00,S100663,aurora-2.3,4,0
2026-04-18T06:57:13+00:00,S100657,aurora-2.3,2,0
2026-04-18T07:06:42+00:00,S100674,aurora-2.3,1,1
2026-04-18T07:14:34+00:00,S100688,aurora-2.3,2,0
2026-04-18T07:21:34+00:00,S100681,aurora-2.3,3,0
2026-04-18T07:24:20+00:00,S100670,aurora-2.3,2,0
2026-04-18T07:28:16+00:00,S100667,aurora-2.3,3,0
2026-04-18T07:29:13+00:00,S100635,aurora-2.3,2,0
2026-04-18T07:30:26+00:00,S100688,aurora-2.3,3,0
2026-04-18T07:35:28+00:00,S100668,aurora-2.3,4,0
2026-04-18T07:36:54+00:00,S100639,aurora-2.3,1,0
2026-04-18T07:45:38+00:00,S100658,aurora-2.3,3,0
2026-04-18T07:47:32+00:00,S100642,aurora-2.3,5,0
2026-04-18T07:48:28+00:00,S100683,aurora-2.3,2,0
2026-04-18T07:56:31+00:00,S100683,aurora-2.3,4,0
2026-04-18T08:06:22+00:00,S100651,aurora-2.3,4,0
2026-04-18T08:18:47+00:00,S100654,aurora-2.3,2,0
2026-04-18T08:30:07+00:00,S100676,aurora-2.3,3,0
2026-04-18T08:32:30+00:00,S100685,aurora-2.3,1,0
2026-04-18T08:34:09+00:00,S100641,aurora-2.3,2,0
2026-04-18T08:42:59+00:00,S100654,aurora-2.3,4,0
2026-04-18T08:43:32+00:00,S100685,aurora-2.3,3,0
2026-04-18T08:46:30+00:00,S100656,aurora-2.3,1,0
2026-04-18T08:48:22+00:00,S100677,aurora-2.3,2,0
2026-04-18T09:08:37+00:00,S100668,aurora-2.3,1,0
2026-04-18T09:15:33+00:00,S100656,aurora-2.3,3,0
2026-04-18T09:22:54+00:00,S100668,aurora-2.3,5,0
2026-04-18T09:23:09+00:00,S100650,aurora-2.3,1,0
2026-04-18T09:39:51+00:00,S100633,aurora-2.3,2,0
2026-04-18T09:40:15+00:00,S100634,aurora-2.3,3,0
2026-04-18T09:42:38+00:00,S100688,aurora-2.3,4,0
2026-04-18T09:56:02+00:00,S100683,aurora-2.3,1,0
2026-04-18T10:11:37+00:00,S100671,aurora-2.3,3,0
2026-04-18T10:12:20+00:00,S100668,aurora-2.3,2,0
2026-04-18T10:21:08+00:00,S100655,aurora-2.3,2,0
2026-04-18T10:23:28+00:00,S100637,aurora-2.3,2,0
2026-04-18T10:23:51+00:00,S100681,aurora-2.3,4,0
2026-04-18T10:29:30+00:00,S100646,aurora-2.3,4,0
2026-04-18T10:31:51+00:00,S100684,aurora-2.3,2,0
2026-04-18T10:34:58+00:00,S100650,aurora-2.3,2,0
2026-04-18T10:39:51+00:00,S100671,aurora-2.3,2,0
2026-04-18T10:43:06+00:00,S100675,aurora-2.3,2,0
2026-04-18T10:47:54+00:00,S100664,aurora-2.3,3,0
2026-04-18T10:48:30+00:00,S100662,aurora-2.3,2,0
2026-04-18T11:03:02+00:00,S100687,aurora-2.3,1,0
2026-04-18T11:12:30+00:00,S100651,aurora-2.3,1,0
2026-04-18T11:15:07+00:00,S100650,aurora-2.3,3,0
2026-04-18T11:17:10+00:00,S100663,aurora-2.3,1,0
2026-04-18T11:19:05+00:00,S100656,aurora-2.3,4,0
2026-04-18T11:19:51+00:00,S100684,aurora-2.3,5,0
2026-04-18T11:33:33+00:00,S100637,aurora-2.3,3,0
2026-04-18T11:41:51+00:00,S100634,aurora-2.3,1,0
2026-04-18T11:47:56+00:00,S100683,aurora-2.3,3,0
2026-04-18T11:50:02+00:00,S100634,aurora-2.3,2,0
2026-04-18T11:56:09+00:00,S100665,aurora-2.3,2,0
2026-04-18T12:01:30+00:00,S100647,aurora-2.3,1,0
2026-04-18T12:14:38+00:00,S100659,aurora-2.3,4,0
2026-04-18T12:16:35+00:00,S100680,aurora-2.3,2,0
2026-04-18T12:19:47+00:00,S100669,aurora-2.3,4,0
2026-04-18T12:38:30+00:00,S100643,aurora-2.3,3,1
2026-04-18T12:38:56+00:00,S100656,aurora-2.3,2,0
2026-04-18T12:42:29+00:00,S100632,aurora-2.3,4,0
2026-04-18T12:46:51+00:00,S100659,aurora-2.3,1,0
2026-04-18T12:53:29+00:00,S100689,aurora-2.3,5,0
2026-04-18T12:55:57+00:00,S100662,aurora-2.3,1,0
2026-04-18T13:04:22+00:00,S100636,aurora-2.3,4,0
2026-04-18T13:16:57+00:00,S100653,aurora-2.3,4,0
2026-04-18T13:19:00+00:00,S100655,aurora-2.3,3,0
2026-04-18T13:29:19+00:00,S100648,aurora-2.3,4,0
2026-04-18T13:50:19+00:00,S100647,aurora-2.3,2,0
2026-04-18T14:08:38+00:00,S100632,aurora-2.3,3,0
2026-04-18T14:13:00+00:00,S100678,aurora-2.3,1,1
2026-04-18T14:28:11+00:00,S100632,aurora-2.3,1,0
2026-04-18T14:33:58+00:00,S100646,aurora-2.3,3,1
2026-04-18T14:34:50+00:00,S100654,aurora-2.3,5,0
2026-04-18T14:48:06+00:00,S100665,aurora-2.3,3,1
2026-04-18T14:48:55+00:00,S100638,aurora-2.3,1,0
2026-04-18T14:51:55+00:00,S100669,aurora-2.3,1,0
2026-04-18T14:52:00+00:00,S100679,aurora-2.3,2,0
2026-04-18T14:56:13+00:00,S100689,aurora-2.3,4,0
2026-04-18T14:56:23+00:00,S100658,aurora-2.3,2,0
2026-04-18T14:57:03+00:00,S100666,aurora-2.3,1,0
2026-04-18T14:57:57+00:00,S100672,aurora-2.3,2,0
2026-04-18T15:00:46+00:00,S100674,aurora-2.3,2,0
2026-04-18T15:02:28+00:00,S100640,aurora-2.3,1,0
2026-04-18T15:04:19+00:00,S100640,aurora-2.3,3,0
2026-04-18T15:08:50+00:00,S100652,aurora-2.3,1,0
2026-04-18T15:16:27+00:00,S100644,aurora-2.3,1,0
2026-04-18T15:17:03+00:00,S100681,aurora-2.3,1,0
2026-04-18T15:29:39+00:00,S100657,aurora-2.3,1,0
2026-04-18T15:32:56+00:00,S100678,aurora-2.3,2,0
2026-04-18T15:46:40+00:00,S100690,aurora-2.3,2,0
2026-04-18T16:10:14+00:00,S100664,aurora-2.3,2,0
2026-04-18T16:11:51+00:00,S100664,aurora-2.3,1,0
2026-04-18T16:12:47+00:00,S100643,aurora-2.3,5,0
2026-04-18T16:13:15+00:00,S100677,aurora-2.3,3,0
2026-04-18T16:21:57+00:00,S100647,aurora-2.3,4,0
2026-04-18T16:35:49+00:00,S100648,aurora-2.3,3,0
2026-04-18T16:49:03+00:00,S100686,aurora-2.3,2,0
2026-04-18T16:49:25+00:00,S100652,aurora-2.3,3,0
2026-04-18T16:52:17+00:00,S100687,aurora-2.3,2,0
2026-04-18T16:54:04+00:00,S100684,aurora-2.3,4,0
2026-04-18T17:01:22+00:00,S100661,aurora-2.3,5,0
2026-04-18T17:05:46+00:00,S100655,aurora-2.3,1,0
2026-04-18T17:16:34+00:00,S100653,aurora-2.3,5,0
2026-04-18T17:20:46+00:00,S100637,aurora-2.3,1,0
2026-04-18T17:24:17+00:00,S100643,aurora-2.3,2,0
2026-04-18T17:33:46+00:00,S100679,aurora-2.3,1,0
2026-04-18T17:35:36+00:00,S100636,aurora-2.3,5,0
2026-04-18T17:39:36+00:00,S100666,aurora-2.3,3,0
2026-04-18T17:48:54+00:00,S100658,aurora-2.3,4,0
2026-04-18T18:04:05+00:00,S100643,aurora-2.3,1,0
2026-04-18T18:13:53+00:00,S100685,aurora-2.3,4,0
2026-04-18T18:18:21+00:00,S100646,aurora-2.3,5,0
2026-04-18T18:18:40+00:00,S100687,aurora-2.3,3,0
2026-04-18T18:34:09+00:00,S100654,aurora-2.3,3,0
2026-04-18T18:38:49+00:00,S100662,aurora-2.3,4,0
2026-04-18T18:45:00+00:00,S100677,aurora-2.3,4,0
2026-04-18T18:48:31+00:00,S100674,aurora-2.3,4,0
2026-04-18T18:49:05+00:00,S100660,aurora-2.3,4,0
2026-04-18T18:49:44+00:00,S100645,aurora-2.3,1,0
2026-04-18T19:06:29+00:00,S100652,aurora-2.3,4,0
2026-04-18T19:13:57+00:00,S100674,aurora-2.3,3,0
2026-04-18T19:15:51+00:00,S100680,aurora-2.3,3,0
2026-04-18T19:16:00+00:00,S100681,aurora-2.3,2,0
2026-04-18T19:16:05+00:00,S100658,aurora-2.3,1,0
2026-04-18T19:19:17+00:00,S100661,aurora-2.3,4,0
2026-04-18T19:24:12+00:00,S100663,aurora-2.3,3,0
2026-04-18T19:26:02+00:00,S100644,aurora-2.3,2,0
2026-04-18T19:26:28+00:00,S100690,aurora-2.3,1,0
2026-04-18T19:27:53+00:00,S100665,aurora-2.3,4,0
2026-04-18T19:29:26+00:00,S100636,aurora-2.3,2,0
2026-04-18T19:43:36+00:00,S100661,aurora-2.3,1,0
2026-04-18T19:45:22+00:00,S100673,aurora-2.3,1,0
2026-04-18T19:47:51+00:00,S100684,aurora-2.3,3,0
2026-04-18T20:11:45+00:00,S100647,aurora-2.3,3,0
2026-04-18T20:15:10+00:00,S100682,aurora-2.3,5,0
2026-04-18T20:22:57+00:00,S100669,aurora-2.3,3,0
2026-04-18T20:32:14+00:00,S100667,aurora-2.3,1,0
2026-04-18T20:40:59+00:00,S100651,aurora-2.3,3,0
2026-04-18T20:44:00+00:00,S100674,aurora-2.3,5,0
2026-04-18T20:44:33+00:00,S100635,aurora-2.3,1,0
2026-04-18T20:46:59+00:00,S100676,aurora-2.3,2,0
2026-04-18T20:49:18+00:00,S100682,aurora-2.3,3,0
2026-04-18T20:49:23+00:00,S100654,aurora-2.3,1,0
2026-04-18T21:06:59+00:00,S100669,aurora-2.3,2,0
2026-04-18T21:14:04+00:00,S100671,aurora-2.3,4,0
2026-04-18T21:18:42+00:00,S100689,aurora-2.3,3,0
2026-04-18T21:25:47+00:00,S100642,aurora-2.3,4,0
2026-04-18T21:29:49+00:00,S100660,aurora-2.3,2,0
2026-04-18T21:40:02+00:00,S100633,aurora-2.3,1,0
2026-04-18T21:42:26+00:00,S100669,aurora-2.3,5,0
2026-04-18T21:43:58+00:00,S100682,aurora-2.3,4,0
2026-04-18T21:47:37+00:00,S100660,aurora-2.3,5,0
2026-04-18T21:55:30+00:00,S100648,aurora-2.3,5,0
2026-04-18T21:57:12+00:00,S100667,aurora-2.3,2,0
2026-04-18T22:16:18+00:00,S100676,aurora-2.3,1,0
2026-04-18T22:19:21+00:00,S100657,aurora-2.3,4,0
2026-04-18T22:20:17+00:00,S100678,aurora-2.3,4,0
2026-04-18T22:25:15+00:00,S100638,aurora-2.3,2,0
2026-04-18T22:26:54+00:00,S100642,aurora-2.3,2,0
2026-04-18T22:27:50+00:00,S100639,aurora-2.3,3,0
2026-04-18T22:33:38+00:00,S100683,aurora-2.3,5,0
2026-04-18T22:40:47+00:00,S100641,aurora-2.3,1,0
2026-04-18T22:42:46+00:00,S100672,aurora-2.3,1,0
2026-04-18T22:52:47+00:00,S100646,aurora-2.3,1,0
2026-04-18T23:00:52+00:00,S100665,aurora-2.3,1,0
2026-04-18T23:06:39+00:00,S100652,aurora-2.3,2,0
2026-04-18T23:09:39+00:00,S100663,aurora-2.3,2,0
2026-04-18T23:13:14+00:00,S100682,aurora-2.3,1,0
2026-04-18T23:18:45+00:00,S100643,aurora-2.3,4,0
2026-04-18T23:38:04+00:00,S100680,aurora-2.3,1,0
2026-04-19T00:12:13+00:00,S100749,aurora-2.3,4,0
2026-04-19T00:19:45+00:00,S100744,aurora-2.3,2,0
2026-04-19T00:21:41+00:00,S100703,aurora-2.3,2,0
2026-04-19T00:26:11+00:00,S100728,aurora-2.3,3,0
2026-04-19T00:28:34+00:00,S100702,aurora-2.3,3,0
2026-04-19T00:34:10+00:00,S100710,aurora-2.3,4,0
2026-04-19T00:35:37+00:00,S100715,aurora-2.3,1,0
2026-04-19T00:43:17+00:00,S100738,aurora-2.3,2,0
2026-04-19T00:44:36+00:00,S100706,aurora-2.3,1,0
2026-04-19T00:50:04+00:00,S100726,aurora-2.3,2,0
2026-04-19T00:52:13+00:00,S100752,aurora-2.3,4,0
2026-04-19T00:54:19+00:00,S100720,aurora-2.3,2,0
2026-04-19T01:01:53+00:00,S100695,aurora-2.3,1,0
2026-04-19T01:02:07+00:00,S100739,aurora-2.3,2,0
2026-04-19T01:02:34+00:00,S100738,aurora-2.3,3,0
2026-04-19T01:11:58+00:00,S100730,aurora-2.3,3,0
2026-04-19T01:12:23+00:00,S100736,aurora-2.3,3,0
2026-04-19T01:28:15+00:00,S100749,aurora-2.3,2,0
2026-04-19T01:29:55+00:00,S100755,aurora-2.3,3,0
2026-04-19T01:33:22+00:00,S100724,aurora-2.3,1,0
2026-04-19T01:35:45+00:00,S100729,aurora-2.3,3,0
2026-04-19T01:37:39+00:00,S100747,aurora-2.3,1,0
2026-04-19T02:12:57+00:00,S100694,aurora-2.3,1,0
2026-04-19T02:13:12+00:00,S100730,aurora-2.3,4,0
2026-04-19T02:43:57+00:00,S100756,aurora-2.3,1,0
2026-04-19T02:53:44+00:00,S100719,aurora-2.3,3,0
2026-04-19T03:02:22+00:00,S100707,aurora-2.3,3,0
2026-04-19T03:08:10+00:00,S100696,aurora-2.3,3,0
2026-04-19T03:31:14+00:00,S100692,aurora-2.3,1,0
2026-04-19T03:36:29+00:00,S100713,aurora-2.3,2,0
2026-04-19T03:41:36+00:00,S100718,aurora-2.3,1,0
2026-04-19T03:46:25+00:00,S100711,aurora-2.3,2,0
2026-04-19T03:53:08+00:00,S100743,aurora-2.3,2,0
2026-04-19T04:00:52+00:00,S100716,aurora-2.3,1,0
2026-04-19T04:01:29+00:00,S100738,aurora-2.3,1,0
2026-04-19T04:08:24+00:00,S100734,aurora-2.3,3,0
2026-04-19T04:22:46+00:00,S100740,aurora-2.3,2,0
2026-04-19T04:26:27+00:00,S100714,aurora-2.3,1,0
2026-04-19T04:47:01+00:00,S100757,aurora-2.3,2,0
2026-04-19T04:53:53+00:00,S100718,aurora-2.3,4,0
2026-04-19T05:04:07+00:00,S100692,aurora-2.3,2,0
2026-04-19T05:11:16+00:00,S100722,aurora-2.3,1,0
2026-04-19T05:11:48+00:00,S100737,aurora-2.3,2,0
2026-04-19T05:18:13+00:00,S100697,aurora-2.3,5,0
2026-04-19T05:18:32+00:00,S100758,aurora-2.3,2,0
2026-04-19T05:18:36+00:00,S100695,aurora-2.3,3,0
2026-04-19T05:25:02+00:00,S100728,aurora-2.3,4,0
2026-04-19T05:35:33+00:00,S100753,aurora-2.3,1,0
2026-04-19T05:46:06+00:00,S100752,aurora-2.3,1,0
2026-04-19T05:53:34+00:00,S100751,aurora-2.3,2,0
2026-04-19T05:54:29+00:00,S100697,aurora-2.3,1,0
2026-04-19T05:56:13+00:00,S100750,aurora-2.3,2,0
2026-04-19T06:06:58+00:00,S100739,aurora-2.3,1,0
2026-04-19T06:23:38+00:00,S100737,aurora-2.3,1,0
2026-04-19T06:24:30+00:00,S100724,aurora-2.3,3,0
2026-04-19T06:36:05+00:00,S100708,aurora-2.3,3,0
2026-04-19T06:41:38+00:00,S100711,aurora-2.3,3,0
2026-04-19T06:41:50+00:00,S100710,aurora-2.3,2,0
2026-04-19T06:42:22+00:00,S100724,aurora-2.3,2,0
2026-04-19T06:44:31+00:00,S100751,aurora-2.3,3,0
2026-04-19T06:47:07+00:00,S100708,aurora-2.3,1,0
2026-04-19T06:50:20+00:00,S100734,aurora-2.3,4,0
2026-04-19T07:01:23+00:00,S100711,aurora-2.3,1,0
2026-04-19T07:02:28+00:00,S100724,aurora-2.3,4,0
2026-04-19T07:09:26+00:00,S100751,aurora-2.3,5,0
2026-04-19T07:09:46+00:00,S100718,aurora-2.3,3,0
2026-04-19T07:11:58+00:00,S100735,aurora-2.3,2,0
2026-04-19T07:13:28+00:00,S100700,aurora-2.3,1,0
2026-04-19T07:14:04+00:00,S100748,aurora-2.3,1,0
2026-04-19T07:31:35+00:00,S100726,aurora-2.3,3,0
2026-04-19T07:36:34+00:00,S100723,aurora-2.3,1,0
2026-04-19T07:37:05+00:00,S100727,aurora-2.3,3,0
2026-04-19T07:39:43+00:00,S100719,aurora-2.3,4,0
2026-04-19T07:40:57+00:00,S100696,aurora-2.3,2,0
2026-04-19T07:44:11+00:00,S100719,aurora-2.3,1,0
2026-04-19T07:49:14+00:00,S100702,aurora-2.3,2,0
2026-04-19T07:53:53+00:00,S100709,aurora-2.3,3,0
2026-04-19T07:56:38+00:00,S100742,aurora-2.3,2,0
2026-04-19T08:00:32+00:00,S100695,aurora-2.3,4,0
2026-04-19T08:23:18+00:00,S100740,aurora-2.3,1,0
2026-04-19T08:23:24+00:00,S100755,aurora-2.3,5,0
2026-04-19T08:23:59+00:00,S100734,aurora-2.3,2,0
2026-04-19T08:46:24+00:00,S100693,aurora-2.3,1,0
2026-04-19T08:48:59+00:00,S100704,aurora-2.3,2,0
2026-04-19T08:50:33+00:00,S100758,aurora-2.3,3,1
2026-04-19T08:54:11+00:00,S100701,aurora-2.3,2,0
2026-04-19T08:56:22+00:00,S100717,aurora-2.3,1,0
2026-04-19T09:06:35+00:00,S100728,aurora-2.3,2,0
2026-04-19T09:29:44+00:00,S100726,aurora-2.3,1,0
2026-04-19T09:32:34+00:00,S100731,aurora-2.3,1,0
2026-04-19T09:36:44+00:00,S100708,aurora-2.3,2,0
2026-04-19T09:42:21+00:00,S100706,aurora-2.3,3,0
2026-04-19T09:52:17+00:00,S100714,aurora-2.3,3,0
2026-04-19T10:01:50+00:00,S100738,aurora-2.3,4,0
2026-04-19T10:28:21+00:00,S100732,aurora-2.3,1,0
2026-04-19T10:29:53+00:00,S100712,aurora-2.3,2,0
2026-04-19T10:41:12+00:00,S100754,aurora-2.3,2,0
2026-04-19T10:46:11+00:00,S100747,aurora-2.3,3,0
2026-04-19T11:02:56+00:00,S100702,aurora-2.3,1,0
2026-04-19T11:13:38+00:00,S100729,aurora-2.3,2,0
2026-04-19T11:19:22+00:00,S100706,aurora-2.3,4,0
2026-04-19T11:21:37+00:00,S100715,aurora-2.3,2,0
2026-04-19T11:34:45+00:00,S100705,aurora-2.3,4,0
2026-04-19T11:34:56+00:00,S100744,aurora-2.3,3,0
2026-04-19T11:36:41+00:00,S100725,aurora-2.3,3,0
2026-04-19T11:58:18+00:00,S100750,aurora-2.3,1,0
2026-04-19T11:59:25+00:00,S100692,aurora-2.3,3,0
2026-04-19T12:01:48+00:00,S100691,aurora-2.3,1,0
2026-04-19T12:07:56+00:00,S100720,aurora-2.3,3,0
2026-04-19T12:19:06+00:00,S100745,aurora-2.3,2,0
2026-04-19T12:28:57+00:00,S100732,aurora-2.3,2,0
2026-04-19T12:35:39+00:00,S100705,aurora-2.3,3,0
2026-04-19T12:38:32+00:00,S100697,aurora-2.3,3,0
2026-04-19T12:42:35+00:00,S100744,aurora-2.3,1,0
2026-04-19T12:53:51+00:00,S100742,aurora-2.3,5,0
2026-04-19T13:15:36+00:00,S100752,aurora-2.3,3,0
2026-04-19T13:19:51+00:00,S100748,aurora-2.3,4,0
2026-04-19T13:32:18+00:00,S100709,aurora-2.3,1,1
2026-04-19T13:35:34+00:00,S100747,aurora-2.3,4,0
2026-04-19T13:36:15+00:00,S100748,aurora-2.3,3,0
2026-04-19T13:49:13+00:00,S100721,aurora-2.3,2,0
2026-04-19T14:01:37+00:00,S100720,aurora-2.3,1,0
2026-04-19T14:06:18+00:00,S100698,aurora-2.3,1,0
2026-04-19T14:17:23+00:00,S100736,aurora-2.3,2,0
2026-04-19T14:18:34+00:00,S100709,aurora-2.3,2,0
2026-04-19T14:19:42+00:00,S100751,aurora-2.3,1,0
2026-04-19T14:26:10+00:00,S100693,aurora-2.3,2,0
2026-04-19T14:38:32+00:00,S100728,aurora-2.3,5,0
2026-04-19T14:40:10+00:00,S100747,aurora-2.3,2,0
2026-04-19T14:47:45+00:00,S100754,aurora-2.3,1,0
2026-04-19T14:53:06+00:00,S100735,aurora-2.3,1,0
2026-04-19T15:04:42+00:00,S100753,aurora-2.3,2,0
2026-04-19T15:12:25+00:00,S100755,aurora-2.3,1,0
2026-04-19T15:26:05+00:00,S100721,aurora-2.3,1,0
2026-04-19T15:33:28+00:00,S100751,aurora-2.3,4,0
2026-04-19T15:38:51+00:00,S100745,aurora-2.3,1,0
2026-04-19T15:42:09+00:00,S100695,aurora-2.3,2,0
2026-04-19T15:42:12+00:00,S100696,aurora-2.3,1,0
2026-04-19T16:04:05+00:00,S100727,aurora-2.3,4,0
2026-04-19T16:17:26+00:00,S100725,aurora-2.3,2,0
2026-04-19T16:17:41+00:00,S100725,aurora-2.3,4,0
2026-04-19T16:21:13+00:00,S100718,aurora-2.3,5,0
2026-04-19T16:21:48+00:00,S100697,aurora-2.3,2,0
2026-04-19T16:24:57+00:00,S100696,aurora-2.3,5,1
2026-04-19T16:26:22+00:00,S100694,aurora-2.3,2,0
2026-04-19T16:28:27+00:00,S100716,aurora-2.3,3,0
2026-04-19T16:42:09+00:00,S100714,aurora-2.3,2,0
2026-04-19T16:47:06+00:00,S100710,aurora-2.3,3,0
2026-04-19T17:04:19+00:00,S100742,aurora-2.3,3,0
2026-04-19T17:05:48+00:00,S100752,aurora-2.3,2,0
2026-04-19T17:06:35+00:00,S100749,aurora-2.3,3,0
2026-04-19T17:08:53+00:00,S100742,aurora-2.3,1,0
2026-04-19T17:10:04+00:00,S100734,aurora-2.3,1,0
2026-04-19T17:13:26+00:00,S100741,aurora-2.3,2,0
2026-04-19T17:18:19+00:00,S100720,aurora-2.3,4,0
2026-04-19T17:19:36+00:00,S100757,aurora-2.3,1,0
2026-04-19T17:20:11+00:00,S100722,aurora-2.3,2,0
2026-04-19T17:27:33+00:00,S100717,aurora-2.3,2,0
2026-04-19T17:32:42+00:00,S100699,aurora-2.3,1,0
2026-04-19T17:42:05+00:00,S100712,aurora-2.3,1,0
2026-04-19T17:43:42+00:00,S100755,aurora-2.3,2,0
2026-04-19T17:43:53+00:00,S100730,aurora-2.3,1,0
2026-04-19T17:46:54+00:00,S100710,aurora-2.3,1,0
2026-04-19T17:55:44+00:00,S100698,aurora-2.3,2,0
2026-04-19T18:00:02+00:00,S100728,aurora-2.3,1,0
2026-04-19T18:02:09+00:00,S100746,aurora-2.3,1,0
2026-04-19T18:16:19+00:00,S100713,aurora-2.3,4,0
2026-04-19T18:24:11+00:00,S100729,aurora-2.3,1,0
2026-04-19T18:29:55+00:00,S100713,aurora-2.3,1,0
2026-04-19T18:35:01+00:00,S100719,aurora-2.3,2,0
2026-04-19T18:39:53+00:00,S100748,aurora-2.3,2,0
2026-04-19T18:40:27+00:00,S100704,aurora-2.3,1,0
2026-04-19T18:46:23+00:00,S100700,aurora-2.3,2,0
2026-04-19T18:52:29+00:00,S100742,aurora-2.3,4,0
2026-04-19T19:08:56+00:00,S100746,aurora-2.3,2,0
2026-04-19T19:13:58+00:00,S100696,aurora-2.3,4,0
2026-04-19T19:16:05+00:00,S100697,aurora-2.3,4,0
2026-04-19T19:19:41+00:00,S100716,aurora-2.3,2,0
2026-04-19T19:28:44+00:00,S100757,aurora-2.3,3,0
2026-04-19T19:28:57+00:00,S100707,aurora-2.3,4,0
2026-04-19T19:39:38+00:00,S100733,aurora-2.3,1,0
2026-04-19T19:43:52+00:00,S100749,aurora-2.3,1,0
2026-04-19T20:00:12+00:00,S100699,aurora-2.3,3,0
2026-04-19T20:01:06+00:00,S100707,aurora-2.3,1,0
2026-04-19T20:07:40+00:00,S100707,aurora-2.3,2,0
2026-04-19T20:15:46+00:00,S100755,aurora-2.3,4,0
2026-04-19T20:18:36+00:00,S100725,aurora-2.3,1,0
2026-04-19T20:21:14+00:00,S100733,aurora-2.3,2,0
2026-04-19T20:21:45+00:00,S100758,aurora-2.3,4,0
2026-04-19T20:21:56+00:00,S100727,aurora-2.3,2,0
2026-04-19T20:30:07+00:00,S100741,aurora-2.3,1,0
2026-04-19T20:31:07+00:00,S100713,aurora-2.3,3,0
2026-04-19T20:32:24+00:00,S100718,aurora-2.3,2,0
2026-04-19T20:35:11+00:00,S100710,aurora-2.3,5,0
2026-04-19T20:35:39+00:00,S100702,aurora-2.3,4,0
2026-04-19T20:36:47+00:00,S100695,aurora-2.3,5,0
2026-04-19T20:42:38+00:00,S100730,aurora-2.3,2,0
2026-04-19T20:47:17+00:00,S100703,aurora-2.3,1,0
2026-04-19T20:49:31+00:00,S100730,aurora-2.3,5,0
2026-04-19T21:10:11+00:00,S100720,aurora-2.3,5,0
2026-04-19T21:23:39+00:00,S100723,aurora-2.3,2,0
2026-04-19T21:24:18+00:00,S100699,aurora-2.3,2,0
2026-04-19T21:37:39+00:00,S100731,aurora-2.3,2,0
2026-04-19T21:45:28+00:00,S100701,aurora-2.3,1,0
2026-04-19T21:54:30+00:00,S100756,aurora-2.3,2,0
2026-04-19T21:54:46+00:00,S100758,aurora-2.3,1,0
2026-04-19T22:21:21+00:00,S100705,aurora-2.3,2,0
2026-04-19T22:27:58+00:00,S100691,aurora-2.3,2,0
2026-04-19T22:33:21+00:00,S100739,aurora-2.3,3,0
2026-04-19T22:41:07+00:00,S100738,aurora-2.3,5,0
2026-04-19T22:48:12+00:00,S100743,aurora-2.3,1,0
2026-04-19T22:49:08+00:00,S100714,aurora-2.3,4,0
2026-04-19T23:03:16+00:00,S100736,aurora-2.3,1,0
2026-04-19T23:37:34+00:00,S100706,aurora-2.3,2,0
2026-04-19T23:48:22+00:00,S100727,aurora-2.3,1,0
2026-04-19T23:54:44+00:00,S100705,aurora-2.3,1,0
2026-04-20T00:12:05+00:00,S100800,aurora-2.3,3,0
2026-04-20T00:16:03+00:00,S100778,aurora-2.3,1,0
2026-04-20T00:32:20+00:00,S100809,aurora-2.3,3,0
2026-04-20T00:32:21+00:00,S100783,aurora-2.3,2,0
2026-04-20T00:34:55+00:00,S100808,aurora-2.3,1,0
2026-04-20T00:42:01+00:00,S100792,aurora-2.3,5,0
2026-04-20T00:49:07+00:00,S100759,aurora-2.3,3,0
2026-04-20T00:50:02+00:00,S100804,aurora-2.3,2,0
2026-04-20T00:55:45+00:00,S100792,aurora-2.3,3,0
2026-04-20T00:59:24+00:00,S100788,aurora-2.3,2,0
2026-04-20T01:04:38+00:00,S100792,aurora-2.3,1,0
2026-04-20T01:18:04+00:00,S100825,aurora-2.3,4,0
2026-04-20T01:33:47+00:00,S100772,aurora-2.3,1,0
2026-04-20T01:38:46+00:00,S100805,aurora-2.3,2,0
2026-04-20T01:44:27+00:00,S100763,aurora-2.3,1,0
2026-04-20T01:58:49+00:00,S100789,aurora-2.3,5,0
2026-04-20T02:15:03+00:00,S100760,aurora-2.3,1,0
2026-04-20T02:23:11+00:00,S100771,aurora-2.3,1,0
2026-04-20T02:25:46+00:00,S100779,aurora-2.3,3,0
2026-04-20T02:29:15+00:00,S100763,aurora-2.3,4,0
2026-04-20T02:34:57+00:00,S100789,aurora-2.3,1,0
2026-04-20T02:45:14+00:00,S100762,aurora-2.3,2,0
2026-04-20T02:47:15+00:00,S100800,aurora-2.3,4,0
2026-04-20T02:49:59+00:00,S100779,aurora-2.3,2,0
2026-04-20T02:52:10+00:00,S100804,aurora-2.3,3,0
2026-04-20T02:52:54+00:00,S100773,aurora-2.3,4,0
2026-04-20T02:53:50+00:00,S100810,aurora-2.3,1,0
2026-04-20T02:53:56+00:00,S100816,aurora-2.3,2,0
2026-04-20T03:01:07+00:00,S100771,aurora-2.3,2,0
2026-04-20T03:02:08+00:00,S100810,aurora-2.3,2,0
2026-04-20T03:09:06+00:00,S100789,aurora-2.3,3,0
2026-04-20T03:09:19+00:00,S100783,aurora-2.3,1,0
2026-04-20T03:19:48+00:00,S100765,aurora-2.3,1,0
2026-04-20T03:20:32+00:00,S100802,aurora-2.3,2,0
2026-04-20T03:30:02+00:00,S100767,aurora-2.3,4,0
2026-04-20T03:37:41+00:00,S100798,aurora-2.3,2,0
2026-04-20T03:42:38+00:00,S100771,aurora-2.3,4,1
2026-04-20T03:45:52+00:00,S100806,aurora-2.3,4,0
2026-04-20T03:56:28+00:00,S100816,aurora-2.3,1,0
2026-04-20T03:56:31+00:00,S100774,aurora-2.3,2,0
2026-04-20T04:02:08+00:00,S100794,aurora-2.3,1,0
2026-04-20T04:16:27+00:00,S100793,aurora-2.3,4,0
2026-04-20T04:17:24+00:00,S100787,aurora-2.3,2,0
2026-04-20T04:23:45+00:00,S100817,aurora-2.3,4,0
2026-04-20T04:27:06+00:00,S100799,aurora-2.3,4,0
2026-04-20T04:27:35+00:00,S100784,aurora-2.3,3,0
2026-04-20T04:38:26+00:00,S100796,aurora-2.3,1,0
2026-04-20T04:41:22+00:00,S100775,aurora-2.3,2,0
2026-04-20T04:41:28+00:00,S100802,aurora-2.3,3,0
2026-04-20T04:46:05+00:00,S100778,aurora-2.3,5,0
2026-04-20T04:51:11+00:00,S100785,aurora-2.3,4,0
2026-04-20T04:51:51+00:00,S100780,aurora-2.3,1,1
2026-04-20T04:55:13+00:00,S100830,aurora-2.3,1,0
2026-04-20T04:58:55+00:00,S100829,aurora-2.3,2,0
2026-04-20T05:00:24+00:00,S100805,aurora-2.3,1,0
2026-04-20T05:09:08+00:00,S100823,aurora-2.3,1,0
2026-04-20T05:09:38+00:00,S100759,aurora-2.3,1,0
2026-04-20T05:21:33+00:00,S100798,aurora-2.3,1,0
2026-04-20T05:37:21+00:00,S100769,aurora-2.3,4,0
2026-04-20T05:43:02+00:00,S100786,aurora-2.3,1,0
2026-04-20T06:05:49+00:00,S100817,aurora-2.3,3,0
2026-04-20T06:13:28+00:00,S100808,aurora-2.3,5,0
2026-04-20T06:28:29+00:00,S100812,aurora-2.3,2,0
2026-04-20T06:44:22+00:00,S100776,aurora-2.3,2,0
2026-04-20T06:48:34+00:00,S100766,aurora-2.3,3,1
2026-04-20T06:49:06+00:00,S100808,aurora-2.3,4,0
2026-04-20T06:50:54+00:00,S100773,aurora-2.3,2,0
2026-04-20T06:59:17+00:00,S100769,aurora-2.3,1,0
2026-04-20T07:11:39+00:00,S100780,aurora-2.3,3,0
2026-04-20T07:19:37+00:00,S100831,aurora-2.3,3,0
2026-04-20T07:26:03+00:00,S100779,aurora-2.3,4,0
2026-04-20T07:35:07+00:00,S100816,aurora-2.3,3,0
2026-04-20T07:37:11+00:00,S100819,aurora-2.3,2,0
2026-04-20T07:46:51+00:00,S100776,aurora-2.3,3,0
2026-04-20T07:59:02+00:00,S100784,aurora-2.3,5,0
2026-04-20T08:05:13+00:00,S100821,aurora-2.3,3,0
2026-04-20T08:06:09+00:00,S100791,aurora-2.3,3,0
2026-04-20T08:08:26+00:00,S100811,aurora-2.3,1,0
2026-04-20T08:12:41+00:00,S100813,aurora-2.3,3,0
2026-04-20T08:24:19+00:00,S100761,aurora-2.3,2,0
2026-04-20T08:25:19+00:00,S100782,aurora-2.3,1,0
2026-04-20T08:25:53+00:00,S100810,aurora-2.3,5,0
2026-04-20T08:26:10+00:00,S100770,aurora-2.3,1,0
2026-04-20T08:29:09+00:00,S100765,aurora-2.3,4,0
2026-04-20T08:29:32+00:00,S100761,aurora-2.3,3,0
2026-04-20T08:31:23+00:00,S100818,aurora-2.3,4,0
2026-04-20T08:33:17+00:00,S100820,aurora-2.3,2,0
2026-04-20T08:33:18+00:00,S100761,aurora-2.3,1,0
2026-04-20T08:43:54+00:00,S100764,aurora-2.3,3,0
2026-04-20T08:59:05+00:00,S100794,aurora-2.3,3,0
2026-04-20T09:04:42+00:00,S100788,aurora-2.3,5,0
2026-04-20T09:06:41+00:00,S100789,aurora-2.3,2,0
2026-04-20T09:22:35+00:00,S100772,aurora-2.3,2,0
2026-04-20T09:23:01+00:00,S100784,aurora-2.3,4,0
2026-04-20T09:24:42+00:00,S100796,aurora-2.3,2,0
2026-04-20T09:27:12+00:00,S100784,aurora-2.3,1,0
2026-04-20T09:30:17+00:00,S100759,aurora-2.3,2,0
2026-04-20T09:32:07+00:00,S100825,aurora-2.3,1,0
2026-04-20T09:37:21+00:00,S100791,aurora-2.3,1,0
2026-04-20T10:04:48+00:00,S100779,aurora-2.3,1,0
2026-04-20T10:08:21+00:00,S100777,aurora-2.3,1,0
2026-04-20T10:13:11+00:00,S100797,aurora-2.3,1,0
2026-04-20T10:17:33+00:00,S100825,aurora-2.3,2,0
2026-04-20T10:21:41+00:00,S100809,aurora-2.3,4,0
2026-04-20T10:27:35+00:00,S100815,aurora-2.3,1,0
2026-04-20T10:29:06+00:00,S100811,aurora-2.3,4,0
2026-04-20T10:34:50+00:00,S100824,aurora-2.3,4,1
2026-04-20T10:42:10+00:00,S100824,aurora-2.3,1,0
2026-04-20T10:44:45+00:00,S100822,aurora-2.3,1,0
2026-04-20T11:05:41+00:00,S100813,aurora-2.3,4,0
2026-04-20T11:18:07+00:00,S100772,aurora-2.3,3,0
2026-04-20T11:22:05+00:00,S100813,aurora-2.3,5,0
2026-04-20T11:27:42+00:00,S100780,aurora-2.3,2,1
2026-04-20T11:32:33+00:00,S100765,aurora-2.3,2,0
2026-04-20T11:34:47+00:00,S100773,aurora-2.3,1,0
2026-04-20T11:38:39+00:00,S100818,aurora-2.3,2,0
2026-04-20T11:42:31+00:00,S100822,aurora-2.3,4,0
2026-04-20T11:44:03+00:00,S100799,aurora-2.3,1,0
2026-04-20T11:47:21+00:00,S100819,aurora-2.3,1,0
2026-04-20T11:48:24+00:00,S100792,aurora-2.3,4,0
2026-04-20T11:54:18+00:00,S100801,aurora-2.3,2,0
2026-04-20T11:58:52+00:00,S100774,aurora-2.3,3,1
2026-04-20T12:12:37+00:00,S100828,aurora-2.3,2,0
2026-04-20T12:13:51+00:00,S100773,aurora-2.3,3,0
2026-04-20T12:17:16+00:00,S100828,aurora-2.3,1,0
2026-04-20T12:52:08+00:00,S100826,aurora-2.3,2,0
2026-04-20T12:58:14+00:00,S100817,aurora-2.3,1,0
2026-04-20T13:05:47+00:00,S100826,aurora-2.3,3,0
2026-04-20T13:06:30+00:00,S100778,aurora-2.3,2,0
2026-04-20T13:09:38+00:00,S100765,aurora-2.3,3,0
2026-04-20T13:15:10+00:00,S100802,aurora-2.3,1,0
2026-04-20T13:26:41+00:00,S100807,aurora-2.3,2,0
2026-04-20T13:35:20+00:00,S100809,aurora-2.3,1,0
2026-04-20T13:44:57+00:00,S100796,aurora-2.3,4,0
2026-04-20T13:45:21+00:00,S100762,aurora-2.3,1,0
2026-04-20T13:47:47+00:00,S100788,aurora-2.3,3,0
2026-04-20T13:48:32+00:00,S100795,aurora-2.3,1,0
2026-04-20T13:56:09+00:00,S100804,aurora-2.3,1,0
2026-04-20T13:56:51+00:00,S100799,aurora-2.3,3,0
2026-04-20T14:08:24+00:00,S100793,aurora-2.3,1,0
2026-04-20T14:25:23+00:00,S100829,aurora-2.3,3,0
2026-04-20T14:26:21+00:00,S100772,aurora-2.3,5,0
2026-04-20T14:28:29+00:00,S100790,aurora-2.3,2,1
2026-04-20T14:29:09+00:00,S100794,aurora-2.3,4,0
2026-04-20T14:30:44+00:00,S100825,aurora-2.3,5,0
2026-04-20T14:31:24+00:00,S100764,aurora-2.3,2,0
2026-04-20T14:31:55+00:00,S100812,aurora-2.3,5,0
2026-04-20T14:33:31+00:00,S100807,aurora-2.3,1,0
2026-04-20T14:34:02+00:00,S100814,aurora-2.3,2,0
2026-04-20T14:34:56+00:00,S100796,aurora-2.3,3,0
2026-04-20T14:36:08+00:00,S100825,aurora-2.3,3,0
2026-04-20T14:46:29+00:00,S100827,aurora-2.3,2,0
2026-04-20T14:49:20+00:00,S100786,aurora-2.3,2,0
2026-04-20T14:51:02+00:00,S100821,aurora-2.3,2,0
2026-04-20T14:51:36+00:00,S100821,aurora-2.3,5,0
2026-04-20T14:53:37+00:00,S100820,aurora-2.3,1,0
2026-04-20T14:58:36+00:00,S100793,aurora-2.3,2,0
2026-04-20T14:59:48+00:00,S100764,aurora-2.3,4,0
2026-04-20T15:05:20+00:00,S100812,aurora-2.3,4,0
2026-04-20T15:06:17+00:00,S100813,aurora-2.3,1,0
2026-04-20T15:10:19+00:00,S100810,aurora-2.3,4,0
2026-04-20T15:18:51+00:00,S100807,aurora-2.3,3,0
2026-04-20T15:22:10+00:00,S100778,aurora-2.3,3,0
2026-04-20T15:28:47+00:00,S100813,aurora-2.3,2,0
2026-04-20T15:30:41+00:00,S100771,aurora-2.3,3,0
2026-04-20T15:36:11+00:00,S100772,aurora-2.3,4,0
2026-04-20T15:36:16+00:00,S100806,aurora-2.3,2,0
2026-04-20T15:45:24+00:00,S100769,aurora-2.3,3,0
2026-04-20T15:52:25+00:00,S100812,aurora-2.3,3,0
2026-04-20T15:57:23+00:00,S100814,aurora-2.3,1,0
2026-04-20T16:01:15+00:00,S100791,aurora-2.3,2,0
2026-04-20T16:11:11+00:00,S100803,aurora-2.3,3,0
2026-04-20T16:12:12+00:00,S100818,aurora-2.3,3,0
2026-04-20T16:22:10+00:00,S100816,aurora-2.3,4,0
2026-04-20T16:25:25+00:00,S100782,aurora-2.3,2,0
2026-04-20T16:28:01+00:00,S100805,aurora-2.3,3,0
2026-04-20T16:31:43+00:00,S100785,aurora-2.3,1,0
2026-04-20T16:37:57+00:00,S100806,aurora-2.3,3,0
2026-04-20T16:38:16+00:00,S100785,aurora-2.3,3,0
2026-04-20T16:40:20+00:00,S100782,aurora-2.3,3,0
2026-04-20T16:46:23+00:00,S100811,aurora-2.3,3,0
2026-04-20T16:50:10+00:00,S100788,aurora-2.3,4,0
2026-04-20T16:50:54+00:00,S100830,aurora-2.3,2,0
2026-04-20T16:52:57+00:00,S100831,aurora-2.3,2,0
2026-04-20T16:57:44+00:00,S100803,aurora-2.3,1,0
2026-04-20T16:59:54+00:00,S100768,aurora-2.3,3,0
2026-04-20T17:00:48+00:00,S100789,aurora-2.3,4,0
2026-04-20T17:03:14+00:00,S100770,aurora-2.3,2,0
2026-04-20T17:03:23+00:00,S100821,aurora-2.3,1,0
2026-04-20T17:17:26+00:00,S100822,aurora-2.3,2,0
2026-04-20T17:19:39+00:00,S100823,aurora-2.3,3,0
2026-04-20T17:21:18+00:00,S100790,aurora-2.3,1,0
2026-04-20T17:29:08+00:00,S100781,aurora-2.3,2,0
2026-04-20T17:30:13+00:00,S100768,aurora-2.3,2,0
2026-04-20T17:33:14+00:00,S100808,aurora-2.3,2,0
2026-04-20T17:35:10+00:00,S100794,aurora-2.3,2,0
2026-04-20T17:36:13+00:00,S100766,aurora-2.3,4,0
2026-04-20T17:45:53+00:00,S100816,aurora-2.3,5,0
2026-04-20T17:49:13+00:00,S100774,aurora-2.3,1,0
2026-04-20T17:49:19+00:00,S100812,aurora-2.3,1,0
2026-04-20T18:00:58+00:00,S100809,aurora-2.3,5,0
2026-04-20T18:01:48+00:00,S100784,aurora-2.3,2,0
2026-04-20T18:05:45+00:00,S100801,aurora-2.3,1,0
2026-04-20T18:12:52+00:00,S100797,aurora-2.3,2,0
2026-04-20T18:16:14+00:00,S100768,aurora-2.3,4,0
2026-04-20T18:29:57+00:00,S100776,aurora-2.3,1,0
2026-04-20T18:31:38+00:00,S100831,aurora-2.3,1,0
2026-04-20T18:36:08+00:00,S100809,aurora-2.3,2,0
2026-04-20T18:38:17+00:00,S100793,aurora-2.3,3,0
2026-04-20T18:41:57+00:00,S100817,aurora-2.3,2,0
2026-04-20T18:53:07+00:00,S100800,aurora-2.3,1,0
2026-04-20T18:53:12+00:00,S100795,aurora-2.3,2,0
2026-04-20T18:55:29+00:00,S100790,aurora-2.3,3,0
2026-04-20T18:59:31+00:00,S100787,aurora-2.3,1,0
2026-04-20T19:04:33+00:00,S100767,aurora-2.3,2,0
2026-04-20T19:15:29+00:00,S100815,aurora-2.3,2,0
2026-04-20T19:17:27+00:00,S100826,aurora-2.3,1,0
2026-04-20T19:18:00+00:00,S100769,aurora-2.3,2,0
2026-04-20T19:42:02+00:00,S100810,aurora-2.3,3,0
2026-04-20T19:43:49+00:00,S100761,aurora-2.3,5,0
2026-04-20T19:44:47+00:00,S100759,aurora-2.3,4,0
2026-04-20T19:45:19+00:00,S100766,aurora-2.3,2,0
2026-04-20T19:45:28+00:00,S100821,aurora-2.3,4,0
2026-04-20T19:47:09+00:00,S100764,aurora-2.3,1,0
2026-04-20T19:58:16+00:00,S100761,aurora-2.3,4,0
2026-04-20T19:58:19+00:00,S100805,aurora-2.3,4,0
2026-04-20T20:03:36+00:00,S100775,aurora-2.3,3,0
2026-04-20T20:04:30+00:00,S100780,aurora-2.3,4,0
2026-04-20T20:07:51+00:00,S100799,aurora-2.3,2,0
2026-04-20T20:12:36+00:00,S100823,aurora-2.3,2,0
2026-04-20T20:14:03+00:00,S100822,aurora-2.3,3,0
2026-04-20T20:18:46+00:00,S100767,aurora-2.3,5,0
2026-04-20T20:18:50+00:00,S100768,aurora-2.3,1,0
2026-04-20T20:22:40+00:00,S100811,aurora-2.3,2,0
2026-04-20T20:23:06+00:00,S100829,aurora-2.3,1,0
2026-04-20T20:25:21+00:00,S100814,aurora-2.3,3,0
2026-04-20T20:28:21+00:00,S100803,aurora-2.3,2,0
2026-04-20T20:43:54+00:00,S100800,aurora-2.3,2,0
2026-04-20T20:50:45+00:00,S100792,aurora-2.3,2,0
2026-04-20T20:56:08+00:00,S100767,aurora-2.3,1,0
2026-04-20T21:13:37+00:00,S100777,aurora-2.3,2,0
2026-04-20T21:35:47+00:00,S100831,aurora-2.3,4,0
2026-04-20T21:36:08+00:00,S100766,aurora-2.3,1,0
2026-04-20T21:42:07+00:00,S100787,aurora-2.3,3,1
2026-04-20T21:47:33+00:00,S100794,aurora-2.3,5,0
2026-04-20T21:52:07+00:00,S100781,aurora-2.3,1,0
2026-04-20T22:02:04+00:00,S100767,aurora-2.3,3,0
2026-04-20T22:12:23+00:00,S100780,aurora-2.3,5,0
2026-04-20T22:15:13+00:00,S100785,aurora-2.3,2,0
2026-04-20T22:17:27+00:00,S100823,aurora-2.3,4,0
2026-04-20T22:20:59+00:00,S100763,aurora-2.3,2,0
2026-04-20T22:27:03+00:00,S100763,aurora-2.3,3,1
2026-04-20T22:31:23+00:00,S100807,aurora-2.3,4,0
2026-04-20T22:35:02+00:00,S100760,aurora-2.3,2,0
2026-04-20T22:44:12+00:00,S100795,aurora-2.3,3,0
2026-04-20T22:44:37+00:00,S100778,aurora-2.3,4,0
2026-04-20T23:04:07+00:00,S100808,aurora-2.3,3,0
2026-04-20T23:19:41+00:00,S100824,aurora-2.3,2,0
2026-04-20T23:21:11+00:00,S100827,aurora-2.3,1,0
2026-04-20T23:21:37+00:00,S100824,aurora-2.3,3,0
2026-04-20T23:23:34+00:00,S100788,aurora-2.3,1,0
2026-04-20T23:28:44+00:00,S100818,aurora-2.3,1,0
2026-04-20T23:35:50+00:00,S100806,aurora-2.3,5,0
2026-04-20T23:37:35+00:00,S100796,aurora-2.3,5,0
2026-04-20T23:52:09+00:00,S100775,aurora-2.3,1,0
2026-04-20T23:59:38+00:00,S100806,aurora-2.3,1,0
2026-04-21T00:09:06+00:00,S100881,aurora-2.3,5,0
2026-04-21T00:10:33+00:00,S100873,aurora-2.3,3,0
2026-04-21T00:11:26+00:00,S100900,aurora-2.3,1,0
2026-04-21T00:18:25+00:00,S100866,aurora-2.3,1,0
2026-04-21T00:27:58+00:00,S100835,aurora-2.3,2,0
2026-04-21T00:29:11+00:00,S100866,aurora-2.3,3,0
2026-04-21T00:38:58+00:00,S100867,aurora-2.3,1,0
2026-04-21T00:41:18+00:00,S100838,aurora-2.3,1,0
2026-04-21T00:42:21+00:00,S100857,aurora-2.3,3,0
2026-04-21T00:43:59+00:00,S100837,aurora-2.3,2,0
2026-04-21T01:01:57+00:00,S100868,aurora-2.3,3,0
2026-04-21T01:02:44+00:00,S100833,aurora-2.3,2,0
2026-04-21T01:09:50+00:00,S100844,aurora-2.3,1,0
2026-04-21T01:11:06+00:00,S100873,aurora-2.3,2,0
2026-04-21T01:16:29+00:00,S100867,aurora-2.3,3,0
2026-04-21T01:23:35+00:00,S100837,aurora-2.3,4,1
2026-04-21T01:27:02+00:00,S100898,aurora-2.3,1,0
2026-04-21T01:35:47+00:00,S100847,aurora-2.3,3,0
2026-04-21T01:40:07+00:00,S100895,aurora-2.3,1,0
2026-04-21T01:46:30+00:00,S100845,aurora-2.3,1,0
2026-04-21T01:54:33+00:00,S100852,aurora-2.3,2,0
2026-04-21T02:05:15+00:00,S100889,aurora-2.3,1,0
2026-04-21T02:15:34+00:00,S100853,aurora-2.3,2,0
2026-04-21T02:20:04+00:00,S100899,aurora-2.3,4,0
2026-04-21T02:27:02+00:00,S100854,aurora-2.3,1,0
2026-04-21T02:32:37+00:00,S100889,aurora-2.3,4,0
2026-04-21T02:40:40+00:00,S100852,aurora-2.3,1,0
2026-04-21T02:47:03+00:00,S100878,aurora-2.3,4,0
2026-04-21T02:58:35+00:00,S100876,aurora-2.3,3,0
2026-04-21T03:00:59+00:00,S100890,aurora-2.3,2,0
2026-04-21T03:06:22+00:00,S100889,aurora-2.3,3,0
2026-04-21T03:06:23+00:00,S100869,aurora-2.3,2,0
2026-04-21T03:08:30+00:00,S100861,aurora-2.3,2,0
2026-04-21T03:10:24+00:00,S100841,aurora-2.3,2,0
2026-04-21T03:13:43+00:00,S100900,aurora-2.3,2,0
2026-04-21T03:19:46+00:00,S100841,aurora-2.3,1,0
2026-04-21T03:36:05+00:00,S100891,aurora-2.3,5,0
2026-04-21T03:39:16+00:00,S100869,aurora-2.3,4,0
2026-04-21T03:40:44+00:00,S100843,aurora-2.3,1,0
2026-04-21T03:47:17+00:00,S100854,aurora-2.3,4,0
2026-04-21T03:47:29+00:00,S100888,aurora-2.3,1,0
2026-04-21T03:52:18+00:00,S100865,aurora-2.3,4,0
2026-04-21T03:59:38+00:00,S100880,aurora-2.3,1,0
2026-04-21T04:07:06+00:00,S100855,aurora-2.3,5,0
2026-04-21T04:32:32+00:00,S100888,aurora-2.3,2,0
2026-04-21T04:33:47+00:00,S100895,aurora-2.3,2,0
2026-04-21T04:43:54+00:00,S100837,aurora-2.3,1,0
2026-04-21T04:45:03+00:00,S100883,aurora-2.3,1,0
2026-04-21T04:50:09+00:00,S100881,aurora-2.3,2,0
2026-04-21T04:59:18+00:00,S100850,aurora-2.3,2,0
2026-04-21T04:59:38+00:00,S100857,aurora-2.3,1,0
2026-04-21T05:01:31+00:00,S100863,aurora-2.3,5,0
2026-04-21T05:02:59+00:00,S100859,aurora-2.3,2,0
2026-04-21T05:03:05+00:00,S100845,aurora-2.3,3,0
2026-04-21T05:05:05+00:00,S100836,aurora-2.3,3,0
2026-04-21T05:08:42+00:00,S100885,aurora-2.3,1,0
2026-04-21T05:10:07+00:00,S100857,aurora-2.3,4,0
2026-04-21T05:22:11+00:00,S100878,aurora-2.3,1,0
2026-04-21T05:39:25+00:00,S100898,aurora-2.3,2,0
2026-04-21T05:39:27+00:00,S100865,aurora-2.3,5,0
2026-04-21T06:03:35+00:00,S100879,aurora-2.3,1,0
2026-04-21T06:18:18+00:00,S100860,aurora-2.3,2,0
2026-04-21T06:22:54+00:00,S100901,aurora-2.3,2,0
2026-04-21T06:31:58+00:00,S100858,aurora-2.3,5,0
2026-04-21T06:49:08+00:00,S100859,aurora-2.3,3,0
2026-04-21T06:56:56+00:00,S100895,aurora-2.3,3,0
2026-04-21T06:57:25+00:00,S100864,aurora-2.3,2,0
2026-04-21T07:07:40+00:00,S100846,aurora-2.3,2,0
2026-04-21T07:15:24+00:00,S100875,aurora-2.3,1,0
2026-04-21T07:17:09+00:00,S100845,aurora-2.3,2,0
2026-04-21T07:33:16+00:00,S100851,aurora-2.3,4,1
2026-04-21T07:37:52+00:00,S100834,aurora-2.3,1,0
2026-04-21T07:41:30+00:00,S100858,aurora-2.3,3,0
2026-04-21T07:43:24+00:00,S100853,aurora-2.3,3,0
2026-04-21T07:43:56+00:00,S100886,aurora-2.3,1,0
2026-04-21T07:51:42+00:00,S100836,aurora-2.3,4,0
2026-04-21T07:52:07+00:00,S100884,aurora-2.3,3,0
2026-04-21T08:04:38+00:00,S100841,aurora-2.3,4,0
2026-04-21T08:05:59+00:00,S100834,aurora-2.3,3,1
2026-04-21T08:18:02+00:00,S100838,aurora-2.3,2,0
2026-04-21T08:19:18+00:00,S100884,aurora-2.3,4,0
2026-04-21T08:33:07+00:00,S100854,aurora-2.3,2,0
2026-04-21T08:38:27+00:00,S100835,aurora-2.3,1,1
2026-04-21T08:40:34+00:00,S100862,aurora-2.3,3,0
2026-04-21T08:48:56+00:00,S100856,aurora-2.3,2,0
2026-04-21T08:49:09+00:00,S100872,aurora-2.3,3,0
2026-04-21T08:56:18+00:00,S100882,aurora-2.3,3,0
2026-04-21T08:58:56+00:00,S100883,aurora-2.3,2,0
2026-04-21T09:01:19+00:00,S100869,aurora-2.3,5,0
2026-04-21T09:03:17+00:00,S100896,aurora-2.3,1,0
2026-04-21T09:06:05+00:00,S100873,aurora-2.3,4,1
2026-04-21T09:15:14+00:00,S100870,aurora-2.3,2,0
2026-04-21T09:16:10+00:00,S100884,aurora-2.3,2,0
2026-04-21T09:18:54+00:00,S100832,aurora-2.3,1,1
2026-04-21T09:27:41+00:00,S100871,aurora-2.3,2,0
2026-04-21T09:39:28+00:00,S100887,aurora-2.3,5,0
2026-04-21T09:40:41+00:00,S100855,aurora-2.3,2,0
2026-04-21T09:46:40+00:00,S100855,aurora-2.3,1,0
2026-04-21T09:52:33+00:00,S100875,aurora-2.3,2,0
2026-04-21T10:02:44+00:00,S100873,aurora-2.3,5,0
2026-04-21T10:04:34+00:00,S100842,aurora-2.3,2,0
2026-04-21T10:16:15+00:00,S100881,aurora-2.3,4,0
2026-04-21T10:29:37+00:00,S100893,aurora-2.3,1,0
2026-04-21T10:47:39+00:00,S100865,aurora-2.3,3,0
2026-04-21T10:50:21+00:00,S100894,aurora-2.3,2,0
2026-04-21T11:00:40+00:00,S100881,aurora-2.3,1,0
2026-04-21T11:02:31+00:00,S100860,aurora-2.3,1,0
2026-04-21T11:04:21+00:00,S100843,aurora-2.3,2,0
2026-04-21T11:17:08+00:00,S100879,aurora-2.3,5,0
2026-04-21T11:22:17+00:00,S100863,aurora-2.3,1,0
2026-04-21T11:28:40+00:00,S100844,aurora-2.3,2,1
2026-04-21T11:32:21+00:00,S100894,aurora-2.3,1,0
2026-04-21T11:32:26+00:00,S100882,aurora-2.3,2,0
2026-04-21T12:02:46+00:00,S100847,aurora-2.3,2,0
2026-04-21T12:04:39+00:00,S100872,aurora-2.3,1,0
2026-04-21T12:10:16+00:00,S100870,aurora-2.3,1,0
2026-04-21T12:11:48+00:00,S100851,aurora-2.3,5,0
2026-04-21T12:15:14+00:00,S100863,aurora-2.3,2,0
2026-04-21T12:22:24+00:00,S100832,aurora-2.3,4,0
2026-04-21T12:28:51+00:00,S100869,aurora-2.3,1,0
2026-04-21T12:34:24+00:00,S100883,aurora-2.3,3,0
2026-04-21T12:36:59+00:00,S100836,aurora-2.3,1,0
2026-04-21T12:43:10+00:00,S100869,aurora-2.3,3,0
2026-04-21T12:50:22+00:00,S100833,aurora-2.3,1,0
2026-04-21T12:54:48+00:00,S100847,aurora-2.3,1,0
2026-04-21T12:55:47+00:00,S100837,aurora-2.3,3,0
2026-04-21T12:56:45+00:00,S100890,aurora-2.3,3,0
2026-04-21T13:07:57+00:00,S100877,aurora-2.3,1,0
2026-04-21T13:10:16+00:00,S100837,aurora-2.3,5,0
2026-04-21T13:16:14+00:00,S100899,aurora-2.3,3,0
2026-04-21T13:20:51+00:00,S100832,aurora-2.3,3,0
2026-04-21T13:21:01+00:00,S100834,aurora-2.3,4,0
2026-04-21T13:25:02+00:00,S100846,aurora-2.3,3,0
2026-04-21T13:28:04+00:00,S100841,aurora-2.3,3,0
2026-04-21T13:35:46+00:00,S100845,aurora-2.3,4,0
2026-04-21T13:42:20+00:00,S100891,aurora-2.3,3,0
2026-04-21T13:45:27+00:00,S100897,aurora-2.3,1,1
2026-04-21T13:51:18+00:00,S100855,aurora-2.3,3,0
2026-04-21T13:56:52+00:00,S100866,aurora-2.3,2,0
2026-04-21T14:03:54+00:00,S100836,aurora-2.3,2,0
2026-04-21T14:06:44+00:00,S100881,aurora-2.3,3,0
2026-04-21T14:13:46+00:00,S100892,aurora-2.3,2,0
2026-04-21T14:31:43+00:00,S100887,aurora-2.3,1,0
2026-04-21T14:39:56+00:00,S100867,aurora-2.3,4,0
2026-04-21T14:47:02+00:00,S100858,aurora-2.3,1,0
2026-04-21T14:56:10+00:00,S100884,aurora-2.3,1,0
2026-04-21T15:04:04+00:00,S100849,aurora-2.3,1,0
2026-04-21T15:05:40+00:00,S100840,aurora-2.3,1,0
2026-04-21T15:16:50+00:00,S100901,aurora-2.3,1,0
2026-04-21T15:24:24+00:00,S100873,aurora-2.3,1,0
2026-04-21T15:34:19+00:00,S100902,aurora-2.3,1,0
2026-04-21T15:49:03+00:00,S100862,aurora-2.3,2,0
2026-04-21T16:06:07+00:00,S100865,aurora-2.3,2,0
2026-04-21T16:11:58+00:00,S100896,aurora-2.3,3,0
2026-04-21T16:12:01+00:00,S100872,aurora-2.3,5,0
2026-04-21T16:22:45+00:00,S100893,aurora-2.3,2,0
2026-04-21T16:24:25+00:00,S100896,aurora-2.3,2,0
2026-04-21T16:25:40+00:00,S100899,aurora-2.3,1,0
2026-04-21T16:32:10+00:00,S100886,aurora-2.3,2,0
2026-04-21T16:37:07+00:00,S100892,aurora-2.3,1,0
2026-04-21T16:38:50+00:00,S100887,aurora-2.3,4,0
2026-04-21T16:49:31+00:00,S100855,aurora-2.3,4,0
2026-04-21T16:50:18+00:00,S100899,aurora-2.3,2,0
2026-04-21T16:58:45+00:00,S100846,aurora-2.3,5,0
2026-04-21T17:02:04+00:00,S100860,aurora-2.3,3,0
2026-04-21T17:04:28+00:00,S100848,aurora-2.3,2,0
2026-04-21T17:07:26+00:00,S100891,aurora-2.3,4,0
2026-04-21T17:14:28+00:00,S100872,aurora-2.3,4,0
2026-04-21T17:16:58+00:00,S100868,aurora-2.3,1,0
2026-04-21T17:32:07+00:00,S100882,aurora-2.3,1,0
2026-04-21T17:38:29+00:00,S100839,aurora-2.3,2,0
2026-04-21T17:40:16+00:00,S100880,aurora-2.3,2,0
2026-04-21T17:43:30+00:00,S100853,aurora-2.3,4,0
2026-04-21T17:48:56+00:00,S100863,aurora-2.3,3,0
2026-04-21T17:56:51+00:00,S100887,aurora-2.3,3,0
2026-04-21T17:57:08+00:00,S100853,aurora-2.3,1,0
2026-04-21T17:59:48+00:00,S100879,aurora-2.3,3,0
2026-04-21T18:00:48+00:00,S100888,aurora-2.3,4,0
2026-04-21T18:02:00+00:00,S100832,aurora-2.3,2,0
2026-04-21T18:13:16+00:00,S100874,aurora-2.3,2,1
2026-04-21T18:19:51+00:00,S100850,aurora-2.3,1,0
2026-04-21T18:27:02+00:00,S100867,aurora-2.3,2,0
2026-04-21T18:36:44+00:00,S100879,aurora-2.3,2,0
2026-04-21T18:39:22+00:00,S100897,aurora-2.3,3,0
2026-04-21T18:48:15+00:00,S100879,aurora-2.3,4,0
2026-04-21T19:01:39+00:00,S100851,aurora-2.3,2,0
2026-04-21T19:11:21+00:00,S100857,aurora-2.3,2,0
2026-04-21T19:12:35+00:00,S100839,aurora-2.3,1,0
2026-04-21T19:55:07+00:00,S100859,aurora-2.3,1,0
2026-04-21T19:57:19+00:00,S100878,aurora-2.3,2,0
2026-04-21T20:01:00+00:00,S100858,aurora-2.3,2,0
2026-04-21T20:09:32+00:00,S100890,aurora-2.3,4,0
2026-04-21T20:10:10+00:00,S100876,aurora-2.3,1,0
2026-04-21T20:13:15+00:00,S100851,aurora-2.3,3,0
2026-04-21T20:14:35+00:00,S100840,aurora-2.3,2,0
2026-04-21T20:25:05+00:00,S100874,aurora-2.3,1,0
2026-04-21T20:26:23+00:00,S100846,aurora-2.3,1,0
2026-04-21T20:47:51+00:00,S100858,aurora-2.3,4,0
2026-04-21T20:49:08+00:00,S100878,aurora-2.3,3,0
2026-04-21T20:49:16+00:00,S100864,aurora-2.3,1,0
2026-04-21T20:49:43+00:00,S100897,aurora-2.3,2,0
2026-04-21T20:58:09+00:00,S100877,aurora-2.3,3,0
2026-04-21T20:59:51+00:00,S100872,aurora-2.3,2,0
2026-04-21T21:18:54+00:00,S100849,aurora-2.3,2,0
2026-04-21T21:19:12+00:00,S100868,aurora-2.3,2,0
2026-04-21T21:19:37+00:00,S100862,aurora-2.3,1,0
2026-04-21T21:21:50+00:00,S100851,aurora-2.3,1,0
2026-04-21T21:23:49+00:00,S100882,aurora-2.3,4,0
2026-04-21T21:25:40+00:00,S100885,aurora-2.3,2,0
2026-04-21T21:40:15+00:00,S100863,aurora-2.3,4,0
2026-04-21T21:43:02+00:00,S100891,aurora-2.3,1,1
2026-04-21T21:43:43+00:00,S100889,aurora-2.3,2,0
2026-04-21T21:59:26+00:00,S100854,aurora-2.3,3,0
2026-04-21T22:00:59+00:00,S100888,aurora-2.3,3,0
2026-04-21T22:03:15+00:00,S100846,aurora-2.3,4,0
2026-04-21T22:05:49+00:00,S100876,aurora-2.3,2,0
2026-04-21T22:12:48+00:00,S100848,aurora-2.3,1,1
2026-04-21T22:13:28+00:00,S100890,aurora-2.3,1,0
2026-04-21T22:17:38+00:00,S100834,aurora-2.3,2,0
2026-04-21T22:23:21+00:00,S100856,aurora-2.3,1,0
2026-04-21T22:26:08+00:00,S100877,aurora-2.3,2,0
2026-04-21T22:29:34+00:00,S100890,aurora-2.3,5,0
2026-04-21T22:56:59+00:00,S100857,aurora-2.3,5,0
2026-04-21T23:04:42+00:00,S100891,aurora-2.3,2,0
2026-04-21T23:04:54+00:00,S100871,aurora-2.3,1,0
2026-04-21T23:12:08+00:00,S100887,aurora-2.3,2,0
2026-04-21T23:17:15+00:00,S100902,aurora-2.3,2,0
2026-04-21T23:18:29+00:00,S100861,aurora-2.3,1,0
2026-04-21T23:27:04+00:00,S100842,aurora-2.3,1,0
2026-04-21T23:40:56+00:00,S100865,aurora-2.3,1,0
2026-04-22T00:10:07+00:00,S100905,aurora-2.3,5,0
2026-04-22T00:17:08+00:00,S100930,aurora-2.3,3,0
2026-04-22T00:27:21+00:00,S100943,aurora-2.3,1,0
2026-04-22T00:28:12+00:00,S100962,aurora-2.3,5,0
2026-04-22T00:29:52+00:00,S100906,aurora-2.3,2,1
2026-04-22T00:33:11+00:00,S100912,aurora-2.3,1,0
2026-04-22T00:47:30+00:00,S100912,aurora-2.3,2,0
2026-04-22T00:55:40+00:00,S100937,aurora-2.3,1,0
2026-04-22T01:07:57+00:00,S100922,aurora-2.3,5,0
2026-04-22T01:13:03+00:00,S100956,aurora-2.3,3,0
2026-04-22T01:15:36+00:00,S100941,aurora-2.3,1,0
2026-04-22T01:29:16+00:00,S100928,aurora-2.3,4,0
2026-04-22T01:41:08+00:00,S100926,aurora-2.3,3,0
2026-04-22T01:44:01+00:00,S100963,aurora-2.3,5,0
2026-04-22T01:54:40+00:00,S100906,aurora-2.3,1,0
2026-04-22T01:57:15+00:00,S100933,aurora-2.3,2,0
2026-04-22T02:01:40+00:00,S100919,aurora-2.3,3,1
2026-04-22T02:06:03+00:00,S100908,aurora-2.3,1,0
2026-04-22T02:06:06+00:00,S100937,aurora-2.3,4,0
2026-04-22T02:06:38+00:00,S100923,aurora-2.3,3,0
2026-04-22T02:20:21+00:00,S100958,aurora-2.3,1,0
2026-04-22T02:21:33+00:00,S100931,aurora-2.3,1,0
2026-04-22T02:22:48+00:00,S100909,aurora-2.3,3,0
2026-04-22T02:23:22+00:00,S100974,aurora-2.3,1,0
2026-04-22T02:24:40+00:00,S100911,aurora-2.3,2,0
2026-04-22T02:32:52+00:00,S100973,aurora-2.3,1,0
2026-04-22T02:40:47+00:00,S100938,aurora-2.3,4,0
2026-04-22T02:47:22+00:00,S100927,aurora-2.3,3,0
2026-04-22T02:52:31+00:00,S100939,aurora-2.3,1,0
2026-04-22T02:58:50+00:00,S100935,aurora-2.3,2,0
2026-04-22T02:58:58+00:00,S100957,aurora-2.3,1,0
2026-04-22T02:59:40+00:00,S100920,aurora-2.3,3,0
2026-04-22T03:07:52+00:00,S100917,aurora-2.3,3,0
2026-04-22T03:11:26+00:00,S100927,aurora-2.3,2,0
2026-04-22T03:13:17+00:00,S100957,aurora-2.3,3,0
2026-04-22T03:14:03+00:00,S100922,aurora-2.3,2,0
2026-04-22T03:26:48+00:00,S100940,aurora-2.3,2,0
2026-04-22T03:28:22+00:00,S100963,aurora-2.3,2,0
2026-04-22T03:35:37+00:00,S100935,aurora-2.3,1,0
2026-04-22T03:39:27+00:00,S100909,aurora-2.3,1,0
2026-04-22T03:42:44+00:00,S100927,aurora-2.3,1,0
2026-04-22T03:49:51+00:00,S100922,aurora-2.3,3,0
2026-04-22T03:56:47+00:00,S100929,aurora-2.3,2,0
2026-04-22T04:04:47+00:00,S100909,aurora-2.3,5,0
2026-04-22T04:08:31+00:00,S100934,aurora-2.3,3,0
2026-04-22T04:11:55+00:00,S100971,aurora-2.3,2,1
2026-04-22T04:13:00+00:00,S100971,aurora-2.3,3,0
2026-04-22T04:25:38+00:00,S100942,aurora-2.3,3,0
2026-04-22T04:27:51+00:00,S100944,aurora-2.3,1,0
2026-04-22T04:39:02+00:00,S100945,aurora-2.3,3,0
2026-04-22T04:50:47+00:00,S100916,aurora-2.3,3,0
2026-04-22T04:54:47+00:00,S100926,aurora-2.3,5,0
2026-04-22T04:55:07+00:00,S100967,aurora-2.3,1,0
2026-04-22T04:59:08+00:00,S100970,aurora-2.3,1,0
2026-04-22T04:59:10+00:00,S100922,aurora-2.3,4,0
2026-04-22T05:09:25+00:00,S100972,aurora-2.3,1,0
2026-04-22T05:11:10+00:00,S100955,aurora-2.3,3,0
2026-04-22T05:17:16+00:00,S100959,aurora-2.3,2,0
2026-04-22T05:28:38+00:00,S100967,aurora-2.3,2,0
2026-04-22T05:39:35+00:00,S100951,aurora-2.3,1,0
2026-04-22T05:44:08+00:00,S100951,aurora-2.3,4,0
2026-04-22T05:53:56+00:00,S100948,aurora-2.3,1,0
2026-04-22T06:03:24+00:00,S100918,aurora-2.3,4,0
2026-04-22T06:08:07+00:00,S100945,aurora-2.3,1,0
2026-04-22T06:15:02+00:00,S100948,aurora-2.3,2,0
2026-04-22T06:19:28+00:00,S100937,aurora-2.3,2,0
2026-04-22T06:22:06+00:00,S100969,aurora-2.3,3,0
2026-04-22T06:23:04+00:00,S100946,aurora-2.3,3,0
2026-04-22T06:29:02+00:00,S100924,aurora-2.3,2,0
2026-04-22T06:31:48+00:00,S100965,aurora-2.3,2,0
2026-04-22T06:41:24+00:00,S100915,aurora-2.3,3,0
2026-04-22T06:43:03+00:00,S100925,aurora-2.3,3,0
2026-04-22T06:44:26+00:00,S100938,aurora-2.3,2,0
2026-04-22T06:51:10+00:00,S100918,aurora-2.3,2,0
2026-04-22T06:55:28+00:00,S100910,aurora-2.3,4,0
2026-04-22T07:04:53+00:00,S100925,aurora-2.3,2,0
2026-04-22T07:07:07+00:00,S100905,aurora-2.3,2,0
2026-04-22T07:08:31+00:00,S100908,aurora-2.3,3,0
2026-04-22T07:22:10+00:00,S100966,aurora-2.3,1,0
2026-04-22T07:25:17+00:00,S100915,aurora-2.3,1,0
2026-04-22T07:36:44+00:00,S100960,aurora-2.3,2,0
2026-04-22T07:38:42+00:00,S100962,aurora-2.3,4,0
2026-04-22T07:43:31+00:00,S100905,aurora-2.3,1,0
2026-04-22T07:50:47+00:00,S100918,aurora-2.3,5,0
2026-04-22T07:59:09+00:00,S100956,aurora-2.3,2,0
2026-04-22T08:03:41+00:00,S100911,aurora-2.3,3,0
2026-04-22T08:04:04+00:00,S100910,aurora-2.3,1,0
2026-04-22T08:06:08+00:00,S100916,aurora-2.3,2,0
2026-04-22T08:10:17+00:00,S100933,aurora-2.3,1,0
2026-04-22T08:16:11+00:00,S100973,aurora-2.3,2,0
2026-04-22T08:23:24+00:00,S100953,aurora-2.3,2,0
2026-04-22T08:23:47+00:00,S100934,aurora-2.3,4,0
2026-04-22T08:24:52+00:00,S100916,aurora-2.3,1,0
2026-04-22T08:33:56+00:00,S100931,aurora-2.3,3,0
2026-04-22T08:36:09+00:00,S100921,aurora-2.3,3,0
2026-04-22T08:36:18+00:00,S100910,aurora-2.3,3,0
2026-04-22T08:44:12+00:00,S100965,aurora-2.3,1,0
2026-04-22T08:45:28+00:00,S100938,aurora-2.3,5,0
2026-04-22T08:50:32+00:00,S100943,aurora-2.3,2,0
2026-04-22T08:55:27+00:00,S100966,aurora-2.3,2,0
2026-04-22T08:55:54+00:00,S100936,aurora-2.3,2,0
2026-04-22T09:00:00+00:00,S100964,aurora-2.3,1,0
2026-04-22T09:12:56+00:00,S100949,aurora-2.3,3,0
2026-04-22T09:13:56+00:00,S100920,aurora-2.3,2,0
2026-04-22T09:15:31+00:00,S100907,aurora-2.3,4,0
2026-04-22T09:23:11+00:00,S100947,aurora-2.3,1,0
2026-04-22T09:51:49+00:00,S100952,aurora-2.3,4,0
2026-04-22T09:54:34+00:00,S100961,aurora-2.3,1,0
2026-04-22T10:24:24+00:00,S100970,aurora-2.3,2,0
2026-04-22T10:27:29+00:00,S100973,aurora-2.3,3,0
2026-04-22T10:37:43+00:00,S100910,aurora-2.3,2,0
2026-04-22T10:41:54+00:00,S100949,aurora-2.3,1,0
2026-04-22T10:45:21+00:00,S100914,aurora-2.3,3,0
2026-04-22T10:48:11+00:00,S100951,aurora-2.3,3,0
2026-04-22T10:52:18+00:00,S100908,aurora-2.3,4,0
2026-04-22T10:54:04+00:00,S100949,aurora-2.3,2,0
2026-04-22T10:58:31+00:00,S100930,aurora-2.3,1,0
2026-04-22T11:00:03+00:00,S100970,aurora-2.3,3,0
2026-04-22T11:06:31+00:00,S100903,aurora-2.3,3,0
2026-04-22T11:16:26+00:00,S100930,aurora-2.3,2,0
2026-04-22T11:22:03+00:00,S100972,aurora-2.3,2,0
2026-04-22T11:41:21+00:00,S100908,aurora-2.3,2,0
2026-04-22T11:53:08+00:00,S100921,aurora-2.3,2,0
2026-04-22T11:54:11+00:00,S100936,aurora-2.3,3,0
2026-04-22T12:14:22+00:00,S100945,aurora-2.3,4,0
2026-04-22T12:18:15+00:00,S100948,aurora-2.3,3,0
2026-04-22T12:21:47+00:00,S100962,aurora-2.3,2,0
2026-04-22T12:27:41+00:00,S100945,aurora-2.3,5,0
2026-04-22T12:30:21+00:00,S100907,aurora-2.3,1,0
2026-04-22T12:33:30+00:00,S100975,aurora-2.3,3,0
2026-04-22T12:36:38+00:00,S100968,aurora-2.3,5,0
2026-04-22T12:39:01+00:00,S100903,aurora-2.3,5,0
2026-04-22T12:39:58+00:00,S100919,aurora-2.3,4,0
2026-04-22T12:44:53+00:00,S100909,aurora-2.3,2,1
2026-04-22T12:45:05+00:00,S100957,aurora-2.3,4,0
2026-04-22T12:52:51+00:00,S100955,aurora-2.3,4,0
2026-04-22T12:55:07+00:00,S100913,aurora-2.3,1,0
2026-04-22T13:00:22+00:00,S100960,aurora-2.3,1,0
2026-04-22T13:05:10+00:00,S100957,aurora-2.3,2,0
2026-04-22T13:06:49+00:00,S100969,aurora-2.3,4,0
2026-04-22T13:29:47+00:00,S100937,aurora-2.3,3,0
2026-04-22T13:30:58+00:00,S100918,aurora-2.3,3,0
2026-04-22T13:31:26+00:00,S100975,aurora-2.3,4,0
2026-04-22T13:33:18+00:00,S100905,aurora-2.3,3,0
2026-04-22T13:40:43+00:00,S100922,aurora-2.3,1,0
2026-04-22T13:46:06+00:00,S100968,aurora-2.3,4,0
2026-04-22T13:52:55+00:00,S100928,aurora-2.3,3,0
2026-04-22T14:07:42+00:00,S100953,aurora-2.3,3,0
2026-04-22T14:14:12+00:00,S100964,aurora-2.3,2,0
2026-04-22T14:18:24+00:00,S100924,aurora-2.3,1,0
2026-04-22T14:23:48+00:00,S100954,aurora-2.3,3,0
2026-04-22T14:31:02+00:00,S100939,aurora-2.3,2,0
2026-04-22T14:39:00+00:00,S100953,aurora-2.3,1,0
2026-04-22T14:44:43+00:00,S100960,aurora-2.3,3,0
2026-04-22T14:56:19+00:00,S100914,aurora-2.3,2,0
2026-04-22T15:01:47+00:00,S100941,aurora-2.3,2,0
2026-04-22T15:09:42+00:00,S100950,aurora-2.3,1,0
2026-04-22T15:11:01+00:00,S100946,aurora-2.3,2,0
2026-04-22T15:12:15+00:00,S100940,aurora-2.3,1,0
2026-04-22T15:12:42+00:00,S100903,aurora-2.3,2,0
2026-04-22T15:12:47+00:00,S100938,aurora-2.3,3,0
2026-04-22T15:16:05+00:00,S100918,aurora-2.3,1,0
2026-04-22T15:23:15+00:00,S100961,aurora-2.3,2,0
2026-04-22T15:24:08+00:00,S100969,aurora-2.3,2,0
2026-04-22T15:28:44+00:00,S100958,aurora-2.3,2,0
2026-04-22T15:34:20+00:00,S100923,aurora-2.3,2,0
2026-04-22T15:43:05+00:00,S100952,aurora-2.3,1,0
2026-04-22T15:43:38+00:00,S100974,aurora-2.3,2,0
2026-04-22T15:45:26+00:00,S100968,aurora-2.3,1,0
2026-04-22T15:49:18+00:00,S100959,aurora-2.3,3,0
2026-04-22T15:50:01+00:00,S100913,aurora-2.3,5,0
2026-04-22T15:54:48+00:00,S100969,aurora-2.3,1,1
2026-04-22T15:57:50+00:00,S100954,aurora-2.3,1,0
2026-04-22T15:58:05+00:00,S100959,aurora-2.3,1,0
2026-04-22T16:00:35+00:00,S100934,aurora-2.3,5,0
2026-04-22T16:08:46+00:00,S100955,aurora-2.3,2,0
2026-04-22T16:13:13+00:00,S100956,aurora-2.3,1,0
2026-04-22T16:14:47+00:00,S100903,aurora-2.3,1,0
2026-04-22T16:20:43+00:00,S100917,aurora-2.3,1,0
2026-04-22T16:21:57+00:00,S100932,aurora-2.3,2,0
2026-04-22T16:23:17+00:00,S100974,aurora-2.3,3,0
2026-04-22T16:31:48+00:00,S100917,aurora-2.3,2,0
2026-04-22T16:41:44+00:00,S100914,aurora-2.3,1,0
2026-04-22T16:57:48+00:00,S100952,aurora-2.3,3,0
2026-04-22T17:04:44+00:00,S100934,aurora-2.3,1,0
2026-04-22T17:06:39+00:00,S100925,aurora-2.3,1,0
2026-04-22T17:09:51+00:00,S100921,aurora-2.3,1,0
2026-04-22T17:13:18+00:00,S100975,aurora-2.3,1,0
2026-04-22T17:14:43+00:00,S100971,aurora-2.3,1,0
2026-04-22T17:18:48+00:00,S100954,aurora-2.3,2,0
2026-04-22T17:24:48+00:00,S100904,aurora-2.3,1,0
2026-04-22T17:24:52+00:00,S100928,aurora-2.3,2,0
2026-04-22T17:39:56+00:00,S100911,aurora-2.3,1,0
2026-04-22T17:51:26+00:00,S100932,aurora-2.3,1,0
2026-04-22T17:53:53+00:00,S100968,aurora-2.3,3,0
2026-04-22T17:58:10+00:00,S100913,aurora-2.3,4,0
2026-04-22T17:58:43+00:00,S100916,aurora-2.3,5,1
2026-04-22T18:01:08+00:00,S100928,aurora-2.3,1,0
2026-04-22T18:25:53+00:00,S100905,aurora-2.3,4,0
2026-04-22T18:31:05+00:00,S100972,aurora-2.3,3,0
2026-04-22T18:31:45+00:00,S100963,aurora-2.3,3,0
2026-04-22T18:38:40+00:00,S100925,aurora-2.3,4,0
2026-04-22T18:45:10+00:00,S100963,aurora-2.3,1,0
2026-04-22T18:50:23+00:00,S100952,aurora-2.3,2,0
2026-04-22T18:51:36+00:00,S100947,aurora-2.3,2,0
2026-04-22T18:53:05+00:00,S100931,aurora-2.3,2,0
2026-04-22T18:56:36+00:00,S100915,aurora-2.3,5,0
2026-04-22T18:59:14+00:00,S100916,aurora-2.3,4,0
2026-04-22T19:13:54+00:00,S100907,aurora-2.3,2,0
2026-04-22T19:15:41+00:00,S100942,aurora-2.3,2,0
2026-04-22T19:18:13+00:00,S100912,aurora-2.3,3,0
2026-04-22T19:40:03+00:00,S100929,aurora-2.3,1,0
2026-04-22T19:47:39+00:00,S100923,aurora-2.3,1,0
2026-04-22T19:47:55+00:00,S100932,aurora-2.3,3,0
2026-04-22T19:58:21+00:00,S100933,aurora-2.3,3,0
2026-04-22T20:01:11+00:00,S100944,aurora-2.3,2,0
2026-04-22T20:01:30+00:00,S100907,aurora-2.3,3,0
2026-04-22T20:02:25+00:00,S100946,aurora-2.3,1,0
2026-04-22T20:17:22+00:00,S100928,aurora-2.3,5,0
2026-04-22T20:19:54+00:00,S100936,aurora-2.3,1,0
2026-04-22T20:20:46+00:00,S100915,aurora-2.3,2,0
2026-04-22T20:23:45+00:00,S100920,aurora-2.3,1,0
2026-04-22T20:24:40+00:00,S100915,aurora-2.3,4,0
2026-04-22T20:40:56+00:00,S100950,aurora-2.3,2,0
2026-04-22T20:49:05+00:00,S100938,aurora-2.3,1,0
2026-04-22T20:57:47+00:00,S100926,aurora-2.3,4,0
2026-04-22T21:01:36+00:00,S100919,aurora-2.3,1,0
2026-04-22T21:08:14+00:00,S100954,aurora-2.3,4,0
2026-04-22T21:09:28+00:00,S100956,aurora-2.3,4,0
2026-04-22T21:16:09+00:00,S100909,aurora-2.3,4,0
2026-04-22T21:18:14+00:00,S100945,aurora-2.3,2,0
2026-04-22T21:23:39+00:00,S100942,aurora-2.3,1,0
2026-04-22T21:25:15+00:00,S100955,aurora-2.3,1,0
2026-04-22T21:46:29+00:00,S100937,aurora-2.3,5,0
2026-04-22T21:47:49+00:00,S100963,aurora-2.3,4,0
2026-04-22T21:50:57+00:00,S100968,aurora-2.3,2,0
2026-04-22T21:57:55+00:00,S100926,aurora-2.3,2,1
2026-04-22T22:15:21+00:00,S100949,aurora-2.3,4,0
2026-04-22T22:17:09+00:00,S100913,aurora-2.3,2,0
2026-04-22T22:24:56+00:00,S100926,aurora-2.3,1,0
2026-04-22T22:25:51+00:00,S100946,aurora-2.3,4,0
2026-04-22T22:28:02+00:00,S100962,aurora-2.3,1,0
2026-04-22T22:30:15+00:00,S100975,aurora-2.3,2,0
2026-04-22T22:30:31+00:00,S100913,aurora-2.3,3,0
2026-04-22T22:32:54+00:00,S100962,aurora-2.3,3,0
2026-04-22T22:48:09+00:00,S100958,aurora-2.3,3,0
2026-04-22T22:48:14+00:00,S100943,aurora-2.3,3,0
2026-04-22T22:56:04+00:00,S100966,aurora-2.3,3,0
2026-04-22T23:12:48+00:00,S100951,aurora-2.3,2,0
2026-04-22T23:14:20+00:00,S100903,aurora-2.3,4,0
2026-04-22T23:24:32+00:00,S100934,aurora-2.3,2,0
2026-04-22T23:25:22+00:00,S100929,aurora-2.3,3,0
2026-04-22T23:32:19+00:00,S100956,aurora-2.3,5,0
2026-04-22T23:33:01+00:00,S100917,aurora-2.3,4,0
2026-04-22T23:37:04+00:00,S100904,aurora-2.3,2,0
2026-04-22T23:38:51+00:00,S100959,aurora-2.3,5,0
2026-04-22T23:47:09+00:00,S100940,aurora-2.3,3,0
2026-04-22T23:49:36+00:00,S100919,aurora-2.3,2,0
2026-04-22T23:54:05+00:00,S100959,aurora-2.3,4,0
2026-04-23T00:05:04+00:00,S101017,aurora-2.3,2,0
2026-04-23T00:15:09+00:00,S101028,aurora-2.3,2,0
2026-04-23T00:17:04+00:00,S100985,aurora-2.3,3,0
2026-04-23T00:18:49+00:00,S100992,aurora-2.3,3,0
2026-04-23T00:21:28+00:00,S100997,aurora-2.3,4,0
2026-04-23T00:25:54+00:00,S101004,aurora-2.3,2,0
2026-04-23T00:35:25+00:00,S101035,aurora-2.3,2,0
2026-04-23T00:46:54+00:00,S101023,aurora-2.3,1,0
2026-04-23T00:49:35+00:00,S100983,aurora-2.3,5,0
2026-04-23T00:52:43+00:00,S101002,aurora-2.3,4,0
2026-04-23T01:14:57+00:00,S101011,aurora-2.3,4,0
2026-04-23T01:23:07+00:00,S101032,aurora-2.3,4,0
2026-04-23T01:23:38+00:00,S101018,aurora-2.3,4,0
2026-04-23T01:38:16+00:00,S100977,aurora-2.3,4,0
2026-04-23T01:44:41+00:00,S100984,aurora-2.3,3,0
2026-04-23T01:49:17+00:00,S101010,aurora-2.3,4,0
2026-04-23T01:51:38+00:00,S101013,aurora-2.3,1,0
2026-04-23T02:02:49+00:00,S101001,aurora-2.3,2,0
2026-04-23T02:12:01+00:00,S100976,aurora-2.3,1,0
2026-04-23T02:14:21+00:00,S101003,aurora-2.3,2,0
2026-04-23T02:17:42+00:00,S101020,aurora-2.3,2,0
2026-04-23T02:18:14+00:00,S101010,aurora-2.3,2,0
2026-04-23T02:20:28+00:00,S100979,aurora-2.3,1,0
2026-04-23T02:26:34+00:00,S101002,aurora-2.3,5,0
2026-04-23T02:30:19+00:00,S101031,aurora-2.3,5,0
2026-04-23T02:30:47+00:00,S101027,aurora-2.3,4,0
2026-04-23T02:31:41+00:00,S100981,aurora-2.3,2,0
2026-04-23T02:32:28+00:00,S100983,aurora-2.3,4,0
2026-04-23T02:33:21+00:00,S101006,aurora-2.3,2,0
2026-04-23T02:34:41+00:00,S100996,aurora-2.3,1,0
2026-04-23T02:36:26+00:00,S100990,aurora-2.3,2,0
2026-04-23T02:39:06+00:00,S101003,aurora-2.3,3,0
2026-04-23T02:45:05+00:00,S100989,aurora-2.3,2,0
2026-04-23T02:48:14+00:00,S100986,aurora-2.3,2,0
2026-04-23T02:56:08+00:00,S101028,aurora-2.3,1,0
2026-04-23T02:58:53+00:00,S101008,aurora-2.3,3,0
2026-04-23T02:59:06+00:00,S101009,aurora-2.3,2,0
2026-04-23T03:02:55+00:00,S100995,aurora-2.3,5,0
2026-04-23T03:17:52+00:00,S100979,aurora-2.3,3,0
2026-04-23T03:17:56+00:00,S101012,aurora-2.3,2,0
2026-04-23T03:19:12+00:00,S101026,aurora-2.3,1,0
2026-04-23T03:19:36+00:00,S101027,aurora-2.3,5,0
2026-04-23T03:39:16+00:00,S100988,aurora-2.3,1,0
2026-04-23T03:48:32+00:00,S101033,aurora-2.3,3,0
2026-04-23T04:16:22+00:00,S101014,aurora-2.3,2,0
2026-04-23T04:21:03+00:00,S101027,aurora-2.3,2,0
2026-04-23T04:21:04+00:00,S101021,aurora-2.3,4,0
2026-04-23T04:23:49+00:00,S100983,aurora-2.3,2,0
2026-04-23T04:44:30+00:00,S100979,aurora-2.3,5,0
2026-04-23T04:45:00+00:00,S100981,aurora-2.3,1,0
2026-04-23T04:49:33+00:00,S101008,aurora-2.3,2,0
2026-04-23T04:52:07+00:00,S100977,aurora-2.3,3,0
2026-04-23T05:08:04+00:00,S100992,aurora-2.3,2,0
2026-04-23T05:09:07+00:00,S101025,aurora-2.3,1,0
2026-04-23T05:18:41+00:00,S101004,aurora-2.3,3,0
2026-04-23T05:27:37+00:00,S101022,aurora-2.3,1,0
2026-04-23T05:35:02+00:00,S101010,aurora-2.3,1,1
2026-04-23T05:36:19+00:00,S101032,aurora-2.3,1,0
2026-04-23T05:49:38+00:00,S101028,aurora-2.3,4,0
2026-04-23T05:51:51+00:00,S101014,aurora-2.3,1,0
2026-04-23T05:52:46+00:00,S101030,aurora-2.3,2,0
2026-04-23T05:56:13+00:00,S100985,aurora-2.3,1,0
2026-04-23T06:01:26+00:00,S101031,aurora-2.3,3,0
2026-04-23T06:01:28+00:00,S101034,aurora-2.3,1,0
2026-04-23T06:06:48+00:00,S100997,aurora-2.3,2,0
2026-04-23T06:12:13+00:00,S100977,aurora-2.3,2,0
2026-04-23T06:14:44+00:00,S100976,aurora-2.3,2,0
2026-04-23T06:18:08+00:00,S101012,aurora-2.3,3,1
2026-04-23T06:21:26+00:00,S101021,aurora-2.3,5,0
2026-04-23T06:41:16+00:00,S101022,aurora-2.3,2,0
2026-04-23T06:56:33+00:00,S101033,aurora-2.3,4,0
2026-04-23T07:19:17+00:00,S100992,aurora-2.3,4,0
2026-04-23T07:24:24+00:00,S100979,aurora-2.3,4,0
2026-04-23T07:26:01+00:00,S101000,aurora-2.3,1,0
2026-04-23T07:37:20+00:00,S100984,aurora-2.3,2,0
2026-04-23T07:39:35+00:00,S101029,aurora-2.3,3,0
2026-04-23T07:48:10+00:00,S100996,aurora-2.3,2,0
2026-04-23T07:49:57+00:00,S100982,aurora-2.3,4,0
2026-04-23T07:52:31+00:00,S101002,aurora-2.3,2,0
2026-04-23T07:56:29+00:00,S101018,aurora-2.3,1,0
2026-04-23T07:57:20+00:00,S100998,aurora-2.3,3,0
2026-04-23T08:01:58+00:00,S100979,aurora-2.3,2,0
2026-04-23T08:03:53+00:00,S101000,aurora-2.3,2,0
2026-04-23T08:03:55+00:00,S101036,aurora-2.3,1,0
2026-04-23T08:05:01+00:00,S100978,aurora-2.3,3,0
2026-04-23T08:13:42+00:00,S100994,aurora-2.3,2,0
2026-04-23T08:13:47+00:00,S100987,aurora-2.3,4,0
2026-04-23T08:30:53+00:00,S101007,aurora-2.3,1,0
2026-04-23T08:31:08+00:00,S100991,aurora-2.3,2,0
2026-04-23T08:34:13+00:00,S100995,aurora-2.3,2,0
2026-04-23T08:35:00+00:00,S101011,aurora-2.3,1,0
2026-04-23T08:38:00+00:00,S101026,aurora-2.3,2,0
2026-04-23T08:40:17+00:00,S100978,aurora-2.3,1,0
2026-04-23T08:49:27+00:00,S100984,aurora-2.3,4,0
2026-04-23T08:53:15+00:00,S101013,aurora-2.3,4,0
2026-04-23T08:59:24+00:00,S101031,aurora-2.3,4,0
2026-04-23T09:21:22+00:00,S101008,aurora-2.3,1,0
2026-04-23T09:22:38+00:00,S101005,aurora-2.3,2,0
2026-04-23T09:23:05+00:00,S101030,aurora-2.3,1,0
2026-04-23T09:32:12+00:00,S100998,aurora-2.3,4,0
2026-04-23T09:32:47+00:00,S100981,aurora-2.3,5,0
2026-04-23T09:33:59+00:00,S101021,aurora-2.3,1,0
2026-04-23T09:37:32+00:00,S101028,aurora-2.3,3,0
2026-04-23T09:43:23+00:00,S101020,aurora-2.3,3,0
2026-04-23T09:55:13+00:00,S100991,aurora-2.3,1,0
2026-04-23T10:05:35+00:00,S100990,aurora-2.3,1,0
2026-04-23T10:08:47+00:00,S101007,aurora-2.3,2,0
2026-04-23T10:22:09+00:00,S101034,aurora-2.3,2,0
2026-04-23T10:25:43+00:00,S100995,aurora-2.3,3,0
2026-04-23T10:28:54+00:00,S101021,aurora-2.3,3,0
2026-04-23T10:30:28+00:00,S101023,aurora-2.3,2,0
2026-04-23T10:31:52+00:00,S101019,aurora-2.3,4,0
2026-04-23T10:37:22+00:00,S101016,aurora-2.3,2,0
2026-04-23T10:42:01+00:00,S100980,aurora-2.3,1,0
2026-04-23T10:45:41+00:00,S101022,aurora-2.3,3,0
2026-04-23T10:47:45+00:00,S101023,aurora-2.3,3,0
2026-04-23T11:00:40+00:00,S101029,aurora-2.3,5,0
2026-04-23T11:03:14+00:00,S101018,aurora-2.3,3,0
2026-04-23T11:09:01+00:00,S100989,aurora-2.3,3,0
2026-04-23T11:12:34+00:00,S101002,aurora-2.3,3,0
2026-04-23T11:12:39+00:00,S100978,aurora-2.3,2,0
2026-04-23T11:12:44+00:00,S100999,aurora-2.3,3,0
2026-04-23T11:26:12+00:00,S100998,aurora-2.3,1,0
2026-04-23T11:41:59+00:00,S100977,aurora-2.3,5,0
2026-04-23T11:52:19+00:00,S100987,aurora-2.3,3,0
2026-04-23T11:55:27+00:00,S100992,aurora-2.3,1,0
2026-04-23T12:04:40+00:00,S100988,aurora-2.3,2,0
2026-04-23T12:12:37+00:00,S100989,aurora-2.3,1,0
2026-04-23T12:30:16+00:00,S101027,aurora-2.3,1,0
2026-04-23T12:40:21+00:00,S101015,aurora-2.3,2,0
2026-04-23T12:59:32+00:00,S101023,aurora-2.3,4,0
2026-04-23T13:00:39+00:00,S101013,aurora-2.3,3,0
2026-04-23T13:25:37+00:00,S100981,aurora-2.3,4,0
2026-04-23T13:30:09+00:00,S100995,aurora-2.3,4,0
2026-04-23T13:45:20+00:00,S100982,aurora-2.3,1,0
2026-04-23T13:55:13+00:00,S101034,aurora-2.3,3,0
2026-04-23T13:57:26+00:00,S101028,aurora-2.3,5,0
2026-04-23T13:58:38+00:00,S100980,aurora-2.3,3,0
2026-04-23T14:05:09+00:00,S100999,aurora-2.3,1,0
2026-04-23T14:09:29+00:00,S101034,aurora-2.3,4,0
2026-04-23T14:12:19+00:00,S100994,aurora-2.3,1,0
2026-04-23T14:22:15+00:00,S101024,aurora-2.3,3,0
2026-04-23T14:25:43+00:00,S100998,aurora-2.3,2,0
2026-04-23T14:30:21+00:00,S100980,aurora-2.3,4,0
2026-04-23T14:36:16+00:00,S100990,aurora-2.3,3,0
2026-04-23T14:37:49+00:00,S101012,aurora-2.3,4,0
2026-04-23T14:38:26+00:00,S100984,aurora-2.3,1,0
2026-04-23T14:53:18+00:00,S101017,aurora-2.3,1,0
2026-04-23T15:04:23+00:00,S101009,aurora-2.3,5,0
2026-04-23T15:06:10+00:00,S100993,aurora-2.3,1,0
2026-04-23T15:06:58+00:00,S100982,aurora-2.3,3,0
2026-04-23T15:07:16+00:00,S100993,aurora-2.3,2,0
2026-04-23T15:07:28+00:00,S101033,aurora-2.3,2,0
2026-04-23T15:12:20+00:00,S101032,aurora-2.3,3,0
2026-04-23T15:15:34+00:00,S101018,aurora-2.3,2,0
2026-04-23T15:19:47+00:00,S101005,aurora-2.3,1,0
2026-04-23T15:21:32+00:00,S101019,aurora-2.3,5,0
2026-04-23T15:23:57+00:00,S101031,aurora-2.3,2,0
2026-04-23T15:24:25+00:00,S100981,aurora-2.3,3,0
2026-04-23T15:43:10+00:00,S101029,aurora-2.3,4,0
2026-04-23T15:45:08+00:00,S101023,aurora-2.3,5,0
2026-04-23T15:55:28+00:00,S101025,aurora-2.3,3,0
2026-04-23T15:59:11+00:00,S101029,aurora-2.3,2,0
2026-04-23T16:17:21+00:00,S101031,aurora-2.3,1,0
2026-04-23T16:22:53+00:00,S101003,aurora-2.3,1,0
2026-04-23T16:33:02+00:00,S101024,aurora-2.3,4,0
2026-04-23T16:34:32+00:00,S101009,aurora-2.3,1,0
2026-04-23T16:35:40+00:00,S101027,aurora-2.3,3,0
2026-04-23T16:37:19+00:00,S101004,aurora-2.3,5,0
2026-04-23T16:39:09+00:00,S101014,aurora-2.3,5,1
2026-04-23T16:45:00+00:00,S101032,aurora-2.3,2,0
2026-04-23T16:50:54+00:00,S100997,aurora-2.3,1,0
2026-04-23T16:53:30+00:00,S101014,aurora-2.3,3,0
2026-04-23T16:54:02+00:00,S100993,aurora-2.3,3,0
2026-04-23T16:55:31+00:00,S101005,aurora-2.3,3,0
2026-04-23T16:59:54+00:00,S101007,aurora-2.3,3,0
2026-04-23T17:08:54+00:00,S100986,aurora-2.3,1,0
2026-04-23T17:21:18+00:00,S100982,aurora-2.3,2,0
2026-04-23T17:21:22+00:00,S101011,aurora-2.3,2,0
2026-04-23T17:21:37+00:00,S101013,aurora-2.3,2,0
2026-04-23T17:23:18+00:00,S101019,aurora-2.3,3,0
2026-04-23T17:26:42+00:00,S101005,aurora-2.3,4,0
2026-04-23T17:29:17+00:00,S101004,aurora-2.3,4,0
2026-04-23T17:32:10+00:00,S100983,aurora-2.3,1,0
2026-04-23T17:32:12+00:00,S101011,aurora-2.3,3,0
2026-04-23T17:38:11+00:00,S101004,aurora-2.3,1,0
2026-04-23T17:44:46+00:00,S100987,aurora-2.3,1,0
2026-04-23T17:56:16+00:00,S101033,aurora-2.3,1,0
2026-04-23T18:01:56+00:00,S101024,aurora-2.3,2,0
2026-04-23T18:10:01+00:00,S101014,aurora-2.3,4,0
2026-04-23T18:18:41+00:00,S100999,aurora-2.3,2,0
2026-04-23T18:24:14+00:00,S101016,aurora-2.3,1,0
2026-04-23T18:33:00+00:00,S101012,aurora-2.3,1,0
2026-04-23T18:51:35+00:00,S101036,aurora-2.3,2,0
2026-04-23T19:01:03+00:00,S101015,aurora-2.3,1,0
2026-04-23T19:08:32+00:00,S100995,aurora-2.3,1,0
2026-04-23T19:29:59+00:00,S100977,aurora-2.3,1,0
2026-04-23T19:33:02+00:00,S101030,aurora-2.3,3,0
2026-04-23T19:40:57+00:00,S101021,aurora-2.3,2,0
2026-04-23T19:48:28+00:00,S100985,aurora-2.3,2,0
2026-04-23T20:24:31+00:00,S101002,aurora-2.3,1,0
2026-04-23T20:42:13+00:00,S100980,aurora-2.3,2,0
2026-04-23T20:42:56+00:00,S101024,aurora-2.3,1,0
2026-04-23T20:53:30+00:00,S100997,aurora-2.3,3,0
2026-04-23T21:01:05+00:00,S101009,aurora-2.3,3,0
2026-04-23T21:03:19+00:00,S101016,aurora-2.3,3,0
2026-04-23T21:07:05+00:00,S101010,aurora-2.3,3,0
2026-04-23T21:10:43+00:00,S101029,aurora-2.3,1,0
2026-04-23T21:18:47+00:00,S101025,aurora-2.3,2,0
2026-04-23T21:23:35+00:00,S100987,aurora-2.3,2,0
2026-04-23T21:35:06+00:00,S101019,aurora-2.3,2,0
2026-04-23T22:05:59+00:00,S100990,aurora-2.3,4,0
2026-04-23T22:25:55+00:00,S100983,aurora-2.3,3,0
2026-04-23T22:34:36+00:00,S101001,aurora-2.3,3,0
2026-04-23T22:36:25+00:00,S101001,aurora-2.3,1,0
2026-04-23T22:40:36+00:00,S101006,aurora-2.3,1,0
2026-04-23T23:37:29+00:00,S100986,aurora-2.3,3,0
2026-04-23T23:38:17+00:00,S101035,aurora-2.3,1,0
2026-04-23T23:45:23+00:00,S101020,aurora-2.3,1,0
2026-04-23T23:48:13+00:00,S101013,aurora-2.3,5,0
2026-04-23T23:55:37+00:00,S101019,aurora-2.3,1,0
2026-04-23T23:57:29+00:00,S101009,aurora-2.3,4,0
2026-04-24T00:11:23+00:00,S101050,aurora-2.3,4,0
2026-04-24T00:21:14+00:00,S101056,aurora-2.3,1,0
2026-04-24T00:23:23+00:00,S101090,aurora-2.3,5,0
2026-04-24T00:23:24+00:00,S101048,aurora-2.3,1,0
2026-04-24T00:24:35+00:00,S101058,aurora-2.3,2,0
2026-04-24T00:43:42+00:00,S101085,aurora-2.3,2,0
2026-04-24T01:01:59+00:00,S101096,aurora-2.3,4,0
2026-04-24T01:05:37+00:00,S101087,aurora-2.3,1,0
2026-04-24T01:06:04+00:00,S101053,aurora-2.3,1,0
2026-04-24T01:09:29+00:00,S101064,aurora-2.3,4,0
2026-04-24T01:20:40+00:00,S101082,aurora-2.3,1,0
2026-04-24T01:47:31+00:00,S101094,aurora-2.3,1,0
2026-04-24T01:47:53+00:00,S101048,aurora-2.3,3,0
2026-04-24T01:50:02+00:00,S101058,aurora-2.3,3,0
2026-04-24T02:01:02+00:00,S101078,aurora-2.3,2,0
2026-04-24T02:27:31+00:00,S101052,aurora-2.3,2,0
2026-04-24T02:45:01+00:00,S101089,aurora-2.3,4,0
2026-04-24T02:59:50+00:00,S101038,aurora-2.3,2,0
2026-04-24T03:00:57+00:00,S101090,aurora-2.3,3,0
2026-04-24T03:21:54+00:00,S101062,aurora-2.3,3,0
2026-04-24T03:22:06+00:00,S101055,aurora-2.3,3,0
2026-04-24T03:26:20+00:00,S101097,aurora-2.3,2,0
2026-04-24T03:37:18+00:00,S101088,aurora-2.3,2,1
2026-04-24T03:41:35+00:00,S101094,aurora-2.3,3,0
2026-04-24T03:58:16+00:00,S101094,aurora-2.3,5,0
2026-04-24T04:07:37+00:00,S101069,aurora-2.3,1,0
2026-04-24T04:19:20+00:00,S101070,aurora-2.3,1,0
2026-04-24T04:35:49+00:00,S101089,aurora-2.3,2,0
2026-04-24T04:38:30+00:00,S101061,aurora-2.3,4,0
2026-04-24T04:39:47+00:00,S101079,aurora-2.3,1,0
2026-04-24T04:42:41+00:00,S101047,aurora-2.3,5,0
2026-04-24T04:54:43+00:00,S101058,aurora-2.3,1,0
2026-04-24T05:10:11+00:00,S101079,aurora-2.3,3,0
2026-04-24T05:11:42+00:00,S101048,aurora-2.3,2,0
2026-04-24T05:17:08+00:00,S101085,aurora-2.3,1,0
2026-04-24T05:21:22+00:00,S101065,aurora-2.3,2,0
2026-04-24T05:30:18+00:00,S101047,aurora-2.3,1,0
2026-04-24T05:31:37+00:00,S101040,aurora-2.3,1,0
2026-04-24T05:48:55+00:00,S101055,aurora-2.3,2,0
2026-04-24T05:50:36+00:00,S101056,aurora-2.3,3,0
2026-04-24T06:01:53+00:00,S101040,aurora-2.3,5,0
2026-04-24T06:11:04+00:00,S101072,aurora-2.3,2,0
2026-04-24T06:11:42+00:00,S101089,aurora-2.3,1,0
2026-04-24T06:16:16+00:00,S101080,aurora-2.3,2,0
2026-04-24T06:26:14+00:00,S101062,aurora-2.3,1,0
2026-04-24T06:28:16+00:00,S101056,aurora-2.3,4,0
2026-04-24T06:42:40+00:00,S101091,aurora-2.3,3,0
2026-04-24T06:50:21+00:00,S101092,aurora-2.3,4,0
2026-04-24T06:52:58+00:00,S101070,aurora-2.3,3,0
2026-04-24T06:59:01+00:00,S101081,aurora-2.3,3,0
2026-04-24T07:00:08+00:00,S101045,aurora-2.3,1,0
2026-04-24T07:06:55+00:00,S101052,aurora-2.3,1,0
2026-04-24T07:08:01+00:00,S101083,aurora-2.3,4,0
2026-04-24T07:16:54+00:00,S101068,aurora-2.3,3,0
2026-04-24T07:19:10+00:00,S101075,aurora-2.3,1,0
2026-04-24T07:27:40+00:00,S101044,aurora-2.3,2,0
2026-04-24T07:27:56+00:00,S101077,aurora-2.3,5,0
2026-04-24T07:28:35+00:00,S101059,aurora-2.3,2,0
2026-04-24T07:28:55+00:00,S101090,aurora-2.3,4,0
2026-04-24T07:32:33+00:00,S101064,aurora-2.3,1,0
2026-04-24T07:41:50+00:00,S101071,aurora-2.3,1,0
2026-04-24T07:55:33+00:00,S101066,aurora-2.3,1,0
2026-04-24T07:59:18+00:00,S101079,aurora-2.3,2,0
2026-04-24T08:03:02+00:00,S101094,aurora-2.3,2,0
2026-04-24T08:12:08+00:00,S101044,aurora-2.3,1,0
2026-04-24T08:22:17+00:00,S101041,aurora-2.3,2,0
2026-04-24T08:28:37+00:00,S101055,aurora-2.3,4,0
2026-04-24T08:38:50+00:00,S101074,aurora-2.3,5,1
2026-04-24T08:56:09+00:00,S101076,aurora-2.3,2,0
2026-04-24T09:08:50+00:00,S101061,aurora-2.3,1,0
2026-04-24T09:09:23+00:00,S101050,aurora-2.3,1,0
2026-04-24T09:10:10+00:00,S101038,aurora-2.3,3,0
2026-04-24T09:14:30+00:00,S101050,aurora-2.3,3,0
2026-04-24T09:19:35+00:00,S101065,aurora-2.3,1,0
2026-04-24T09:24:48+00:00,S101060,aurora-2.3,2,0
2026-04-24T09:32:36+00:00,S101055,aurora-2.3,1,0
2026-04-24T09:37:25+00:00,S101049,aurora-2.3,3,0
2026-04-24T09:39:51+00:00,S101086,aurora-2.3,2,0
2026-04-24T09:47:21+00:00,S101091,aurora-2.3,2,0
2026-04-24T09:53:23+00:00,S101074,aurora-2.3,4,1
2026-04-24T10:11:22+00:00,S101039,aurora-2.3,2,0
2026-04-24T10:39:31+00:00,S101080,aurora-2.3,1,0
2026-04-24T10:49:47+00:00,S101073,aurora-2.3,2,0
2026-04-24T10:53:01+00:00,S101084,aurora-2.3,1,0
2026-04-24T10:55:08+00:00,S101074,aurora-2.3,3,0
2026-04-24T11:03:36+00:00,S101049,aurora-2.3,2,0
2026-04-24T11:06:34+00:00,S101077,aurora-2.3,3,0
2026-04-24T11:12:52+00:00,S101092,aurora-2.3,2,0
2026-04-24T11:18:12+00:00,S101046,aurora-2.3,3,0
2026-04-24T11:20:07+00:00,S101082,aurora-2.3,3,0
2026-04-24T11:26:11+00:00,S101059,aurora-2.3,3,0
2026-04-24T11:33:33+00:00,S101093,aurora-2.3,1,0
2026-04-24T11:37:44+00:00,S101074,aurora-2.3,2,0
2026-04-24T11:41:31+00:00,S101064,aurora-2.3,2,0
2026-04-24T11:51:53+00:00,S101076,aurora-2.3,4,0
2026-04-24T11:58:40+00:00,S101038,aurora-2.3,1,0
2026-04-24T12:03:03+00:00,S101092,aurora-2.3,5,0
2026-04-24T12:06:48+00:00,S101086,aurora-2.3,3,0
2026-04-24T12:40:28+00:00,S101068,aurora-2.3,1,0
2026-04-24T12:41:49+00:00,S101096,aurora-2.3,2,0
2026-04-24T12:49:34+00:00,S101056,aurora-2.3,2,0
2026-04-24T12:54:00+00:00,S101067,aurora-2.3,1,0
2026-04-24T13:05:00+00:00,S101045,aurora-2.3,2,0
2026-04-24T13:16:36+00:00,S101043,aurora-2.3,4,0
2026-04-24T13:19:59+00:00,S101090,aurora-2.3,2,0
2026-04-24T13:29:03+00:00,S101043,aurora-2.3,2,0
2026-04-24T13:33:19+00:00,S101095,aurora-2.3,2,0
2026-04-24T13:35:10+00:00,S101061,aurora-2.3,2,0
2026-04-24T13:46:44+00:00,S101067,aurora-2.3,2,0
2026-04-24T13:47:38+00:00,S101047,aurora-2.3,3,0
2026-04-24T13:53:32+00:00,S101042,aurora-2.3,1,0
2026-04-24T13:59:08+00:00,S101092,aurora-2.3,3,0
2026-04-24T14:13:49+00:00,S101057,aurora-2.3,1,0
2026-04-24T14:16:04+00:00,S101095,aurora-2.3,1,0
2026-04-24T14:26:41+00:00,S101039,aurora-2.3,1,0
2026-04-24T14:30:52+00:00,S101083,aurora-2.3,2,0
2026-04-24T14:44:41+00:00,S101053,aurora-2.3,2,0
2026-04-24T14:49:14+00:00,S101054,aurora-2.3,1,0
2026-04-24T14:52:29+00:00,S101037,aurora-2.3,1,0
2026-04-24T14:53:27+00:00,S101077,aurora-2.3,4,0
2026-04-24T14:54:58+00:00,S101073,aurora-2.3,1,0
2026-04-24T15:02:01+00:00,S101083,aurora-2.3,5,0
2026-04-24T15:02:45+00:00,S101047,aurora-2.3,4,0
2026-04-24T15:17:22+00:00,S101072,aurora-2.3,3,0
2026-04-24T15:18:15+00:00,S101060,aurora-2.3,3,0
2026-04-24T15:22:48+00:00,S101091,aurora-2.3,1,0
2026-04-24T15:28:40+00:00,S101096,aurora-2.3,3,0
2026-04-24T15:33:04+00:00,S101083,aurora-2.3,3,0
2026-04-24T15:44:37+00:00,S101084,aurora-2.3,2,0
2026-04-24T15:47:48+00:00,S101046,aurora-2.3,1,0
2026-04-24T15:49:49+00:00,S101057,aurora-2.3,3,0
2026-04-24T15:51:24+00:00,S101079,aurora-2.3,4,0
2026-04-24T16:14:32+00:00,S101076,aurora-2.3,3,0
2026-04-24T16:15:00+00:00,S101082,aurora-2.3,2,0
2026-04-24T16:19:10+00:00,S101050,aurora-2.3,5,0
2026-04-24T16:27:05+00:00,S101057,aurora-2.3,2,0
2026-04-24T16:31:07+00:00,S101074,aurora-2.3,1,0
2026-04-24T16:39:12+00:00,S101067,aurora-2.3,3,0
2026-04-24T16:42:55+00:00,S101077,aurora-2.3,1,0
2026-04-24T16:48:36+00:00,S101066,aurora-2.3,2,0
2026-04-24T16:54:50+00:00,S101077,aurora-2.3,2,0
2026-04-24T16:56:12+00:00,S101087,aurora-2.3,2,0
2026-04-24T17:06:40+00:00,S101062,aurora-2.3,2,0
2026-04-24T17:17:23+00:00,S101084,aurora-2.3,3,0
2026-04-24T17:54:18+00:00,S101062,aurora-2.3,4,0
2026-04-24T17:55:29+00:00,S101075,aurora-2.3,2,0
2026-04-24T17:57:27+00:00,S101040,aurora-2.3,3,0
2026-04-24T18:03:08+00:00,S101096,aurora-2.3,1,0
2026-04-24T18:03:34+00:00,S101043,aurora-2.3,3,0
2026-04-24T18:04:08+00:00,S101097,aurora-2.3,3,0
2026-04-24T18:06:32+00:00,S101085,aurora-2.3,3,0
2026-04-24T18:13:18+00:00,S101051,aurora-2.3,2,0
2026-04-24T18:13:31+00:00,S101088,aurora-2.3,1,0
2026-04-24T18:14:12+00:00,S101040,aurora-2.3,4,0
2026-04-24T18:21:44+00:00,S101059,aurora-2.3,1,0
2026-04-24T18:22:16+00:00,S101092,aurora-2.3,1,1
2026-04-24T18:22:40+00:00,S101088,aurora-2.3,4,0
2026-04-24T18:43:32+00:00,S101094,aurora-2.3,4,0
2026-04-24T18:48:02+00:00,S101051,aurora-2.3,1,0
2026-04-24T18:49:59+00:00,S101082,aurora-2.3,5,0
2026-04-24T19:09:55+00:00,S101083,aurora-2.3,1,0
2026-04-24T19:15:39+00:00,S101060,aurora-2.3,1,0
2026-04-24T19:28:15+00:00,S101093,aurora-2.3,2,0
2026-04-24T19:38:45+00:00,S101050,aurora-2.3,2,0
2026-04-24T19:42:07+00:00,S101093,aurora-2.3,3,0
2026-04-24T19:42:26+00:00,S101042,aurora-2.3,3,0
2026-04-24T19:50:04+00:00,S101076,aurora-2.3,5,0
2026-04-24T19:53:52+00:00,S101088,aurora-2.3,5,0
2026-04-24T20:05:00+00:00,S101071,aurora-2.3,2,0
2026-04-24T20:05:44+00:00,S101063,aurora-2.3,1,0
2026-04-24T20:11:54+00:00,S101038,aurora-2.3,4,0
2026-04-24T20:19:50+00:00,S101041,aurora-2.3,1,0
2026-04-24T20:20:00+00:00,S101043,aurora-2.3,5,0
2026-04-24T20:25:45+00:00,S101081,aurora-2.3,2,0
2026-04-24T20:28:19+00:00,S101069,aurora-2.3,2,0
2026-04-24T20:31:19+00:00,S101073,aurora-2.3,3,0
2026-04-24T20:37:28+00:00,S101070,aurora-2.3,2,0
2026-04-24T20:37:38+00:00,S101069,aurora-2.3,3,0
2026-04-24T20:42:24+00:00,S101046,aurora-2.3,2,0
2026-04-24T20:47:17+00:00,S101081,aurora-2.3,1,0
2026-04-24T21:23:51+00:00,S101061,aurora-2.3,3,0
2026-04-24T21:25:12+00:00,S101089,aurora-2.3,3,0
2026-04-24T21:27:01+00:00,S101070,aurora-2.3,4,0
2026-04-24T21:45:50+00:00,S101070,aurora-2.3,5,0
2026-04-24T21:56:44+00:00,S101079,aurora-2.3,5,0
2026-04-24T22:03:25+00:00,S101064,aurora-2.3,3,0
2026-04-24T22:07:52+00:00,S101043,aurora-2.3,1,0
2026-04-24T22:08:20+00:00,S101049,aurora-2.3,4,0
2026-04-24T22:11:56+00:00,S101090,aurora-2.3,1,0
2026-04-24T22:15:06+00:00,S101047,aurora-2.3,2,1
2026-04-24T22:20:25+00:00,S101078,aurora-2.3,1,0
2026-04-24T22:24:59+00:00,S101049,aurora-2.3,1,0
2026-04-24T22:34:47+00:00,S101088,aurora-2.3,3,0
2026-04-24T22:43:19+00:00,S101082,aurora-2.3,4,0
2026-04-24T22:48:56+00:00,S101086,aurora-2.3,1,0
2026-04-24T22:58:00+00:00,S101076,aurora-2.3,1,0
2026-04-24T23:09:20+00:00,S101063,aurora-2.3,3,0
2026-04-24T23:16:29+00:00,S101037,aurora-2.3,2,0
2026-04-24T23:17:02+00:00,S101068,aurora-2.3,2,0
2026-04-24T23:22:11+00:00,S101054,aurora-2.3,2,0
2026-04-24T23:27:21+00:00,S101072,aurora-2.3,1,0
2026-04-24T23:32:04+00:00,S101042,aurora-2.3,2,0
2026-04-24T23:37:30+00:00,S101040,aurora-2.3,2,0
2026-04-24T23:38:06+00:00,S101063,aurora-2.3,2,0
2026-04-24T23:44:41+00:00,S101097,aurora-2.3,1,0
2026-04-25T00:00:56+00:00,S101134,aurora-2.3,1,0
2026-04-25T00:22:06+00:00,S101116,aurora-2.3,2,0
2026-04-25T00:36:35+00:00,S101129,aurora-2.3,3,0
2026-04-25T00:38:09+00:00,S101139,aurora-2.3,4,0
2026-04-25T00:40:36+00:00,S101109,aurora-2.3,4,0
2026-04-25T01:12:46+00:00,S101142,aurora-2.3,4,0
2026-04-25T01:15:56+00:00,S101137,aurora-2.3,2,0
2026-04-25T01:20:04+00:00,S101128,aurora-2.3,2,0
2026-04-25T01:29:15+00:00,S101141,aurora-2.3,1,0
2026-04-25T01:31:51+00:00,S101118,aurora-2.3,2,0
2026-04-25T01:31:57+00:00,S101123,aurora-2.3,2,0
2026-04-25T01:53:07+00:00,S101098,aurora-2.3,2,0
2026-04-25T01:56:17+00:00,S101103,aurora-2.3,1,0
2026-04-25T02:04:54+00:00,S101147,aurora-2.3,2,0
2026-04-25T02:22:09+00:00,S101128,aurora-2.3,4,0
2026-04-25T02:24:57+00:00,S101121,aurora-2.3,3,0
2026-04-25T02:26:12+00:00,S101141,aurora-2.3,3,0
2026-04-25T02:26:39+00:00,S101121,aurora-2.3,4,0
2026-04-25T02:36:32+00:00,S101101,aurora-2.3,2,0
2026-04-25T02:41:32+00:00,S101140,aurora-2.3,1,0
2026-04-25T03:01:55+00:00,S101118,aurora-2.3,3,0
2026-04-25T03:06:02+00:00,S101127,aurora-2.3,1,0
2026-04-25T03:40:50+00:00,S101142,aurora-2.3,2,0
2026-04-25T03:42:45+00:00,S101116,aurora-2.3,1,0
2026-04-25T03:50:06+00:00,S101112,aurora-2.3,4,0
2026-04-25T03:57:52+00:00,S101144,aurora-2.3,1,0
2026-04-25T04:04:33+00:00,S101106,aurora-2.3,2,0
2026-04-25T04:27:28+00:00,S101109,aurora-2.3,3,0
2026-04-25T04:44:46+00:00,S101147,aurora-2.3,3,0
2026-04-25T04:45:45+00:00,S101130,aurora-2.3,3,0
2026-04-25T04:45:49+00:00,S101139,aurora-2.3,2,0
2026-04-25T04:52:46+00:00,S101120,aurora-2.3,1,0
2026-04-25T04:54:03+00:00,S101100,aurora-2.3,3,0
2026-04-25T04:57:34+00:00,S101147,aurora-2.3,1,0
2026-04-25T05:00:17+00:00,S101146,aurora-2.3,2,1
2026-04-25T05:06:32+00:00,S101130,aurora-2.3,4,0
2026-04-25T05:09:17+00:00,S101128,aurora-2.3,1,0
2026-04-25T05:12:06+00:00,S101131,aurora-2.3,1,0
2026-04-25T05:16:36+00:00,S101110,aurora-2.3,2,0
2026-04-25T05:19:23+00:00,S101117,aurora-2.3,3,0
2026-04-25T05:32:27+00:00,S101145,aurora-2.3,2,0
2026-04-25T05:37:28+00:00,S101119,aurora-2.3,2,0
2026-04-25T05:43:16+00:00,S101115,aurora-2.3,1,0
2026-04-25T05:50:11+00:00,S101120,aurora-2.3,3,0
2026-04-25T06:00:36+00:00,S101117,aurora-2.3,1,0
2026-04-25T06:07:33+00:00,S101138,aurora-2.3,1,0
2026-04-25T06:10:15+00:00,S101119,aurora-2.3,1,0
2026-04-25T06:15:14+00:00,S101149,aurora-2.3,1,0
2026-04-25T06:18:06+00:00,S101104,aurora-2.3,3,0
2026-04-25T06:31:13+00:00,S101138,aurora-2.3,3,0
2026-04-25T06:32:18+00:00,S101126,aurora-2.3,1,0
2026-04-25T06:35:41+00:00,S101108,aurora-2.3,3,0
2026-04-25T06:54:49+00:00,S101107,aurora-2.3,2,0
2026-04-25T07:09:06+00:00,S101104,aurora-2.3,1,0
2026-04-25T07:10:56+00:00,S101111,aurora-2.3,2,0
2026-04-25T07:14:33+00:00,S101125,aurora-2.3,2,0
2026-04-25T07:22:38+00:00,S101111,aurora-2.3,1,0
2026-04-25T07:42:54+00:00,S101141,aurora-2.3,2,0
2026-04-25T07:44:10+00:00,S101147,aurora-2.3,4,0
2026-04-25T07:48:26+00:00,S101142,aurora-2.3,3,0
2026-04-25T08:14:47+00:00,S101133,aurora-2.3,1,0
2026-04-25T08:15:38+00:00,S101143,aurora-2.3,2,0
2026-04-25T08:40:13+00:00,S101137,aurora-2.3,3,0
2026-04-25T08:44:44+00:00,S101112,aurora-2.3,1,0
2026-04-25T08:46:09+00:00,S101122,aurora-2.3,1,1
2026-04-25T08:56:48+00:00,S101099,aurora-2.3,4,0
2026-04-25T09:09:03+00:00,S101105,aurora-2.3,1,0
2026-04-25T09:10:28+00:00,S101125,aurora-2.3,4,0
2026-04-25T09:14:54+00:00,S101136,aurora-2.3,3,0
2026-04-25T09:27:58+00:00,S101112,aurora-2.3,3,0
2026-04-25T09:42:27+00:00,S101120,aurora-2.3,2,0
2026-04-25T09:43:44+00:00,S101105,aurora-2.3,4,0
2026-04-25T10:14:09+00:00,S101133,aurora-2.3,4,0
2026-04-25T10:24:24+00:00,S101099,aurora-2.3,1,0
2026-04-25T10:27:37+00:00,S101149,aurora-2.3,2,0
2026-04-25T10:39:03+00:00,S101127,aurora-2.3,3,0
2026-04-25T10:42:15+00:00,S101115,aurora-2.3,2,0
2026-04-25T10:43:48+00:00,S101118,aurora-2.3,4,0
2026-04-25T10:48:56+00:00,S101131,aurora-2.3,3,0
2026-04-25T10:50:56+00:00,S101134,aurora-2.3,2,0
2026-04-25T10:57:12+00:00,S101125,aurora-2.3,1,0
2026-04-25T10:59:02+00:00,S101102,aurora-2.3,1,0
2026-04-25T10:59:12+00:00,S101100,aurora-2.3,4,0
2026-04-25T11:14:18+00:00,S101124,aurora-2.3,2,0
2026-04-25T11:19:46+00:00,S101106,aurora-2.3,4,0
2026-04-25T11:20:33+00:00,S101124,aurora-2.3,5,0
2026-04-25T11:27:26+00:00,S101104,aurora-2.3,2,0
2026-04-25T11:29:36+00:00,S101108,aurora-2.3,4,0
2026-04-25T11:40:21+00:00,S101099,aurora-2.3,3,0
2026-04-25T12:19:07+00:00,S101100,aurora-2.3,1,0
2026-04-25T12:35:18+00:00,S101098,aurora-2.3,4,0
2026-04-25T12:36:59+00:00,S101121,aurora-2.3,1,0
2026-04-25T12:39:47+00:00,S101112,aurora-2.3,5,0
2026-04-25T12:44:18+00:00,S101138,aurora-2.3,2,0
2026-04-25T12:56:22+00:00,S101113,aurora-2.3,2,0
2026-04-25T13:14:15+00:00,S101098,aurora-2.3,1,0
2026-04-25T13:24:25+00:00,S101106,aurora-2.3,1,0
2026-04-25T13:25:11+00:00,S101108,aurora-2.3,2,0
2026-04-25T13:26:17+00:00,S101141,aurora-2.3,5,0
2026-04-25T13:26:50+00:00,S101100,aurora-2.3,2,0
2026-04-25T13:30:23+00:00,S101122,aurora-2.3,3,0
2026-04-25T13:44:10+00:00,S101129,aurora-2.3,1,0
2026-04-25T13:47:05+00:00,S101118,aurora-2.3,1,0
2026-04-25T14:06:44+00:00,S101141,aurora-2.3,4,0
2026-04-25T14:08:49+00:00,S101135,aurora-2.3,1,0
2026-04-25T14:28:07+00:00,S101126,aurora-2.3,2,0
2026-04-25T14:30:17+00:00,S101124,aurora-2.3,3,0
2026-04-25T14:41:25+00:00,S101132,aurora-2.3,3,0
2026-04-25T14:42:01+00:00,S101102,aurora-2.3,3,0
2026-04-25T14:47:15+00:00,S101125,aurora-2.3,3,0
2026-04-25T15:13:19+00:00,S101135,aurora-2.3,3,0
2026-04-25T15:14:32+00:00,S101130,aurora-2.3,1,0
2026-04-25T15:25:47+00:00,S101123,aurora-2.3,1,0
2026-04-25T15:28:18+00:00,S101113,aurora-2.3,1,0
2026-04-25T15:54:04+00:00,S101148,aurora-2.3,2,0
2026-04-25T16:16:40+00:00,S101117,aurora-2.3,4,0
2026-04-25T16:21:36+00:00,S101149,aurora-2.3,4,0
2026-04-25T16:25:16+00:00,S101124,aurora-2.3,4,0
2026-04-25T16:30:00+00:00,S101149,aurora-2.3,3,0
2026-04-25T16:30:11+00:00,S101145,aurora-2.3,1,0
2026-04-25T16:36:39+00:00,S101103,aurora-2.3,2,0
2026-04-25T16:45:26+00:00,S101106,aurora-2.3,3,0
2026-04-25T16:49:05+00:00,S101133,aurora-2.3,3,0
2026-04-25T16:59:15+00:00,S101135,aurora-2.3,2,0
2026-04-25T17:00:59+00:00,S101122,aurora-2.3,2,0
2026-04-25T17:02:08+00:00,S101143,aurora-2.3,1,0
2026-04-25T17:06:20+00:00,S101128,aurora-2.3,3,0
2026-04-25T17:08:43+00:00,S101140,aurora-2.3,2,0
2026-04-25T17:14:47+00:00,S101110,aurora-2.3,1,0
2026-04-25T17:17:47+00:00,S101109,aurora-2.3,1,0
2026-04-25T17:24:25+00:00,S101148,aurora-2.3,1,0
2026-04-25T17:46:20+00:00,S101112,aurora-2.3,2,0
2026-04-25T17:52:10+00:00,S101136,aurora-2.3,2,0
2026-04-25T17:56:37+00:00,S101130,aurora-2.3,2,0
2026-04-25T18:18:03+00:00,S101114,aurora-2.3,2,0
2026-04-25T18:24:15+00:00,S101099,aurora-2.3,2,0
2026-04-25T18:41:40+00:00,S101104,aurora-2.3,4,0
2026-04-25T18:57:56+00:00,S101144,aurora-2.3,2,0
2026-04-25T19:05:57+00:00,S101110,aurora-2.3,3,0
2026-04-25T19:19:10+00:00,S101106,aurora-2.3,5,0
2026-04-25T19:36:34+00:00,S101146,aurora-2.3,1,0
2026-04-25T20:03:02+00:00,S101132,aurora-2.3,2,0
2026-04-25T20:12:48+00:00,S101129,aurora-2.3,2,0
2026-04-25T20:19:27+00:00,S101102,aurora-2.3,2,0
2026-04-25T20:24:38+00:00,S101107,aurora-2.3,1,0
2026-04-25T20:41:02+00:00,S101121,aurora-2.3,2,0
2026-04-25T21:07:57+00:00,S101114,aurora-2.3,1,0
2026-04-25T21:12:18+00:00,S101105,aurora-2.3,3,0
2026-04-25T21:19:22+00:00,S101142,aurora-2.3,1,0
2026-04-25T21:19:58+00:00,S101108,aurora-2.3,1,0
2026-04-25T21:20:24+00:00,S101136,aurora-2.3,1,0
2026-04-25T21:36:31+00:00,S101133,aurora-2.3,2,0
2026-04-25T21:48:00+00:00,S101100,aurora-2.3,5,0
2026-04-25T21:49:13+00:00,S101110,aurora-2.3,4,0
2026-04-25T21:52:59+00:00,S101132,aurora-2.3,1,0
2026-04-25T21:58:35+00:00,S101119,aurora-2.3,3,0
2026-04-25T22:12:40+00:00,S101137,aurora-2.3,1,0
2026-04-25T22:14:00+00:00,S101124,aurora-2.3,1,0
2026-04-25T22:42:54+00:00,S101101,aurora-2.3,1,0
2026-04-25T22:44:45+00:00,S101131,aurora-2.3,2,0
2026-04-25T22:46:58+00:00,S101139,aurora-2.3,3,0
2026-04-25T22:49:41+00:00,S101117,aurora-2.3,2,0
2026-04-25T23:10:26+00:00,S101109,aurora-2.3,2,0
2026-04-25T23:12:52+00:00,S101098,aurora-2.3,3,0
2026-04-25T23:14:47+00:00,S101105,aurora-2.3,5,0
2026-04-25T23:19:42+00:00,S101099,aurora-2.3,5,0
2026-04-25T23:22:41+00:00,S101139,aurora-2.3,1,1
2026-04-25T23:33:28+00:00,S101126,aurora-2.3,3,1
2026-04-25T23:35:43+00:00,S101105,aurora-2.3,2,0
2026-04-25T23:49:54+00:00,S101114,aurora-2.3,3,0
2026-04-25T23:58:28+00:00,S101127,aurora-2.3,2,0
2026-04-26T00:09:58+00:00,S101159,aurora-2.3,3,0
2026-04-26T00:14:43+00:00,S101219,aurora-2.3,4,0
2026-04-26T00:15:07+00:00,S101156,aurora-2.3,4,0
2026-04-26T00:21:55+00:00,S101198,aurora-2.3,2,0
2026-04-26T00:22:50+00:00,S101180,aurora-2.3,4,0
2026-04-26T00:26:20+00:00,S101154,aurora-2.3,1,0
2026-04-26T00:28:09+00:00,S101194,aurora-2.3,3,0
2026-04-26T00:33:45+00:00,S101188,aurora-2.3,2,0
2026-04-26T00:34:13+00:00,S101209,aurora-2.3,3,0
2026-04-26T00:40:15+00:00,S101167,aurora-2.3,2,0
2026-04-26T00:44:19+00:00,S101161,aurora-2.3,1,0
2026-04-26T00:46:03+00:00,S101159,aurora-2.3,1,0
2026-04-26T00:50:16+00:00,S101218,aurora-2.3,1,0
2026-04-26T00:50:38+00:00,S101211,aurora-2.3,4,0
2026-04-26T00:58:55+00:00,S101176,aurora-2.3,3,0
2026-04-26T01:08:04+00:00,S101181,aurora-2.3,2,0
2026-04-26T01:10:29+00:00,S101208,aurora-2.3,2,0
2026-04-26T01:10:36+00:00,S101187,aurora-2.3,1,0
2026-04-26T01:13:50+00:00,S101170,aurora-2.3,4,0
2026-04-26T01:19:41+00:00,S101176,aurora-2.3,4,0
2026-04-26T01:25:08+00:00,S101203,aurora-2.3,4,0
2026-04-26T01:25:31+00:00,S101151,aurora-2.3,3,0
2026-04-26T01:31:30+00:00,S101195,aurora-2.3,1,0
2026-04-26T01:37:57+00:00,S101216,aurora-2.3,3,0
2026-04-26T02:02:29+00:00,S101216,aurora-2.3,1,0
2026-04-26T02:15:15+00:00,S101156,aurora-2.3,1,0
2026-04-26T02:15:37+00:00,S101150,aurora-2.3,3,0
2026-04-26T02:18:22+00:00,S101212,aurora-2.3,1,0
2026-04-26T02:19:32+00:00,S101169,aurora-2.3,2,0
2026-04-26T02:35:46+00:00,S101198,aurora-2.3,5,0
2026-04-26T02:37:11+00:00,S101165,aurora-2.3,3,0
2026-04-26T02:47:06+00:00,S101179,aurora-2.3,3,0
2026-04-26T02:47:41+00:00,S101164,aurora-2.3,1,0
2026-04-26T02:48:24+00:00,S101191,aurora-2.3,3,0
2026-04-26T02:56:41+00:00,S101185,aurora-2.3,1,0
2026-04-26T03:01:28+00:00,S101155,aurora-2.3,1,0
2026-04-26T03:08:37+00:00,S101188,aurora-2.3,1,0
2026-04-26T03:12:13+00:00,S101165,aurora-2.3,2,0
2026-04-26T03:14:14+00:00,S101185,aurora-2.3,2,0
2026-04-26T03:15:33+00:00,S101207,aurora-2.3,1,0
2026-04-26T03:16:45+00:00,S101220,aurora-2.3,2,0
2026-04-26T03:21:04+00:00,S101208,aurora-2.3,3,0
2026-04-26T03:29:06+00:00,S101176,aurora-2.3,1,0
2026-04-26T03:32:05+00:00,S101188,aurora-2.3,5,0
2026-04-26T03:39:37+00:00,S101220,aurora-2.3,1,0
2026-04-26T03:40:06+00:00,S101177,aurora-2.3,3,1
2026-04-26T03:46:30+00:00,S101180,aurora-2.3,1,0
2026-04-26T03:46:34+00:00,S101178,aurora-2.3,2,0
2026-04-26T03:48:18+00:00,S101219,aurora-2.3,1,0
2026-04-26T03:50:16+00:00,S101167,aurora-2.3,4,0
2026-04-26T03:52:11+00:00,S101201,aurora-2.3,4,0
2026-04-26T03:54:03+00:00,S101207,aurora-2.3,2,0
2026-04-26T04:01:56+00:00,S101215,aurora-2.3,2,0
2026-04-26T04:04:59+00:00,S101178,aurora-2.3,1,0
2026-04-26T04:10:01+00:00,S101193,aurora-2.3,4,0
2026-04-26T04:15:34+00:00,S101156,aurora-2.3,3,0
2026-04-26T04:19:22+00:00,S101170,aurora-2.3,1,0
2026-04-26T04:51:33+00:00,S101213,aurora-2.3,4,0
2026-04-26T04:51:41+00:00,S101203,aurora-2.3,3,0
2026-04-26T05:00:30+00:00,S101205,aurora-2.3,2,0
2026-04-26T05:05:38+00:00,S101160,aurora-2.3,2,0
2026-04-26T05:14:04+00:00,S101155,aurora-2.3,4,0
2026-04-26T05:19:08+00:00,S101156,aurora-2.3,2,0
2026-04-26T05:21:09+00:00,S101154,aurora-2.3,4,0
2026-04-26T05:22:19+00:00,S101160,aurora-2.3,1,0
2026-04-26T05:38:05+00:00,S101167,aurora-2.3,3,0
2026-04-26T05:48:33+00:00,S101168,aurora-2.3,2,0
2026-04-26T05:49:41+00:00,S101204,aurora-2.3,1,0
2026-04-26T05:51:24+00:00,S101179,aurora-2.3,2,0
2026-04-26T05:57:07+00:00,S101177,aurora-2.3,1,0
2026-04-26T05:57:38+00:00,S101219,aurora-2.3,3,0
2026-04-26T05:58:31+00:00,S101182,aurora-2.3,1,0
2026-04-26T06:04:29+00:00,S101211,aurora-2.3,5,0
2026-04-26T06:34:38+00:00,S101213,aurora-2.3,2,0
2026-04-26T06:36:54+00:00,S101186,aurora-2.3,1,0
2026-04-26T06:37:02+00:00,S101174,aurora-2.3,4,0
2026-04-26T06:37:47+00:00,S101166,aurora-2.3,1,0
2026-04-26T06:41:04+00:00,S101193,aurora-2.3,5,0
2026-04-26T06:52:58+00:00,S101156,aurora-2.3,5,0
2026-04-26T06:54:00+00:00,S101194,aurora-2.3,4,0
2026-04-26T06:57:23+00:00,S101202,aurora-2.3,2,0
2026-04-26T06:58:50+00:00,S101157,aurora-2.3,1,0
2026-04-26T06:59:29+00:00,S101184,aurora-2.3,1,0
2026-04-26T07:01:31+00:00,S101172,aurora-2.3,3,0
2026-04-26T07:02:09+00:00,S101214,aurora-2.3,2,0
2026-04-26T07:07:37+00:00,S101191,aurora-2.3,1,0
2026-04-26T07:09:50+00:00,S101172,aurora-2.3,1,0
2026-04-26T07:16:11+00:00,S101189,aurora-2.3,4,0
2026-04-26T07:16:21+00:00,S101150,aurora-2.3,2,0
2026-04-26T07:18:37+00:00,S101208,aurora-2.3,1,0
2026-04-26T07:25:10+00:00,S101176,aurora-2.3,2,0
2026-04-26T07:33:01+00:00,S101174,aurora-2.3,3,0
2026-04-26T07:45:27+00:00,S101220,aurora-2.3,3,0
2026-04-26T07:49:47+00:00,S101151,aurora-2.3,2,0
2026-04-26T07:52:56+00:00,S101187,aurora-2.3,3,0
2026-04-26T07:56:55+00:00,S101196,aurora-2.3,1,0
2026-04-26T08:00:31+00:00,S101158,aurora-2.3,1,0
2026-04-26T08:03:57+00:00,S101158,aurora-2.3,2,0
2026-04-26T08:08:39+00:00,S101210,aurora-2.3,1,0
2026-04-26T08:19:32+00:00,S101155,aurora-2.3,3,0
2026-04-26T08:37:15+00:00,S101199,aurora-2.3,1,0
2026-04-26T08:49:20+00:00,S101181,aurora-2.3,1,0
2026-04-26T08:56:46+00:00,S101163,aurora-2.3,5,0
2026-04-26T09:00:47+00:00,S101207,aurora-2.3,3,0
2026-04-26T09:01:20+00:00,S101211,aurora-2.3,3,0
2026-04-26T09:02:37+00:00,S101151,aurora-2.3,5,0
2026-04-26T09:07:04+00:00,S101219,aurora-2.3,2,0
2026-04-26T09:20:04+00:00,S101216,aurora-2.3,4,0
2026-04-26T09:32:52+00:00,S101191,aurora-2.3,4,0
2026-04-26T09:36:20+00:00,S101151,aurora-2.3,1,0
2026-04-26T09:55:48+00:00,S101152,aurora-2.3,3,0
2026-04-26T09:59:10+00:00,S101182,aurora-2.3,2,0
2026-04-26T10:00:27+00:00,S101182,aurora-2.3,3,0
2026-04-26T10:01:11+00:00,S101170,aurora-2.3,3,0
2026-04-26T10:01:46+00:00,S101163,aurora-2.3,1,0
2026-04-26T10:08:17+00:00,S101195,aurora-2.3,2,0
2026-04-26T10:09:18+00:00,S101196,aurora-2.3,3,0
2026-04-26T10:25:28+00:00,S101211,aurora-2.3,1,0
2026-04-26T10:31:23+00:00,S101217,aurora-2.3,3,0
2026-04-26T10:43:50+00:00,S101218,aurora-2.3,3,0
2026-04-26T10:44:30+00:00,S101172,aurora-2.3,2,0
2026-04-26T10:48:44+00:00,S101189,aurora-2.3,3,0
2026-04-26T10:49:44+00:00,S101187,aurora-2.3,2,0
2026-04-26T10:52:02+00:00,S101219,aurora-2.3,5,0
2026-04-26T11:03:33+00:00,S101159,aurora-2.3,2,0
2026-04-26T11:04:10+00:00,S101176,aurora-2.3,5,0
2026-04-26T11:04:24+00:00,S101203,aurora-2.3,1,0
2026-04-26T11:08:50+00:00,S101180,aurora-2.3,3,0
2026-04-26T11:13:03+00:00,S101177,aurora-2.3,2,0
2026-04-26T11:36:02+00:00,S101202,aurora-2.3,1,0
2026-04-26T12:08:51+00:00,S101218,aurora-2.3,2,0
2026-04-26T12:14:10+00:00,S101163,aurora-2.3,2,0
2026-04-26T12:19:10+00:00,S101200,aurora-2.3,1,0
2026-04-26T12:19:39+00:00,S101174,aurora-2.3,1,0
2026-04-26T12:23:04+00:00,S101173,aurora-2.3,2,0
2026-04-26T12:45:32+00:00,S101154,aurora-2.3,3,0
2026-04-26T12:54:40+00:00,S101165,aurora-2.3,1,0
2026-04-26T12:54:53+00:00,S101178,aurora-2.3,3,0
2026-04-26T12:58:47+00:00,S101152,aurora-2.3,1,0
2026-04-26T12:59:31+00:00,S101194,aurora-2.3,5,0
2026-04-26T13:39:44+00:00,S101180,aurora-2.3,2,1
2026-04-26T13:45:52+00:00,S101195,aurora-2.3,4,0
2026-04-26T13:52:42+00:00,S101217,aurora-2.3,2,0
2026-04-26T13:54:39+00:00,S101192,aurora-2.3,2,0
2026-04-26T14:02:22+00:00,S101197,aurora-2.3,2,0
2026-04-26T14:06:13+00:00,S101172,aurora-2.3,5,0
2026-04-26T14:07:38+00:00,S101194,aurora-2.3,1,0
2026-04-26T14:17:17+00:00,S101203,aurora-2.3,5,0
2026-04-26T14:23:01+00:00,S101192,aurora-2.3,1,0
2026-04-26T14:27:03+00:00,S101191,aurora-2.3,5,0
2026-04-26T14:31:43+00:00,S101190,aurora-2.3,2,0
2026-04-26T14:34:51+00:00,S101172,aurora-2.3,4,0
2026-04-26T14:40:39+00:00,S101201,aurora-2.3,1,0
2026-04-26T14:43:45+00:00,S101186,aurora-2.3,3,0
2026-04-26T14:46:05+00:00,S101158,aurora-2.3,3,0
2026-04-26T14:56:11+00:00,S101160,aurora-2.3,4,0
2026-04-26T14:59:22+00:00,S101154,aurora-2.3,2,0
2026-04-26T15:06:55+00:00,S101217,aurora-2.3,1,0
2026-04-26T15:07:49+00:00,S101152,aurora-2.3,5,0
2026-04-26T15:26:14+00:00,S101190,aurora-2.3,1,0
2026-04-26T15:26:34+00:00,S101188,aurora-2.3,3,0
2026-04-26T15:36:12+00:00,S101200,aurora-2.3,2,0
2026-04-26T15:38:01+00:00,S101175,aurora-2.3,1,0
2026-04-26T15:39:24+00:00,S101185,aurora-2.3,3,0
2026-04-26T15:41:20+00:00,S101188,aurora-2.3,4,0
2026-04-26T15:43:33+00:00,S101206,aurora-2.3,1,0
2026-04-26T15:46:44+00:00,S101167,aurora-2.3,1,0
2026-04-26T15:48:08+00:00,S101217,aurora-2.3,4,0
2026-04-26T15:56:39+00:00,S101171,aurora-2.3,2,0
2026-04-26T15:57:40+00:00,S101191,aurora-2.3,2,0
2026-04-26T16:12:03+00:00,S101215,aurora-2.3,1,0
2026-04-26T16:19:01+00:00,S101209,aurora-2.3,4,0
2026-04-26T16:24:05+00:00,S101162,aurora-2.3,1,0
2026-04-26T16:30:48+00:00,S101161,aurora-2.3,2,0
2026-04-26T16:50:15+00:00,S101169,aurora-2.3,1,0
2026-04-26T16:50:49+00:00,S101212,aurora-2.3,2,0
2026-04-26T16:51:00+00:00,S101214,aurora-2.3,1,0
2026-04-26T16:57:07+00:00,S101171,aurora-2.3,1,0
2026-04-26T17:02:59+00:00,S101174,aurora-2.3,5,0
2026-04-26T17:03:04+00:00,S101150,aurora-2.3,4,0
2026-04-26T17:19:28+00:00,S101210,aurora-2.3,2,0
2026-04-26T17:30:59+00:00,S101173,aurora-2.3,1,0
2026-04-26T17:39:04+00:00,S101150,aurora-2.3,1,0
2026-04-26T17:48:17+00:00,S101166,aurora-2.3,2,0
2026-04-26T17:52:17+00:00,S101212,aurora-2.3,3,0
2026-04-26T17:57:50+00:00,S101195,aurora-2.3,3,0
2026-04-26T17:58:44+00:00,S101153,aurora-2.3,2,0
2026-04-26T18:14:33+00:00,S101193,aurora-2.3,2,0
2026-04-26T18:23:23+00:00,S101189,aurora-2.3,1,0
2026-04-26T18:24:18+00:00,S101153,aurora-2.3,1,0
2026-04-26T18:24:24+00:00,S101174,aurora-2.3,2,0
2026-04-26T18:31:42+00:00,S101206,aurora-2.3,3,0
2026-04-26T18:44:15+00:00,S101169,aurora-2.3,3,0
2026-04-26T18:49:03+00:00,S101178,aurora-2.3,4,0
2026-04-26T18:55:05+00:00,S101157,aurora-2.3,2,0
2026-04-26T19:05:06+00:00,S101193,aurora-2.3,1,0
2026-04-26T19:07:22+00:00,S101209,aurora-2.3,1,0
2026-04-26T19:12:36+00:00,S101157,aurora-2.3,3,0
2026-04-26T19:23:32+00:00,S101152,aurora-2.3,2,0
2026-04-26T19:24:26+00:00,S101175,aurora-2.3,2,0
2026-04-26T19:24:40+00:00,S101205,aurora-2.3,1,0
2026-04-26T19:24:55+00:00,S101152,aurora-2.3,4,0
2026-04-26T19:28:14+00:00,S101217,aurora-2.3,5,0
2026-04-26T19:28:37+00:00,S101168,aurora-2.3,1,0
2026-04-26T19:40:04+00:00,S101162,aurora-2.3,3,0
2026-04-26T19:54:38+00:00,S101201,aurora-2.3,2,0
2026-04-26T19:56:12+00:00,S101197,aurora-2.3,3,0
2026-04-26T20:07:03+00:00,S101155,aurora-2.3,2,0
2026-04-26T20:16:24+00:00,S101197,aurora-2.3,1,0
2026-04-26T20:25:31+00:00,S101198,aurora-2.3,1,0
2026-04-26T20:33:37+00:00,S101157,aurora-2.3,4,0
2026-04-26T20:37:36+00:00,S101179,aurora-2.3,1,0
2026-04-26T20:40:06+00:00,S101164,aurora-2.3,2,0
2026-04-26T20:41:02+00:00,S101167,aurora-2.3,5,0
2026-04-26T21:00:36+00:00,S101209,aurora-2.3,2,0
2026-04-26T21:03:34+00:00,S101213,aurora-2.3,3,0
2026-04-26T21:08:13+00:00,S101160,aurora-2.3,3,0
2026-04-26T21:09:49+00:00,S101203,aurora-2.3,2,0
2026-04-26T21:10:32+00:00,S101199,aurora-2.3,2,0
2026-04-26T21:13:35+00:00,S101153,aurora-2.3,3,0
2026-04-26T21:14:13+00:00,S101204,aurora-2.3,2,0
2026-04-26T21:17:45+00:00,S101194,aurora-2.3,2,0
2026-04-26T21:46:09+00:00,S101196,aurora-2.3,2,0
2026-04-26T21:52:12+00:00,S101184,aurora-2.3,2,1
2026-04-26T21:52:55+00:00,S101215,aurora-2.3,3,0
2026-04-26T21:54:58+00:00,S101175,aurora-2.3,3,0
2026-04-26T21:55:28+00:00,S101189,aurora-2.3,2,0
2026-04-26T21:58:42+00:00,S101162,aurora-2.3,2,0
2026-04-26T22:12:56+00:00,S101170,aurora-2.3,2,0
2026-04-26T22:22:05+00:00,S101198,aurora-2.3,4,0
2026-04-26T22:24:58+00:00,S101211,aurora-2.3,2,0
2026-04-26T22:26:00+00:00,S101213,aurora-2.3,1,0
2026-04-26T22:35:17+00:00,S101186,aurora-2.3,2,0
2026-04-26T22:35:26+00:00,S101201,aurora-2.3,3,0
2026-04-26T22:49:12+00:00,S101151,aurora-2.3,4,0
2026-04-26T22:58:50+00:00,S101192,aurora-2.3,3,0
2026-04-26T22:59:21+00:00,S101183,aurora-2.3,2,0
2026-04-26T23:06:29+00:00,S101183,aurora-2.3,1,0
2026-04-26T23:14:55+00:00,S101206,aurora-2.3,2,0
2026-04-26T23:23:07+00:00,S101163,aurora-2.3,3,0
2026-04-26T23:23:30+00:00,S101216,aurora-2.3,2,0
2026-04-26T23:31:57+00:00,S101158,aurora-2.3,4,0
2026-04-26T23:33:25+00:00,S101198,aurora-2.3,3,0
2026-04-26T23:40:20+00:00,S101163,aurora-2.3,4,0
2026-04-26T23:41:11+00:00,S101193,aurora-2.3,3,0
2026-04-26T23:55:51+00:00,S101158,aurora-2.3,5,0
2026-04-27T00:08:47+00:00,S101251,aurora-2.3,1,0
2026-04-27T00:22:34+00:00,S101244,aurora-2.3,4,0
2026-04-27T00:40:15+00:00,S101273,aurora-2.3,2,0
2026-04-27T00:40:50+00:00,S101243,aurora-2.3,2,0
2026-04-27T00:51:56+00:00,S101261,aurora-2.3,1,0
2026-04-27T01:10:54+00:00,S101250,aurora-2.3,3,0
2026-04-27T01:24:33+00:00,S101225,aurora-2.3,3,0
2026-04-27T01:36:12+00:00,S101229,aurora-2.3,2,0
2026-04-27T01:38:20+00:00,S101246,aurora-2.3,1,0
2026-04-27T02:00:31+00:00,S101255,aurora-2.3,1,0
2026-04-27T02:06:35+00:00,S101243,aurora-2.3,3,1
2026-04-27T02:08:07+00:00,S101270,aurora-2.3,4,0
2026-04-27T02:10:29+00:00,S101269,aurora-2.3,2,0
2026-04-27T02:13:46+00:00,S101272,aurora-2.3,3,0
2026-04-27T02:16:52+00:00,S101225,aurora-2.3,4,1
2026-04-27T02:24:17+00:00,S101224,aurora-2.3,3,0
2026-04-27T02:26:52+00:00,S101274,aurora-2.3,3,0
2026-04-27T02:33:48+00:00,S101272,aurora-2.3,4,0
2026-04-27T02:40:40+00:00,S101243,aurora-2.3,4,0
2026-04-27T02:57:37+00:00,S101265,aurora-2.3,2,0
2026-04-27T03:08:28+00:00,S101226,aurora-2.3,2,0
2026-04-27T03:21:20+00:00,S101270,aurora-2.3,3,0
2026-04-27T03:34:09+00:00,S101257,aurora-2.3,2,0
2026-04-27T03:44:01+00:00,S101274,aurora-2.3,1,0
2026-04-27T04:06:51+00:00,S101265,aurora-2.3,1,0
2026-04-27T04:20:32+00:00,S101222,aurora-2.3,1,0
2026-04-27T04:24:24+00:00,S101250,aurora-2.3,4,0
2026-04-27T04:44:45+00:00,S101221,aurora-2.3,3,0
2026-04-27T04:48:08+00:00,S101267,aurora-2.3,2,0
2026-04-27T04:53:30+00:00,S101223,aurora-2.3,1,0
2026-04-27T04:55:45+00:00,S101259,aurora-2.3,2,0
2026-04-27T05:16:45+00:00,S101241,aurora-2.3,2,0
2026-04-27T05:29:12+00:00,S101229,aurora-2.3,4,0
2026-04-27T05:45:56+00:00,S101256,aurora-2.3,3,0
2026-04-27T05:46:06+00:00,S101240,aurora-2.3,1,0
2026-04-27T05:49:13+00:00,S101246,aurora-2.3,2,0
2026-04-27T05:49:27+00:00,S101270,aurora-2.3,5,0
2026-04-27T05:55:35+00:00,S101272,aurora-2.3,5,0
2026-04-27T06:03:36+00:00,S101235,aurora-2.3,3,0
2026-04-27T06:06:51+00:00,S101227,aurora-2.3,3,0
2026-04-27T06:11:27+00:00,S101228,aurora-2.3,4,0
2026-04-27T06:14:28+00:00,S101249,aurora-2.3,2,0
2026-04-27T06:18:22+00:00,S101260,aurora-2.3,1,0
2026-04-27T06:20:28+00:00,S101245,aurora-2.3,4,0
2026-04-27T06:46:15+00:00,S101239,aurora-2.3,1,0
2026-04-27T07:01:49+00:00,S101256,aurora-2.3,4,0
2026-04-27T07:04:41+00:00,S101264,aurora-2.3,2,0
2026-04-27T07:09:34+00:00,S101237,aurora-2.3,3,0
2026-04-27T07:12:36+00:00,S101266,aurora-2.3,3,0
2026-04-27T07:18:21+00:00,S101240,aurora-2.3,3,0
2026-04-27T07:24:23+00:00,S101271,aurora-2.3,4,0
2026-04-27T07:26:24+00:00,S101249,aurora-2.3,1,0
2026-04-27T07:30:22+00:00,S101255,aurora-2.3,3,0
2026-04-27T07:38:03+00:00,S101247,aurora-2.3,1,0
2026-04-27T07:44:53+00:00,S101274,aurora-2.3,4,0
2026-04-27T07:44:59+00:00,S101250,aurora-2.3,2,0
2026-04-27T07:51:23+00:00,S101230,aurora-2.3,3,1
2026-04-27T07:56:17+00:00,S101236,aurora-2.3,1,0
2026-04-27T08:03:16+00:00,S101229,aurora-2.3,3,0
2026-04-27T08:12:27+00:00,S101239,aurora-2.3,2,0
2026-04-27T08:13:26+00:00,S101255,aurora-2.3,2,0
2026-04-27T08:16:51+00:00,S101271,aurora-2.3,5,0
2026-04-27T08:23:45+00:00,S101271,aurora-2.3,2,0
2026-04-27T08:39:11+00:00,S101257,aurora-2.3,3,0
2026-04-27T08:54:07+00:00,S101254,aurora-2.3,4,0
2026-04-27T08:54:53+00:00,S101237,aurora-2.3,2,0
2026-04-27T09:13:36+00:00,S101253,aurora-2.3,2,0
2026-04-27T09:16:19+00:00,S101262,aurora-2.3,1,0
2026-04-27T09:21:13+00:00,S101258,aurora-2.3,1,0
2026-04-27T09:27:19+00:00,S101239,aurora-2.3,4,0
2026-04-27T09:34:18+00:00,S101250,aurora-2.3,5,0
2026-04-27T09:38:35+00:00,S101263,aurora-2.3,1,0
2026-04-27T09:38:45+00:00,S101231,aurora-2.3,2,0
2026-04-27T10:06:48+00:00,S101235,aurora-2.3,2,0
2026-04-27T10:22:50+00:00,S101271,aurora-2.3,1,0
2026-04-27T10:28:19+00:00,S101254,aurora-2.3,1,0
2026-04-27T11:10:06+00:00,S101233,aurora-2.3,1,0
2026-04-27T11:17:52+00:00,S101245,aurora-2.3,1,0
2026-04-27T11:52:53+00:00,S101256,aurora-2.3,1,0
2026-04-27T12:02:53+00:00,S101238,aurora-2.3,2,0
2026-04-27T12:06:05+00:00,S101227,aurora-2.3,4,0
2026-04-27T12:16:49+00:00,S101222,aurora-2.3,2,0
2026-04-27T12:46:28+00:00,S101238,aurora-2.3,1,0
2026-04-27T12:50:36+00:00,S101269,aurora-2.3,4,0
2026-04-27T12:51:22+00:00,S101254,aurora-2.3,2,0
2026-04-27T12:52:16+00:00,S101227,aurora-2.3,1,0
2026-04-27T12:55:00+00:00,S101274,aurora-2.3,2,0
2026-04-27T12:55:33+00:00,S101257,aurora-2.3,1,0
2026-04-27T13:20:53+00:00,S101227,aurora-2.3,2,0
2026-04-27T13:21:06+00:00,S101244,aurora-2.3,2,0
2026-04-27T13:22:44+00:00,S101225,aurora-2.3,2,0
2026-04-27T13:32:40+00:00,S101264,aurora-2.3,1,0
2026-04-27T13:33:49+00:00,S101224,aurora-2.3,4,0
2026-04-27T13:44:14+00:00,S101272,aurora-2.3,1,0
2026-04-27T13:49:54+00:00,S101243,aurora-2.3,1,0
2026-04-27T14:08:36+00:00,S101230,aurora-2.3,4,0
2026-04-27T14:16:49+00:00,S101241,aurora-2.3,3,0
2026-04-27T14:22:09+00:00,S101262,aurora-2.3,2,0
2026-04-27T14:25:32+00:00,S101259,aurora-2.3,1,0
2026-04-27T14:50:38+00:00,S101266,aurora-2.3,1,0
2026-04-27T14:50:42+00:00,S101267,aurora-2.3,1,0
2026-04-27T14:51:33+00:00,S101244,aurora-2.3,3,0
2026-04-27T14:58:58+00:00,S101226,aurora-2.3,3,0
2026-04-27T15:00:24+00:00,S101232,aurora-2.3,1,0
2026-04-27T15:15:23+00:00,S101221,aurora-2.3,1,0
2026-04-27T15:16:07+00:00,S101251,aurora-2.3,2,0
2026-04-27T15:17:55+00:00,S101230,aurora-2.3,2,0
2026-04-27T15:25:30+00:00,S101247,aurora-2.3,2,0
2026-04-27T15:26:21+00:00,S101250,aurora-2.3,1,0
2026-04-27T15:31:09+00:00,S101235,aurora-2.3,4,0
2026-04-27T15:41:04+00:00,S101222,aurora-2.3,4,0
2026-04-27T15:43:50+00:00,S101245,aurora-2.3,2,0
2026-04-27T15:45:11+00:00,S101223,aurora-2.3,2,0
2026-04-27T15:47:32+00:00,S101240,aurora-2.3,2,0
2026-04-27T15:49:19+00:00,S101261,aurora-2.3,4,0
2026-04-27T16:04:18+00:00,S101229,aurora-2.3,1,0
2026-04-27T16:16:05+00:00,S101254,aurora-2.3,3,0
2026-04-27T16:17:28+00:00,S101228,aurora-2.3,1,0
2026-04-27T16:19:53+00:00,S101228,aurora-2.3,5,0
2026-04-27T16:21:34+00:00,S101253,aurora-2.3,1,1
2026-04-27T16:33:34+00:00,S101233,aurora-2.3,2,0
2026-04-27T16:36:31+00:00,S101268,aurora-2.3,2,0
2026-04-27T16:38:42+00:00,S101222,aurora-2.3,3,0
2026-04-27T16:48:09+00:00,S101224,aurora-2.3,1,0
2026-04-27T17:02:29+00:00,S101273,aurora-2.3,1,0
2026-04-27T17:02:41+00:00,S101266,aurora-2.3,2,0
2026-04-27T17:08:31+00:00,S101260,aurora-2.3,3,0
2026-04-27T17:11:00+00:00,S101261,aurora-2.3,3,0
2026-04-27T17:13:39+00:00,S101243,aurora-2.3,5,0
2026-04-27T17:16:36+00:00,S101224,aurora-2.3,2,0
2026-04-27T17:29:08+00:00,S101228,aurora-2.3,2,0
2026-04-27T17:31:48+00:00,S101270,aurora-2.3,1,0
2026-04-27T17:34:55+00:00,S101263,aurora-2.3,2,0
2026-04-27T17:37:48+00:00,S101236,aurora-2.3,3,0
2026-04-27T17:42:13+00:00,S101228,aurora-2.3,3,0
2026-04-27T18:00:56+00:00,S101255,aurora-2.3,4,0
2026-04-27T18:03:58+00:00,S101268,aurora-2.3,1,0
2026-04-27T18:20:32+00:00,S101225,aurora-2.3,1,0
2026-04-27T18:23:38+00:00,S101251,aurora-2.3,3,0
2026-04-27T18:28:17+00:00,S101261,aurora-2.3,5,0
2026-04-27T18:31:40+00:00,S101235,aurora-2.3,1,0
2026-04-27T18:32:51+00:00,S101244,aurora-2.3,1,0
2026-04-27T18:38:09+00:00,S101223,aurora-2.3,3,0
2026-04-27T19:01:40+00:00,S101269,aurora-2.3,3,0
2026-04-27T19:22:26+00:00,S101225,aurora-2.3,5,0
2026-04-27T19:35:28+00:00,S101261,aurora-2.3,2,0
2026-04-27T19:42:23+00:00,S101236,aurora-2.3,2,0
2026-04-27T19:59:26+00:00,S101270,aurora-2.3,2,0
2026-04-27T20:20:46+00:00,S101252,aurora-2.3,1,0
2026-04-27T20:27:54+00:00,S101231,aurora-2.3,1,0
2026-04-27T20:38:16+00:00,S101246,aurora-2.3,3,0
2026-04-27T20:41:45+00:00,S101234,aurora-2.3,1,0
2026-04-27T20:55:07+00:00,S101226,aurora-2.3,1,0
2026-04-27T20:57:38+00:00,S101221,aurora-2.3,2,0
2026-04-27T20:58:28+00:00,S101269,aurora-2.3,5,0
2026-04-27T21:09:18+00:00,S101260,aurora-2.3,2,0
2026-04-27T21:27:45+00:00,S101235,aurora-2.3,5,0
2026-04-27T21:28:33+00:00,S101241,aurora-2.3,1,0
2026-04-27T21:41:54+00:00,S101234,aurora-2.3,2,0
2026-04-27T21:49:02+00:00,S101245,aurora-2.3,3,0
2026-04-27T21:55:41+00:00,S101248,aurora-2.3,1,0
2026-04-27T22:11:44+00:00,S101242,aurora-2.3,2,0
2026-04-27T22:12:23+00:00,S101230,aurora-2.3,1,0
2026-04-27T22:31:20+00:00,S101248,aurora-2.3,2,0
2026-04-27T22:42:49+00:00,S101256,aurora-2.3,2,0
2026-04-27T22:46:59+00:00,S101237,aurora-2.3,1,0
2026-04-27T22:49:29+00:00,S101271,aurora-2.3,3,0
2026-04-27T22:49:58+00:00,S101257,aurora-2.3,4,0
2026-04-27T22:59:29+00:00,S101272,aurora-2.3,2,0
2026-04-27T23:03:59+00:00,S101246,aurora-2.3,4,0
2026-04-27T23:06:31+00:00,S101269,aurora-2.3,1,0
2026-04-27T23:07:10+00:00,S101257,aurora-2.3,5,0
2026-04-27T23:09:05+00:00,S101232,aurora-2.3,2,0
2026-04-27T23:11:52+00:00,S101242,aurora-2.3,1,0
2026-04-27T23:22:51+00:00,S101239,aurora-2.3,3,0
2026-04-27T23:36:32+00:00,S101258,aurora-2.3,2,0
2026-04-27T23:37:32+00:00,S101262,aurora-2.3,3,0
2026-04-27T23:39:59+00:00,S101252,aurora-2.3,2,0
2026-04-28T00:22:40+00:00,S101345,aurora-2.3,2,0
2026-04-28T00:25:01+00:00,S101288,aurora-2.3,4,0
2026-04-28T00:36:21+00:00,S101315,aurora-2.3,3,0
2026-04-28T00:38:52+00:00,S101288,aurora-2.3,3,0
2026-04-28T00:43:59+00:00,S101296,aurora-2.3,1,0
2026-04-28T00:56:33+00:00,S101288,aurora-2.3,2,0
2026-04-28T01:02:33+00:00,S101341,aurora-2.3,3,0
2026-04-28T01:03:16+00:00,S101287,aurora-2.3,1,0
2026-04-28T01:06:46+00:00,S101277,aurora-2.3,2,0
2026-04-28T01:07:05+00:00,S101292,aurora-2.3,4,0
2026-04-28T01:07:43+00:00,S101279,aurora-2.3,5,0
2026-04-28T01:19:28+00:00,S101303,aurora-2.3,3,0
2026-04-28T01:23:29+00:00,S101312,aurora-2.3,1,0
2026-04-28T01:33:57+00:00,S101280,aurora-2.3,1,0
2026-04-28T01:41:22+00:00,S101311,aurora-2.3,2,0
2026-04-28T01:45:17+00:00,S101282,aurora-2.3,2,0
2026-04-28T01:47:08+00:00,S101337,aurora-2.3,1,0
2026-04-28T01:51:34+00:00,S101342,aurora-2.3,1,0
2026-04-28T01:57:59+00:00,S101302,aurora-2.3,2,0
2026-04-28T02:04:54+00:00,S101279,aurora-2.3,4,0
2026-04-28T02:16:17+00:00,S101315,aurora-2.3,1,0
2026-04-28T02:35:33+00:00,S101307,aurora-2.3,4,0
2026-04-28T02:36:11+00:00,S101294,aurora-2.3,1,1
2026-04-28T02:37:13+00:00,S101330,aurora-2.3,5,0
2026-04-28T02:38:14+00:00,S101345,aurora-2.3,1,0
2026-04-28T03:29:37+00:00,S101292,aurora-2.3,3,0
2026-04-28T03:40:15+00:00,S101339,aurora-2.3,1,0
2026-04-28T03:41:37+00:00,S101313,aurora-2.3,2,0
2026-04-28T03:47:34+00:00,S101321,aurora-2.3,3,0
2026-04-28T03:48:24+00:00,S101330,aurora-2.3,4,0
2026-04-28T03:51:58+00:00,S101346,aurora-2.3,3,0
2026-04-28T03:57:13+00:00,S101305,aurora-2.3,4,0
2026-04-28T04:13:59+00:00,S101337,aurora-2.3,4,0
2026-04-28T04:20:23+00:00,S101280,aurora-2.3,2,0
2026-04-28T04:29:33+00:00,S101309,aurora-2.3,2,1
2026-04-28T04:30:26+00:00,S101307,aurora-2.3,5,0
2026-04-28T04:31:09+00:00,S101279,aurora-2.3,1,0
2026-04-28T04:31:54+00:00,S101317,aurora-2.3,2,0
2026-04-28T04:36:46+00:00,S101326,aurora-2.3,4,0
2026-04-28T04:38:02+00:00,S101291,aurora-2.3,3,0
2026-04-28T04:39:33+00:00,S101275,aurora-2.3,5,0
2026-04-28T04:41:33+00:00,S101296,aurora-2.3,2,0
2026-04-28T04:49:01+00:00,S101295,aurora-2.3,2,0
2026-04-28T04:49:54+00:00,S101343,aurora-2.3,2,0
2026-04-28T04:57:30+00:00,S101337,aurora-2.3,3,0
2026-04-28T04:57:35+00:00,S101339,aurora-2.3,4,1
2026-04-28T05:08:14+00:00,S101298,aurora-2.3,2,0
2026-04-28T05:08:55+00:00,S101326,aurora-2.3,2,0
2026-04-28T05:26:09+00:00,S101283,aurora-2.3,3,0
2026-04-28T05:27:17+00:00,S101306,aurora-2.3,2,0
2026-04-28T05:34:11+00:00,S101345,aurora-2.3,5,0
2026-04-28T05:54:20+00:00,S101338,aurora-2.3,2,0
2026-04-28T05:58:37+00:00,S101342,aurora-2.3,4,0
2026-04-28T06:07:38+00:00,S101326,aurora-2.3,1,0
2026-04-28T06:10:18+00:00,S101331,aurora-2.3,2,0
2026-04-28T06:17:18+00:00,S101324,aurora-2.3,2,0
2026-04-28T06:17:24+00:00,S101316,aurora-2.3,1,1
2026-04-28T06:30:40+00:00,S101301,aurora-2.3,2,0
2026-04-28T06:36:49+00:00,S101330,aurora-2.3,3,0
2026-04-28T06:51:41+00:00,S101275,aurora-2.3,1,0
2026-04-28T07:05:14+00:00,S101339,aurora-2.3,5,0
2026-04-28T07:15:38+00:00,S101322,aurora-2.3,4,0
2026-04-28T07:18:05+00:00,S101290,aurora-2.3,3,0
2026-04-28T07:25:45+00:00,S101340,aurora-2.3,1,0
2026-04-28T07:33:45+00:00,S101302,aurora-2.3,1,0
2026-04-28T07:40:55+00:00,S101320,aurora-2.3,5,0
2026-04-28T07:41:07+00:00,S101315,aurora-2.3,4,0
2026-04-28T07:42:56+00:00,S101334,aurora-2.3,4,0
2026-04-28T07:42:57+00:00,S101276,aurora-2.3,3,0
2026-04-28T07:46:14+00:00,S101333,aurora-2.3,2,0
2026-04-28T08:00:54+00:00,S101305,aurora-2.3,3,0
2026-04-28T08:08:08+00:00,S101287,aurora-2.3,3,0
2026-04-28T08:08:37+00:00,S101305,aurora-2.3,2,0
2026-04-28T08:12:18+00:00,S101308,aurora-2.3,3,0
2026-04-28T08:16:12+00:00,S101277,aurora-2.3,3,0
2026-04-28T08:17:01+00:00,S101284,aurora-2.3,1,0
2026-04-28T08:25:58+00:00,S101278,aurora-2.3,3,0
2026-04-28T08:31:32+00:00,S101318,aurora-2.3,2,0
2026-04-28T08:33:52+00:00,S101293,aurora-2.3,2,0
2026-04-28T08:36:45+00:00,S101288,aurora-2.3,1,0
2026-04-28T08:36:48+00:00,S101341,aurora-2.3,1,0
2026-04-28T08:41:41+00:00,S101347,aurora-2.3,2,0
2026-04-28T08:41:49+00:00,S101336,aurora-2.3,5,0
2026-04-28T08:47:07+00:00,S101327,aurora-2.3,1,0
2026-04-28T08:47:48+00:00,S101294,aurora-2.3,4,0
2026-04-28T08:49:54+00:00,S101291,aurora-2.3,2,0
2026-04-28T08:53:14+00:00,S101339,aurora-2.3,3,0
2026-04-28T08:54:34+00:00,S101329,aurora-2.3,2,0
2026-04-28T09:00:50+00:00,S101285,aurora-2.3,2,0
2026-04-28T09:01:11+00:00,S101289,aurora-2.3,1,0
2026-04-28T09:02:38+00:00,S101306,aurora-2.3,3,0
2026-04-28T09:02:43+00:00,S101332,aurora-2.3,2,0
2026-04-28T09:03:12+00:00,S101283,aurora-2.3,2,0
2026-04-28T09:13:42+00:00,S101346,aurora-2.3,5,0
2026-04-28T09:23:25+00:00,S101312,aurora-2.3,3,0
2026-04-28T09:24:51+00:00,S101346,aurora-2.3,1,0
2026-04-28T09:27:18+00:00,S101325,aurora-2.3,1,0
2026-04-28T09:37:08+00:00,S101303,aurora-2.3,2,0
2026-04-28T09:37:27+00:00,S101292,aurora-2.3,2,0
2026-04-28T09:39:31+00:00,S101336,aurora-2.3,2,0
2026-04-28T09:44:26+00:00,S101314,aurora-2.3,1,0
2026-04-28T09:48:28+00:00,S101346,aurora-2.3,2,0
2026-04-28T09:48:32+00:00,S101287,aurora-2.3,4,0
2026-04-28T09:57:32+00:00,S101303,aurora-2.3,1,0
2026-04-28T10:01:31+00:00,S101286,aurora-2.3,1,0
2026-04-28T10:05:44+00:00,S101306,aurora-2.3,1,0
2026-04-28T10:13:08+00:00,S101281,aurora-2.3,2,0
2026-04-28T10:15:36+00:00,S101327,aurora-2.3,4,0
2026-04-28T10:18:54+00:00,S101333,aurora-2.3,3,0
2026-04-28T10:19:09+00:00,S101298,aurora-2.3,1,0
2026-04-28T10:28:19+00:00,S101342,aurora-2.3,3,0
2026-04-28T10:29:58+00:00,S101336,aurora-2.3,4,0
2026-04-28T10:34:44+00:00,S101294,aurora-2.3,2,0
2026-04-28T10:48:43+00:00,S101324,aurora-2.3,1,0
2026-04-28T10:56:10+00:00,S101311,aurora-2.3,3,0
2026-04-28T10:56:15+00:00,S101283,aurora-2.3,4,0
2026-04-28T10:58:29+00:00,S101319,aurora-2.3,1,0
2026-04-28T10:58:32+00:00,S101276,aurora-2.3,1,0
2026-04-28T11:01:26+00:00,S101318,aurora-2.3,1,0
2026-04-28T11:02:51+00:00,S101283,aurora-2.3,5,0
2026-04-28T11:10:01+00:00,S101325,aurora-2.3,2,0
2026-04-28T11:11:51+00:00,S101308,aurora-2.3,2,0
2026-04-28T11:17:18+00:00,S101326,aurora-2.3,3,0
2026-04-28T11:44:56+00:00,S101334,aurora-2.3,1,0
2026-04-28T11:48:40+00:00,S101320,aurora-2.3,3,0
2026-04-28T11:50:03+00:00,S101335,aurora-2.3,1,0
2026-04-28T11:50:46+00:00,S101317,aurora-2.3,1,0
2026-04-28T11:54:24+00:00,S101287,aurora-2.3,5,0
2026-04-28T11:56:06+00:00,S101291,aurora-2.3,1,0
2026-04-28T11:58:00+00:00,S101294,aurora-2.3,3,0
2026-04-28T12:20:37+00:00,S101301,aurora-2.3,4,0
2026-04-28T12:23:44+00:00,S101290,aurora-2.3,1,0
2026-04-28T12:25:32+00:00,S101282,aurora-2.3,1,0
2026-04-28T12:29:27+00:00,S101319,aurora-2.3,3,0
2026-04-28T12:39:32+00:00,S101276,aurora-2.3,4,0
2026-04-28T12:40:41+00:00,S101331,aurora-2.3,3,0
2026-04-28T12:49:32+00:00,S101322,aurora-2.3,2,0
2026-04-28T12:56:43+00:00,S101328,aurora-2.3,2,0
2026-04-28T13:14:15+00:00,S101341,aurora-2.3,2,0
2026-04-28T13:24:13+00:00,S101281,aurora-2.3,1,0
2026-04-28T13:24:43+00:00,S101334,aurora-2.3,2,0
2026-04-28T13:34:17+00:00,S101343,aurora-2.3,4,0
2026-04-28T13:42:39+00:00,S101299,aurora-2.3,2,0
2026-04-28T13:45:01+00:00,S101276,aurora-2.3,2,0
2026-04-28T13:49:55+00:00,S101339,aurora-2.3,2,0
2026-04-28T13:51:44+00:00,S101310,aurora-2.3,1,0
2026-04-28T13:59:17+00:00,S101316,aurora-2.3,2,0
2026-04-28T14:02:42+00:00,S101318,aurora-2.3,3,0
2026-04-28T14:07:07+00:00,S101323,aurora-2.3,2,0
2026-04-28T14:07:28+00:00,S101307,aurora-2.3,3,0
2026-04-28T14:09:15+00:00,S101290,aurora-2.3,4,0
2026-04-28T14:14:09+00:00,S101278,aurora-2.3,1,0
2026-04-28T14:20:36+00:00,S101320,aurora-2.3,1,0
2026-04-28T14:24:28+00:00,S101320,aurora-2.3,2,0
2026-04-28T14:35:12+00:00,S101314,aurora-2.3,2,0
2026-04-28T14:38:34+00:00,S101346,aurora-2.3,4,0
2026-04-28T14:49:22+00:00,S101300,aurora-2.3,1,0
2026-04-28T15:01:25+00:00,S101337,aurora-2.3,2,0
2026-04-28T15:17:07+00:00,S101277,aurora-2.3,1,0
2026-04-28T15:18:30+00:00,S101276,aurora-2.3,5,0
2026-04-28T15:49:47+00:00,S101290,aurora-2.3,2,0
2026-04-28T15:55:52+00:00,S101286,aurora-2.3,2,0
2026-04-28T15:59:52+00:00,S101330,aurora-2.3,1,0
2026-04-28T16:00:02+00:00,S101315,aurora-2.3,2,0
2026-04-28T16:05:41+00:00,S101333,aurora-2.3,4,0
2026-04-28T16:06:26+00:00,S101311,aurora-2.3,4,0
2026-04-28T16:25:08+00:00,S101309,aurora-2.3,1,0
2026-04-28T16:28:30+00:00,S101344,aurora-2.3,1,0
2026-04-28T16:34:50+00:00,S101304,aurora-2.3,1,0
2026-04-28T16:43:20+00:00,S101299,aurora-2.3,1,0
2026-04-28T16:50:25+00:00,S101330,aurora-2.3,2,0
2026-04-28T16:50:47+00:00,S101322,aurora-2.3,3,0
2026-04-28T16:51:22+00:00,S101314,aurora-2.3,3,0
2026-04-28T16:57:34+00:00,S101307,aurora-2.3,2,0
2026-04-28T17:16:38+00:00,S101292,aurora-2.3,5,0
2026-04-28T17:19:09+00:00,S101309,aurora-2.3,4,0
2026-04-28T17:21:47+00:00,S101304,aurora-2.3,2,0
2026-04-28T17:22:21+00:00,S101327,aurora-2.3,3,0
2026-04-28T17:37:32+00:00,S101286,aurora-2.3,3,1
2026-04-28T17:40:41+00:00,S101284,aurora-2.3,2,0
2026-04-28T17:43:05+00:00,S101312,aurora-2.3,2,0
2026-04-28T17:50:54+00:00,S101301,aurora-2.3,1,0
2026-04-28T17:57:10+00:00,S101347,aurora-2.3,1,0
2026-04-28T18:03:24+00:00,S101338,aurora-2.3,3,0
2026-04-28T18:06:03+00:00,S101332,aurora-2.3,1,0
2026-04-28T18:14:15+00:00,S101277,aurora-2.3,4,0
2026-04-28T18:16:49+00:00,S101310,aurora-2.3,2,0
2026-04-28T18:18:56+00:00,S101331,aurora-2.3,1,0
2026-04-28T18:20:31+00:00,S101338,aurora-2.3,1,0
2026-04-28T18:26:45+00:00,S101275,aurora-2.3,3,0
2026-04-28T18:28:25+00:00,S101321,aurora-2.3,2,0
2026-04-28T18:29:13+00:00,S101325,aurora-2.3,3,0
2026-04-28T18:37:38+00:00,S101308,aurora-2.3,1,0
2026-04-28T18:44:15+00:00,S101279,aurora-2.3,2,0
2026-04-28T18:44:20+00:00,S101321,aurora-2.3,1,0
2026-04-28T18:45:40+00:00,S101305,aurora-2.3,1,0
2026-04-28T18:46:12+00:00,S101329,aurora-2.3,3,0
2026-04-28T18:52:08+00:00,S101329,aurora-2.3,1,0
2026-04-28T18:53:21+00:00,S101319,aurora-2.3,2,0
2026-04-28T18:57:32+00:00,S101336,aurora-2.3,1,0
2026-04-28T19:06:23+00:00,S101297,aurora-2.3,2,0
2026-04-28T19:15:13+00:00,S101309,aurora-2.3,3,0
2026-04-28T19:49:29+00:00,S101300,aurora-2.3,3,0
2026-04-28T19:56:01+00:00,S101340,aurora-2.3,2,0
2026-04-28T19:56:38+00:00,S101343,aurora-2.3,3,0
2026-04-28T20:11:07+00:00,S101342,aurora-2.3,2,0
2026-04-28T20:11:43+00:00,S101336,aurora-2.3,3,0
2026-04-28T20:13:53+00:00,S101301,aurora-2.3,3,0
2026-04-28T20:14:48+00:00,S101318,aurora-2.3,4,0
2026-04-28T20:20:33+00:00,S101297,aurora-2.3,1,0
2026-04-28T20:24:13+00:00,S101320,aurora-2.3,4,0
2026-04-28T20:30:27+00:00,S101295,aurora-2.3,1,0
2026-04-28T20:33:48+00:00,S101327,aurora-2.3,2,0
2026-04-28T20:33:53+00:00,S101323,aurora-2.3,1,0
2026-04-28T20:42:16+00:00,S101287,aurora-2.3,2,0
2026-04-28T21:01:01+00:00,S101285,aurora-2.3,1,0
2026-04-28T21:01:39+00:00,S101344,aurora-2.3,2,0
2026-04-28T21:05:08+00:00,S101275,aurora-2.3,2,0
2026-04-28T21:08:31+00:00,S101278,aurora-2.3,2,0
2026-04-28T21:12:02+00:00,S101307,aurora-2.3,1,0
2026-04-28T21:18:59+00:00,S101322,aurora-2.3,1,0
2026-04-28T21:28:25+00:00,S101324,aurora-2.3,3,0
2026-04-28T21:30:58+00:00,S101343,aurora-2.3,1,0
2026-04-28T22:02:14+00:00,S101291,aurora-2.3,4,0
2026-04-28T22:03:27+00:00,S101283,aurora-2.3,1,0
2026-04-28T22:08:37+00:00,S101279,aurora-2.3,3,0
2026-04-28T22:25:36+00:00,S101296,aurora-2.3,3,0
2026-04-28T22:29:19+00:00,S101275,aurora-2.3,4,0
2026-04-28T22:31:50+00:00,S101300,aurora-2.3,2,0
2026-04-28T22:38:10+00:00,S101334,aurora-2.3,3,0
2026-04-28T22:42:58+00:00,S101311,aurora-2.3,1,0
2026-04-28T22:47:16+00:00,S101335,aurora-2.3,3,0
2026-04-28T22:59:33+00:00,S101291,aurora-2.3,5,0
2026-04-28T23:04:36+00:00,S101292,aurora-2.3,1,0
2026-04-28T23:09:11+00:00,S101335,aurora-2.3,2,0
2026-04-28T23:11:27+00:00,S101313,aurora-2.3,1,0
2026-04-28T23:14:56+00:00,S101293,aurora-2.3,1,0
2026-04-28T23:31:17+00:00,S101345,aurora-2.3,4,0
2026-04-28T23:42:21+00:00,S101345,aurora-2.3,3,0
2026-04-28T23:49:40+00:00,S101328,aurora-2.3,1,0
2026-04-28T23:51:41+00:00,S101333,aurora-2.3,1,0
2026-04-28T23:54:55+00:00,S101289,aurora-2.3,2,0
2026-04-29T00:06:21+00:00,S101348,aurora-2.3,3,0
2026-04-29T00:08:10+00:00,S101379,aurora-2.3,4,0
2026-04-29T00:10:15+00:00,S101383,aurora-2.3,3,0
2026-04-29T00:12:07+00:00,S101382,aurora-2.3,2,0
2026-04-29T00:17:15+00:00,S101361,aurora-2.3,3,0
2026-04-29T00:17:33+00:00,S101378,aurora-2.3,4,0
2026-04-29T00:27:01+00:00,S101398,aurora-2.3,2,0
2026-04-29T00:28:32+00:00,S101382,aurora-2.3,5,0
2026-04-29T00:28:53+00:00,S101395,aurora-2.3,5,0
2026-04-29T00:30:57+00:00,S101352,aurora-2.3,2,0
2026-04-29T00:37:44+00:00,S101387,aurora-2.3,2,0
2026-04-29T00:43:41+00:00,S101379,aurora-2.3,2,0
2026-04-29T00:45:56+00:00,S101349,aurora-2.3,3,0
2026-04-29T00:54:09+00:00,S101349,aurora-2.3,5,1
2026-04-29T01:06:25+00:00,S101396,aurora-2.3,4,0
2026-04-29T01:09:23+00:00,S101375,aurora-2.3,2,0
2026-04-29T01:26:34+00:00,S101403,aurora-2.3,2,0
2026-04-29T01:35:20+00:00,S101374,aurora-2.3,3,0
2026-04-29T01:35:56+00:00,S101374,aurora-2.3,1,0
2026-04-29T01:36:49+00:00,S101365,aurora-2.3,1,0
2026-04-29T01:37:04+00:00,S101399,aurora-2.3,1,0
2026-04-29T01:52:11+00:00,S101350,aurora-2.3,2,0
2026-04-29T02:05:05+00:00,S101351,aurora-2.3,2,0
2026-04-29T02:40:30+00:00,S101362,aurora-2.3,1,0
2026-04-29T02:41:54+00:00,S101376,aurora-2.3,2,0
2026-04-29T02:52:28+00:00,S101348,aurora-2.3,4,0
2026-04-29T03:03:33+00:00,S101351,aurora-2.3,4,0
2026-04-29T03:28:39+00:00,S101372,aurora-2.3,5,1
2026-04-29T03:37:14+00:00,S101364,aurora-2.3,1,0
2026-04-29T03:56:40+00:00,S101380,aurora-2.3,5,0
2026-04-29T03:57:25+00:00,S101363,aurora-2.3,2,0
2026-04-29T04:04:42+00:00,S101401,aurora-2.3,1,0
2026-04-29T04:15:36+00:00,S101386,aurora-2.3,4,0
2026-04-29T04:18:59+00:00,S101372,aurora-2.3,4,0
2026-04-29T04:21:56+00:00,S101366,aurora-2.3,2,0
2026-04-29T04:31:50+00:00,S101360,aurora-2.3,2,0
2026-04-29T04:41:32+00:00,S101372,aurora-2.3,3,0
2026-04-29T04:51:16+00:00,S101367,aurora-2.3,4,1
2026-04-29T04:51:24+00:00,S101349,aurora-2.3,1,1
2026-04-29T04:52:47+00:00,S101378,aurora-2.3,3,0
2026-04-29T04:59:56+00:00,S101351,aurora-2.3,1,0
2026-04-29T05:00:27+00:00,S101358,aurora-2.3,2,0
2026-04-29T05:36:35+00:00,S101400,aurora-2.3,1,0
2026-04-29T05:48:16+00:00,S101376,aurora-2.3,3,0
2026-04-29T05:54:50+00:00,S101392,aurora-2.3,3,1
2026-04-29T05:59:21+00:00,S101398,aurora-2.3,4,0
2026-04-29T06:01:14+00:00,S101373,aurora-2.3,2,0
2026-04-29T06:01:21+00:00,S101355,aurora-2.3,2,0
2026-04-29T06:02:24+00:00,S101350,aurora-2.3,5,0
2026-04-29T06:07:05+00:00,S101383,aurora-2.3,1,0
2026-04-29T06:08:33+00:00,S101357,aurora-2.3,2,0
2026-04-29T06:10:01+00:00,S101395,aurora-2.3,4,0
2026-04-29T06:16:11+00:00,S101351,aurora-2.3,3,0
2026-04-29T06:24:07+00:00,S101396,aurora-2.3,1,1
2026-04-29T06:47:14+00:00,S101396,aurora-2.3,5,0
2026-04-29T06:54:27+00:00,S101381,aurora-2.3,2,0
2026-04-29T07:00:31+00:00,S101364,aurora-2.3,4,1
2026-04-29T07:01:04+00:00,S101378,aurora-2.3,1,0
2026-04-29T07:09:36+00:00,S101380,aurora-2.3,2,0
2026-04-29T07:17:54+00:00,S101369,aurora-2.3,2,0
2026-04-29T07:51:51+00:00,S101360,aurora-2.3,4,0
2026-04-29T07:51:54+00:00,S101393,aurora-2.3,1,1
2026-04-29T08:00:41+00:00,S101390,aurora-2.3,1,0
2026-04-29T08:06:25+00:00,S101395,aurora-2.3,2,1
2026-04-29T08:08:06+00:00,S101360,aurora-2.3,5,0
2026-04-29T08:29:09+00:00,S101397,aurora-2.3,2,0
2026-04-29T08:29:12+00:00,S101372,aurora-2.3,2,0
2026-04-29T08:34:01+00:00,S101371,aurora-2.3,2,0
2026-04-29T08:42:54+00:00,S101402,aurora-2.3,2,0
2026-04-29T08:45:57+00:00,S101379,aurora-2.3,1,0
2026-04-29T08:51:29+00:00,S101385,aurora-2.3,4,0
2026-04-29T08:52:29+00:00,S101387,aurora-2.3,1,0
2026-04-29T08:53:08+00:00,S101357,aurora-2.3,1,0
2026-04-29T08:53:31+00:00,S101377,aurora-2.3,2,0
2026-04-29T08:55:24+00:00,S101368,aurora-2.3,1,0
2026-04-29T08:57:59+00:00,S101348,aurora-2.3,2,0
2026-04-29T08:58:30+00:00,S101364,aurora-2.3,3,0
2026-04-29T09:03:14+00:00,S101402,aurora-2.3,1,0
2026-04-29T09:04:52+00:00,S101372,aurora-2.3,1,0
2026-04-29T09:06:59+00:00,S101396,aurora-2.3,2,0
2026-04-29T09:10:32+00:00,S101350,aurora-2.3,3,0
2026-04-29T09:17:26+00:00,S101389,aurora-2.3,1,0
2026-04-29T09:23:45+00:00,S101399,aurora-2.3,4,1
2026-04-29T09:29:07+00:00,S101396,aurora-2.3,3,0
2026-04-29T09:44:11+00:00,S101358,aurora-2.3,3,0
2026-04-29T09:58:46+00:00,S101392,aurora-2.3,1,0
2026-04-29T10:37:22+00:00,S101390,aurora-2.3,3,0
2026-04-29T10:38:20+00:00,S101365,aurora-2.3,2,1
2026-04-29T10:54:51+00:00,S101398,aurora-2.3,1,0
2026-04-29T11:03:28+00:00,S101370,aurora-2.3,2,0
2026-04-29T11:18:11+00:00,S101353,aurora-2.3,1,0
2026-04-29T11:18:46+00:00,S101394,aurora-2.3,1,0
2026-04-29T11:22:59+00:00,S101357,aurora-2.3,4,0
2026-04-29T11:31:40+00:00,S101363,aurora-2.3,1,0
2026-04-29T11:32:35+00:00,S101384,aurora-2.3,2,0
2026-04-29T11:36:12+00:00,S101375,aurora-2.3,1,0
2026-04-29T11:43:51+00:00,S101389,aurora-2.3,3,0
2026-04-29T11:52:47+00:00,S101390,aurora-2.3,2,0
2026-04-29T11:57:29+00:00,S101374,aurora-2.3,4,0
2026-04-29T12:35:00+00:00,S101391,aurora-2.3,2,0
2026-04-29T12:36:35+00:00,S101402,aurora-2.3,3,0
2026-04-29T12:46:27+00:00,S101386,aurora-2.3,1,0
2026-04-29T12:52:58+00:00,S101360,aurora-2.3,1,0
2026-04-29T13:09:57+00:00,S101401,aurora-2.3,2,0
2026-04-29T13:24:35+00:00,S101398,aurora-2.3,3,0
2026-04-29T13:35:01+00:00,S101362,aurora-2.3,3,0
2026-04-29T13:36:58+00:00,S101388,aurora-2.3,5,1
2026-04-29T13:42:40+00:00,S101362,aurora-2.3,2,1
2026-04-29T14:04:36+00:00,S101357,aurora-2.3,5,0
2026-04-29T14:10:29+00:00,S101358,aurora-2.3,1,0
2026-04-29T14:12:17+00:00,S101382,aurora-2.3,3,0
2026-04-29T14:18:51+00:00,S101402,aurora-2.3,5,0
2026-04-29T14:42:01+00:00,S101388,aurora-2.3,2,0
2026-04-29T14:43:00+00:00,S101393,aurora-2.3,2,0
2026-04-29T14:57:13+00:00,S101378,aurora-2.3,2,0
2026-04-29T15:00:56+00:00,S101384,aurora-2.3,1,0
2026-04-29T15:03:19+00:00,S101359,aurora-2.3,2,0
2026-04-29T15:07:59+00:00,S101350,aurora-2.3,4,1
2026-04-29T15:08:39+00:00,S101349,aurora-2.3,4,0
2026-04-29T15:10:33+00:00,S101373,aurora-2.3,3,0
2026-04-29T15:22:49+00:00,S101353,aurora-2.3,2,1
2026-04-29T15:27:45+00:00,S101361,aurora-2.3,1,0
2026-04-29T15:35:09+00:00,S101368,aurora-2.3,2,1
2026-04-29T15:48:00+00:00,S101386,aurora-2.3,2,0
2026-04-29T15:53:38+00:00,S101402,aurora-2.3,4,0
2026-04-29T16:01:43+00:00,S101374,aurora-2.3,2,0
2026-04-29T16:05:21+00:00,S101380,aurora-2.3,1,0
2026-04-29T16:05:32+00:00,S101367,aurora-2.3,1,1
2026-04-29T16:05:48+00:00,S101382,aurora-2.3,4,0
2026-04-29T16:30:10+00:00,S101399,aurora-2.3,3,0
2026-04-29T16:48:05+00:00,S101354,aurora-2.3,1,0
2026-04-29T16:57:48+00:00,S101355,aurora-2.3,1,0
2026-04-29T17:09:14+00:00,S101359,aurora-2.3,4,0
2026-04-29T17:11:00+00:00,S101388,aurora-2.3,4,0
2026-04-29T17:22:13+00:00,S101352,aurora-2.3,1,0
2026-04-29T17:27:05+00:00,S101403,aurora-2.3,1,0
2026-04-29T17:30:27+00:00,S101360,aurora-2.3,3,0
2026-04-29T17:34:34+00:00,S101350,aurora-2.3,1,0
2026-04-29T17:40:29+00:00,S101373,aurora-2.3,1,0
2026-04-29T17:48:49+00:00,S101367,aurora-2.3,2,0
2026-04-29T18:01:14+00:00,S101356,aurora-2.3,2,0
2026-04-29T18:13:02+00:00,S101371,aurora-2.3,1,0
2026-04-29T18:17:23+00:00,S101378,aurora-2.3,5,0
2026-04-29T18:17:48+00:00,S101397,aurora-2.3,3,0
2026-04-29T18:20:42+00:00,S101388,aurora-2.3,1,0
2026-04-29T18:30:06+00:00,S101365,aurora-2.3,3,0
2026-04-29T18:39:09+00:00,S101366,aurora-2.3,1,0
2026-04-29T18:44:23+00:00,S101394,aurora-2.3,2,1
2026-04-29T18:45:20+00:00,S101357,aurora-2.3,3,0
2026-04-29T18:53:22+00:00,S101359,aurora-2.3,3,0
2026-04-29T19:12:56+00:00,S101391,aurora-2.3,1,0
2026-04-29T19:15:25+00:00,S101397,aurora-2.3,1,0
2026-04-29T19:19:02+00:00,S101376,aurora-2.3,1,0
2026-04-29T19:27:46+00:00,S101359,aurora-2.3,1,0
2026-04-29T19:31:03+00:00,S101377,aurora-2.3,3,0
2026-04-29T19:36:41+00:00,S101355,aurora-2.3,5,0
2026-04-29T19:40:46+00:00,S101361,aurora-2.3,2,0
2026-04-29T19:44:58+00:00,S101380,aurora-2.3,4,0
2026-04-29T19:56:01+00:00,S101356,aurora-2.3,1,0
2026-04-29T19:57:41+00:00,S101354,aurora-2.3,2,0
2026-04-29T19:58:11+00:00,S101377,aurora-2.3,1,0
2026-04-29T20:16:45+00:00,S101399,aurora-2.3,2,0
2026-04-29T20:23:51+00:00,S101395,aurora-2.3,3,0
2026-04-29T20:38:20+00:00,S101367,aurora-2.3,3,0
2026-04-29T20:41:51+00:00,S101389,aurora-2.3,2,0
2026-04-29T20:43:24+00:00,S101353,aurora-2.3,3,0
2026-04-29T20:58:07+00:00,S101403,aurora-2.3,3,0
2026-04-29T21:06:55+00:00,S101379,aurora-2.3,3,0
2026-04-29T21:12:15+00:00,S101382,aurora-2.3,1,0
2026-04-29T21:20:24+00:00,S101385,aurora-2.3,1,0
2026-04-29T21:21:37+00:00,S101355,aurora-2.3,4,1
2026-04-29T21:24:44+00:00,S101395,aurora-2.3,1,0
2026-04-29T21:26:48+00:00,S101388,aurora-2.3,3,0
2026-04-29T21:27:37+00:00,S101400,aurora-2.3,2,0
2026-04-29T21:30:35+00:00,S101349,aurora-2.3,2,0
2026-04-29T21:30:37+00:00,S101393,aurora-2.3,3,0
2026-04-29T21:39:15+00:00,S101381,aurora-2.3,1,0
2026-04-29T21:42:02+00:00,S101355,aurora-2.3,3,1
2026-04-29T21:54:04+00:00,S101385,aurora-2.3,2,0
2026-04-29T21:54:32+00:00,S101352,aurora-2.3,3,0
2026-04-29T21:56:00+00:00,S101383,aurora-2.3,2,0
2026-04-29T22:06:56+00:00,S101377,aurora-2.3,4,0
2026-04-29T22:09:46+00:00,S101386,aurora-2.3,3,0
2026-04-29T22:09:57+00:00,S101394,aurora-2.3,3,0
2026-04-29T22:21:25+00:00,S101370,aurora-2.3,1,0
2026-04-29T22:23:10+00:00,S101348,aurora-2.3,1,0
2026-04-29T22:49:33+00:00,S101380,aurora-2.3,3,0
2026-04-29T23:21:42+00:00,S101354,aurora-2.3,3,0
2026-04-29T23:25:04+00:00,S101369,aurora-2.3,1,1
2026-04-29T23:36:12+00:00,S101364,aurora-2.3,2,0
2026-04-29T23:50:59+00:00,S101392,aurora-2.3,2,0
2026-04-29T23:52:47+00:00,S101358,aurora-2.3,4,0
2026-04-29T23:57:22+00:00,S101385,aurora-2.3,3,1
2026-04-30T00:23:39+00:00,S101457,aurora-2.3,3,0
2026-04-30T00:29:45+00:00,S101454,aurora-2.3,1,1
2026-04-30T00:39:45+00:00,S101450,aurora-2.3,2,1
2026-04-30T00:51:18+00:00,S101439,aurora-2.3,1,0
2026-04-30T01:02:07+00:00,S101428,aurora-2.3,2,1
2026-04-30T01:25:36+00:00,S101461,aurora-2.3,3,0
2026-04-30T01:31:49+00:00,S101444,aurora-2.3,1,0
2026-04-30T01:49:28+00:00,S101450,aurora-2.3,1,0
2026-04-30T01:51:15+00:00,S101435,aurora-2.3,1,0
2026-04-30T01:56:13+00:00,S101424,aurora-2.3,2,0
2026-04-30T01:59:24+00:00,S101455,aurora-2.3,1,0
2026-04-30T02:00:20+00:00,S101434,aurora-2.3,3,0
2026-04-30T02:09:34+00:00,S101423,aurora-2.3,1,0
2026-04-30T02:18:47+00:00,S101426,aurora-2.3,2,0
2026-04-30T02:34:48+00:00,S101413,aurora-2.3,2,0
2026-04-30T02:35:53+00:00,S101413,aurora-2.3,5,0
2026-04-30T02:36:01+00:00,S101412,aurora-2.3,4,0
2026-04-30T02:40:34+00:00,S101460,aurora-2.3,3,0
2026-04-30T02:44:23+00:00,S101425,aurora-2.3,2,0
2026-04-30T02:45:36+00:00,S101423,aurora-2.3,2,0
2026-04-30T02:50:12+00:00,S101416,aurora-2.3,1,0
2026-04-30T02:56:02+00:00,S101405,aurora-2.3,3,0
2026-04-30T02:58:24+00:00,S101431,aurora-2.3,1,0
2026-04-30T03:02:20+00:00,S101412,aurora-2.3,3,0
2026-04-30T03:04:59+00:00,S101427,aurora-2.3,1,0
2026-04-30T03:13:36+00:00,S101451,aurora-2.3,2,0
2026-04-30T03:14:23+00:00,S101445,aurora-2.3,1,0
2026-04-30T03:14:48+00:00,S101424,aurora-2.3,5,0
2026-04-30T03:16:02+00:00,S101461,aurora-2.3,1,0
2026-04-30T03:20:04+00:00,S101458,aurora-2.3,2,0
2026-04-30T03:24:34+00:00,S101439,aurora-2.3,2,0
2026-04-30T03:28:06+00:00,S101457,aurora-2.3,1,0
2026-04-30T03:31:58+00:00,S101456,aurora-2.3,3,0
2026-04-30T03:43:04+00:00,S101459,aurora-2.3,3,0
2026-04-30T03:47:14+00:00,S101459,aurora-2.3,2,1
2026-04-30T03:56:39+00:00,S101420,aurora-2.3,3,0
2026-04-30T04:03:29+00:00,S101436,aurora-2.3,4,0
2026-04-30T04:07:31+00:00,S101450,aurora-2.3,3,1
2026-04-30T04:20:32+00:00,S101405,aurora-2.3,4,0
2026-04-30T04:31:26+00:00,S101463,aurora-2.3,5,0
2026-04-30T04:32:20+00:00,S101437,aurora-2.3,1,0
2026-04-30T04:41:57+00:00,S101465,aurora-2.3,3,0
2026-04-30T04:59:49+00:00,S101462,aurora-2.3,2,0
2026-04-30T05:20:12+00:00,S101418,aurora-2.3,3,0
2026-04-30T05:24:45+00:00,S101411,aurora-2.3,1,0
2026-04-30T05:41:30+00:00,S101459,aurora-2.3,4,0
2026-04-30T05:41:52+00:00,S101445,aurora-2.3,2,0
2026-04-30T05:45:59+00:00,S101450,aurora-2.3,5,0
2026-04-30T05:55:47+00:00,S101426,aurora-2.3,3,1
2026-04-30T06:04:13+00:00,S101406,aurora-2.3,2,0
2026-04-30T06:24:04+00:00,S101433,aurora-2.3,4,0
2026-04-30T06:25:54+00:00,S101463,aurora-2.3,1,0
2026-04-30T06:42:47+00:00,S101443,aurora-2.3,3,0
2026-04-30T06:43:23+00:00,S101447,aurora-2.3,1,0
2026-04-30T06:44:07+00:00,S101424,aurora-2.3,4,0
2026-04-30T06:53:58+00:00,S101404,aurora-2.3,1,0
2026-04-30T06:57:21+00:00,S101453,aurora-2.3,3,0
2026-04-30T06:58:41+00:00,S101446,aurora-2.3,3,0
2026-04-30T07:11:12+00:00,S101437,aurora-2.3,3,0
2026-04-30T07:13:31+00:00,S101404,aurora-2.3,3,0
2026-04-30T07:24:09+00:00,S101434,aurora-2.3,1,0
2026-04-30T07:24:26+00:00,S101438,aurora-2.3,2,0
2026-04-30T07:26:41+00:00,S101429,aurora-2.3,2,0
2026-04-30T07:28:34+00:00,S101455,aurora-2.3,2,1
2026-04-30T07:42:47+00:00,S101432,aurora-2.3,1,0
2026-04-30T08:08:34+00:00,S101412,aurora-2.3,2,0
2026-04-30T08:25:14+00:00,S101413,aurora-2.3,1,0
2026-04-30T08:32:55+00:00,S101431,aurora-2.3,4,0
2026-04-30T09:00:00+00:00,S101448,aurora-2.3,1,0
2026-04-30T09:00:26+00:00,S101452,aurora-2.3,2,0
2026-04-30T09:07:45+00:00,S101409,aurora-2.3,3,0
2026-04-30T09:12:53+00:00,S101418,aurora-2.3,1,0
2026-04-30T09:22:58+00:00,S101417,aurora-2.3,2,0
2026-04-30T09:39:16+00:00,S101422,aurora-2.3,1,0
2026-04-30T09:46:13+00:00,S101465,aurora-2.3,1,0
2026-04-30T09:46:43+00:00,S101406,aurora-2.3,4,0
2026-04-30T09:47:27+00:00,S101458,aurora-2.3,1,0
2026-04-30T10:03:39+00:00,S101464,aurora-2.3,3,0
2026-04-30T10:05:34+00:00,S101429,aurora-2.3,1,0
2026-04-30T10:14:32+00:00,S101462,aurora-2.3,1,0
2026-04-30T10:29:36+00:00,S101459,aurora-2.3,1,0
2026-04-30T10:32:59+00:00,S101436,aurora-2.3,3,0
2026-04-30T10:36:14+00:00,S101430,aurora-2.3,1,0
2026-04-30T10:50:15+00:00,S101449,aurora-2.3,2,0
2026-04-30T10:55:58+00:00,S101447,aurora-2.3,2,0
2026-04-30T11:05:42+00:00,S101441,aurora-2.3,1,0
2026-04-30T11:13:04+00:00,S101446,aurora-2.3,2,0
2026-04-30T11:14:14+00:00,S101435,aurora-2.3,3,0
2026-04-30T11:17:07+00:00,S101451,aurora-2.3,1,0
2026-04-30T11:17:13+00:00,S101444,aurora-2.3,2,0
2026-04-30T11:37:00+00:00,S101444,aurora-2.3,3,0
2026-04-30T11:39:53+00:00,S101450,aurora-2.3,4,0
2026-04-30T11:41:38+00:00,S101467,aurora-2.3,1,0
2026-04-30T11:43:52+00:00,S101420,aurora-2.3,4,0
2026-04-30T12:06:42+00:00,S101415,aurora-2.3,2,0
2026-04-30T12:11:20+00:00,S101457,aurora-2.3,4,0
2026-04-30T12:12:03+00:00,S101430,aurora-2.3,2,0
2026-04-30T12:22:27+00:00,S101449,aurora-2.3,1,0
2026-04-30T12:23:01+00:00,S101431,aurora-2.3,5,0
2026-04-30T12:24:14+00:00,S101464,aurora-2.3,2,0
2026-04-30T12:31:01+00:00,S101418,aurora-2.3,2,0
2026-04-30T12:32:00+00:00,S101429,aurora-2.3,3,0
2026-04-30T12:41:28+00:00,S101461,aurora-2.3,2,0
2026-04-30T12:42:43+00:00,S101436,aurora-2.3,2,0
2026-04-30T12:46:06+00:00,S101443,aurora-2.3,2,0
2026-04-30T12:55:28+00:00,S101455,aurora-2.3,4,0
2026-04-30T12:59:02+00:00,S101424,aurora-2.3,1,0
2026-04-30T13:25:36+00:00,S101434,aurora-2.3,2,0
2026-04-30T13:30:17+00:00,S101456,aurora-2.3,2,0
2026-04-30T13:39:18+00:00,S101408,aurora-2.3,3,0
2026-04-30T13:40:47+00:00,S101464,aurora-2.3,1,0
2026-04-30T13:58:24+00:00,S101409,aurora-2.3,1,0
2026-04-30T13:59:11+00:00,S101433,aurora-2.3,1,0
2026-04-30T13:59:22+00:00,S101467,aurora-2.3,2,0
2026-04-30T14:23:50+00:00,S101453,aurora-2.3,2,0
2026-04-30T14:29:42+00:00,S101452,aurora-2.3,5,0
2026-04-30T14:39:07+00:00,S101411,aurora-2.3,2,0
2026-04-30T14:48:30+00:00,S101466,aurora-2.3,1,0
2026-04-30T15:01:23+00:00,S101427,aurora-2.3,2,0
2026-04-30T15:11:29+00:00,S101432,aurora-2.3,2,0
2026-04-30T15:25:28+00:00,S101455,aurora-2.3,3,0
2026-04-30T15:29:16+00:00,S101426,aurora-2.3,1,0
2026-04-30T15:33:16+00:00,S101441,aurora-2.3,2,0
2026-04-30T15:51:35+00:00,S101406,aurora-2.3,1,0
2026-04-30T15:56:53+00:00,S101421,aurora-2.3,1,0
2026-04-30T16:21:23+00:00,S101442,aurora-2.3,1,0
2026-04-30T16:22:57+00:00,S101410,aurora-2.3,1,0
2026-04-30T16:23:14+00:00,S101413,aurora-2.3,4,0
2026-04-30T16:24:45+00:00,S101443,aurora-2.3,4,0
2026-04-30T16:25:16+00:00,S101431,aurora-2.3,3,0
2026-04-30T16:43:57+00:00,S101442,aurora-2.3,3,0
2026-04-30T16:46:15+00:00,S101448,aurora-2.3,2,1
2026-04-30T16:51:14+00:00,S101443,aurora-2.3,1,0
2026-04-30T16:56:46+00:00,S101447,aurora-2.3,3,1
2026-04-30T17:00:19+00:00,S101418,aurora-2.3,4,1
2026-04-30T17:02:11+00:00,S101452,aurora-2.3,1,0
2026-04-30T17:12:57+00:00,S101431,aurora-2.3,2,0
2026-04-30T17:14:46+00:00,S101410,aurora-2.3,2,0
2026-04-30T17:30:51+00:00,S101416,aurora-2.3,3,0
2026-04-30T17:32:24+00:00,S101465,aurora-2.3,4,0
2026-04-30T17:43:05+00:00,S101409,aurora-2.3,2,0
2026-04-30T17:44:46+00:00,S101436,aurora-2.3,1,0
2026-04-30T17:49:33+00:00,S101408,aurora-2.3,2,0
2026-04-30T17:54:25+00:00,S101452,aurora-2.3,4,0
2026-04-30T18:01:30+00:00,S101405,aurora-2.3,2,0
2026-04-30T18:02:11+00:00,S101465,aurora-2.3,2,0
2026-04-30T18:06:59+00:00,S101454,aurora-2.3,2,0
2026-04-30T18:28:59+00:00,S101419,aurora-2.3,1,0
2026-04-30T18:40:03+00:00,S101422,aurora-2.3,3,0
2026-04-30T18:49:14+00:00,S101442,aurora-2.3,4,0
2026-04-30T18:57:29+00:00,S101426,aurora-2.3,4,0
2026-04-30T18:57:34+00:00,S101466,aurora-2.3,2,1
2026-04-30T19:10:40+00:00,S101463,aurora-2.3,3,0
2026-04-30T19:14:19+00:00,S101456,aurora-2.3,4,0
2026-04-30T19:21:19+00:00,S101435,aurora-2.3,2,0
2026-04-30T19:23:19+00:00,S101434,aurora-2.3,4,0
2026-04-30T19:25:57+00:00,S101414,aurora-2.3,1,0
2026-04-30T19:29:07+00:00,S101452,aurora-2.3,3,0
2026-04-30T19:31:15+00:00,S101440,aurora-2.3,1,0
2026-04-30T19:39:53+00:00,S101406,aurora-2.3,5,0
2026-04-30T19:41:13+00:00,S101416,aurora-2.3,2,0
2026-04-30T19:52:53+00:00,S101438,aurora-2.3,1,0
2026-04-30T20:03:59+00:00,S101424,aurora-2.3,3,0
2026-04-30T20:08:00+00:00,S101437,aurora-2.3,2,0
2026-04-30T20:14:50+00:00,S101415,aurora-2.3,1,0
2026-04-30T20:23:45+00:00,S101460,aurora-2.3,2,0
2026-04-30T20:35:17+00:00,S101460,aurora-2.3,1,0
2026-04-30T20:36:54+00:00,S101433,aurora-2.3,3,0
2026-04-30T20:43:13+00:00,S101407,aurora-2.3,1,0
2026-04-30T20:54:58+00:00,S101405,aurora-2.3,1,0
2026-04-30T20:57:16+00:00,S101420,aurora-2.3,2,0
2026-04-30T21:04:12+00:00,S101457,aurora-2.3,2,0
2026-04-30T21:04:34+00:00,S101419,aurora-2.3,2,0
2026-04-30T21:10:56+00:00,S101433,aurora-2.3,2,0
2026-04-30T21:17:43+00:00,S101464,aurora-2.3,4,0
2026-04-30T21:18:34+00:00,S101428,aurora-2.3,1,0
2026-04-30T21:19:12+00:00,S101463,aurora-2.3,4,0
2026-04-30T21:29:33+00:00,S101453,aurora-2.3,1,0
2026-04-30T21:34:26+00:00,S101421,aurora-2.3,2,0
2026-04-30T21:39:50+00:00,S101435,aurora-2.3,5,0
2026-04-30T21:47:35+00:00,S101456,aurora-2.3,1,0
2026-04-30T21:51:38+00:00,S101408,aurora-2.3,1,0
2026-04-30T21:52:30+00:00,S101428,aurora-2.3,3,0
2026-04-30T22:05:20+00:00,S101417,aurora-2.3,1,0
2026-04-30T22:08:45+00:00,S101404,aurora-2.3,2,0
2026-04-30T22:08:57+00:00,S101435,aurora-2.3,4,1
2026-04-30T22:10:35+00:00,S101442,aurora-2.3,2,0
2026-04-30T22:11:49+00:00,S101443,aurora-2.3,5,0
2026-04-30T22:17:33+00:00,S101463,aurora-2.3,2,0
2026-04-30T22:18:41+00:00,S101446,aurora-2.3,1,0
2026-04-30T22:22:38+00:00,S101411,aurora-2.3,3,0
2026-04-30T22:25:31+00:00,S101440,aurora-2.3,2,0
2026-04-30T22:45:29+00:00,S101426,aurora-2.3,5,0
2026-04-30T23:02:19+00:00,S101407,aurora-2.3,2,0
2026-04-30T23:08:47+00:00,S101420,aurora-2.3,1,0
2026-04-30T23:11:27+00:00,S101425,aurora-2.3,1,0
2026-04-30T23:18:16+00:00,S101413,aurora-2.3,3,0
2026-04-30T23:24:10+00:00,S101412,aurora-2.3,1,0
2026-04-30T23:30:48+00:00,S101414,aurora-2.3,2,0
2026-04-30T23:33:31+00:00,S101422,aurora-2.3,2,1
2026-04-30T23:42:55+00:00,S101406,aurora-2.3,3,0
2026-05-01T00:03:42+00:00,S101486,aurora-2.3,3,0
2026-05-01T00:06:22+00:00,S101470,aurora-2.3,1,0
2026-05-01T00:09:03+00:00,S101530,aurora-2.3,4,0
2026-05-01T00:14:32+00:00,S101532,aurora-2.3,2,0
2026-05-01T00:17:08+00:00,S101492,aurora-2.3,1,0
2026-05-01T00:24:23+00:00,S101508,aurora-2.3,1,0
2026-05-01T00:32:27+00:00,S101530,aurora-2.3,3,0
2026-05-01T00:32:41+00:00,S101475,aurora-2.3,4,0
2026-05-01T00:34:33+00:00,S101481,aurora-2.3,1,0
2026-05-01T00:36:31+00:00,S101480,aurora-2.3,3,0
2026-05-01T00:40:54+00:00,S101501,aurora-2.3,2,0
2026-05-01T00:47:22+00:00,S101493,aurora-2.3,1,0
2026-05-01T00:52:20+00:00,S101524,aurora-2.3,2,0
2026-05-01T01:00:08+00:00,S101503,aurora-2.3,2,0
2026-05-01T01:04:03+00:00,S101524,aurora-2.3,1,0
2026-05-01T01:05:14+00:00,S101498,aurora-2.3,3,0
2026-05-01T01:09:15+00:00,S101480,aurora-2.3,4,0
2026-05-01T01:16:21+00:00,S101487,aurora-2.3,2,0
2026-05-01T01:22:43+00:00,S101514,aurora-2.3,5,0
2026-05-01T01:32:31+00:00,S101527,aurora-2.3,1,0
2026-05-01T01:33:28+00:00,S101528,aurora-2.3,4,0
2026-05-01T01:40:03+00:00,S101482,aurora-2.3,2,0
2026-05-01T01:53:01+00:00,S101510,aurora-2.3,2,0
2026-05-01T02:03:32+00:00,S101491,aurora-2.3,3,0
2026-05-01T02:07:42+00:00,S101500,aurora-2.3,2,0
2026-05-01T02:09:05+00:00,S101517,aurora-2.3,4,0
2026-05-01T02:11:23+00:00,S101528,aurora-2.3,2,0
2026-05-01T02:11:39+00:00,S101495,aurora-2.3,2,0
2026-05-01T02:12:17+00:00,S101504,aurora-2.3,1,0
2026-05-01T02:12:33+00:00,S101470,aurora-2.3,4,0
2026-05-01T02:15:21+00:00,S101472,aurora-2.3,2,0
2026-05-01T02:20:58+00:00,S101519,aurora-2.3,4,0
2026-05-01T02:22:52+00:00,S101504,aurora-2.3,2,0
2026-05-01T02:23:20+00:00,S101481,aurora-2.3,3,0
2026-05-01T02:25:42+00:00,S101483,aurora-2.3,3,0
2026-05-01T02:32:07+00:00,S101473,aurora-2.3,2,0
2026-05-01T02:39:05+00:00,S101510,aurora-2.3,1,0
2026-05-01T03:12:24+00:00,S101511,aurora-2.3,1,0
2026-05-01T03:37:00+00:00,S101530,aurora-2.3,5,0
2026-05-01T03:43:33+00:00,S101494,aurora-2.3,1,0
2026-05-01T03:46:13+00:00,S101508,aurora-2.3,2,0
2026-05-01T03:48:25+00:00,S101489,aurora-2.3,3,0
2026-05-01T04:00:23+00:00,S101475,aurora-2.3,5,0
2026-05-01T04:05:36+00:00,S101474,aurora-2.3,1,0
2026-05-01T04:09:42+00:00,S101479,aurora-2.3,1,0
2026-05-01T04:16:55+00:00,S101481,aurora-2.3,2,0
2026-05-01T04:19:49+00:00,S101509,aurora-2.3,1,0
2026-05-01T04:33:37+00:00,S101494,aurora-2.3,3,0
2026-05-01T04:33:48+00:00,S101470,aurora-2.3,5,1
2026-05-01T04:41:23+00:00,S101531,aurora-2.3,1,0
2026-05-01T04:42:26+00:00,S101472,aurora-2.3,3,0
2026-05-01T04:55:46+00:00,S101512,aurora-2.3,2,0
2026-05-01T05:03:41+00:00,S101514,aurora-2.3,4,0
2026-05-01T05:07:41+00:00,S101507,aurora-2.3,4,0
2026-05-01T05:14:28+00:00,S101518,aurora-2.3,5,0
2026-05-01T05:19:20+00:00,S101505,aurora-2.3,1,0
2026-05-01T05:25:50+00:00,S101486,aurora-2.3,4,0
2026-05-01T05:28:37+00:00,S101507,aurora-2.3,2,0
2026-05-01T05:33:53+00:00,S101512,aurora-2.3,1,0
2026-05-01T05:35:06+00:00,S101473,aurora-2.3,1,0
2026-05-01T05:53:07+00:00,S101491,aurora-2.3,1,0
2026-05-01T05:54:44+00:00,S101474,aurora-2.3,5,0
2026-05-01T06:01:16+00:00,S101506,aurora-2.3,2,0
2026-05-01T06:02:25+00:00,S101473,aurora-2.3,3,0
2026-05-01T06:06:14+00:00,S101516,aurora-2.3,2,0
2026-05-01T06:16:30+00:00,S101471,aurora-2.3,2,0
2026-05-01T06:32:15+00:00,S101480,aurora-2.3,2,0
2026-05-01T07:06:24+00:00,S101471,aurora-2.3,1,0
2026-05-01T07:22:24+00:00,S101518,aurora-2.3,2,0
2026-05-01T07:29:30+00:00,S101469,aurora-2.3,3,0
2026-05-01T07:35:53+00:00,S101482,aurora-2.3,1,0
2026-05-01T07:39:25+00:00,S101493,aurora-2.3,3,0
2026-05-01T07:42:06+00:00,S101488,aurora-2.3,4,0
2026-05-01T07:42:10+00:00,S101522,aurora-2.3,2,0
2026-05-01T07:45:56+00:00,S101509,aurora-2.3,2,0
2026-05-01T07:51:27+00:00,S101518,aurora-2.3,4,1
2026-05-01T07:55:52+00:00,S101495,aurora-2.3,1,0
2026-05-01T08:01:55+00:00,S101490,aurora-2.3,3,0
2026-05-01T08:12:45+00:00,S101484,aurora-2.3,1,0
2026-05-01T08:13:47+00:00,S101521,aurora-2.3,4,0
2026-05-01T08:37:43+00:00,S101523,aurora-2.3,3,0
2026-05-01T08:40:32+00:00,S101485,aurora-2.3,5,0
2026-05-01T08:46:15+00:00,S101507,aurora-2.3,3,0
2026-05-01T08:47:27+00:00,S101470,aurora-2.3,3,0
2026-05-01T08:56:35+00:00,S101500,aurora-2.3,1,0
2026-05-01T09:01:42+00:00,S101528,aurora-2.3,1,0
2026-05-01T09:06:24+00:00,S101509,aurora-2.3,3,0
2026-05-01T09:21:32+00:00,S101488,aurora-2.3,2,0
2026-05-01T09:38:23+00:00,S101497,aurora-2.3,2,0
2026-05-01T09:56:11+00:00,S101489,aurora-2.3,1,0
2026-05-01T09:56:33+00:00,S101483,aurora-2.3,5,0
2026-05-01T10:03:06+00:00,S101472,aurora-2.3,1,0
2026-05-01T10:05:39+00:00,S101502,aurora-2.3,2,0
2026-05-01T10:10:16+00:00,S101515,aurora-2.3,1,0
2026-05-01T10:20:33+00:00,S101486,aurora-2.3,1,0
2026-05-01T10:30:41+00:00,S101478,aurora-2.3,3,0
2026-05-01T10:33:41+00:00,S101505,aurora-2.3,3,0
2026-05-01T10:34:53+00:00,S101470,aurora-2.3,2,0
2026-05-01T10:36:22+00:00,S101496,aurora-2.3,1,0
2026-05-01T10:43:13+00:00,S101514,aurora-2.3,1,0
2026-05-01T10:56:40+00:00,S101524,aurora-2.3,3,0
2026-05-01T10:59:31+00:00,S101475,aurora-2.3,2,0
2026-05-01T11:01:04+00:00,S101523,aurora-2.3,2,0
2026-05-01T11:14:38+00:00,S101499,aurora-2.3,3,0
2026-05-01T11:20:28+00:00,S101478,aurora-2.3,1,0
2026-05-01T11:31:09+00:00,S101530,aurora-2.3,2,0
2026-05-01T11:39:58+00:00,S101532,aurora-2.3,1,0
2026-05-01T11:51:13+00:00,S101483,aurora-2.3,2,0
2026-05-01T11:52:40+00:00,S101487,aurora-2.3,3,0
2026-05-01T11:55:04+00:00,S101485,aurora-2.3,2,0
2026-05-01T11:55:58+00:00,S101480,aurora-2.3,1,0
2026-05-01T11:57:57+00:00,S101519,aurora-2.3,2,0
2026-05-01T12:13:23+00:00,S101499,aurora-2.3,2,0
2026-05-01T12:26:34+00:00,S101474,aurora-2.3,2,0
2026-05-01T12:29:42+00:00,S101503,aurora-2.3,1,0
2026-05-01T12:38:54+00:00,S101493,aurora-2.3,2,0
2026-05-01T12:42:28+00:00,S101505,aurora-2.3,2,0
2026-05-01T12:49:12+00:00,S101523,aurora-2.3,1,0
2026-05-01T12:57:43+00:00,S101509,aurora-2.3,4,0
2026-05-01T12:58:54+00:00,S101521,aurora-2.3,3,0
2026-05-01T13:07:10+00:00,S101514,aurora-2.3,3,0
2026-05-01T13:20:05+00:00,S101498,aurora-2.3,2,0
2026-05-01T13:29:41+00:00,S101514,aurora-2.3,2,0
2026-05-01T13:31:39+00:00,S101518,aurora-2.3,1,0
2026-05-01T13:32:50+00:00,S101469,aurora-2.3,2,0
2026-05-01T13:57:04+00:00,S101499,aurora-2.3,1,0
2026-05-01T14:00:17+00:00,S101504,aurora-2.3,3,0
2026-05-01T14:03:52+00:00,S101522,aurora-2.3,1,0
2026-05-01T14:06:47+00:00,S101495,aurora-2.3,3,0
2026-05-01T14:23:00+00:00,S101492,aurora-2.3,2,0
2026-05-01T14:38:59+00:00,S101508,aurora-2.3,3,0
2026-05-01T14:41:58+00:00,S101515,aurora-2.3,2,0
2026-05-01T14:42:19+00:00,S101490,aurora-2.3,2,0
2026-05-01T14:42:47+00:00,S101526,aurora-2.3,1,0
2026-05-01T14:44:39+00:00,S101512,aurora-2.3,4,0
2026-05-01T14:48:41+00:00,S101478,aurora-2.3,4,0
2026-05-01T14:50:54+00:00,S101531,aurora-2.3,3,0
2026-05-01T15:01:57+00:00,S101484,aurora-2.3,2,0
2026-05-01T15:07:45+00:00,S101516,aurora-2.3,1,0
2026-05-01T15:18:56+00:00,S101510,aurora-2.3,3,0
2026-05-01T15:20:50+00:00,S101517,aurora-2.3,2,0
2026-05-01T15:38:56+00:00,S101511,aurora-2.3,2,0
2026-05-01T15:40:04+00:00,S101493,aurora-2.3,4,0
2026-05-01T15:41:38+00:00,S101530,aurora-2.3,1,0
2026-05-01T15:41:58+00:00,S101468,aurora-2.3,3,0
2026-05-01T15:42:07+00:00,S101487,aurora-2.3,1,0
2026-05-01T15:42:32+00:00,S101485,aurora-2.3,4,0
2026-05-01T15:51:08+00:00,S101529,aurora-2.3,1,0
2026-05-01T15:55:57+00:00,S101476,aurora-2.3,1,0
2026-05-01T15:57:30+00:00,S101469,aurora-2.3,1,0
2026-05-01T16:02:11+00:00,S101517,aurora-2.3,1,0
2026-05-01T16:10:31+00:00,S101468,aurora-2.3,4,0
2026-05-01T16:20:44+00:00,S101502,aurora-2.3,4,0
2026-05-01T16:58:28+00:00,S101468,aurora-2.3,1,1
2026-05-01T16:59:34+00:00,S101483,aurora-2.3,1,0
2026-05-01T17:05:45+00:00,S101468,aurora-2.3,5,0
2026-05-01T17:13:39+00:00,S101531,aurora-2.3,2,0
2026-05-01T17:18:18+00:00,S101503,aurora-2.3,3,0
2026-05-01T17:20:53+00:00,S101491,aurora-2.3,2,0
2026-05-01T17:24:20+00:00,S101521,aurora-2.3,2,0
2026-05-01T17:25:35+00:00,S101513,aurora-2.3,2,0
2026-05-01T17:29:59+00:00,S101475,aurora-2.3,1,0
2026-05-01T17:37:31+00:00,S101520,aurora-2.3,2,0
2026-05-01T17:38:52+00:00,S101488,aurora-2.3,1,0
2026-05-01T17:41:02+00:00,S101525,aurora-2.3,4,0
2026-05-01T17:49:26+00:00,S101496,aurora-2.3,3,0
2026-05-01T17:51:28+00:00,S101521,aurora-2.3,1,0
2026-05-01T17:55:35+00:00,S101519,aurora-2.3,3,0
2026-05-01T17:56:46+00:00,S101507,aurora-2.3,1,0
2026-05-01T18:18:44+00:00,S101513,aurora-2.3,1,0
2026-05-01T18:27:26+00:00,S101508,aurora-2.3,4,0
2026-05-01T18:29:47+00:00,S101498,aurora-2.3,1,0
2026-05-01T18:32:23+00:00,S101490,aurora-2.3,1,0
2026-05-01T18:44:05+00:00,S101527,aurora-2.3,3,0
2026-05-01T18:53:04+00:00,S101475,aurora-2.3,3,0
2026-05-01T18:55:57+00:00,S101518,aurora-2.3,3,0
2026-05-01T18:57:57+00:00,S101519,aurora-2.3,1,0
2026-05-01T19:20:17+00:00,S101506,aurora-2.3,1,0
2026-05-01T19:25:16+00:00,S101474,aurora-2.3,3,0
2026-05-01T19:37:38+00:00,S101494,aurora-2.3,4,0
2026-05-01T19:38:16+00:00,S101494,aurora-2.3,2,0
2026-05-01T19:39:20+00:00,S101468,aurora-2.3,2,0
2026-05-01T19:47:44+00:00,S101488,aurora-2.3,3,0
2026-05-01T19:56:36+00:00,S101502,aurora-2.3,1,0
2026-05-01T20:10:33+00:00,S101501,aurora-2.3,1,0
2026-05-01T20:33:02+00:00,S101512,aurora-2.3,3,0
2026-05-01T20:33:12+00:00,S101477,aurora-2.3,2,0
2026-05-01T20:36:36+00:00,S101474,aurora-2.3,4,0
2026-05-01T20:40:13+00:00,S101526,aurora-2.3,2,0
2026-05-01T20:47:43+00:00,S101477,aurora-2.3,1,0
2026-05-01T20:56:56+00:00,S101529,aurora-2.3,2,0
2026-05-01T21:02:00+00:00,S101525,aurora-2.3,1,0
2026-05-01T21:05:35+00:00,S101520,aurora-2.3,1,0
2026-05-01T21:17:10+00:00,S101485,aurora-2.3,3,0
2026-05-01T21:20:03+00:00,S101490,aurora-2.3,5,0
2026-05-01T21:23:34+00:00,S101519,aurora-2.3,5,0
2026-05-01T21:25:58+00:00,S101529,aurora-2.3,3,0
2026-05-01T21:31:30+00:00,S101485,aurora-2.3,1,0
2026-05-01T21:32:12+00:00,S101483,aurora-2.3,4,0
2026-05-01T21:37:41+00:00,S101500,aurora-2.3,3,0
2026-05-01T21:38:22+00:00,S101531,aurora-2.3,4,0
2026-05-01T21:45:36+00:00,S101506,aurora-2.3,3,0
2026-05-01T21:51:56+00:00,S101528,aurora-2.3,3,0
2026-05-01T21:54:43+00:00,S101502,aurora-2.3,3,0
2026-05-01T21:55:28+00:00,S101525,aurora-2.3,3,0
2026-05-01T22:07:02+00:00,S101517,aurora-2.3,3,0
2026-05-01T22:07:48+00:00,S101476,aurora-2.3,2,0
2026-05-01T22:15:30+00:00,S101526,aurora-2.3,3,0
2026-05-01T22:16:48+00:00,S101531,aurora-2.3,5,0
2026-05-01T22:40:19+00:00,S101490,aurora-2.3,4,0
2026-05-01T22:44:33+00:00,S101487,aurora-2.3,4,0
2026-05-01T22:51:18+00:00,S101486,aurora-2.3,2,0
2026-05-01T22:53:09+00:00,S101525,aurora-2.3,2,0
2026-05-01T23:26:22+00:00,S101478,aurora-2.3,2,0
2026-05-01T23:27:46+00:00,S101497,aurora-2.3,1,0
2026-05-01T23:29:34+00:00,S101479,aurora-2.3,2,0
2026-05-01T23:30:05+00:00,S101479,aurora-2.3,3,0
2026-05-01T23:38:08+00:00,S101486,aurora-2.3,5,0
2026-05-01T23:47:47+00:00,S101489,aurora-2.3,2,0
2026-05-01T23:50:58+00:00,S101496,aurora-2.3,2,0
2026-05-01T23:54:09+00:00,S101527,aurora-2.3,2,0
2026-05-02T00:00:05+00:00,S101582,aurora-2.3,2,0
2026-05-02T00:04:19+00:00,S101542,aurora-2.3,3,0
2026-05-02T00:07:32+00:00,S101575,aurora-2.3,3,0
2026-05-02T00:39:32+00:00,S101548,aurora-2.3,2,0
2026-05-02T00:52:24+00:00,S101557,aurora-2.3,5,0
2026-05-02T00:52:55+00:00,S101544,aurora-2.3,1,0
2026-05-02T01:07:06+00:00,S101593,aurora-2.3,3,0
2026-05-02T01:14:50+00:00,S101548,aurora-2.3,1,0
2026-05-02T01:15:21+00:00,S101552,aurora-2.3,1,0
2026-05-02T01:27:46+00:00,S101557,aurora-2.3,1,0
2026-05-02T01:39:14+00:00,S101556,aurora-2.3,4,1
2026-05-02T01:50:09+00:00,S101595,aurora-2.3,3,0
2026-05-02T01:57:45+00:00,S101565,aurora-2.3,2,0
2026-05-02T02:01:44+00:00,S101566,aurora-2.3,3,0
2026-05-02T02:03:17+00:00,S101576,aurora-2.3,2,0
2026-05-02T02:04:32+00:00,S101589,aurora-2.3,4,0
2026-05-02T02:05:10+00:00,S101597,aurora-2.3,1,0
2026-05-02T02:22:26+00:00,S101543,aurora-2.3,2,0
2026-05-02T02:23:59+00:00,S101600,aurora-2.3,4,0
2026-05-02T02:25:46+00:00,S101555,aurora-2.3,2,0
2026-05-02T02:35:12+00:00,S101564,aurora-2.3,4,0
2026-05-02T02:49:11+00:00,S101538,aurora-2.3,3,0
2026-05-02T02:50:24+00:00,S101560,aurora-2.3,3,0
2026-05-02T03:00:44+00:00,S101544,aurora-2.3,2,0
2026-05-02T03:02:23+00:00,S101586,aurora-2.3,1,0
2026-05-02T03:06:01+00:00,S101560,aurora-2.3,2,0
2026-05-02T03:08:07+00:00,S101533,aurora-2.3,4,0
2026-05-02T03:17:08+00:00,S101568,aurora-2.3,2,0
2026-05-02T03:22:54+00:00,S101578,aurora-2.3,1,0
2026-05-02T03:28:47+00:00,S101596,aurora-2.3,2,0
2026-05-02T03:32:30+00:00,S101590,aurora-2.3,1,0
2026-05-02T03:34:15+00:00,S101540,aurora-2.3,3,0
2026-05-02T03:46:31+00:00,S101573,aurora-2.3,3,0
2026-05-02T03:50:35+00:00,S101560,aurora-2.3,1,0
2026-05-02T03:57:04+00:00,S101567,aurora-2.3,1,0
2026-05-02T04:13:43+00:00,S101549,aurora-2.3,4,0
2026-05-02T04:15:16+00:00,S101535,aurora-2.3,2,1
2026-05-02T04:20:31+00:00,S101569,aurora-2.3,3,0
2026-05-02T04:30:06+00:00,S101584,aurora-2.3,3,0
2026-05-02T04:32:37+00:00,S101556,aurora-2.3,2,0
2026-05-02T04:35:43+00:00,S101542,aurora-2.3,2,0
2026-05-02T04:53:32+00:00,S101540,aurora-2.3,4,0
2026-05-02T04:56:34+00:00,S101573,aurora-2.3,1,0
2026-05-02T05:09:38+00:00,S101535,aurora-2.3,1,0
2026-05-02T05:10:56+00:00,S101601,aurora-2.3,2,0
2026-05-02T05:16:24+00:00,S101556,aurora-2.3,5,0
2026-05-02T05:20:43+00:00,S101598,aurora-2.3,2,0
2026-05-02T05:28:59+00:00,S101568,aurora-2.3,3,0
2026-05-02T05:33:46+00:00,S101567,aurora-2.3,2,0
2026-05-02T05:42:45+00:00,S101586,aurora-2.3,2,0
2026-05-02T05:46:38+00:00,S101559,aurora-2.3,2,0
2026-05-02T05:51:47+00:00,S101538,aurora-2.3,1,0
2026-05-02T05:53:36+00:00,S101570,aurora-2.3,1,0
2026-05-02T06:01:38+00:00,S101573,aurora-2.3,2,0
2026-05-02T06:08:53+00:00,S101580,aurora-2.3,3,0
2026-05-02T06:15:11+00:00,S101549,aurora-2.3,3,0
2026-05-02T06:25:49+00:00,S101534,aurora-2.3,3,0
2026-05-02T06:29:14+00:00,S101595,aurora-2.3,2,0
2026-05-02T06:29:50+00:00,S101546,aurora-2.3,2,0
2026-05-02T06:33:31+00:00,S101601,aurora-2.3,5,0
2026-05-02T06:35:53+00:00,S101600,aurora-2.3,1,0
2026-05-02T06:44:39+00:00,S101573,aurora-2.3,5,0
2026-05-02T06:44:47+00:00,S101540,aurora-2.3,2,0
2026-05-02T06:45:26+00:00,S101545,aurora-2.3,1,0
2026-05-02T06:50:23+00:00,S101579,aurora-2.3,3,0
2026-05-02T06:55:58+00:00,S101540,aurora-2.3,1,0
2026-05-02T07:01:06+00:00,S101583,aurora-2.3,1,0
2026-05-02T07:05:08+00:00,S101597,aurora-2.3,3,0
2026-05-02T07:17:12+00:00,S101538,aurora-2.3,2,0
2026-05-02T07:19:09+00:00,S101585,aurora-2.3,1,0
2026-05-02T07:19:48+00:00,S101597,aurora-2.3,2,0
2026-05-02T07:21:34+00:00,S101582,aurora-2.3,4,0
2026-05-02T07:30:06+00:00,S101550,aurora-2.3,4,0
2026-05-02T07:32:14+00:00,S101566,aurora-2.3,4,0
2026-05-02T07:54:56+00:00,S101595,aurora-2.3,1,0
2026-05-02T07:58:19+00:00,S101580,aurora-2.3,1,0
2026-05-02T07:58:51+00:00,S101586,aurora-2.3,5,0
2026-05-02T08:14:36+00:00,S101590,aurora-2.3,2,0
2026-05-02T08:26:44+00:00,S101537,aurora-2.3,1,0
2026-05-02T08:28:10+00:00,S101539,aurora-2.3,1,0
2026-05-02T08:28:55+00:00,S101575,aurora-2.3,2,0
2026-05-02T08:29:54+00:00,S101566,aurora-2.3,2,0
2026-05-02T08:31:24+00:00,S101581,aurora-2.3,2,0
2026-05-02T08:31:59+00:00,S101575,aurora-2.3,1,0
2026-05-02T08:36:26+00:00,S101581,aurora-2.3,1,0
2026-05-02T08:40:31+00:00,S101592,aurora-2.3,1,0
2026-05-02T08:44:45+00:00,S101577,aurora-2.3,3,0
2026-05-02T08:46:24+00:00,S101571,aurora-2.3,1,0
2026-05-02T08:50:25+00:00,S101592,aurora-2.3,2,0
2026-05-02T08:52:54+00:00,S101533,aurora-2.3,5,0
2026-05-02T08:55:18+00:00,S101538,aurora-2.3,4,0
2026-05-02T08:55:41+00:00,S101591,aurora-2.3,2,0
2026-05-02T09:10:06+00:00,S101563,aurora-2.3,2,0
2026-05-02T09:14:39+00:00,S101586,aurora-2.3,3,0
2026-05-02T09:15:14+00:00,S101564,aurora-2.3,2,0
2026-05-02T09:17:02+00:00,S101584,aurora-2.3,5,0
2026-05-02T09:18:51+00:00,S101550,aurora-2.3,3,1
2026-05-02T09:21:59+00:00,S101542,aurora-2.3,1,0
2026-05-02T09:32:47+00:00,S101563,aurora-2.3,3,0
2026-05-02T09:50:24+00:00,S101582,aurora-2.3,5,0
2026-05-02T09:54:24+00:00,S101572,aurora-2.3,2,0
2026-05-02T10:01:21+00:00,S101562,aurora-2.3,3,0
2026-05-02T10:07:31+00:00,S101584,aurora-2.3,2,0
2026-05-02T10:08:04+00:00,S101598,aurora-2.3,1,1
2026-05-02T10:10:53+00:00,S101541,aurora-2.3,1,0
2026-05-02T10:26:18+00:00,S101587,aurora-2.3,1,0
2026-05-02T10:29:16+00:00,S101589,aurora-2.3,2,0
2026-05-02T10:33:25+00:00,S101560,aurora-2.3,4,0
2026-05-02T10:37:20+00:00,S101589,aurora-2.3,5,0
2026-05-02T10:39:54+00:00,S101550,aurora-2.3,2,0
2026-05-02T10:41:02+00:00,S101585,aurora-2.3,2,0
2026-05-02T10:49:31+00:00,S101594,aurora-2.3,2,0
2026-05-02T10:52:29+00:00,S101566,aurora-2.3,1,0
2026-05-02T11:00:41+00:00,S101547,aurora-2.3,4,0
2026-05-02T11:01:09+00:00,S101547,aurora-2.3,1,0
2026-05-02T11:01:26+00:00,S101572,aurora-2.3,1,0
2026-05-02T11:05:15+00:00,S101559,aurora-2.3,3,0
2026-05-02T11:27:08+00:00,S101543,aurora-2.3,4,0
2026-05-02T11:28:53+00:00,S101601,aurora-2.3,1,0
2026-05-02T11:34:35+00:00,S101600,aurora-2.3,3,0
2026-05-02T11:36:52+00:00,S101589,aurora-2.3,1,1
2026-05-02T11:37:31+00:00,S101549,aurora-2.3,2,0
2026-05-02T11:40:25+00:00,S101559,aurora-2.3,1,0
2026-05-02T11:45:18+00:00,S101536,aurora-2.3,4,0
2026-05-02T11:53:36+00:00,S101597,aurora-2.3,4,0
2026-05-02T11:54:17+00:00,S101561,aurora-2.3,2,0
2026-05-02T11:57:08+00:00,S101579,aurora-2.3,2,0
2026-05-02T12:12:00+00:00,S101557,aurora-2.3,2,0
2026-05-02T12:17:55+00:00,S101572,aurora-2.3,3,1
2026-05-02T12:29:56+00:00,S101538,aurora-2.3,5,0
2026-05-02T12:31:19+00:00,S101576,aurora-2.3,1,0
2026-05-02T12:32:20+00:00,S101562,aurora-2.3,5,0
2026-05-02T12:43:05+00:00,S101582,aurora-2.3,3,0
2026-05-02T12:46:30+00:00,S101592,aurora-2.3,3,0
2026-05-02T12:59:13+00:00,S101534,aurora-2.3,2,0
2026-05-02T13:03:42+00:00,S101564,aurora-2.3,3,0
2026-05-02T13:18:31+00:00,S101601,aurora-2.3,3,0
2026-05-02T13:21:10+00:00,S101567,aurora-2.3,4,0
2026-05-02T13:21:50+00:00,S101601,aurora-2.3,4,0
2026-05-02T13:23:43+00:00,S101580,aurora-2.3,2,0
2026-05-02T13:24:39+00:00,S101554,aurora-2.3,1,0
2026-05-02T13:28:27+00:00,S101560,aurora-2.3,5,0
2026-05-02T13:29:47+00:00,S101599,aurora-2.3,5,0
2026-05-02T13:32:21+00:00,S101547,aurora-2.3,3,0
2026-05-02T13:37:27+00:00,S101543,aurora-2.3,1,0
2026-05-02T13:39:05+00:00,S101558,aurora-2.3,3,0
2026-05-02T13:48:36+00:00,S101547,aurora-2.3,2,0
2026-05-02T13:51:28+00:00,S101554,aurora-2.3,2,0
2026-05-02T13:51:50+00:00,S101599,aurora-2.3,4,0
2026-05-02T13:54:44+00:00,S101583,aurora-2.3,4,1
2026-05-02T13:55:13+00:00,S101534,aurora-2.3,4,0
2026-05-02T13:55:44+00:00,S101555,aurora-2.3,1,0
2026-05-02T13:57:51+00:00,S101556,aurora-2.3,1,0
2026-05-02T13:57:51+00:00,S101582,aurora-2.3,1,0
2026-05-02T13:58:17+00:00,S101570,aurora-2.3,2,0
2026-05-02T14:01:25+00:00,S101602,aurora-2.3,2,0
2026-05-02T14:08:37+00:00,S101590,aurora-2.3,3,0
2026-05-02T14:12:32+00:00,S101556,aurora-2.3,3,0
2026-05-02T14:13:14+00:00,S101549,aurora-2.3,1,0
2026-05-02T14:21:50+00:00,S101591,aurora-2.3,1,0
2026-05-02T14:40:04+00:00,S101593,aurora-2.3,1,0
2026-05-02T14:46:19+00:00,S101533,aurora-2.3,2,0
2026-05-02T14:56:33+00:00,S101546,aurora-2.3,1,0
2026-05-02T14:59:30+00:00,S101563,aurora-2.3,1,0
2026-05-02T15:14:42+00:00,S101545,aurora-2.3,3,0
2026-05-02T15:15:12+00:00,S101603,aurora-2.3,2,0
2026-05-02T15:34:02+00:00,S101571,aurora-2.3,5,0
2026-05-02T15:52:30+00:00,S101553,aurora-2.3,2,0
2026-05-02T15:53:26+00:00,S101593,aurora-2.3,4,0
2026-05-02T15:58:58+00:00,S101558,aurora-2.3,1,0
2026-05-02T16:01:51+00:00,S101588,aurora-2.3,1,0
2026-05-02T16:18:05+00:00,S101568,aurora-2.3,4,0
2026-05-02T16:19:32+00:00,S101551,aurora-2.3,3,0
2026-05-02T16:22:56+00:00,S101545,aurora-2.3,4,0
2026-05-02T16:24:34+00:00,S101535,aurora-2.3,3,0
2026-05-02T16:25:17+00:00,S101567,aurora-2.3,3,0
2026-05-02T16:28:17+00:00,S101599,aurora-2.3,2,0
2026-05-02T16:33:27+00:00,S101595,aurora-2.3,4,0
2026-05-02T16:33:55+00:00,S101593,aurora-2.3,2,0
2026-05-02T17:03:34+00:00,S101568,aurora-2.3,5,0
2026-05-02T17:03:59+00:00,S101588,aurora-2.3,2,0
2026-05-02T17:05:32+00:00,S101603,aurora-2.3,1,0
2026-05-02T17:12:31+00:00,S101533,aurora-2.3,1,0
2026-05-02T17:19:55+00:00,S101543,aurora-2.3,3,0
2026-05-02T17:20:30+00:00,S101592,aurora-2.3,4,0
2026-05-02T17:22:25+00:00,S101600,aurora-2.3,2,0
2026-05-02T17:23:28+00:00,S101583,aurora-2.3,2,0
2026-05-02T17:28:39+00:00,S101584,aurora-2.3,4,0
2026-05-02T17:31:27+00:00,S101562,aurora-2.3,1,0
2026-05-02T17:52:46+00:00,S101571,aurora-2.3,2,0
2026-05-02T17:53:13+00:00,S101557,aurora-2.3,4,1
2026-05-02T17:53:39+00:00,S101599,aurora-2.3,3,0
2026-05-02T17:56:23+00:00,S101562,aurora-2.3,4,0
2026-05-02T18:06:23+00:00,S101553,aurora-2.3,1,0
2026-05-02T18:08:44+00:00,S101536,aurora-2.3,2,1
2026-05-02T18:11:26+00:00,S101587,aurora-2.3,2,0
2026-05-02T18:17:49+00:00,S101561,aurora-2.3,1,0
2026-05-02T18:31:30+00:00,S101579,aurora-2.3,1,0
2026-05-02T18:37:56+00:00,S101557,aurora-2.3,3,0
2026-05-02T18:40:57+00:00,S101577,aurora-2.3,1,0
2026-05-02T18:52:12+00:00,S101596,aurora-2.3,1,0
2026-05-02T19:00:49+00:00,S101574,aurora-2.3,2,0
2026-05-02T19:01:19+00:00,S101562,aurora-2.3,2,0
2026-05-02T19:04:00+00:00,S101587,aurora-2.3,3,0
2026-05-02T19:06:23+00:00,S101571,aurora-2.3,3,0
2026-05-02T19:08:48+00:00,S101541,aurora-2.3,4,0
2026-05-02T19:10:18+00:00,S101537,aurora-2.3,2,0
2026-05-02T19:14:05+00:00,S101571,aurora-2.3,4,0
2026-05-02T19:21:26+00:00,S101567,aurora-2.3,5,0
2026-05-02T19:28:12+00:00,S101552,aurora-2.3,3,0
2026-05-02T19:32:28+00:00,S101545,aurora-2.3,2,0
2026-05-02T19:33:56+00:00,S101568,aurora-2.3,1,1
2026-05-02T19:38:07+00:00,S101546,aurora-2.3,3,0
2026-05-02T19:44:20+00:00,S101583,aurora-2.3,3,0
2026-05-02T19:51:32+00:00,S101573,aurora-2.3,4,0
2026-05-02T19:56:39+00:00,S101602,aurora-2.3,1,0
2026-05-02T20:20:58+00:00,S101574,aurora-2.3,1,0
2026-05-02T20:21:07+00:00,S101569,aurora-2.3,2,0
2026-05-02T20:31:31+00:00,S101586,aurora-2.3,4,0
2026-05-02T20:43:25+00:00,S101536,aurora-2.3,1,0
2026-05-02T20:49:27+00:00,S101564,aurora-2.3,1,0
2026-05-02T20:55:38+00:00,S101584,aurora-2.3,1,0
2026-05-02T21:07:39+00:00,S101602,aurora-2.3,4,0
2026-05-02T21:10:09+00:00,S101558,aurora-2.3,4,0
2026-05-02T21:13:18+00:00,S101533,aurora-2.3,3,0
2026-05-02T21:28:51+00:00,S101551,aurora-2.3,2,0
2026-05-02T21:31:20+00:00,S101551,aurora-2.3,1,0
2026-05-02T21:46:07+00:00,S101594,aurora-2.3,1,0
2026-05-02T22:04:33+00:00,S101569,aurora-2.3,1,0
2026-05-02T22:06:18+00:00,S101534,aurora-2.3,1,0
2026-05-02T22:11:03+00:00,S101539,aurora-2.3,2,0
2026-05-02T22:13:52+00:00,S101535,aurora-2.3,4,0
2026-05-02T22:14:35+00:00,S101576,aurora-2.3,3,0
2026-05-02T22:16:01+00:00,S101599,aurora-2.3,1,0
2026-05-02T22:23:49+00:00,S101541,aurora-2.3,2,0
2026-05-02T22:26:38+00:00,S101561,aurora-2.3,3,0
2026-05-02T22:31:48+00:00,S101536,aurora-2.3,3,0
2026-05-02T22:38:01+00:00,S101550,aurora-2.3,1,0
2026-05-02T22:50:42+00:00,S101552,aurora-2.3,2,0
2026-05-02T22:54:03+00:00,S101595,aurora-2.3,5,0
2026-05-02T23:04:19+00:00,S101585,aurora-2.3,3,0
2026-05-02T23:06:49+00:00,S101589,aurora-2.3,3,0
2026-05-02T23:12:13+00:00,S101602,aurora-2.3,3,0
2026-05-02T23:18:14+00:00,S101577,aurora-2.3,2,0
2026-05-02T23:21:12+00:00,S101580,aurora-2.3,4,0
2026-05-02T23:32:49+00:00,S101558,aurora-2.3,2,0
2026-05-02T23:42:51+00:00,S101565,aurora-2.3,1,0
2026-05-02T23:50:48+00:00,S101578,aurora-2.3,2,0
2026-05-02T23:56:57+00:00,S101541,aurora-2.3,3,0
2026-05-03T00:00:00+00:00,S101666,aurora-2.3,5,0
2026-05-03T00:00:39+00:00,S101612,aurora-2.3,1,0
2026-05-03T00:01:05+00:00,S101648,aurora-2.3,3,0
2026-05-03T00:07:09+00:00,S101658,aurora-2.3,1,0
2026-05-03T00:13:03+00:00,S101628,aurora-2.3,3,0
2026-05-03T00:26:01+00:00,S101650,aurora-2.3,4,0
2026-05-03T00:38:08+00:00,S101621,aurora-2.3,3,0
2026-05-03T00:41:19+00:00,S101664,aurora-2.3,3,0
2026-05-03T00:44:14+00:00,S101649,aurora-2.3,4,0
2026-05-03T00:57:22+00:00,S101661,aurora-2.3,1,0
2026-05-03T01:01:24+00:00,S101617,aurora-2.3,1,0
2026-05-03T01:04:50+00:00,S101631,aurora-2.3,3,0
2026-05-03T01:07:10+00:00,S101630,aurora-2.3,5,0
2026-05-03T01:10:02+00:00,S101615,aurora-2.3,5,0
2026-05-03T01:10:14+00:00,S101609,aurora-2.3,5,0
2026-05-03T01:20:45+00:00,S101624,aurora-2.3,5,0
2026-05-03T01:21:28+00:00,S101630,aurora-2.3,2,0
2026-05-03T01:26:28+00:00,S101665,aurora-2.3,2,0
2026-05-03T01:28:27+00:00,S101615,aurora-2.3,4,0
2026-05-03T01:36:00+00:00,S101653,aurora-2.3,3,0
2026-05-03T01:50:04+00:00,S101644,aurora-2.3,1,0
2026-05-03T01:50:17+00:00,S101643,aurora-2.3,1,0
2026-05-03T01:50:45+00:00,S101617,aurora-2.3,3,0
2026-05-03T01:53:25+00:00,S101618,aurora-2.3,3,0
2026-05-03T01:59:21+00:00,S101607,aurora-2.3,1,0
2026-05-03T02:08:06+00:00,S101636,aurora-2.3,2,0
2026-05-03T02:08:38+00:00,S101639,aurora-2.3,1,0
2026-05-03T02:10:54+00:00,S101643,aurora-2.3,3,0
2026-05-03T02:18:20+00:00,S101618,aurora-2.3,2,0
2026-05-03T02:20:17+00:00,S101652,aurora-2.3,3,0
2026-05-03T02:20:38+00:00,S101635,aurora-2.3,1,0
2026-05-03T02:25:17+00:00,S101649,aurora-2.3,1,0
2026-05-03T02:38:34+00:00,S101635,aurora-2.3,2,0
2026-05-03T02:47:05+00:00,S101608,aurora-2.3,2,0
2026-05-03T02:47:14+00:00,S101614,aurora-2.3,2,0
2026-05-03T02:51:28+00:00,S101633,aurora-2.3,1,0
2026-05-03T02:55:02+00:00,S101615,aurora-2.3,1,0
2026-05-03T02:58:44+00:00,S101631,aurora-2.3,4,0
2026-05-03T03:04:16+00:00,S101626,aurora-2.3,4,0
2026-05-03T03:10:13+00:00,S101665,aurora-2.3,3,0
2026-05-03T03:31:54+00:00,S101650,aurora-2.3,1,0
2026-05-03T03:38:29+00:00,S101653,aurora-2.3,1,0
2026-05-03T03:47:21+00:00,S101655,aurora-2.3,2,0
2026-05-03T03:57:05+00:00,S101605,aurora-2.3,1,0
2026-05-03T04:04:12+00:00,S101660,aurora-2.3,2,0
2026-05-03T04:05:01+00:00,S101638,aurora-2.3,2,0
2026-05-03T04:06:51+00:00,S101626,aurora-2.3,3,0
2026-05-03T04:15:09+00:00,S101654,aurora-2.3,3,0
2026-05-03T04:16:42+00:00,S101637,aurora-2.3,1,0
2026-05-03T04:28:45+00:00,S101668,aurora-2.3,3,0
2026-05-03T04:36:39+00:00,S101640,aurora-2.3,2,0
2026-05-03T04:43:31+00:00,S101634,aurora-2.3,1,0
2026-05-03T04:44:48+00:00,S101608,aurora-2.3,1,0
2026-05-03T04:49:50+00:00,S101666,aurora-2.3,3,0
2026-05-03T05:12:21+00:00,S101628,aurora-2.3,1,0
2026-05-03T05:18:57+00:00,S101614,aurora-2.3,3,0
2026-05-03T05:25:13+00:00,S101645,aurora-2.3,2,0
2026-05-03T05:28:18+00:00,S101629,aurora-2.3,3,0
2026-05-03T05:46:06+00:00,S101637,aurora-2.3,2,0
2026-05-03T05:53:45+00:00,S101648,aurora-2.3,1,0
2026-05-03T05:55:31+00:00,S101665,aurora-2.3,1,0
2026-05-03T06:00:51+00:00,S101636,aurora-2.3,3,0
2026-05-03T06:29:38+00:00,S101640,aurora-2.3,3,0
2026-05-03T06:37:37+00:00,S101622,aurora-2.3,3,0
2026-05-03T06:40:52+00:00,S101666,aurora-2.3,2,0
2026-05-03T06:44:29+00:00,S101659,aurora-2.3,3,0
2026-05-03T06:52:54+00:00,S101612,aurora-2.3,4,0
2026-05-03T06:59:36+00:00,S101653,aurora-2.3,2,0
2026-05-03T07:05:49+00:00,S101634,aurora-2.3,2,0
2026-05-03T07:11:08+00:00,S101636,aurora-2.3,5,0
2026-05-03T07:24:27+00:00,S101611,aurora-2.3,1,0
2026-05-03T07:25:35+00:00,S101632,aurora-2.3,1,0
2026-05-03T07:33:34+00:00,S101667,aurora-2.3,3,0
2026-05-03T07:37:06+00:00,S101610,aurora-2.3,3,0
2026-05-03T07:39:59+00:00,S101666,aurora-2.3,4,0
2026-05-03T07:43:34+00:00,S101604,aurora-2.3,4,0
2026-05-03T07:47:16+00:00,S101647,aurora-2.3,5,0
2026-05-03T07:48:04+00:00,S101641,aurora-2.3,3,0
2026-05-03T08:00:53+00:00,S101625,aurora-2.3,4,0
2026-05-03T08:04:26+00:00,S101664,aurora-2.3,4,0
2026-05-03T08:10:21+00:00,S101648,aurora-2.3,2,0
2026-05-03T08:20:49+00:00,S101612,aurora-2.3,2,0
2026-05-03T08:24:06+00:00,S101651,aurora-2.3,1,0
2026-05-03T08:25:36+00:00,S101607,aurora-2.3,2,0
2026-05-03T08:31:26+00:00,S101664,aurora-2.3,5,0
2026-05-03T08:42:16+00:00,S101615,aurora-2.3,3,0
2026-05-03T08:51:26+00:00,S101662,aurora-2.3,1,0
2026-05-03T09:01:52+00:00,S101646,aurora-2.3,2,0
2026-05-03T09:15:23+00:00,S101629,aurora-2.3,1,0
2026-05-03T09:30:14+00:00,S101668,aurora-2.3,4,0
2026-05-03T09:30:27+00:00,S101641,aurora-2.3,1,0
2026-05-03T09:36:39+00:00,S101657,aurora-2.3,3,0
2026-05-03T09:43:39+00:00,S101647,aurora-2.3,4,0
2026-05-03T09:50:45+00:00,S101644,aurora-2.3,2,0
2026-05-03T10:05:20+00:00,S101604,aurora-2.3,2,0
2026-05-03T10:15:55+00:00,S101610,aurora-2.3,2,0
2026-05-03T10:20:44+00:00,S101609,aurora-2.3,4,0
2026-05-03T10:35:45+00:00,S101611,aurora-2.3,2,0
2026-05-03T10:36:20+00:00,S101664,aurora-2.3,2,0
2026-05-03T10:50:16+00:00,S101604,aurora-2.3,1,0
2026-05-03T10:59:49+00:00,S101662,aurora-2.3,4,0
2026-05-03T11:00:36+00:00,S101622,aurora-2.3,4,0
2026-05-03T11:10:40+00:00,S101622,aurora-2.3,2,0
2026-05-03T11:18:02+00:00,S101610,aurora-2.3,4,0
2026-05-03T11:22:18+00:00,S101656,aurora-2.3,3,0
2026-05-03T11:34:12+00:00,S101652,aurora-2.3,2,0
2026-05-03T11:36:42+00:00,S101636,aurora-2.3,4,0
2026-05-03T11:38:12+00:00,S101646,aurora-2.3,3,0
2026-05-03T11:38:27+00:00,S101606,aurora-2.3,2,0
2026-05-03T11:56:00+00:00,S101616,aurora-2.3,1,0
2026-05-03T11:57:44+00:00,S101657,aurora-2.3,1,0
2026-05-03T12:01:48+00:00,S101617,aurora-2.3,2,0
2026-05-03T12:21:30+00:00,S101630,aurora-2.3,4,0
2026-05-03T12:22:17+00:00,S101621,aurora-2.3,1,0
2026-05-03T12:44:10+00:00,S101640,aurora-2.3,1,0
2026-05-03T12:50:11+00:00,S101606,aurora-2.3,1,0
2026-05-03T12:51:55+00:00,S101653,aurora-2.3,5,0
2026-05-03T12:52:16+00:00,S101631,aurora-2.3,5,0
2026-05-03T12:53:36+00:00,S101639,aurora-2.3,2,0
2026-05-03T12:54:47+00:00,S101664,aurora-2.3,1,0
2026-05-03T12:55:40+00:00,S101628,aurora-2.3,2,1
2026-05-03T13:00:52+00:00,S101640,aurora-2.3,5,0
2026-05-03T13:02:22+00:00,S101616,aurora-2.3,2,0
2026-05-03T13:04:54+00:00,S101638,aurora-2.3,1,0
2026-05-03T13:26:58+00:00,S101633,aurora-2.3,2,0
2026-05-03T13:35:45+00:00,S101667,aurora-2.3,2,0
2026-05-03T13:36:49+00:00,S101644,aurora-2.3,4,0
2026-05-03T13:40:07+00:00,S101635,aurora-2.3,4,0
2026-05-03T13:52:25+00:00,S101653,aurora-2.3,4,0
2026-05-03T13:56:26+00:00,S101619,aurora-2.3,3,0
2026-05-03T13:58:28+00:00,S101618,aurora-2.3,1,0
2026-05-03T14:00:35+00:00,S101617,aurora-2.3,4,0
2026-05-03T14:06:17+00:00,S101644,aurora-2.3,3,0
2026-05-03T14:21:16+00:00,S101642,aurora-2.3,2,0
2026-05-03T14:28:53+00:00,S101623,aurora-2.3,2,0
2026-05-03T14:32:17+00:00,S101631,aurora-2.3,2,0
2026-05-03T14:33:16+00:00,S101629,aurora-2.3,2,0
2026-05-03T14:33:20+00:00,S101661,aurora-2.3,2,0
2026-05-03T14:49:35+00:00,S101666,aurora-2.3,1,0
2026-05-03T15:14:19+00:00,S101625,aurora-2.3,2,0
2026-05-03T15:15:48+00:00,S101647,aurora-2.3,2,0
2026-05-03T15:15:51+00:00,S101645,aurora-2.3,4,0
2026-05-03T15:19:51+00:00,S101607,aurora-2.3,3,0
2026-05-03T15:21:14+00:00,S101610,aurora-2.3,1,0
2026-05-03T15:31:21+00:00,S101654,aurora-2.3,2,0
2026-05-03T15:33:41+00:00,S101663,aurora-2.3,2,0
2026-05-03T15:43:25+00:00,S101668,aurora-2.3,2,0
2026-05-03T15:49:56+00:00,S101662,aurora-2.3,5,0
2026-05-03T15:58:00+00:00,S101623,aurora-2.3,1,0
2026-05-03T16:02:41+00:00,S101609,aurora-2.3,2,0
2026-05-03T16:04:30+00:00,S101647,aurora-2.3,1,0
2026-05-03T16:09:45+00:00,S101620,aurora-2.3,1,0
2026-05-03T16:21:14+00:00,S101656,aurora-2.3,2,0
2026-05-03T16:30:27+00:00,S101613,aurora-2.3,3,0
2026-05-03T16:32:37+00:00,S101622,aurora-2.3,1,0
2026-05-03T16:38:32+00:00,S101613,aurora-2.3,1,0
2026-05-03T16:38:52+00:00,S101619,aurora-2.3,1,0
2026-05-03T16:46:10+00:00,S101641,aurora-2.3,2,0
2026-05-03T16:50:21+00:00,S101612,aurora-2.3,3,0
2026-05-03T16:57:42+00:00,S101623,aurora-2.3,3,0
2026-05-03T17:01:27+00:00,S101623,aurora-2.3,4,0
2026-05-03T17:07:14+00:00,S101645,aurora-2.3,3,0
2026-05-03T17:12:54+00:00,S101652,aurora-2.3,1,0
2026-05-03T17:17:00+00:00,S101627,aurora-2.3,1,0
2026-05-03T17:18:23+00:00,S101623,aurora-2.3,5,0
2026-05-03T17:18:43+00:00,S101655,aurora-2.3,1,0
2026-05-03T17:36:48+00:00,S101604,aurora-2.3,3,0
2026-05-03T17:37:38+00:00,S101619,aurora-2.3,2,0
2026-05-03T17:45:23+00:00,S101637,aurora-2.3,3,0
2026-05-03T17:55:21+00:00,S101632,aurora-2.3,3,0
2026-05-03T17:55:53+00:00,S101659,aurora-2.3,2,0
2026-05-03T18:08:07+00:00,S101643,aurora-2.3,2,0
2026-05-03T18:08:33+00:00,S101624,aurora-2.3,2,0
2026-05-03T18:09:16+00:00,S101651,aurora-2.3,2,0
2026-05-03T18:13:18+00:00,S101646,aurora-2.3,1,0
2026-05-03T18:26:36+00:00,S101618,aurora-2.3,5,0
2026-05-03T18:39:39+00:00,S101619,aurora-2.3,4,0
2026-05-03T18:43:35+00:00,S101632,aurora-2.3,4,0
2026-05-03T18:55:10+00:00,S101614,aurora-2.3,1,0
2026-05-03T19:03:10+00:00,S101663,aurora-2.3,1,0
2026-05-03T19:33:27+00:00,S101621,aurora-2.3,2,0
2026-05-03T19:34:04+00:00,S101624,aurora-2.3,1,0
2026-05-03T19:40:21+00:00,S101649,aurora-2.3,3,0
2026-05-03T19:47:55+00:00,S101649,aurora-2.3,2,0
2026-05-03T19:51:05+00:00,S101659,aurora-2.3,1,0
2026-05-03T19:53:47+00:00,S101613,aurora-2.3,2,0
2026-05-03T19:58:23+00:00,S101627,aurora-2.3,2,0
2026-05-03T20:06:22+00:00,S101631,aurora-2.3,1,0
2026-05-03T20:07:16+00:00,S101624,aurora-2.3,4,0
2026-05-03T20:12:55+00:00,S101625,aurora-2.3,3,1
2026-05-03T20:14:53+00:00,S101657,aurora-2.3,2,0
2026-05-03T20:25:49+00:00,S101640,aurora-2.3,4,0
2026-05-03T20:34:56+00:00,S101654,aurora-2.3,1,0
2026-05-03T20:37:22+00:00,S101618,aurora-2.3,4,0
2026-05-03T20:43:16+00:00,S101647,aurora-2.3,3,0
2026-05-03T20:44:22+00:00,S101660,aurora-2.3,1,0
2026-05-03T21:09:33+00:00,S101657,aurora-2.3,4,0
2026-05-03T21:18:06+00:00,S101605,aurora-2.3,2,0
2026-05-03T21:18:25+00:00,S101632,aurora-2.3,2,0
2026-05-03T21:26:59+00:00,S101605,aurora-2.3,3,0
2026-05-03T21:29:51+00:00,S101611,aurora-2.3,3,0
2026-05-03T21:41:27+00:00,S101628,aurora-2.3,4,0
2026-05-03T21:44:51+00:00,S101620,aurora-2.3,2,0
2026-05-03T21:51:11+00:00,S101611,aurora-2.3,4,0
2026-05-03T21:54:40+00:00,S101645,aurora-2.3,1,0
2026-05-03T21:57:12+00:00,S101624,aurora-2.3,3,0
2026-05-03T22:04:11+00:00,S101609,aurora-2.3,1,0
2026-05-03T22:04:23+00:00,S101630,aurora-2.3,1,0
2026-05-03T22:06:52+00:00,S101658,aurora-2.3,2,1
2026-05-03T22:19:10+00:00,S101636,aurora-2.3,1,0
2026-05-03T22:30:27+00:00,S101625,aurora-2.3,1,0
2026-05-03T22:39:39+00:00,S101668,aurora-2.3,1,0
2026-05-03T22:41:15+00:00,S101626,aurora-2.3,2,0
2026-05-03T22:48:09+00:00,S101615,aurora-2.3,2,0
2026-05-03T22:50:52+00:00,S101626,aurora-2.3,1,0
2026-05-03T22:54:42+00:00,S101619,aurora-2.3,5,0
2026-05-03T23:05:03+00:00,S101663,aurora-2.3,3,0
2026-05-03T23:06:22+00:00,S101667,aurora-2.3,1,0
2026-05-03T23:06:36+00:00,S101662,aurora-2.3,2,0
2026-05-03T23:06:51+00:00,S101635,aurora-2.3,3,0
2026-05-03T23:08:23+00:00,S101644,aurora-2.3,5,0
2026-05-03T23:08:40+00:00,S101650,aurora-2.3,3,0
2026-05-03T23:13:18+00:00,S101642,aurora-2.3,1,0
2026-05-03T23:19:14+00:00,S101608,aurora-2.3,3,0
2026-05-03T23:19:47+00:00,S101650,aurora-2.3,2,0
2026-05-03T23:23:40+00:00,S101630,aurora-2.3,3,0
2026-05-03T23:31:51+00:00,S101656,aurora-2.3,1,0
2026-05-03T23:36:51+00:00,S101609,aurora-2.3,3,0
2026-05-03T23:40:59+00:00,S101639,aurora-2.3,3,0
2026-05-03T23:50:05+00:00,S101604,aurora-2.3,5,0
2026-05-03T23:51:41+00:00,S101656,aurora-2.3,4,0
2026-05-03T23:53:21+00:00,S101662,aurora-2.3,3,0
2026-05-04T00:28:14+00:00,S101686,aurora-2.3,4,0
2026-05-04T00:35:54+00:00,S101723,aurora-2.3,1,0
2026-05-04T00:37:09+00:00,S101692,aurora-2.3,1,0
2026-05-04T00:41:13+00:00,S101698,aurora-2.3,2,0
2026-05-04T01:01:17+00:00,S101669,aurora-2.3,1,0
2026-05-04T01:01:27+00:00,S101679,aurora-2.3,2,0
2026-05-04T01:02:02+00:00,S101705,aurora-2.3,2,0
2026-05-04T01:02:19+00:00,S101686,aurora-2.3,3,0
2026-05-04T01:08:25+00:00,S101725,aurora-2.3,5,0
2026-05-04T01:17:20+00:00,S101709,aurora-2.3,1,0
2026-05-04T01:22:32+00:00,S101670,aurora-2.3,1,0
2026-05-04T01:24:42+00:00,S101671,aurora-2.3,1,0
2026-05-04T01:35:57+00:00,S101688,aurora-2.3,2,0
2026-05-04T01:45:42+00:00,S101723,aurora-2.3,4,0
2026-05-04T01:48:10+00:00,S101703,aurora-2.3,2,0
2026-05-04T02:03:50+00:00,S101703,aurora-2.3,4,0
2026-05-04T02:09:54+00:00,S101706,aurora-2.3,2,0
2026-05-04T02:12:40+00:00,S101687,aurora-2.3,2,0
2026-05-04T02:19:10+00:00,S101715,aurora-2.3,1,0
2026-05-04T02:24:24+00:00,S101693,aurora-2.3,2,0
2026-05-04T02:37:29+00:00,S101685,aurora-2.3,3,0
2026-05-04T02:44:34+00:00,S101706,aurora-2.3,1,0
2026-05-04T02:47:05+00:00,S101714,aurora-2.3,1,0
2026-05-04T02:51:43+00:00,S101710,aurora-2.3,1,0
2026-05-04T03:07:06+00:00,S101675,aurora-2.3,2,0
2026-05-04T03:14:12+00:00,S101684,aurora-2.3,1,0
2026-05-04T03:36:40+00:00,S101692,aurora-2.3,2,0
2026-05-04T03:37:35+00:00,S101723,aurora-2.3,3,0
2026-05-04T03:40:28+00:00,S101674,aurora-2.3,1,0
2026-05-04T03:57:23+00:00,S101721,aurora-2.3,2,0
2026-05-04T04:02:14+00:00,S101709,aurora-2.3,2,0
2026-05-04T04:24:50+00:00,S101702,aurora-2.3,2,0
2026-05-04T04:28:52+00:00,S101701,aurora-2.3,4,0
2026-05-04T04:46:14+00:00,S101718,aurora-2.3,1,0
2026-05-04T04:53:31+00:00,S101725,aurora-2.3,1,0
2026-05-04T05:06:34+00:00,S101697,aurora-2.3,2,0
2026-05-04T05:14:25+00:00,S101681,aurora-2.3,2,0
2026-05-04T05:46:40+00:00,S101707,aurora-2.3,3,0
2026-05-04T05:57:12+00:00,S101724,aurora-2.3,4,0
2026-05-04T06:00:07+00:00,S101694,aurora-2.3,1,0
2026-05-04T06:01:57+00:00,S101723,aurora-2.3,2,0
2026-05-04T06:37:29+00:00,S101724,aurora-2.3,3,0
2026-05-04T06:54:33+00:00,S101714,aurora-2.3,3,0
2026-05-04T07:09:06+00:00,S101672,aurora-2.3,2,0
2026-05-04T07:13:46+00:00,S101701,aurora-2.3,2,0
2026-05-04T07:21:46+00:00,S101690,aurora-2.3,2,0
2026-05-04T07:22:10+00:00,S101671,aurora-2.3,2,0
2026-05-04T07:22:17+00:00,S101726,aurora-2.3,2,0
2026-05-04T07:26:25+00:00,S101687,aurora-2.3,3,0
2026-05-04T07:28:12+00:00,S101687,aurora-2.3,1,0
2026-05-04T07:30:08+00:00,S101694,aurora-2.3,2,0
2026-05-04T07:35:50+00:00,S101691,aurora-2.3,1,0
2026-05-04T07:43:57+00:00,S101720,aurora-2.3,2,0
2026-05-04T07:44:12+00:00,S101715,aurora-2.3,2,0
2026-05-04T07:46:21+00:00,S101708,aurora-2.3,3,0
2026-05-04T07:49:05+00:00,S101719,aurora-2.3,1,0
2026-05-04T07:53:53+00:00,S101684,aurora-2.3,2,0
2026-05-04T08:04:59+00:00,S101680,aurora-2.3,2,0
2026-05-04T08:14:08+00:00,S101714,aurora-2.3,2,0
2026-05-04T08:14:35+00:00,S101717,aurora-2.3,3,0
2026-05-04T08:39:56+00:00,S101723,aurora-2.3,5,0
2026-05-04T08:40:27+00:00,S101679,aurora-2.3,1,0
2026-05-04T08:52:26+00:00,S101718,aurora-2.3,4,0
2026-05-04T09:09:05+00:00,S101721,aurora-2.3,1,0
2026-05-04T09:09:13+00:00,S101722,aurora-2.3,5,0
2026-05-04T09:12:12+00:00,S101700,aurora-2.3,3,1
2026-05-04T09:12:52+00:00,S101680,aurora-2.3,1,1
2026-05-04T09:16:44+00:00,S101697,aurora-2.3,1,0
2026-05-04T09:19:02+00:00,S101686,aurora-2.3,1,0
2026-05-04T09:22:03+00:00,S101724,aurora-2.3,2,0
2026-05-04T09:23:19+00:00,S101708,aurora-2.3,1,0
2026-05-04T09:28:50+00:00,S101673,aurora-2.3,1,0
2026-05-04T09:29:38+00:00,S101700,aurora-2.3,2,0
2026-05-04T09:32:26+00:00,S101682,aurora-2.3,4,0
2026-05-04T09:47:55+00:00,S101694,aurora-2.3,4,1
2026-05-04T09:59:22+00:00,S101674,aurora-2.3,2,0
2026-05-04T10:09:05+00:00,S101713,aurora-2.3,2,0
2026-05-04T11:02:37+00:00,S101686,aurora-2.3,2,0
2026-05-04T11:05:46+00:00,S101719,aurora-2.3,3,0
2026-05-04T11:19:11+00:00,S101700,aurora-2.3,4,0
2026-05-04T11:23:05+00:00,S101690,aurora-2.3,3,0
2026-05-04T11:35:47+00:00,S101700,aurora-2.3,1,0
2026-05-04T11:38:50+00:00,S101691,aurora-2.3,4,0
2026-05-04T11:44:50+00:00,S101713,aurora-2.3,1,0
2026-05-04T11:54:24+00:00,S101718,aurora-2.3,2,0
2026-05-04T11:57:04+00:00,S101672,aurora-2.3,1,0
2026-05-04T12:01:21+00:00,S101704,aurora-2.3,3,0
2026-05-04T12:12:08+00:00,S101675,aurora-2.3,1,0
2026-05-04T12:13:22+00:00,S101698,aurora-2.3,1,0
2026-05-04T12:23:12+00:00,S101686,aurora-2.3,5,0
2026-05-04T12:23:48+00:00,S101689,aurora-2.3,1,0
2026-05-04T12:27:11+00:00,S101691,aurora-2.3,2,0
2026-05-04T12:36:12+00:00,S101676,aurora-2.3,1,0
2026-05-04T12:36:25+00:00,S101722,aurora-2.3,2,0
2026-05-04T12:59:45+00:00,S101690,aurora-2.3,5,0
2026-05-04T13:03:11+00:00,S101696,aurora-2.3,5,0
2026-05-04T13:13:37+00:00,S101717,aurora-2.3,2,0
2026-05-04T13:18:06+00:00,S101685,aurora-2.3,2,0
2026-05-04T13:25:02+00:00,S101704,aurora-2.3,2,0
2026-05-04T13:34:56+00:00,S101710,aurora-2.3,2,0
2026-05-04T13:37:17+00:00,S101702,aurora-2.3,4,0
2026-05-04T13:39:13+00:00,S101689,aurora-2.3,2,0
2026-05-04T13:41:51+00:00,S101704,aurora-2.3,1,0
2026-05-04T13:42:21+00:00,S101720,aurora-2.3,4,1
2026-05-04T13:46:37+00:00,S101703,aurora-2.3,3,0
2026-05-04T13:49:59+00:00,S101706,aurora-2.3,5,0
2026-05-04T13:58:42+00:00,S101722,aurora-2.3,3,0
2026-05-04T14:03:29+00:00,S101676,aurora-2.3,2,0
2026-05-04T14:07:06+00:00,S101705,aurora-2.3,1,0
2026-05-04T14:14:46+00:00,S101724,aurora-2.3,1,1
2026-05-04T14:42:59+00:00,S101707,aurora-2.3,2,0
2026-05-04T14:43:38+00:00,S101706,aurora-2.3,4,0
2026-05-04T14:44:31+00:00,S101702,aurora-2.3,3,0
2026-05-04T14:59:03+00:00,S101725,aurora-2.3,4,0
2026-05-04T14:59:20+00:00,S101688,aurora-2.3,3,0
2026-05-04T14:59:38+00:00,S101715,aurora-2.3,4,0
2026-05-04T15:03:27+00:00,S101726,aurora-2.3,1,0
2026-05-04T15:27:11+00:00,S101726,aurora-2.3,3,0
2026-05-04T15:27:23+00:00,S101701,aurora-2.3,3,0
2026-05-04T15:32:34+00:00,S101712,aurora-2.3,1,0
2026-05-04T15:35:16+00:00,S101681,aurora-2.3,1,0
2026-05-04T15:39:58+00:00,S101725,aurora-2.3,3,1
2026-05-04T15:40:27+00:00,S101670,aurora-2.3,2,1
2026-05-04T15:55:18+00:00,S101685,aurora-2.3,1,0
2026-05-04T15:56:17+00:00,S101703,aurora-2.3,5,1
2026-05-04T16:04:11+00:00,S101670,aurora-2.3,3,0
2026-05-04T16:05:11+00:00,S101690,aurora-2.3,4,0
2026-05-04T16:05:25+00:00,S101703,aurora-2.3,1,0
2026-05-04T16:19:39+00:00,S101718,aurora-2.3,3,0
2026-05-04T16:22:46+00:00,S101681,aurora-2.3,4,0
2026-05-04T16:36:15+00:00,S101696,aurora-2.3,3,0
2026-05-04T16:37:31+00:00,S101683,aurora-2.3,3,0
2026-05-04T16:46:51+00:00,S101695,aurora-2.3,2,0
2026-05-04T16:47:20+00:00,S101719,aurora-2.3,2,0
2026-05-04T17:00:37+00:00,S101699,aurora-2.3,1,0
2026-05-04T17:02:15+00:00,S101698,aurora-2.3,3,0
2026-05-04T17:02:39+00:00,S101705,aurora-2.3,3,0
2026-05-04T17:04:05+00:00,S101720,aurora-2.3,1,0
2026-05-04T17:17:52+00:00,S101711,aurora-2.3,3,0
2026-05-04T17:32:11+00:00,S101717,aurora-2.3,4,0
2026-05-04T17:33:08+00:00,S101677,aurora-2.3,2,0
2026-05-04T17:33:39+00:00,S101699,aurora-2.3,2,1
2026-05-04T17:40:53+00:00,S101682,aurora-2.3,3,0
2026-05-04T17:47:07+00:00,S101711,aurora-2.3,4,0
2026-05-04T17:56:35+00:00,S101712,aurora-2.3,2,0
2026-05-04T18:03:09+00:00,S101669,aurora-2.3,4,0
2026-05-04T18:06:08+00:00,S101673,aurora-2.3,2,0
2026-05-04T18:11:55+00:00,S101669,aurora-2.3,5,0
2026-05-04T18:24:30+00:00,S101711,aurora-2.3,2,1
2026-05-04T18:31:01+00:00,S101683,aurora-2.3,2,0
2026-05-04T18:31:21+00:00,S101682,aurora-2.3,5,0
2026-05-04T18:47:35+00:00,S101696,aurora-2.3,4,0
2026-05-04T18:56:38+00:00,S101695,aurora-2.3,1,0
2026-05-04T19:07:02+00:00,S101677,aurora-2.3,1,0
2026-05-04T19:08:30+00:00,S101678,aurora-2.3,2,0
2026-05-04T19:17:14+00:00,S101669,aurora-2.3,3,0
2026-05-04T19:27:21+00:00,S101681,aurora-2.3,3,0
2026-05-04T19:27:33+00:00,S101716,aurora-2.3,2,1
2026-05-04T19:35:19+00:00,S101707,aurora-2.3,4,0
2026-05-04T19:48:08+00:00,S101705,aurora-2.3,4,0
2026-05-04T19:59:50+00:00,S101706,aurora-2.3,3,0
2026-05-04T20:00:06+00:00,S101716,aurora-2.3,1,0
2026-05-04T20:13:22+00:00,S101722,aurora-2.3,4,0
2026-05-04T20:21:03+00:00,S101715,aurora-2.3,3,0
2026-05-04T20:26:41+00:00,S101721,aurora-2.3,4,0
2026-05-04T20:37:26+00:00,S101697,aurora-2.3,3,0
2026-05-04T20:43:21+00:00,S101696,aurora-2.3,2,0
2026-05-04T20:54:08+00:00,S101721,aurora-2.3,3,0
2026-05-04T21:04:39+00:00,S101711,aurora-2.3,1,0
2026-05-04T21:04:43+00:00,S101718,aurora-2.3,5,0
2026-05-04T21:28:41+00:00,S101678,aurora-2.3,1,0
2026-05-04T21:34:57+00:00,S101682,aurora-2.3,2,0
2026-05-04T21:39:48+00:00,S101688,aurora-2.3,1,0
2026-05-04T21:41:57+00:00,S101708,aurora-2.3,2,0
2026-05-04T21:42:06+00:00,S101694,aurora-2.3,3,0
2026-05-04T21:49:19+00:00,S101690,aurora-2.3,1,0
2026-05-04T21:50:22+00:00,S101678,aurora-2.3,3,0
2026-05-04T22:05:41+00:00,S101669,aurora-2.3,2,0
2026-05-04T22:11:13+00:00,S101701,aurora-2.3,1,0
2026-05-04T22:14:04+00:00,S101693,aurora-2.3,1,0
2026-05-04T22:18:02+00:00,S101725,aurora-2.3,2,0
2026-05-04T22:42:15+00:00,S101677,aurora-2.3,3,0
2026-05-04T22:52:37+00:00,S101691,aurora-2.3,3,0
2026-05-04T22:53:58+00:00,S101696,aurora-2.3,1,0
2026-05-04T23:00:07+00:00,S101720,aurora-2.3,3,0
2026-05-04T23:00:27+00:00,S101702,aurora-2.3,1,0
2026-05-04T23:09:40+00:00,S101679,aurora-2.3,3,0
2026-05-04T23:15:41+00:00,S101682,aurora-2.3,1,0
2026-05-04T23:21:53+00:00,S101679,aurora-2.3,4,0
2026-05-04T23:24:53+00:00,S101707,aurora-2.3,1,0
2026-05-04T23:39:06+00:00,S101683,aurora-2.3,1,0
2026-05-04T23:51:09+00:00,S101722,aurora-2.3,1,0
2026-05-04T23:57:28+00:00,S101717,aurora-2.3,1,0
2026-05-05T00:00:48+00:00,S101738,aurora-2.3,2,0
2026-05-05T00:02:26+00:00,S101764,aurora-2.3,2,0
2026-05-05T00:06:52+00:00,S101739,aurora-2.3,1,1
2026-05-05T00:08:03+00:00,S101755,aurora-2.3,3,0
2026-05-05T00:12:16+00:00,S101741,aurora-2.3,2,0
2026-05-05T00:12:27+00:00,S101751,aurora-2.3,4,0
2026-05-05T00:12:41+00:00,S101761,aurora-2.3,3,0
2026-05-05T00:23:25+00:00,S101798,aurora-2.3,4,0
2026-05-05T00:34:00+00:00,S101770,aurora-2.3,1,0
2026-05-05T00:34:50+00:00,S101784,aurora-2.3,4,0
2026-05-05T00:36:05+00:00,S101748,aurora-2.3,5,0
2026-05-05T00:49:05+00:00,S101763,aurora-2.3,4,0
2026-05-05T00:59:34+00:00,S101773,aurora-2.3,5,0
2026-05-05T01:04:51+00:00,S101762,aurora-2.3,5,0
2026-05-05T01:05:17+00:00,S101736,aurora-2.3,2,0
2026-05-05T01:09:27+00:00,S101744,aurora-2.3,3,0
2026-05-05T01:23:10+00:00,S101769,aurora-2.3,2,0
2026-05-05T01:33:48+00:00,S101782,aurora-2.3,3,0
2026-05-05T01:40:25+00:00,S101754,aurora-2.3,3,0
2026-05-05T01:41:09+00:00,S101786,aurora-2.3,2,0
2026-05-05T01:42:32+00:00,S101767,aurora-2.3,5,0
2026-05-05T01:51:04+00:00,S101760,aurora-2.3,1,0
2026-05-05T01:55:12+00:00,S101741,aurora-2.3,5,0
2026-05-05T01:59:40+00:00,S101738,aurora-2.3,1,0
2026-05-05T02:12:39+00:00,S101779,aurora-2.3,2,0
2026-05-05T02:17:59+00:00,S101744,aurora-2.3,1,0
2026-05-05T02:23:10+00:00,S101735,aurora-2.3,1,0
2026-05-05T02:40:35+00:00,S101732,aurora-2.3,2,0
2026-05-05T02:47:47+00:00,S101775,aurora-2.3,2,0
2026-05-05T02:48:20+00:00,S101736,aurora-2.3,3,0
2026-05-05T03:03:03+00:00,S101792,aurora-2.3,3,0
2026-05-05T03:08:14+00:00,S101782,aurora-2.3,2,0
2026-05-05T03:09:19+00:00,S101787,aurora-2.3,3,0
2026-05-05T03:28:20+00:00,S101728,aurora-2.3,4,0
2026-05-05T03:28:51+00:00,S101773,aurora-2.3,2,0
2026-05-05T03:34:54+00:00,S101772,aurora-2.3,1,0
2026-05-05T03:38:41+00:00,S101780,aurora-2.3,1,0
2026-05-05T03:43:32+00:00,S101793,aurora-2.3,5,0
2026-05-05T04:05:34+00:00,S101799,aurora-2.3,2,0
2026-05-05T04:08:43+00:00,S101766,aurora-2.3,2,0
2026-05-05T04:13:39+00:00,S101773,aurora-2.3,1,1
2026-05-05T04:20:29+00:00,S101774,aurora-2.3,3,0
2026-05-05T04:21:22+00:00,S101796,aurora-2.3,2,0
2026-05-05T04:25:10+00:00,S101729,aurora-2.3,1,0
2026-05-05T04:27:00+00:00,S101794,aurora-2.3,3,0
2026-05-05T04:28:08+00:00,S101759,aurora-2.3,5,0
2026-05-05T04:33:00+00:00,S101767,aurora-2.3,3,0
2026-05-05T04:34:18+00:00,S101760,aurora-2.3,3,0
2026-05-05T04:34:30+00:00,S101759,aurora-2.3,1,0
2026-05-05T04:38:39+00:00,S101731,aurora-2.3,1,0
2026-05-05T04:41:12+00:00,S101728,aurora-2.3,1,0
2026-05-05T04:58:37+00:00,S101732,aurora-2.3,5,0
2026-05-05T04:59:23+00:00,S101763,aurora-2.3,3,0
2026-05-05T05:04:14+00:00,S101739,aurora-2.3,2,0
2026-05-05T05:05:30+00:00,S101785,aurora-2.3,2,0
2026-05-05T05:06:42+00:00,S101782,aurora-2.3,1,0
2026-05-05T05:08:40+00:00,S101731,aurora-2.3,3,0
2026-05-05T05:17:39+00:00,S101758,aurora-2.3,2,0
2026-05-05T05:21:48+00:00,S101780,aurora-2.3,3,0
2026-05-05T05:36:45+00:00,S101766,aurora-2.3,1,0
2026-05-05T05:41:35+00:00,S101736,aurora-2.3,1,0
2026-05-05T05:50:09+00:00,S101748,aurora-2.3,1,0
2026-05-05T05:57:18+00:00,S101750,aurora-2.3,2,0
2026-05-05T06:02:22+00:00,S101800,aurora-2.3,3,0
2026-05-05T06:12:32+00:00,S101752,aurora-2.3,3,0
2026-05-05T06:17:27+00:00,S101761,aurora-2.3,4,0
2026-05-05T06:17:47+00:00,S101781,aurora-2.3,2,0
2026-05-05T06:22:37+00:00,S101742,aurora-2.3,2,0
2026-05-05T06:23:39+00:00,S101775,aurora-2.3,1,1
2026-05-05T06:35:34+00:00,S101784,aurora-2.3,1,0
2026-05-05T06:47:48+00:00,S101751,aurora-2.3,5,0
2026-05-05T06:50:10+00:00,S101732,aurora-2.3,3,0
2026-05-05T06:50:31+00:00,S101741,aurora-2.3,3,0
2026-05-05T06:51:57+00:00,S101774,aurora-2.3,2,0
2026-05-05T06:56:35+00:00,S101742,aurora-2.3,4,0
2026-05-05T07:06:20+00:00,S101756,aurora-2.3,2,0
2026-05-05T07:16:10+00:00,S101739,aurora-2.3,3,0
2026-05-05T07:19:16+00:00,S101753,aurora-2.3,1,0
2026-05-05T07:19:37+00:00,S101796,aurora-2.3,1,0
2026-05-05T07:30:43+00:00,S101748,aurora-2.3,4,0
2026-05-05T07:31:34+00:00,S101751,aurora-2.3,3,0
2026-05-05T07:48:00+00:00,S101775,aurora-2.3,3,0
2026-05-05T07:48:58+00:00,S101760,aurora-2.3,5,0
2026-05-05T07:58:32+00:00,S101737,aurora-2.3,2,0
2026-05-05T07:59:44+00:00,S101741,aurora-2.3,1,0
2026-05-05T08:02:06+00:00,S101788,aurora-2.3,2,0
2026-05-05T08:02:55+00:00,S101774,aurora-2.3,1,0
2026-05-05T08:03:53+00:00,S101783,aurora-2.3,2,0
2026-05-05T08:10:16+00:00,S101790,aurora-2.3,3,0
2026-05-05T08:13:12+00:00,S101771,aurora-2.3,5,0
2026-05-05T08:16:58+00:00,S101746,aurora-2.3,1,0
2026-05-05T08:19:36+00:00,S101730,aurora-2.3,3,0
2026-05-05T08:23:14+00:00,S101743,aurora-2.3,2,0
2026-05-05T08:25:58+00:00,S101753,aurora-2.3,2,0
2026-05-05T08:26:47+00:00,S101758,aurora-2.3,4,0
2026-05-05T08:36:30+00:00,S101730,aurora-2.3,4,0
2026-05-05T08:40:31+00:00,S101771,aurora-2.3,4,0
2026-05-05T08:53:08+00:00,S101751,aurora-2.3,2,0
2026-05-05T08:53:13+00:00,S101776,aurora-2.3,3,0
2026-05-05T08:55:41+00:00,S101771,aurora-2.3,2,0
2026-05-05T08:57:57+00:00,S101764,aurora-2.3,3,0
2026-05-05T08:58:28+00:00,S101763,aurora-2.3,1,0
2026-05-05T09:13:36+00:00,S101761,aurora-2.3,1,0
2026-05-05T09:16:06+00:00,S101751,aurora-2.3,1,0
2026-05-05T09:21:34+00:00,S101795,aurora-2.3,2,0
2026-05-05T09:35:18+00:00,S101731,aurora-2.3,2,0
2026-05-05T09:39:37+00:00,S101762,aurora-2.3,3,0
2026-05-05T10:03:03+00:00,S101763,aurora-2.3,2,0
2026-05-05T10:07:30+00:00,S101792,aurora-2.3,1,0
2026-05-05T10:10:28+00:00,S101765,aurora-2.3,3,0
2026-05-05T10:17:40+00:00,S101760,aurora-2.3,2,0
2026-05-05T10:31:15+00:00,S101778,aurora-2.3,2,0
2026-05-05T10:35:02+00:00,S101734,aurora-2.3,1,0
2026-05-05T10:46:13+00:00,S101727,aurora-2.3,2,0
2026-05-05T10:47:20+00:00,S101728,aurora-2.3,5,0
2026-05-05T10:48:19+00:00,S101727,aurora-2.3,4,0
2026-05-05T10:48:32+00:00,S101735,aurora-2.3,3,0
2026-05-05T10:59:50+00:00,S101772,aurora-2.3,3,0
2026-05-05T11:02:29+00:00,S101758,aurora-2.3,1,0
2026-05-05T11:10:38+00:00,S101791,aurora-2.3,1,0
2026-05-05T11:16:45+00:00,S101745,aurora-2.3,2,0
2026-05-05T11:25:23+00:00,S101784,aurora-2.3,3,0
2026-05-05T11:30:47+00:00,S101731,aurora-2.3,4,0
2026-05-05T11:31:48+00:00,S101754,aurora-2.3,1,0
2026-05-05T11:32:17+00:00,S101773,aurora-2.3,3,0
2026-05-05T11:36:35+00:00,S101732,aurora-2.3,4,0
2026-05-05T11:44:21+00:00,S101771,aurora-2.3,1,0
2026-05-05T11:44:34+00:00,S101757,aurora-2.3,2,0
2026-05-05T11:45:51+00:00,S101793,aurora-2.3,3,0
2026-05-05T11:49:20+00:00,S101786,aurora-2.3,3,0
2026-05-05T12:06:48+00:00,S101768,aurora-2.3,1,0
2026-05-05T12:12:11+00:00,S101798,aurora-2.3,1,0
2026-05-05T12:15:36+00:00,S101742,aurora-2.3,3,0
2026-05-05T12:18:23+00:00,S101757,aurora-2.3,3,0
2026-05-05T12:19:37+00:00,S101782,aurora-2.3,5,0
2026-05-05T12:21:03+00:00,S101728,aurora-2.3,2,0
2026-05-05T12:26:51+00:00,S101787,aurora-2.3,5,0
2026-05-05T12:32:55+00:00,S101733,aurora-2.3,1,0
2026-05-05T12:37:59+00:00,S101772,aurora-2.3,2,0
2026-05-05T12:40:09+00:00,S101747,aurora-2.3,1,0
2026-05-05T12:40:16+00:00,S101755,aurora-2.3,1,0
2026-05-05T12:45:31+00:00,S101798,aurora-2.3,2,0
2026-05-05T12:45:38+00:00,S101783,aurora-2.3,1,0
2026-05-05T12:54:24+00:00,S101737,aurora-2.3,1,0
2026-05-05T13:06:42+00:00,S101776,aurora-2.3,2,0
2026-05-05T13:11:19+00:00,S101790,aurora-2.3,2,0
2026-05-05T13:18:14+00:00,S101798,aurora-2.3,3,0
2026-05-05T13:31:10+00:00,S101752,aurora-2.3,1,0
2026-05-05T13:32:03+00:00,S101788,aurora-2.3,1,0
2026-05-05T13:34:09+00:00,S101797,aurora-2.3,4,0
2026-05-05T13:43:41+00:00,S101797,aurora-2.3,5,0
2026-05-05T13:52:10+00:00,S101776,aurora-2.3,1,0
2026-05-05T13:53:33+00:00,S101740,aurora-2.3,1,0
2026-05-05T13:58:22+00:00,S101785,aurora-2.3,1,0
2026-05-05T13:59:46+00:00,S101787,aurora-2.3,4,0
2026-05-05T14:02:51+00:00,S101752,aurora-2.3,4,0
2026-05-05T14:07:13+00:00,S101750,aurora-2.3,1,0
2026-05-05T14:09:28+00:00,S101797,aurora-2.3,1,0
2026-05-05T14:10:48+00:00,S101789,aurora-2.3,2,0
2026-05-05T14:13:06+00:00,S101769,aurora-2.3,1,0
2026-05-05T14:18:25+00:00,S101793,aurora-2.3,4,0
2026-05-05T14:21:25+00:00,S101785,aurora-2.3,3,0
2026-05-05T14:22:11+00:00,S101778,aurora-2.3,3,0
2026-05-05T14:22:31+00:00,S101778,aurora-2.3,1,0
2026-05-05T14:30:54+00:00,S101791,aurora-2.3,2,0
2026-05-05T14:37:26+00:00,S101762,aurora-2.3,2,0
2026-05-05T14:38:17+00:00,S101737,aurora-2.3,3,0
2026-05-05T14:48:13+00:00,S101756,aurora-2.3,1,0
2026-05-05T14:52:47+00:00,S101762,aurora-2.3,1,0
2026-05-05T14:54:54+00:00,S101787,aurora-2.3,2,0
2026-05-05T14:55:10+00:00,S101797,aurora-2.3,3,0
2026-05-05T14:56:08+00:00,S101789,aurora-2.3,4,1
2026-05-05T15:05:28+00:00,S101757,aurora-2.3,4,1
2026-05-05T15:06:05+00:00,S101773,aurora-2.3,4,0
2026-05-05T15:06:30+00:00,S101749,aurora-2.3,2,0
2026-05-05T15:16:35+00:00,S101795,aurora-2.3,1,0
2026-05-05T15:30:39+00:00,S101772,aurora-2.3,5,0
2026-05-05T15:31:30+00:00,S101742,aurora-2.3,1,0
2026-05-05T15:31:49+00:00,S101794,aurora-2.3,1,0
2026-05-05T15:32:36+00:00,S101755,aurora-2.3,2,0
2026-05-05T15:35:55+00:00,S101770,aurora-2.3,3,0
2026-05-05T15:39:29+00:00,S101790,aurora-2.3,4,0
2026-05-05T15:48:49+00:00,S101760,aurora-2.3,4,0
2026-05-05T15:50:44+00:00,S101727,aurora-2.3,5,0
2026-05-05T15:51:20+00:00,S101730,aurora-2.3,1,0
2026-05-05T16:03:34+00:00,S101747,aurora-2.3,3,0
2026-05-05T16:04:18+00:00,S101789,aurora-2.3,1,0
2026-05-05T16:09:37+00:00,S101793,aurora-2.3,2,0
2026-05-05T16:15:21+00:00,S101799,aurora-2.3,1,1
2026-05-05T16:17:34+00:00,S101759,aurora-2.3,4,0
2026-05-05T16:18:23+00:00,S101729,aurora-2.3,2,0
2026-05-05T16:19:49+00:00,S101730,aurora-2.3,2,0
2026-05-05T16:23:29+00:00,S101785,aurora-2.3,4,0
2026-05-05T16:24:08+00:00,S101767,aurora-2.3,4,0
2026-05-05T16:28:15+00:00,S101782,aurora-2.3,4,0
2026-05-05T16:28:44+00:00,S101739,aurora-2.3,4,0
2026-05-05T16:31:38+00:00,S101789,aurora-2.3,5,0
2026-05-05T16:33:01+00:00,S101729,aurora-2.3,3,0
2026-05-05T16:34:07+00:00,S101749,aurora-2.3,1,0
2026-05-05T16:39:20+00:00,S101775,aurora-2.3,4,0
2026-05-05T16:47:00+00:00,S101779,aurora-2.3,1,0
2026-05-05T16:51:48+00:00,S101744,aurora-2.3,4,0
2026-05-05T16:55:13+00:00,S101754,aurora-2.3,2,0
2026-05-05T17:09:51+00:00,S101735,aurora-2.3,2,0
2026-05-05T17:10:25+00:00,S101733,aurora-2.3,5,0
2026-05-05T17:15:09+00:00,S101745,aurora-2.3,3,0
2026-05-05T17:19:50+00:00,S101735,aurora-2.3,5,0
2026-05-05T17:21:23+00:00,S101743,aurora-2.3,1,0
2026-05-05T17:35:36+00:00,S101790,aurora-2.3,1,0
2026-05-05T17:36:06+00:00,S101795,aurora-2.3,3,0
2026-05-05T17:40:32+00:00,S101769,aurora-2.3,3,0
2026-05-05T17:42:50+00:00,S101768,aurora-2.3,3,0
2026-05-05T17:58:41+00:00,S101777,aurora-2.3,1,0
2026-05-05T18:04:17+00:00,S101800,aurora-2.3,2,0
2026-05-05T18:05:52+00:00,S101729,aurora-2.3,4,0
2026-05-05T18:11:21+00:00,S101735,aurora-2.3,4,0
2026-05-05T18:12:06+00:00,S101733,aurora-2.3,3,0
2026-05-05T18:16:16+00:00,S101771,aurora-2.3,3,0
2026-05-05T18:17:31+00:00,S101753,aurora-2.3,3,0
2026-05-05T18:35:53+00:00,S101772,aurora-2.3,4,0
2026-05-05T18:37:07+00:00,S101776,aurora-2.3,4,0
2026-05-05T18:44:19+00:00,S101759,aurora-2.3,2,0
2026-05-05T18:56:26+00:00,S101762,aurora-2.3,4,0
2026-05-05T19:08:14+00:00,S101791,aurora-2.3,3,0
2026-05-05T19:09:01+00:00,S101759,aurora-2.3,3,0
2026-05-05T19:10:21+00:00,S101747,aurora-2.3,2,0
2026-05-05T19:16:33+00:00,S101744,aurora-2.3,5,0
2026-05-05T19:17:49+00:00,S101752,aurora-2.3,2,0
2026-05-05T19:22:09+00:00,S101758,aurora-2.3,5,0
2026-05-05T19:26:49+00:00,S101748,aurora-2.3,3,0
2026-05-05T19:35:46+00:00,S101745,aurora-2.3,1,0
2026-05-05T19:39:12+00:00,S101728,aurora-2.3,3,1
2026-05-05T19:56:56+00:00,S101731,aurora-2.3,5,0
2026-05-05T19:57:21+00:00,S101784,aurora-2.3,2,0
2026-05-05T19:58:01+00:00,S101798,aurora-2.3,5,0
2026-05-05T20:18:54+00:00,S101757,aurora-2.3,1,0
2026-05-05T20:21:55+00:00,S101768,aurora-2.3,2,0
2026-05-05T20:23:06+00:00,S101743,aurora-2.3,3,0
2026-05-05T20:23:11+00:00,S101758,aurora-2.3,3,0
2026-05-05T20:26:29+00:00,S101799,aurora-2.3,3,0
2026-05-05T20:37:58+00:00,S101744,aurora-2.3,2,0
2026-05-05T20:43:15+00:00,S101793,aurora-2.3,1,0
2026-05-05T20:50:28+00:00,S101765,aurora-2.3,1,0
2026-05-05T20:52:08+00:00,S101767,aurora-2.3,2,0
2026-05-05T20:59:22+00:00,S101753,aurora-2.3,4,0
2026-05-05T21:21:52+00:00,S101734,aurora-2.3,3,0
2026-05-05T21:26:03+00:00,S101756,aurora-2.3,3,0
2026-05-05T21:26:22+00:00,S101767,aurora-2.3,1,0
2026-05-05T21:28:59+00:00,S101786,aurora-2.3,1,0
2026-05-05T21:32:36+00:00,S101733,aurora-2.3,4,0
2026-05-05T21:45:46+00:00,S101740,aurora-2.3,2,0
2026-05-05T21:45:54+00:00,S101732,aurora-2.3,1,0
2026-05-05T21:48:43+00:00,S101741,aurora-2.3,4,0
2026-05-05T22:01:29+00:00,S101746,aurora-2.3,2,0
2026-05-05T22:09:51+00:00,S101792,aurora-2.3,2,1
2026-05-05T22:10:08+00:00,S101733,aurora-2.3,2,0
2026-05-05T22:26:31+00:00,S101789,aurora-2.3,3,0
2026-05-05T22:26:51+00:00,S101777,aurora-2.3,2,0
2026-05-05T22:30:31+00:00,S101748,aurora-2.3,2,0
2026-05-05T22:35:41+00:00,S101800,aurora-2.3,1,0
2026-05-05T22:37:31+00:00,S101781,aurora-2.3,1,0
2026-05-05T22:46:39+00:00,S101727,aurora-2.3,1,0
2026-05-05T23:04:25+00:00,S101734,aurora-2.3,2,0
2026-05-05T23:07:13+00:00,S101727,aurora-2.3,3,0
2026-05-05T23:07:20+00:00,S101770,aurora-2.3,2,1
2026-05-05T23:11:58+00:00,S101794,aurora-2.3,2,0
2026-05-05T23:17:08+00:00,S101761,aurora-2.3,2,0
2026-05-05T23:18:32+00:00,S101780,aurora-2.3,2,0
2026-05-05T23:26:46+00:00,S101787,aurora-2.3,1,0
2026-05-05T23:43:08+00:00,S101797,aurora-2.3,2,0
2026-05-05T23:45:35+00:00,S101765,aurora-2.3,2,0
2026-05-05T23:46:39+00:00,S101764,aurora-2.3,1,0
2026-05-06T00:00:42+00:00,S101806,aurora-2.3,1,0
2026-05-06T00:03:35+00:00,S101852,aurora-2.3,5,0
2026-05-06T00:04:24+00:00,S101834,aurora-2.3,1,0
2026-05-06T00:07:00+00:00,S101844,aurora-2.3,3,0
2026-05-06T00:13:29+00:00,S101857,aurora-2.3,2,0
2026-05-06T00:15:32+00:00,S101824,aurora-2.3,1,0
2026-05-06T00:15:35+00:00,S101834,aurora-2.3,2,0
2026-05-06T00:16:30+00:00,S101827,aurora-2.3,4,0
2026-05-06T00:34:27+00:00,S101823,aurora-2.3,2,0
2026-05-06T00:41:32+00:00,S101806,aurora-2.3,4,0
2026-05-06T00:43:43+00:00,S101835,aurora-2.3,1,0
2026-05-06T01:06:35+00:00,S101820,aurora-2.3,1,0
2026-05-06T01:07:28+00:00,S101827,aurora-2.3,5,0
2026-05-06T01:14:29+00:00,S101830,aurora-2.3,1,0
2026-05-06T01:20:42+00:00,S101804,aurora-2.3,4,0
2026-05-06T01:29:21+00:00,S101822,aurora-2.3,3,0
2026-05-06T01:37:47+00:00,S101807,aurora-2.3,1,0
2026-05-06T01:50:09+00:00,S101836,aurora-2.3,1,0
2026-05-06T01:50:40+00:00,S101839,aurora-2.3,1,0
2026-05-06T01:56:16+00:00,S101832,aurora-2.3,1,0
2026-05-06T02:01:43+00:00,S101813,aurora-2.3,1,0
2026-05-06T02:18:47+00:00,S101842,aurora-2.3,3,0
2026-05-06T02:26:42+00:00,S101840,aurora-2.3,1,0
2026-05-06T02:27:22+00:00,S101852,aurora-2.3,3,0
2026-05-06T02:40:56+00:00,S101851,aurora-2.3,5,0
2026-05-06T02:42:46+00:00,S101837,aurora-2.3,3,0
2026-05-06T02:47:33+00:00,S101831,aurora-2.3,4,0
2026-05-06T02:54:19+00:00,S101818,aurora-2.3,1,0
2026-05-06T02:57:24+00:00,S101830,aurora-2.3,2,0
2026-05-06T03:09:34+00:00,S101809,aurora-2.3,2,0
2026-05-06T03:18:18+00:00,S101804,aurora-2.3,1,0
2026-05-06T03:23:12+00:00,S101815,aurora-2.3,1,0
2026-05-06T03:31:45+00:00,S101827,aurora-2.3,1,0
2026-05-06T03:36:08+00:00,S101845,aurora-2.3,4,0
2026-05-06T03:37:44+00:00,S101822,aurora-2.3,4,0
2026-05-06T03:42:58+00:00,S101828,aurora-2.3,2,0
2026-05-06T03:49:37+00:00,S101849,aurora-2.3,1,0
2026-05-06T03:56:08+00:00,S101832,aurora-2.3,5,0
2026-05-06T03:57:48+00:00,S101852,aurora-2.3,4,0
2026-05-06T04:13:09+00:00,S101836,aurora-2.3,3,0
2026-05-06T04:16:24+00:00,S101835,aurora-2.3,3,0
2026-05-06T04:31:59+00:00,S101827,aurora-2.3,3,0
2026-05-06T04:48:16+00:00,S101817,aurora-2.3,1,0
2026-05-06T04:54:46+00:00,S101835,aurora-2.3,2,0
2026-05-06T05:00:01+00:00,S101851,aurora-2.3,4,0
2026-05-06T05:08:08+00:00,S101855,aurora-2.3,4,0
2026-05-06T05:08:32+00:00,S101803,aurora-2.3,1,0
2026-05-06T05:23:03+00:00,S101845,aurora-2.3,1,0
2026-05-06T05:23:21+00:00,S101840,aurora-2.3,3,0
2026-05-06T05:26:15+00:00,S101819,aurora-2.3,3,0
2026-05-06T05:44:47+00:00,S101857,aurora-2.3,1,0
2026-05-06T06:02:56+00:00,S101843,aurora-2.3,2,0
2026-05-06T06:11:25+00:00,S101822,aurora-2.3,1,0
2026-05-06T06:14:40+00:00,S101834,aurora-2.3,3,0
2026-05-06T06:40:32+00:00,S101817,aurora-2.3,2,0
2026-05-06T06:40:36+00:00,S101807,aurora-2.3,5,0
2026-05-06T06:43:37+00:00,S101849,aurora-2.3,2,0
2026-05-06T06:55:40+00:00,S101853,aurora-2.3,1,0
2026-05-06T06:58:37+00:00,S101838,aurora-2.3,1,0
2026-05-06T07:01:41+00:00,S101807,aurora-2.3,2,0
2026-05-06T07:03:28+00:00,S101846,aurora-2.3,1,0
2026-05-06T07:11:12+00:00,S101805,aurora-2.3,4,0
2026-05-06T07:13:53+00:00,S101843,aurora-2.3,3,0
2026-05-06T07:19:49+00:00,S101821,aurora-2.3,2,0
2026-05-06T07:26:58+00:00,S101833,aurora-2.3,2,0
2026-05-06T07:34:20+00:00,S101812,aurora-2.3,1,0
2026-05-06T07:37:01+00:00,S101811,aurora-2.3,1,1
2026-05-06T07:37:23+00:00,S101815,aurora-2.3,3,0
2026-05-06T07:38:17+00:00,S101815,aurora-2.3,2,0
2026-05-06T07:45:20+00:00,S101829,aurora-2.3,2,0
2026-05-06T08:01:07+00:00,S101855,aurora-2.3,3,0
2026-05-06T08:06:17+00:00,S101832,aurora-2.3,4,0
2026-05-06T08:08:22+00:00,S101825,aurora-2.3,2,0
2026-05-06T08:17:24+00:00,S101822,aurora-2.3,5,0
2026-05-06T08:30:14+00:00,S101805,aurora-2.3,1,0
2026-05-06T09:16:06+00:00,S101812,aurora-2.3,3,0
2026-05-06T09:19:23+00:00,S101813,aurora-2.3,3,0
2026-05-06T09:34:06+00:00,S101845,aurora-2.3,2,0
2026-05-06T09:37:31+00:00,S101805,aurora-2.3,3,0
2026-05-06T09:49:00+00:00,S101842,aurora-2.3,2,0
2026-05-06T09:52:38+00:00,S101832,aurora-2.3,2,0
2026-05-06T10:08:48+00:00,S101844,aurora-2.3,2,0
2026-05-06T10:17:26+00:00,S101814,aurora-2.3,1,0
2026-05-06T10:53:55+00:00,S101824,aurora-2.3,2,0
2026-05-06T11:22:33+00:00,S101852,aurora-2.3,2,0
2026-05-06T11:28:06+00:00,S101825,aurora-2.3,3,0
2026-05-06T11:32:44+00:00,S101819,aurora-2.3,2,0
2026-05-06T11:37:25+00:00,S101837,aurora-2.3,2,0
2026-05-06T11:42:45+00:00,S101806,aurora-2.3,2,0
2026-05-06T11:52:29+00:00,S101841,aurora-2.3,3,0
2026-05-06T11:54:02+00:00,S101829,aurora-2.3,1,0
2026-05-06T12:14:42+00:00,S101857,aurora-2.3,3,0
2026-05-06T12:17:35+00:00,S101806,aurora-2.3,3,0
2026-05-06T12:21:11+00:00,S101817,aurora-2.3,3,0
2026-05-06T12:21:31+00:00,S101801,aurora-2.3,2,0
2026-05-06T12:26:01+00:00,S101826,aurora-2.3,1,0
2026-05-06T12:31:09+00:00,S101847,aurora-2.3,1,0
2026-05-06T12:36:11+00:00,S101811,aurora-2.3,2,0
2026-05-06T12:48:50+00:00,S101826,aurora-2.3,2,0
2026-05-06T12:54:32+00:00,S101835,aurora-2.3,4,0
2026-05-06T13:00:26+00:00,S101818,aurora-2.3,4,0
2026-05-06T13:05:42+00:00,S101810,aurora-2.3,2,0
2026-05-06T13:21:29+00:00,S101816,aurora-2.3,3,0
2026-05-06T13:42:29+00:00,S101847,aurora-2.3,2,0
2026-05-06T13:42:39+00:00,S101804,aurora-2.3,3,0
2026-05-06T13:54:43+00:00,S101853,aurora-2.3,2,0
2026-05-06T14:01:56+00:00,S101809,aurora-2.3,1,0
2026-05-06T14:28:53+00:00,S101848,aurora-2.3,3,0
2026-05-06T14:32:13+00:00,S101833,aurora-2.3,3,0
2026-05-06T14:32:15+00:00,S101822,aurora-2.3,2,0
2026-05-06T14:37:30+00:00,S101855,aurora-2.3,5,0
2026-05-06T14:40:47+00:00,S101823,aurora-2.3,3,0
2026-05-06T14:49:04+00:00,S101827,aurora-2.3,2,1
2026-05-06T15:03:06+00:00,S101802,aurora-2.3,2,0
2026-05-06T15:07:06+00:00,S101850,aurora-2.3,2,0
2026-05-06T15:21:49+00:00,S101851,aurora-2.3,1,0
2026-05-06T15:27:48+00:00,S101807,aurora-2.3,4,0
2026-05-06T15:43:03+00:00,S101856,aurora-2.3,1,0
2026-05-06T15:46:51+00:00,S101818,aurora-2.3,5,0
2026-05-06T15:50:34+00:00,S101844,aurora-2.3,1,0
2026-05-06T15:52:08+00:00,S101836,aurora-2.3,4,0
2026-05-06T15:56:58+00:00,S101836,aurora-2.3,2,0
2026-05-06T16:00:17+00:00,S101825,aurora-2.3,1,1
2026-05-06T16:01:36+00:00,S101837,aurora-2.3,1,0
2026-05-06T16:02:30+00:00,S101831,aurora-2.3,2,0
2026-05-06T16:18:55+00:00,S101840,aurora-2.3,4,0
2026-05-06T16:19:10+00:00,S101815,aurora-2.3,4,0
2026-05-06T16:31:38+00:00,S101839,aurora-2.3,3,0
2026-05-06T16:32:06+00:00,S101819,aurora-2.3,1,0
2026-05-06T16:34:27+00:00,S101854,aurora-2.3,2,0
2026-05-06T16:38:42+00:00,S101855,aurora-2.3,1,0
2026-05-06T17:07:30+00:00,S101855,aurora-2.3,2,0
2026-05-06T17:11:51+00:00,S101808,aurora-2.3,1,0
2026-05-06T17:12:26+00:00,S101808,aurora-2.3,3,0
2026-05-06T17:15:11+00:00,S101803,aurora-2.3,2,0
2026-05-06T17:30:17+00:00,S101830,aurora-2.3,3,0
2026-05-06T17:30:58+00:00,S101808,aurora-2.3,4,0
2026-05-06T17:35:05+00:00,S101820,aurora-2.3,2,0
2026-05-06T17:36:24+00:00,S101841,aurora-2.3,2,0
2026-05-06T17:37:58+00:00,S101814,aurora-2.3,2,0
2026-05-06T18:00:01+00:00,S101810,aurora-2.3,1,0
2026-05-06T18:03:53+00:00,S101851,aurora-2.3,3,0
2026-05-06T18:12:45+00:00,S101852,aurora-2.3,1,0
2026-05-06T18:17:28+00:00,S101828,aurora-2.3,1,0
2026-05-06T18:18:34+00:00,S101848,aurora-2.3,1,0
2026-05-06T18:31:07+00:00,S101850,aurora-2.3,1,0
2026-05-06T18:38:22+00:00,S101801,aurora-2.3,1,0
2026-05-06T18:45:32+00:00,S101854,aurora-2.3,1,0
2026-05-06T19:20:21+00:00,S101838,aurora-2.3,2,0
2026-05-06T19:21:15+00:00,S101834,aurora-2.3,5,0
2026-05-06T19:27:36+00:00,S101831,aurora-2.3,3,0
2026-05-06T19:27:49+00:00,S101842,aurora-2.3,1,0
2026-05-06T19:32:13+00:00,S101819,aurora-2.3,4,0
2026-05-06T19:40:06+00:00,S101813,aurora-2.3,2,0
2026-05-06T19:42:42+00:00,S101801,aurora-2.3,4,0
2026-05-06T19:47:18+00:00,S101806,aurora-2.3,5,0
2026-05-06T20:00:21+00:00,S101856,aurora-2.3,2,0
2026-05-06T20:04:51+00:00,S101833,aurora-2.3,1,0
2026-05-06T20:06:18+00:00,S101816,aurora-2.3,2,0
2026-05-06T20:10:31+00:00,S101816,aurora-2.3,1,0
2026-05-06T20:12:11+00:00,S101812,aurora-2.3,2,0
2026-05-06T20:38:17+00:00,S101824,aurora-2.3,3,0
2026-05-06T20:39:56+00:00,S101823,aurora-2.3,1,0
2026-05-06T20:48:39+00:00,S101851,aurora-2.3,2,0
2026-05-06T20:52:12+00:00,S101802,aurora-2.3,1,0
2026-05-06T21:01:19+00:00,S101805,aurora-2.3,2,0
2026-05-06T21:32:49+00:00,S101847,aurora-2.3,3,0
2026-05-06T21:38:28+00:00,S101840,aurora-2.3,5,0
2026-05-06T21:50:46+00:00,S101831,aurora-2.3,1,0
2026-05-06T21:54:47+00:00,S101848,aurora-2.3,2,0
2026-05-06T21:58:21+00:00,S101824,aurora-2.3,4,0
2026-05-06T22:12:12+00:00,S101813,aurora-2.3,4,0
2026-05-06T22:14:47+00:00,S101818,aurora-2.3,2,0
2026-05-06T22:15:04+00:00,S101801,aurora-2.3,3,0
2026-05-06T22:16:14+00:00,S101818,aurora-2.3,3,1
2026-05-06T22:27:32+00:00,S101804,aurora-2.3,2,0
2026-05-06T22:30:13+00:00,S101834,aurora-2.3,4,0
2026-05-06T22:33:10+00:00,S101840,aurora-2.3,2,0
2026-05-06T22:45:12+00:00,S101841,aurora-2.3,1,0
2026-05-06T22:49:22+00:00,S101835,aurora-2.3,5,0
2026-05-06T22:49:30+00:00,S101845,aurora-2.3,3,0
2026-05-06T22:51:42+00:00,S101807,aurora-2.3,3,0
2026-05-06T23:00:31+00:00,S101821,aurora-2.3,1,0
2026-05-06T23:08:39+00:00,S101832,aurora-2.3,3,0
2026-05-06T23:14:56+00:00,S101808,aurora-2.3,2,0
2026-05-06T23:37:48+00:00,S101843,aurora-2.3,1,0
2026-05-06T23:38:28+00:00,S101819,aurora-2.3,5,0
2026-05-06T23:45:04+00:00,S101839,aurora-2.3,2,0
2026-05-06T23:56:40+00:00,S101846,aurora-2.3,2,0
2026-05-07T00:01:48+00:00,S101872,aurora-2.3,2,0
2026-05-07T00:07:07+00:00,S101901,aurora-2.3,1,0
2026-05-07T00:25:21+00:00,S101859,aurora-2.3,4,0
2026-05-07T00:30:46+00:00,S101876,aurora-2.3,1,0
2026-05-07T00:32:20+00:00,S101907,aurora-2.3,3,0
2026-05-07T00:35:55+00:00,S101874,aurora-2.3,5,0
2026-05-07T00:40:22+00:00,S101898,aurora-2.3,4,0
2026-05-07T00:50:40+00:00,S101892,aurora-2.3,1,0
2026-05-07T00:55:02+00:00,S101906,aurora-2.3,1,0
2026-05-07T00:58:29+00:00,S101902,aurora-2.3,4,0
2026-05-07T00:59:58+00:00,S101868,aurora-2.3,4,0
2026-05-07T01:00:19+00:00,S101902,aurora-2.3,3,0
2026-05-07T01:08:57+00:00,S101872,aurora-2.3,1,0
2026-05-07T01:09:22+00:00,S101913,aurora-2.3,5,0
2026-05-07T01:41:38+00:00,S101887,aurora-2.3,1,0
2026-05-07T01:48:55+00:00,S101904,aurora-2.3,3,0
2026-05-07T01:52:26+00:00,S101886,aurora-2.3,3,0
2026-05-07T02:04:59+00:00,S101874,aurora-2.3,1,0
2026-05-07T02:09:26+00:00,S101886,aurora-2.3,2,0
2026-05-07T02:13:52+00:00,S101867,aurora-2.3,2,0
2026-05-07T02:25:06+00:00,S101894,aurora-2.3,2,0
2026-05-07T02:32:17+00:00,S101870,aurora-2.3,1,0
2026-05-07T02:39:51+00:00,S101904,aurora-2.3,1,0
2026-05-07T02:45:24+00:00,S101870,aurora-2.3,2,0
2026-05-07T03:24:51+00:00,S101875,aurora-2.3,3,0
2026-05-07T03:42:07+00:00,S101913,aurora-2.3,3,0
2026-05-07T03:45:17+00:00,S101908,aurora-2.3,3,0
2026-05-07T03:47:23+00:00,S101864,aurora-2.3,3,0
2026-05-07T03:56:03+00:00,S101875,aurora-2.3,2,0
2026-05-07T04:02:45+00:00,S101895,aurora-2.3,4,0
2026-05-07T04:09:26+00:00,S101911,aurora-2.3,1,0
2026-05-07T04:11:55+00:00,S101884,aurora-2.3,3,0
2026-05-07T04:13:26+00:00,S101871,aurora-2.3,2,0
2026-05-07T04:15:28+00:00,S101907,aurora-2.3,1,0
2026-05-07T04:20:29+00:00,S101876,aurora-2.3,4,0
2026-05-07T04:33:04+00:00,S101873,aurora-2.3,1,0
2026-05-07T04:37:11+00:00,S101865,aurora-2.3,1,0
2026-05-07T04:41:16+00:00,S101859,aurora-2.3,2,0
2026-05-07T04:42:02+00:00,S101907,aurora-2.3,2,0
2026-05-07T04:54:25+00:00,S101903,aurora-2.3,2,0
2026-05-07T04:54:26+00:00,S101890,aurora-2.3,3,1
2026-05-07T04:56:21+00:00,S101885,aurora-2.3,1,0
2026-05-07T04:57:41+00:00,S101898,aurora-2.3,3,0
2026-05-07T05:02:19+00:00,S101903,aurora-2.3,5,0
2026-05-07T05:07:16+00:00,S101881,aurora-2.3,2,0
2026-05-07T05:19:57+00:00,S101866,aurora-2.3,2,0
2026-05-07T05:21:51+00:00,S101880,aurora-2.3,1,0
2026-05-07T05:29:04+00:00,S101887,aurora-2.3,4,0
2026-05-07T05:50:50+00:00,S101861,aurora-2.3,4,0
2026-05-07T05:57:14+00:00,S101901,aurora-2.3,2,0
2026-05-07T06:04:22+00:00,S101892,aurora-2.3,3,0
2026-05-07T06:07:39+00:00,S101894,aurora-2.3,3,0
2026-05-07T06:12:22+00:00,S101872,aurora-2.3,3,0
2026-05-07T06:20:31+00:00,S101906,aurora-2.3,2,0
2026-05-07T06:20:51+00:00,S101861,aurora-2.3,3,0
2026-05-07T06:27:11+00:00,S101883,aurora-2.3,3,0
2026-05-07T06:31:30+00:00,S101902,aurora-2.3,5,0
2026-05-07T06:51:33+00:00,S101910,aurora-2.3,5,0
2026-05-07T07:00:16+00:00,S101904,aurora-2.3,2,0
2026-05-07T07:05:19+00:00,S101903,aurora-2.3,1,0
2026-05-07T07:19:16+00:00,S101885,aurora-2.3,2,0
2026-05-07T07:31:28+00:00,S101890,aurora-2.3,4,0
2026-05-07T07:39:47+00:00,S101861,aurora-2.3,1,0
2026-05-07T07:43:52+00:00,S101882,aurora-2.3,2,0
2026-05-07T07:45:16+00:00,S101882,aurora-2.3,1,0
2026-05-07T07:54:45+00:00,S101912,aurora-2.3,2,0
2026-05-07T07:54:49+00:00,S101860,aurora-2.3,1,0
2026-05-07T07:55:16+00:00,S101879,aurora-2.3,2,0
2026-05-07T07:57:33+00:00,S101887,aurora-2.3,2,0
2026-05-07T08:07:24+00:00,S101870,aurora-2.3,5,0
2026-05-07T08:09:14+00:00,S101915,aurora-2.3,2,0
2026-05-07T08:12:01+00:00,S101900,aurora-2.3,4,1
2026-05-07T08:48:05+00:00,S101881,aurora-2.3,3,0
2026-05-07T09:00:30+00:00,S101895,aurora-2.3,3,0
2026-05-07T09:01:19+00:00,S101903,aurora-2.3,3,0
2026-05-07T09:15:16+00:00,S101869,aurora-2.3,1,0
2026-05-07T09:15:26+00:00,S101879,aurora-2.3,1,0
2026-05-07T09:26:09+00:00,S101883,aurora-2.3,2,0
2026-05-07T09:55:12+00:00,S101896,aurora-2.3,1,0
2026-05-07T09:55:45+00:00,S101880,aurora-2.3,2,0
2026-05-07T10:03:17+00:00,S101886,aurora-2.3,1,0
2026-05-07T10:11:37+00:00,S101873,aurora-2.3,3,0
2026-05-07T10:14:13+00:00,S101915,aurora-2.3,3,0
2026-05-07T10:43:39+00:00,S101910,aurora-2.3,2,0
2026-05-07T10:54:28+00:00,S101910,aurora-2.3,1,0
2026-05-07T11:05:21+00:00,S101890,aurora-2.3,2,0
2026-05-07T11:09:10+00:00,S101874,aurora-2.3,3,0
2026-05-07T11:15:15+00:00,S101914,aurora-2.3,1,0
2026-05-07T11:25:25+00:00,S101908,aurora-2.3,1,0
2026-05-07T11:27:10+00:00,S101907,aurora-2.3,4,0
2026-05-07T11:50:44+00:00,S101882,aurora-2.3,3,0
2026-05-07T11:52:49+00:00,S101894,aurora-2.3,1,0
2026-05-07T11:55:17+00:00,S101891,aurora-2.3,4,0
2026-05-07T12:01:41+00:00,S101895,aurora-2.3,1,0
2026-05-07T12:10:28+00:00,S101887,aurora-2.3,3,0
2026-05-07T12:12:07+00:00,S101906,aurora-2.3,4,0
2026-05-07T12:17:32+00:00,S101888,aurora-2.3,3,0
2026-05-07T12:42:03+00:00,S101862,aurora-2.3,3,0
2026-05-07T12:45:54+00:00,S101869,aurora-2.3,2,0
2026-05-07T12:49:32+00:00,S101891,aurora-2.3,3,0
2026-05-07T12:52:55+00:00,S101878,aurora-2.3,1,0
2026-05-07T12:55:02+00:00,S101895,aurora-2.3,2,0
2026-05-07T13:00:56+00:00,S101865,aurora-2.3,2,0
2026-05-07T13:03:03+00:00,S101871,aurora-2.3,1,0
2026-05-07T13:08:18+00:00,S101909,aurora-2.3,2,0
2026-05-07T13:08:46+00:00,S101875,aurora-2.3,1,0
2026-05-07T13:25:01+00:00,S101867,aurora-2.3,1,0
2026-05-07T13:25:02+00:00,S101859,aurora-2.3,5,0
2026-05-07T13:38:54+00:00,S101886,aurora-2.3,5,0
2026-05-07T13:39:35+00:00,S101878,aurora-2.3,2,0
2026-05-07T13:47:33+00:00,S101893,aurora-2.3,1,0
2026-05-07T13:58:22+00:00,S101879,aurora-2.3,3,0
2026-05-07T13:58:27+00:00,S101891,aurora-2.3,1,0
2026-05-07T14:06:50+00:00,S101913,aurora-2.3,2,0
2026-05-07T14:20:35+00:00,S101889,aurora-2.3,1,0
2026-05-07T14:26:58+00:00,S101859,aurora-2.3,3,0
2026-05-07T14:31:12+00:00,S101883,aurora-2.3,1,0
2026-05-07T14:42:44+00:00,S101899,aurora-2.3,3,0
2026-05-07T14:54:09+00:00,S101911,aurora-2.3,4,0
2026-05-07T14:56:05+00:00,S101870,aurora-2.3,3,0
2026-05-07T15:04:06+00:00,S101879,aurora-2.3,4,1
2026-05-07T15:13:41+00:00,S101874,aurora-2.3,4,0
2026-05-07T15:15:11+00:00,S101876,aurora-2.3,2,0
2026-05-07T15:20:16+00:00,S101868,aurora-2.3,2,0
2026-05-07T15:23:23+00:00,S101903,aurora-2.3,4,0
2026-05-07T15:23:32+00:00,S101888,aurora-2.3,2,0
2026-05-07T15:31:33+00:00,S101877,aurora-2.3,3,0
2026-05-07T15:35:45+00:00,S101868,aurora-2.3,1,1
2026-05-07T15:38:26+00:00,S101907,aurora-2.3,5,0
2026-05-07T15:41:48+00:00,S101899,aurora-2.3,2,0
2026-05-07T15:46:43+00:00,S101910,aurora-2.3,4,0
2026-05-07T15:56:39+00:00,S101893,aurora-2.3,2,1
2026-05-07T15:59:53+00:00,S101897,aurora-2.3,2,0
2026-05-07T16:03:35+00:00,S101909,aurora-2.3,1,0
2026-05-07T16:04:45+00:00,S101873,aurora-2.3,5,0
2026-05-07T16:10:44+00:00,S101886,aurora-2.3,4,0
2026-05-07T16:13:16+00:00,S101909,aurora-2.3,3,0
2026-05-07T16:16:52+00:00,S101891,aurora-2.3,5,0
2026-05-07T16:23:51+00:00,S101877,aurora-2.3,2,0
2026-05-07T16:31:23+00:00,S101869,aurora-2.3,3,0
2026-05-07T16:32:02+00:00,S101915,aurora-2.3,1,0
2026-05-07T16:33:34+00:00,S101862,aurora-2.3,4,0
2026-05-07T16:37:22+00:00,S101858,aurora-2.3,2,0
2026-05-07T16:37:30+00:00,S101912,aurora-2.3,1,0
2026-05-07T16:47:33+00:00,S101913,aurora-2.3,4,0
2026-05-07T16:49:21+00:00,S101911,aurora-2.3,3,0
2026-05-07T17:13:14+00:00,S101890,aurora-2.3,1,0
2026-05-07T17:17:00+00:00,S101864,aurora-2.3,1,0
2026-05-07T17:28:56+00:00,S101862,aurora-2.3,1,0
2026-05-07T17:31:48+00:00,S101908,aurora-2.3,2,0
2026-05-07T17:33:19+00:00,S101906,aurora-2.3,3,0
2026-05-07T18:02:18+00:00,S101900,aurora-2.3,1,0
2026-05-07T18:05:36+00:00,S101913,aurora-2.3,1,0
2026-05-07T18:08:47+00:00,S101869,aurora-2.3,4,0
2026-05-07T18:15:26+00:00,S101861,aurora-2.3,2,0
2026-05-07T18:22:42+00:00,S101905,aurora-2.3,1,0
2026-05-07T18:23:07+00:00,S101873,aurora-2.3,2,0
2026-05-07T18:33:18+00:00,S101864,aurora-2.3,2,0
2026-05-07T18:42:40+00:00,S101898,aurora-2.3,1,0
2026-05-07T18:45:20+00:00,S101910,aurora-2.3,3,0
2026-05-07T18:51:33+00:00,S101866,aurora-2.3,1,0
2026-05-07T19:10:55+00:00,S101882,aurora-2.3,4,0
2026-05-07T19:13:47+00:00,S101864,aurora-2.3,4,0
2026-05-07T19:16:41+00:00,S101872,aurora-2.3,4,0
2026-05-07T19:54:09+00:00,S101904,aurora-2.3,5,0
2026-05-07T20:03:47+00:00,S101863,aurora-2.3,2,0
2026-05-07T20:05:28+00:00,S101905,aurora-2.3,2,0
2026-05-07T20:07:49+00:00,S101902,aurora-2.3,2,0
2026-05-07T20:13:24+00:00,S101896,aurora-2.3,2,0
2026-05-07T20:16:11+00:00,S101877,aurora-2.3,1,0
2026-05-07T20:28:59+00:00,S101900,aurora-2.3,3,0
2026-05-07T20:35:51+00:00,S101888,aurora-2.3,1,0
2026-05-07T20:37:00+00:00,S101911,aurora-2.3,2,0
2026-05-07T20:45:59+00:00,S101874,aurora-2.3,2,0
2026-05-07T20:51:51+00:00,S101862,aurora-2.3,2,0
2026-05-07T20:51:52+00:00,S101900,aurora-2.3,2,0
2026-05-07T20:52:48+00:00,S101863,aurora-2.3,1,0
2026-05-07T21:04:14+00:00,S101859,aurora-2.3,1,0
2026-05-07T21:04:25+00:00,S101889,aurora-2.3,2,0
2026-05-07T21:09:29+00:00,S101858,aurora-2.3,1,0
2026-05-07T21:12:55+00:00,S101870,aurora-2.3,4,0
2026-05-07T21:14:05+00:00,S101898,aurora-2.3,2,0
2026-05-07T21:18:24+00:00,S101889,aurora-2.3,3,0
2026-05-07T21:23:38+00:00,S101868,aurora-2.3,3,0
2026-05-07T21:25:18+00:00,S101887,aurora-2.3,5,0
2026-05-07T21:27:45+00:00,S101884,aurora-2.3,1,0
2026-05-07T21:29:47+00:00,S101904,aurora-2.3,4,0
2026-05-07T21:50:02+00:00,S101860,aurora-2.3,2,0
2026-05-07T22:00:17+00:00,S101892,aurora-2.3,2,0
2026-05-07T22:04:05+00:00,S101876,aurora-2.3,3,0
2026-05-07T22:10:21+00:00,S101897,aurora-2.3,3,0
2026-05-07T22:10:48+00:00,S101891,aurora-2.3,2,0
2026-05-07T22:13:56+00:00,S101914,aurora-2.3,2,0
2026-05-07T22:30:54+00:00,S101881,aurora-2.3,1,0
2026-05-07T22:41:19+00:00,S101884,aurora-2.3,2,0
2026-05-07T22:42:13+00:00,S101860,aurora-2.3,3,0
2026-05-07T23:19:58+00:00,S101873,aurora-2.3,4,0
2026-05-07T23:21:02+00:00,S101902,aurora-2.3,1,0
2026-05-07T23:34:20+00:00,S101897,aurora-2.3,1,0
2026-05-07T23:40:16+00:00,S101899,aurora-2.3,1,0
