gender,race,age_band,score,label,prediction
M,White,Under 25,0.4600915755376121,0,0
M,White,Under 25,0.46179210750024563,0,0
M,White,Under 25,0.5135784757313483,0,1
M,White,Under 25,0.5716247159351495,1,1
M,White,Under 25,0.3884698667628224,0,0
M,White,Under 25,0.40119250669648643,0,0
M,White,Under 25,0.49161025105296036,1,0
M,White,Under 25,0.5681744973575789,1,1
M,White,Under 25,0.7110853368749962,1,1
M,White,Under 25,0.43980510502009273,0,0
M,White,Under 25,0.3973652240562083,0,0
M,White,Under 25,0.5629073113814141,1,1
M,White,Under 25,0.6199027600480146,1,1
M,White,Under 25,0.7343796053549773,1,1
M,White,Under 25,0.477936881053719,0,0
M,White,Under 25,0.6932604812508657,1,1
M,White,Under 25,0.5598851939345243,1,1
M,White,Under 25,0.7851680672746377,1,1
M,White,Under 25,0.4868250619175667,0,0
M,White,Under 25,0.3923716952161762,1,0
M,White,Under 25,0.774354162063997,1,1
M,White,Under 25,0.46918957061917854,0,0
M,White,Under 25,0.7627101691578125,1,1
M,White,Under 25,0.28831582268480316,0,0
M,White,Under 25,0.47924899303871993,0,0
M,White,Under 25,0.7522899452184366,1,1
M,White,Under 25,0.49107065439689856,0,0
M,White,Under 25,0.6630798538525173,1,1
M,White,Under 25,0.29821515578060076,0,0
M,White,Under 25,0.4064009144995109,1,0
M,White,Under 25,0.5601544694899027,0,1
M,White,Under 25,0.5986932978210523,1,1
M,White,Under 25,0.6755966214454547,1,1
M,White,Under 25,0.6369487786265796,1,1
M,White,Under 25,0.7298490030910835,1,1
M,White,Under 25,0.5463836656349929,0,1
M,White,Under 25,0.5920587633468853,0,1
M,White,Under 25,0.7238121751987752,1,1
M,White,Under 25,0.3467832900994855,1,0
M,White,Under 25,0.7279896963140006,1,1
M,White,Under 25,0.4123219788708695,1,0
M,White,Under 25,0.19585897718331027,0,0
M,White,Under 25,0.692685415287139,1,1
M,White,Under 25,0.6268963299085458,1,1
M,White,Under 25,0.5691731166471605,0,1
M,White,Under 25,0.6212911418294812,1,1
M,White,Under 25,0.34284037699879827,0,0
M,White,Under 25,0.3990885334651297,0,0
M,White,Under 25,0.13074664645763184,0,0
M,White,Under 25,0.7357981198524275,1,1
M,White,Under 25,0.23967172341455098,0,0
M,White,Under 25,0.34980884286707775,0,0
M,White,Under 25,0.5554410160817341,1,1
M,White,Under 25,0.38183362572104357,1,0
M,White,Under 25,0.4675326501857814,0,0
M,White,Under 25,0.6616250865544843,1,1
M,White,Under 25,0.7708521466887288,1,1
M,White,Under 25,0.3320791418432289,0,0
M,White,Under 25,0.4031986865323823,0,0
M,White,Under 25,0.4931191393091189,0,0
M,White,Under 25,0.3999306291277002,1,0
M,White,Under 25,0.3053658334004391,0,0
M,White,Under 25,0.4783588157920119,0,0
M,White,Under 25,0.32672688456876314,0,0
M,White,Under 25,0.6144611696841282,1,1
M,White,Under 25,0.4642293267414628,0,0
M,White,Under 25,0.1530361502198868,0,0
M,White,Under 25,0.5716774619886857,1,1
M,White,Under 25,0.5905291984734555,1,1
M,White,Under 25,0.5576245317610175,1,1
M,White,Under 25,0.7443196402137381,1,1
M,White,Under 25,0.38965940494865314,0,0
M,White,Under 25,0.7430500725627319,1,1
M,White,Under 25,0.43434252574120474,0,0
M,White,Under 25,0.47127744494928764,0,0
M,White,Under 25,0.5320802633608732,0,1
M,White,Under 25,0.4784304190088191,1,0
M,White,Under 25,0.47990426454455154,1,0
M,White,Under 25,0.23157044496708873,0,0
M,White,Under 25,0.64390432960515,1,1
M,White,Under 25,0.507498233151885,0,1
M,White,Under 25,0.7490761935675952,1,1
M,White,Under 25,0.4875152426919329,0,0
M,White,Under 25,0.6044014598642256,1,1
M,White,Under 25,0.5744095871353354,1,1
M,White,Under 25,0.45429090613736106,0,0
M,White,Under 25,0.5838307710973778,1,1
M,White,Under 25,0.3870658666590747,1,0
M,White,Under 25,0.31148080076674894,0,0
M,White,Under 25,0.4912034503292717,1,0
M,White,Under 25,0.5025237462162426,0,1
M,White,Under 25,0.6723113953605622,1,1
M,White,Under 25,0.6587802029226817,1,1
M,White,Under 25,0.7578123470081768,1,1
M,White,Under 25,0.3218241216024359,0,0
M,White,Under 25,0.6472214000326266,1,1
M,White,Under 25,0.08228637275324985,0,0
M,White,Under 25,0.460101817940619,1,0
M,White,Under 25,0.4791177849334276,1,0
M,White,Under 25,0.5389184793612418,1,1
M,White,Under 25,0.6465779442446293,1,1
M,White,Under 25,0.47372977065519184,1,0
M,White,Under 25,0.6973276337413402,1,1
M,White,Under 25,0.516898926332488,1,1
M,White,Under 25,0.6170983189592036,0,1
M,White,Under 25,0.6433530926416219,1,1
M,White,Under 25,0.6043563672904106,1,1
M,White,Under 25,0.4344346666310819,0,0
M,White,Under 25,0.42606226430469657,0,0
M,White,Under 25,0.3655799648123024,0,0
M,White,Under 25,0.5548432041268422,1,1
M,White,Under 25,0.63302263457878,1,1
M,White,Under 25,0.5056476922029902,0,1
M,White,Under 25,0.41777239666732174,0,0
M,White,Under 25,0.541128817087321,1,1
M,White,Under 25,0.6443279547437832,1,1
M,White,Under 25,0.5424502083983085,1,1
M,White,Under 25,0.5408514006508911,1,1
M,White,Under 25,0.49144943781587463,0,0
M,White,Under 25,0.8048761568017457,1,1
M,White,Under 25,0.5348171820410638,0,1
M,White,Under 25,0.7010421572198942,1,1
M,White,Under 25,0.4584428774219278,0,0
M,White,Under 25,0.5007708975894677,0,1
M,White,Under 25,0.6020895888500104,1,1
M,White,Under 25,0.48916640404471795,0,0
M,White,Under 25,0.9414670307269828,1,1
M,White,Under 25,0.32255777257367896,0,0
M,White,Under 25,0.5595498608204892,1,1
M,White,Under 25,0.5379497116078498,0,1
M,White,Under 25,0.6878870522638432,0,1
M,White,Under 25,0.37696294155578597,0,0
M,White,Under 25,0.41932357791195884,1,0
M,White,Under 25,0.49594417646418276,1,0
M,White,Under 25,0.6217206859610381,1,1
M,White,Under 25,0.4825854046621714,0,0
M,White,Under 25,0.8500820774247952,1,1
M,White,Under 25,0.5608244654918396,1,1
M,White,Under 25,0.5162184893800699,1,1
M,White,Under 25,0.6002484868446987,1,1
M,White,Under 25,0.5375072683994099,0,1
M,White,Under 25,0.5670239997141038,0,1
M,White,Under 25,0.6697905015993517,1,1
M,White,Under 25,0.5806845958578439,1,1
M,White,Under 25,0.40642729004929484,0,0
M,White,Under 25,0.33506855749586556,0,0
M,White,Under 25,0.6069559565410242,1,1
M,White,Under 25,0.537723551588304,0,1
M,White,Under 25,0.5843253425913162,1,1
M,White,Under 25,0.3883561980488659,0,0
M,White,Under 25,0.4114826274297881,0,0
M,White,Under 25,0.3408818844928215,0,0
M,White,Under 25,0.2891917748245768,0,0
M,White,Under 25,0.29193061379813906,0,0
M,White,Under 25,0.5114767009916088,0,1
M,White,Under 25,0.503890644979098,0,1
M,White,Under 25,0.5903338015658632,1,1
M,White,Under 25,0.3966371802216292,0,0
M,White,Under 25,0.6454574999014345,1,1
M,White,Under 25,0.3309421888080568,0,0
M,White,Under 25,0.42072363137082086,0,0
M,White,Under 25,0.584362180706754,1,1
M,White,Under 25,0.4525790242170333,0,0
M,White,Under 25,0.5617200814652012,1,1
M,White,Under 25,0.6268644340771974,1,1
M,White,Under 25,0.666864381439715,1,1
M,White,Under 25,0.7254597907904257,1,1
M,White,Under 25,0.4624914511408554,0,0
M,White,Under 25,0.6917810567964944,1,1
M,White,Under 25,0.430597414127772,1,0
M,White,Under 25,0.704075222235026,1,1
M,White,Under 25,0.7347314436803359,1,1
M,White,Under 25,0.7356352893405691,1,1
M,White,Under 25,0.5553471594190884,0,1
M,White,Under 25,0.49039342937074626,1,0
M,White,Under 25,0.23304954090391394,0,0
M,White,Under 25,0.36755081576523707,0,0
M,White,Under 25,0.2200878814873263,0,0
M,White,Under 25,0.6975671703672064,1,1
M,White,Under 25,0.7312319869732444,1,1
M,White,Under 25,0.6202843587969734,1,1
M,White,Under 25,0.47859333073939925,1,0
M,White,Under 25,0.658467739621561,1,1
M,White,Under 25,0.6620727550058529,1,1
M,White,Under 25,0.8426495871418965,1,1
M,White,Under 25,0.6978803260985409,1,1
M,White,Under 25,0.348857587972106,0,0
M,White,Under 25,0.3219959705231745,0,0
M,White,Under 25,0.5818304684368225,1,1
M,White,Under 25,0.4566054033514929,1,0
M,White,Under 25,0.46687896055286776,0,0
M,White,Under 25,0.39885672457611454,0,0
M,White,Under 25,0.7289493644636259,1,1
M,White,Under 25,0.42612708052524306,0,0
M,White,Under 25,0.4688634832453694,0,0
M,White,Under 25,0.6515867161883938,1,1
M,White,Under 25,0.6225135515696324,0,1
M,White,Under 25,0.6930739344603005,1,1
M,White,Under 25,0.2233273401973707,0,0
M,White,Under 25,0.7891015552885052,1,1
M,White,25–44,0.8649167669388281,1,1
M,White,25–44,0.8340841835666803,1,1
M,White,25–44,0.6742456846263797,1,1
M,White,25–44,0.7234467858481097,1,1
M,White,25–44,0.3646223874948444,0,0
M,White,25–44,0.6467676316944274,1,1
M,White,25–44,0.6335325559039224,0,1
M,White,25–44,0.6849342674581707,1,1
M,White,25–44,0.31032117084358113,0,0
M,White,25–44,0.6552744643958506,1,1
M,White,25–44,0.6217772013424709,1,1
M,White,25–44,0.820091185388944,1,1
M,White,25–44,0.5268576643781948,0,1
M,White,25–44,0.535044572043893,0,1
M,White,25–44,0.4039782850446873,0,0
M,White,25–44,0.5024781862781343,0,1
M,White,25–44,0.23109437800472787,0,0
M,White,25–44,0.34726548890756503,0,0
M,White,25–44,0.34819313682283615,0,0
M,White,25–44,0.20205500325211237,0,0
M,White,25–44,0.7130686090395664,1,1
M,White,25–44,0.39569542928899687,0,0
M,White,25–44,0.40487804644362546,0,0
M,White,25–44,0.9306787730032631,1,1
M,White,25–44,0.7100608477806494,1,1
M,White,25–44,0.4840378263773637,1,0
M,White,25–44,0.5743133396277214,0,1
M,White,25–44,0.7461625565217538,1,1
M,White,25–44,0.2624018021323912,0,0
M,White,25–44,0.1265976069254729,0,0
M,White,25–44,0.9510262887569101,1,1
M,White,25–44,0.4611485395623742,0,0
M,White,25–44,0.7494728855079024,1,1
M,White,25–44,0.9030671005650124,1,1
M,White,25–44,0.6553980830363308,1,1
M,White,25–44,0.6768771931758996,1,1
M,White,25–44,0.5904824544303989,0,1
M,White,25–44,0.5679769486251135,0,1
M,White,25–44,0.6710414275379686,1,1
M,White,25–44,0.21499974322684362,0,0
M,White,25–44,0.2033910574745595,0,0
M,White,25–44,0.5870494838841321,0,1
M,White,25–44,0.35963389847537186,0,0
M,White,25–44,0.5432723768608835,0,1
M,White,25–44,0.7058381422503881,1,1
M,White,25–44,0.4150505032347301,0,0
M,White,25–44,0.44822340190806337,0,0
M,White,25–44,0.2416527978759695,0,0
M,White,25–44,0.5465709293924703,0,1
M,White,25–44,0.9077667484482357,1,1
M,White,25–44,0.2689304580206541,0,0
M,White,25–44,0.9088672071543195,1,1
M,White,25–44,0.39484673520864644,0,0
M,White,25–44,0.6704339857437237,0,1
M,White,25–44,0.6612217627530106,1,1
M,White,25–44,0.6496600940960109,0,1
M,White,25–44,0.4164779560827497,0,0
M,White,25–44,0.4001427310724843,0,0
M,White,25–44,0.6432889576515664,1,1
M,White,25–44,0.6640154101019338,1,1
M,White,25–44,0.27969219947436824,0,0
M,White,25–44,0.9060563759479464,1,1
M,White,25–44,0.7185378468023742,1,1
M,White,25–44,0.44732807167918454,0,0
M,White,25–44,0.855067237931501,1,1
M,White,25–44,0.6228309742587093,0,1
M,White,25–44,0.15158701297583374,0,0
M,White,25–44,0.2947720286471387,0,0
M,White,25–44,0.282062435895061,0,0
M,White,25–44,0.40065062128264034,1,0
M,White,25–44,0.6895365133642479,1,1
M,White,25–44,0.591819599016262,1,1
M,White,25–44,0.429144447247914,0,0
M,White,25–44,0.3783767171148599,0,0
M,White,25–44,0.48041482874011743,0,0
M,White,25–44,0.9371292401957894,1,1
M,White,25–44,0.6450764397583485,1,1
M,White,25–44,0.7094174791699087,1,1
M,White,25–44,0.8248470468156073,1,1
M,White,25–44,0.8103549977580093,1,1
M,White,25–44,0.7579737380914431,1,1
M,White,25–44,0.632161452650241,1,1
M,White,25–44,0.21419331237538536,0,0
M,White,25–44,0.4320939191140021,0,0
M,White,25–44,0.6119482275428149,1,1
M,White,25–44,0.30047955305257806,0,0
M,White,25–44,0.14559615380125324,0,0
M,White,25–44,0.8293997791839114,1,1
M,White,25–44,0.30263716651895944,0,0
M,White,25–44,0.5570807033816703,0,1
M,White,25–44,0.5936951310184412,1,1
M,White,25–44,0.7630706876557153,1,1
M,White,25–44,0.8342690557547683,1,1
M,White,25–44,0.7002503775260976,1,1
M,White,25–44,0.7751061144011151,1,1
M,White,25–44,0.44470909193839714,0,0
M,White,25–44,0.4557120544030524,0,0
M,White,25–44,0.4510434351537177,0,0
M,White,25–44,0.23431329036747317,0,0
M,White,25–44,0.36262360647741315,0,0
M,White,25–44,0.4097614803056821,0,0
M,White,25–44,0.560755108302492,0,1
M,White,25–44,0.5222011183866779,0,1
M,White,25–44,0.44475437187534195,0,0
M,White,25–44,0.7134859050631374,1,1
M,White,25–44,0.40831767099254135,0,0
M,White,25–44,0.7558759759539018,1,1
M,White,25–44,0.4060566590377961,0,0
M,White,25–44,0.3930264952348873,0,0
M,White,25–44,0.5950611718335779,1,1
M,White,25–44,0.20184296791491,0,0
M,White,25–44,0.8492887673392082,1,1
M,White,25–44,0.2627605804515551,0,0
M,White,25–44,0.6657907137213817,1,1
M,White,25–44,0.47926496487207565,0,0
M,White,25–44,0.48201028759272563,0,0
M,White,25–44,0.1894162107333653,0,0
M,White,25–44,0.7622138399087762,1,1
M,White,25–44,0.2825209501704891,0,0
M,White,25–44,0.7943277235633734,1,1
M,White,25–44,0.7597831884785681,1,1
M,White,25–44,0.3688147494330544,0,0
M,White,25–44,1.0,1,1
M,White,25–44,1.0,1,1
M,White,25–44,0.8627678670959843,1,1
M,White,25–44,0.2962131956198422,0,0
M,White,25–44,0.14066273677871116,0,0
M,White,25–44,0.7833833853575306,1,1
M,White,25–44,0.47906992318435976,0,0
M,White,25–44,0.8612056835867012,1,1
M,White,25–44,0.5110804461871203,1,1
M,White,25–44,0.744381458580286,1,1
M,White,25–44,0.7377295931700142,1,1
M,White,25–44,0.3735162229545165,0,0
M,White,25–44,0.7879825678870589,1,1
M,White,25–44,0.6487503968001345,1,1
M,White,25–44,0.3708715492189065,0,0
M,White,25–44,0.7815924685318549,1,1
M,White,25–44,0.6673113610960134,1,1
M,White,25–44,0.3382176880658883,0,0
M,White,25–44,0.8756422571237861,1,1
M,White,25–44,0.8104682215310679,1,1
M,White,25–44,0.4340004123170177,0,0
M,White,25–44,0.5255417190993713,0,1
M,White,25–44,0.586566962274053,0,1
M,White,25–44,0.731298336743742,1,1
M,White,25–44,0.7501176351441713,1,1
M,White,25–44,0.9747821711009552,1,1
M,White,25–44,0.4559836874323296,0,0
M,White,25–44,0.6928196543762039,1,1
M,White,25–44,0.7975516521391519,1,1
M,White,25–44,0.4995832618567355,0,0
M,White,25–44,0.6483846857624079,1,1
M,White,25–44,0.69149432007647,1,1
M,White,25–44,0.5947218161209515,0,1
M,White,25–44,0.7581142745863776,1,1
M,White,25–44,0.7138087698837178,1,1
M,White,25–44,0.6014925476362635,1,1
M,White,25–44,0.822527925146388,1,1
M,White,25–44,0.23767477475832835,0,0
M,White,25–44,0.91542753891323,1,1
M,White,25–44,0.34718961976717544,0,0
M,White,25–44,0.2587990604032061,0,0
M,White,25–44,0.6898113246285853,1,1
M,White,25–44,0.5890252779241312,0,1
M,White,25–44,0.4267633103411026,0,0
M,White,25–44,0.5946700193491058,1,1
M,White,25–44,0.7720519941893073,1,1
M,White,25–44,0.3911824363841139,0,0
M,White,25–44,0.6258000953641142,1,1
M,White,25–44,0.6862715479486293,1,1
M,White,25–44,0.2587589754143789,0,0
M,White,25–44,0.31560345872722273,0,0
M,White,25–44,0.7199445085353283,1,1
M,White,25–44,0.4021920519463681,0,0
M,White,25–44,0.5151202838250923,0,1
M,White,25–44,0.7066890421153914,1,1
M,White,25–44,0.18026310535020337,0,0
M,White,25–44,0.8610987369256218,1,1
M,White,25–44,0.3466296768810738,0,0
M,White,25–44,0.8146564722039398,1,1
M,White,25–44,0.8103206070602789,1,1
M,White,25–44,0.43270046299511045,0,0
M,White,25–44,0.8001057773911355,1,1
M,White,25–44,0.7534519882621189,1,1
M,White,25–44,0.7985123159810483,1,1
M,White,25–44,0.9340631076009661,1,1
M,White,25–44,0.27497774699038513,0,0
M,White,25–44,0.7552894585387525,0,1
M,White,25–44,0.6658838665207744,1,1
M,White,25–44,0.7523807618198283,1,1
M,White,25–44,0.6901182670008288,1,1
M,White,25–44,0.7081805062138989,1,1
M,White,25–44,0.639261913525889,1,1
M,White,25–44,0.7440203772976869,1,1
M,White,25–44,0.7130619136234769,1,1
M,White,25–44,0.6188152264177418,0,1
M,White,25–44,0.5494587815620603,1,1
M,White,25–44,0.6442605000727635,1,1
M,White,25–44,0.48232010696705424,0,0
M,White,25–44,0.23276749676538724,0,0
M,White,25–44,0.6818137983576158,1,1
M,White,25–44,0.43622239710856825,0,0
M,White,25–44,0.590892237516554,1,1
M,White,25–44,0.5573201716809796,0,1
M,White,25–44,0.7269995439697933,1,1
M,White,25–44,0.3348523996924389,0,0
M,White,25–44,0.36944034390967323,0,0
M,White,25–44,0.7907904415369301,1,1
M,White,25–44,0.9376819937586807,1,1
M,White,25–44,0.5758792989482269,1,1
M,White,25–44,0.46890329016761456,0,0
M,White,25–44,0.4182247516682386,0,0
M,White,25–44,0.6757756967093322,1,1
M,White,25–44,0.4613636724154536,0,0
M,White,25–44,0.8821530149315611,1,1
M,White,25–44,0.3010853551865803,0,0
M,White,25–44,0.3709009476561621,0,0
M,White,25–44,0.5798769466681193,0,1
M,White,25–44,0.6426396141691546,1,1
M,White,25–44,0.26598974484368054,0,0
M,White,25–44,0.37935481361947293,0,0
M,White,25–44,0.7070589474055007,1,1
M,White,25–44,0.37729003516563764,0,0
M,White,25–44,0.4138263237221514,0,0
M,White,25–44,0.6124771670810473,1,1
M,White,25–44,0.6742324346685936,1,1
M,White,25–44,0.5154699429558559,0,1
M,White,25–44,0.38377335470599633,0,0
M,White,25–44,0.7741725093046358,1,1
M,White,25–44,0.35246275960486495,0,0
M,White,25–44,0.5709733429305213,1,1
M,White,25–44,0.2834881074361713,0,0
M,White,25–44,0.3876329495317143,0,0
M,White,25–44,0.6311910215762868,1,1
M,White,25–44,0.7384656165641572,1,1
M,White,25–44,0.6147155468596329,1,1
M,White,25–44,0.6830803974922036,1,1
M,White,25–44,0.2811202986243022,0,0
M,White,25–44,0.662877910145392,1,1
M,White,25–44,0.4361358478610408,0,0
M,White,25–44,0.7338460166067446,1,1
M,White,25–44,0.670781765182072,1,1
M,White,25–44,0.6086417828056365,1,1
M,White,25–44,0.25264853767131235,0,0
M,White,25–44,0.5700318214048479,0,1
M,White,25–44,0.600329462697497,0,1
M,White,25–44,0.42598779819566696,1,0
M,White,25–44,0.660277159307695,0,1
M,White,25–44,0.22640168444255476,0,0
M,White,25–44,0.40305089428175883,0,0
M,White,25–44,0.3326690890054815,0,0
M,White,25–44,0.10239273398867338,0,0
M,White,25–44,0.7924298799492288,1,1
M,White,25–44,0.5149057924619416,1,1
M,White,25–44,0.2542142039624715,0,0
M,White,25–44,0.1679459050414986,0,0
M,White,25–44,0.557719520275187,1,1
M,White,25–44,0.47421519815117696,1,0
M,White,25–44,0.8813280673927082,1,1
M,White,25–44,0.6549592423246889,1,1
M,White,25–44,0.5072573892386556,0,1
M,White,25–44,0.46523163651672295,0,0
M,White,25–44,0.7927406027660442,1,1
M,White,25–44,0.4221400891419879,0,0
M,White,25–44,0.7684338783114274,1,1
M,White,25–44,0.41500585632989007,0,0
M,White,25–44,0.4583691153781647,0,0
M,White,25–44,0.4857067489011691,0,0
M,White,25–44,0.9351438251154037,1,1
M,White,25–44,0.9799634552074452,1,1
M,White,25–44,0.5895262244613384,1,1
M,White,25–44,0.6479052775141123,1,1
M,White,25–44,0.2809575131814728,0,0
M,White,25–44,0.8546289578385983,1,1
M,White,25–44,0.5467825047613704,0,1
M,White,25–44,0.31191549372511446,0,0
M,White,25–44,0.8155505845648,1,1
M,White,25–44,0.8062834324088339,1,1
M,White,25–44,0.5429197897322594,0,1
M,White,25–44,0.6994986829706396,1,1
M,White,25–44,0.44462872369731005,0,0
M,White,25–44,0.7600636743942473,1,1
M,White,25–44,0.3256810007337431,0,0
M,White,25–44,0.6762208164047383,1,1
M,White,25–44,0.5324206345796164,0,1
M,White,25–44,0.3727878194450367,0,0
M,White,25–44,0.9826648699794518,1,1
M,White,25–44,0.6972688116079455,1,1
M,White,25–44,0.27365415815228983,0,0
M,White,25–44,0.45517282395510983,0,0
M,White,25–44,0.46255671316175895,0,0
M,White,25–44,0.8319840055591685,1,1
M,White,25–44,0.5582805386740481,1,1
M,White,25–44,0.2819599254089124,0,0
M,White,25–44,0.44412316598320345,0,0
M,White,25–44,0.8268089329728525,1,1
M,White,25–44,0.5371978600217981,1,1
M,White,25–44,0.8502034531625318,1,1
M,White,25–44,0.5902882129347504,1,1
M,White,25–44,0.5035754526911977,0,1
M,White,25–44,0.4990502525239357,0,0
M,White,25–44,0.24333923809570857,0,0
M,White,25–44,0.3554730261453615,0,0
M,White,25–44,0.8547117229739292,1,1
M,White,25–44,0.45598210853347576,0,0
M,White,25–44,0.2851353940328286,0,0
M,White,25–44,0.8785567844366492,1,1
M,White,25–44,0.807346977896037,1,1
M,White,25–44,0.6049205363971271,1,1
M,White,25–44,0.5518048712128859,0,1
M,White,25–44,0.18068658006303684,0,0
M,White,25–44,0.9605118718557438,1,1
M,White,25–44,0.481527692911953,0,0
M,White,25–44,0.5215302109180376,1,1
M,White,25–44,0.33733056596986977,0,0
M,White,25–44,0.582822092411901,1,1
M,White,25–44,0.735578925949242,1,1
M,White,25–44,0.7848863008182522,1,1
M,White,25–44,0.8415941793607126,1,1
M,White,25–44,0.8145989787620955,1,1
M,White,25–44,0.42428732053641727,0,0
M,White,25–44,0.25676935004971346,0,0
M,White,25–44,0.6813779403608041,1,1
M,White,25–44,0.6776298162172714,1,1
M,White,25–44,0.8174420049782994,1,1
M,White,25–44,0.28253154423070914,0,0
M,White,25–44,0.956703676154678,1,1
M,White,25–44,0.5597726130860854,1,1
M,White,25–44,0.2969412391737033,0,0
M,White,25–44,0.6800362161238366,1,1
M,White,25–44,0.6631023378850865,1,1
M,White,25–44,0.7831216338904136,1,1
M,White,25–44,0.6293977473106753,1,1
M,White,25–44,0.7751138769194074,1,1
M,White,25–44,0.35666847431385473,0,0
M,White,25–44,0.18456454651412085,0,0
M,White,25–44,0.38438268584190816,0,0
M,White,25–44,0.7015179698037195,1,1
M,White,25–44,0.34670548789312483,0,0
M,White,25–44,0.5223601756319903,0,1
M,White,25–44,0.5937411358134758,0,1
M,White,25–44,0.34278444222074667,0,0
M,White,25–44,0.3783996793622087,0,0
M,White,25–44,0.4263443614670188,0,0
M,White,25–44,0.6684537362699265,1,1
M,White,25–44,0.695792118020821,1,1
M,White,25–44,0.8104638613694137,1,1
M,White,25–44,0.6187200254731737,1,1
M,White,25–44,0.7497019601675867,0,1
M,White,25–44,0.5559389490216429,1,1
M,White,25–44,0.7276847964852806,1,1
M,White,25–44,0.6796020631662232,1,1
M,White,25–44,0.5925358677211097,1,1
M,White,25–44,0.9500127682868688,1,1
M,White,25–44,0.2138485362889479,0,0
M,White,25–44,0.34634344751851165,0,0
M,White,25–44,0.694184924624713,1,1
M,White,25–44,0.22992421990915463,0,0
M,White,25–44,1.0,1,1
M,White,25–44,0.3716954989245751,0,0
M,White,25–44,0.7450205116696099,1,1
M,White,25–44,0.67914518871382,1,1
M,White,25–44,0.28559984625214263,0,0
M,White,25–44,0.5045523713391371,1,1
M,White,25–44,0.943732693911358,1,1
M,White,25–44,0.7421518987977334,1,1
M,White,25–44,0.20410342005372345,0,0
M,White,25–44,0.35521594053213035,0,0
M,White,25–44,0.8380195237283338,1,1
M,White,25–44,0.360261416715335,0,0
M,White,25–44,0.7131969757874724,1,1
M,White,25–44,0.3709623580728557,0,0
M,White,25–44,0.600105387357092,1,1
M,White,25–44,0.4231086070804619,0,0
M,White,25–44,0.29329517902499225,0,0
M,White,25–44,0.2949783233882095,0,0
M,White,25–44,0.7018771972694426,1,1
M,White,25–44,0.4489092442719115,0,0
M,White,25–44,0.3375792398053347,0,0
M,White,25–44,0.3884942083505192,0,0
M,White,25–44,0.7075801470772732,1,1
M,White,25–44,0.619664285392322,1,1
M,White,25–44,0.1650001890104398,0,0
M,White,25–44,0.3252920977853578,0,0
M,White,25–44,0.6679372852540323,1,1
M,White,25–44,0.7281468901276409,1,1
M,White,25–44,0.4730026658339782,0,0
M,White,25–44,0.27149455401011996,0,0
M,White,25–44,0.614293067692722,1,1
M,White,25–44,0.8795533444547603,1,1
M,White,25–44,0.5278579801407419,1,1
M,White,25–44,0.362685412425036,0,0
M,White,25–44,0.6661556784712326,1,1
M,White,25–44,0.48782369259743574,0,0
M,White,25–44,0.5792798416464927,0,1
M,White,25–44,0.5572078681276379,0,1
M,White,25–44,0.7253093751709236,1,1
M,White,25–44,0.43085941207545575,0,0
M,White,25–44,0.3151660975641199,0,0
M,White,25–44,0.6710314275954212,1,1
M,White,25–44,0.5401359149242131,0,1
M,White,25–44,0.4006907601377712,0,0
M,White,25–44,0.7971884983498947,1,1
M,White,25–44,0.7400476846732714,1,1
M,White,25–44,0.3860801734245815,0,0
M,White,25–44,0.40949306296667903,0,0
M,White,25–44,0.4832701765810936,0,0
M,White,25–44,0.7508817616368757,1,1
M,White,25–44,0.4535141155280691,0,0
M,White,25–44,0.42615704687808503,0,0
M,White,25–44,0.7755628086251213,1,1
M,White,25–44,0.10233271630018875,0,0
M,White,25–44,0.4192563404030318,1,0
M,White,25–44,0.47198202466670214,0,0
M,White,25–44,0.5879310911643743,1,1
M,White,25–44,0.3324681480527859,0,0
M,White,25–44,0.579013318122189,1,1
M,White,25–44,0.4761511782298649,0,0
M,White,25–44,0.8057642372979581,1,1
M,White,25–44,0.7861344917119576,1,1
M,White,25–44,0.9427686288469391,1,1
M,White,25–44,0.3840482244341968,0,0
M,White,25–44,0.8423243365012225,1,1
M,White,25–44,0.8067277401127179,1,1
M,White,25–44,0.2140036885296345,0,0
M,White,25–44,0.5196598101392658,0,1
M,White,25–44,0.6527186083901781,1,1
M,White,25–44,0.6526017163875311,0,1
M,White,25–44,0.39098370419328654,0,0
M,White,25–44,0.8396982544323037,1,1
M,White,25–44,0.5783157388179645,1,1
M,White,25–44,0.8487627118403194,1,1
M,White,25–44,0.2774590117127463,0,0
M,White,25–44,0.40543770767339987,1,0
M,White,25–44,0.561774574458437,1,1
M,White,25–44,0.28712253229997886,0,0
M,White,25–44,0.6067275590490186,0,1
M,White,25–44,0.7012320804893751,1,1
M,White,25–44,0.41585704352155495,0,0
M,White,25–44,0.6639550001915855,1,1
M,White,25–44,0.50336087782171,0,1
M,White,25–44,0.5859507547375885,1,1
M,White,25–44,0.7435281482532899,1,1
M,White,25–44,0.4169313172796815,0,0
M,White,25–44,0.4119641939645812,0,0
M,White,25–44,0.7326037144771496,1,1
M,White,25–44,0.8105531489641195,1,1
M,White,25–44,0.19613416841362985,0,0
M,White,25–44,0.34630772169883867,0,0
M,White,25–44,0.32449807141065357,0,0
M,White,25–44,0.26165617746006925,0,0
M,White,25–44,0.7274274737667974,1,1
M,White,25–44,0.7332769525235596,1,1
M,White,25–44,0.879160617617001,1,1
M,White,25–44,0.4029438668820351,0,0
M,White,25–44,0.8254683448162454,1,1
M,White,25–44,0.3499234502963568,0,0
M,White,25–44,0.9255194247671705,1,1
M,White,25–44,0.7659619544986044,1,1
M,White,25–44,0.41433361389268486,0,0
M,White,25–44,0.7941898932177468,1,1
M,White,25–44,0.2231561611974158,0,0
M,White,25–44,0.13894834093523173,0,0
M,White,25–44,0.42188155011567324,0,0
M,White,25–44,0.5105477484961957,0,1
M,White,25–44,0.8294407370801327,1,1
M,White,25–44,0.4519636861629453,0,0
M,White,25–44,0.8597822269002774,1,1
M,White,25–44,0.583051377411123,1,1
M,White,25–44,0.7347605006306542,1,1
M,White,25–44,0.7049778915644942,1,1
M,White,25–44,0.5865128517376584,1,1
M,White,25–44,0.7287386088727548,1,1
M,White,25–44,0.8628104001553301,1,1
M,White,25–44,0.1910104681518434,0,0
M,White,25–44,0.3726013574524333,0,0
M,White,25–44,0.6716630506381351,1,1
M,White,25–44,0.42056272061412087,0,0
M,White,25–44,0.40635426124381124,0,0
M,White,25–44,0.6505284496095731,1,1
M,White,25–44,0.20997877891527125,0,0
M,White,25–44,0.5766699327628511,0,1
M,White,25–44,0.9069004586464389,1,1
M,White,25–44,0.1679168407397508,0,0
M,White,25–44,0.3837275731318452,0,0
M,White,25–44,0.36138154189251404,1,0
M,White,25–44,0.6868005246591529,1,1
M,White,25–44,0.9653131757436656,1,1
M,White,25–44,0.3718423324171655,0,0
M,White,25–44,0.5651554353344691,1,1
M,White,25–44,0.7508832951390753,1,1
M,White,25–44,0.16402090643412393,0,0
M,White,25–44,0.40942794646458536,1,0
M,White,25–44,0.7102184080280057,1,1
M,White,25–44,0.4703622065625389,0,0
M,White,25–44,0.5235591553833753,1,1
M,White,25–44,0.2748660456344051,0,0
M,White,25–44,0.13342719186825716,0,0
M,White,25–44,0.4705400772664366,1,0
M,White,25–44,0.7768284657395998,1,1
M,White,25–44,0.6043589344727219,1,1
M,White,25–44,0.36288863014583206,0,0
M,White,25–44,0.8923549183733683,1,1
M,White,25–44,0.3159857747748592,0,0
M,White,25–44,0.3631398978680699,0,0
M,White,25–44,0.5738416269674269,0,1
M,White,25–44,0.8776779240861641,1,1
M,White,25–44,0.38510920327909903,0,0
M,White,25–44,0.46427785418818435,0,0
M,White,25–44,0.6619773576595694,1,1
M,White,25–44,0.8587659270357737,1,1
M,White,25–44,0.4069626946865736,1,0
M,White,25–44,0.8069156105531619,1,1
M,White,25–44,0.5541837873198684,0,1
M,White,25–44,0.6470072206955002,1,1
M,White,25–44,0.7070081397104396,1,1
M,White,25–44,0.47740290540868197,1,0
M,White,25–44,0.62920312694745,1,1
M,White,25–44,0.5687675481671655,1,1
M,White,25–44,0.21849497981120303,0,0
M,White,25–44,0.502506959261084,1,1
M,White,25–44,0.8108505662105335,1,1
M,White,25–44,0.623613350587784,1,1
M,White,25–44,0.40107495222823614,0,0
M,White,25–44,0.3788082427611418,0,0
M,White,25–44,0.9320229460730116,1,1
M,White,25–44,0.7465165876446338,1,1
M,White,25–44,0.21559182319801265,0,0
M,White,25–44,0.8462479221257018,1,1
M,White,25–44,0.500609287724976,0,1
M,White,25–44,0.4286125452888649,0,0
M,White,25–44,0.4218705963322796,0,0
M,White,25–44,0.3123522079732095,0,0
M,White,25–44,0.6775232564967674,0,1
M,White,25–44,0.17788328964225095,0,0
M,White,25–44,0.6283468744856018,1,1
M,White,25–44,0.5288379616356336,1,1
M,White,25–44,0.3682773633870958,0,0
M,White,25–44,0.21102880521023287,0,0
M,White,25–44,0.6396666668134429,1,1
M,White,25–44,0.6271479757719242,1,1
M,White,25–44,0.9538623293556455,1,1
M,White,25–44,0.2980175119045756,0,0
M,White,25–44,0.7984078489893438,1,1
M,White,25–44,0.7528082537362073,1,1
M,White,25–44,0.1514039010103226,0,0
M,White,25–44,0.6608472997462195,1,1
M,White,25–44,0.45958243171388974,0,0
M,White,25–44,0.722148512005302,1,1
M,White,25–44,0.43114665536199376,0,0
M,White,25–44,0.5904406959217182,1,1
M,White,25–44,0.5112302578404934,0,1
M,White,25–44,0.43239967143383884,0,0
M,White,25–44,0.538993204874741,0,1
M,White,25–44,0.815933604152819,1,1
M,White,25–44,0.390996242255319,0,0
M,White,25–44,0.37949554255611406,0,0
M,White,25–44,0.4154668853340896,0,0
M,White,25–44,0.5992068137363517,1,1
M,White,25–44,0.7567194398607524,1,1
M,White,25–44,0.415405054024167,0,0
M,White,25–44,0.6499157938582173,1,1
M,White,25–44,0.8160683748263329,1,1
M,White,25–44,0.25395802447313454,0,0
M,White,25–44,0.7024448603529577,1,1
M,White,25–44,0.6968120288209961,1,1
M,White,25–44,0.6239133362589251,1,1
M,White,25–44,0.8197918136010133,1,1
M,White,25–44,0.7076281370869868,1,1
M,White,25–44,0.823225016776989,1,1
M,White,25–44,0.28497712211091625,0,0
M,White,25–44,0.6828709045680399,1,1
M,White,25–44,0.33819779707545766,0,0
M,White,25–44,0.7159660022183575,1,1
M,White,25–44,0.772936238259211,1,1
M,White,25–44,0.45337695742670425,0,0
M,White,25–44,0.8062130898202216,1,1
M,White,25–44,0.38178728735824446,0,0
M,White,25–44,0.483134580974923,0,0
M,White,25–44,0.6841362215956093,1,1
M,White,25–44,0.6490898392892521,1,1
M,White,25–44,0.47842402129751194,0,0
M,White,25–44,0.6006092990879937,1,1
M,White,25–44,0.41465216578954184,0,0
M,White,25–44,0.5176313655400195,0,1
M,White,25–44,0.3307789536718083,0,0
M,White,25–44,0.8032159076789055,1,1
M,White,25–44,0.43433445049776476,1,0
M,White,25–44,0.2950729960173443,0,0
M,White,25–44,0.44994331650216474,0,0
M,White,25–44,0.5916525141084948,1,1
M,White,25–44,0.4561729319016591,0,0
M,White,25–44,0.5745718585599658,1,1
M,White,25–44,0.3327061201455112,0,0
M,White,25–44,0.27146615358679677,0,0
M,White,25–44,0.4687644341319673,0,0
M,White,25–44,0.5864598066954745,1,1
M,White,25–44,0.849925864934646,1,1
M,White,25–44,0.7755324745565126,1,1
M,White,25–44,0.6532457681996326,1,1
M,White,25–44,0.559773764967332,1,1
M,White,25–44,0.37310193835753375,0,0
M,White,25–44,0.7707224262167309,1,1
M,White,25–44,0.7325591187521396,1,1
M,White,25–44,0.3838019913125319,0,0
M,White,25–44,0.5141621637702491,0,1
M,White,25–44,0.18504999764329774,0,0
M,White,25–44,0.24518280903880388,0,0
M,White,25–44,0.40329755770079295,0,0
M,White,25–44,0.20062877013790756,0,0
M,White,25–44,0.5815526415241222,1,1
M,White,25–44,0.8259966538178418,1,1
M,White,25–44,0.9354420678443185,1,1
M,White,25–44,0.3320523394727944,0,0
M,White,25–44,0.4636369176612202,0,0
M,White,25–44,0.38005180790920995,0,0
M,White,25–44,0.38665294946406387,0,0
M,White,25–44,0.2853696605034842,0,0
M,White,25–44,0.3241821684823936,0,0
M,White,25–44,0.4433374153363735,0,0
M,White,25–44,0.49215069374969916,0,0
M,White,25–44,0.22104782526437988,0,0
M,White,25–44,0.43233963012919885,0,0
M,White,25–44,0.31084103323180556,0,0
M,White,25–44,0.893665001740487,1,1
M,White,25–44,0.7271312142946373,1,1
M,White,25–44,0.39023051023798855,0,0
M,White,25–44,0.35104882222493927,0,0
M,White,25–44,0.4086357313809055,0,0
M,White,25–44,0.20235460578272663,0,0
M,White,25–44,0.7668058421116483,1,1
M,White,25–44,0.08144698938395456,0,0
M,White,25–44,0.27601731527145856,0,0
M,White,25–44,0.7464500627000266,1,1
M,White,25–44,0.6960695601385846,1,1
M,White,25–44,0.4185728032411439,0,0
M,White,25–44,0.4324205699958481,0,0
M,White,25–44,0.36888059745539253,0,0
M,White,25–44,0.7714219277763293,1,1
M,White,25–44,0.4775056522506424,0,0
M,White,25–44,0.3684206868091568,0,0
M,White,25–44,0.7131395239701958,1,1
M,White,25–44,0.36459453483946197,0,0
M,White,25–44,0.49564264128249624,0,0
M,White,25–44,0.46399710406645733,0,0
M,White,25–44,0.5025191279715837,0,1
M,White,25–44,0.2331465410847036,0,0
M,White,25–44,0.7891779916869036,1,1
M,White,25–44,0.5869466814231094,1,1
M,White,25–44,0.5145042446472953,0,1
M,White,25–44,0.576640563186898,0,1
M,White,25–44,0.4009476167335064,0,0
M,White,25–44,0.4566557105709911,0,0
M,White,25–44,0.6499367389211157,0,1
M,White,25–44,0.24010672021458326,0,0
M,White,25–44,0.5917032591066964,1,1
M,White,25–44,0.8593009473503564,1,1
M,White,25–44,0.23753474418052598,0,0
M,White,25–44,0.7408786121152006,1,1
M,White,25–44,0.401216219649479,0,0
M,White,25–44,0.60614290334005,0,1
M,White,25–44,0.2578095030789892,0,0
M,White,25–44,0.40085856086921096,0,0
M,White,25–44,0.7878754166868794,1,1
M,White,25–44,0.7978546646567627,1,1
M,White,25–44,0.4582350157086897,0,0
M,White,25–44,0.7521908914554941,1,1
M,White,25–44,0.6205729708383705,1,1
M,White,25–44,0.22768786826849552,0,0
M,White,25–44,0.3767800786450665,0,0
M,White,25–44,0.6215872957815106,0,1
M,White,25–44,0.40855710212434826,0,0
M,White,25–44,0.2525797406350148,0,0
M,White,25–44,0.5791899969879164,1,1
M,White,25–44,0.5541983765150381,1,1
M,White,25–44,0.7132030442725882,1,1
M,White,25–44,0.7765392606795471,1,1
M,White,25–44,0.8920105159477705,1,1
M,White,25–44,0.4731480361532635,0,0
M,White,25–44,0.8453280179155023,1,1
M,White,25–44,0.6779305761631289,1,1
M,White,25–44,0.9518026811054169,1,1
M,White,25–44,0.7850047918880654,1,1
M,White,25–44,0.3370342660948552,0,0
M,White,25–44,0.5417785474854611,0,1
M,White,25–44,0.3105325972953132,0,0
M,White,25–44,0.9310501033743405,1,1
M,White,25–44,0.542535821517506,0,1
M,White,25–44,0.4978188434532435,0,0
M,White,25–44,0.7202088429468595,1,1
M,White,25–44,0.7974099003757806,1,1
M,White,25–44,0.7101392647569149,1,1
M,White,25–44,0.5087603003044,0,1
M,White,25–44,0.35472172776281735,0,0
M,White,25–44,0.6269336808362627,0,1
M,White,25–44,0.5680833560459022,1,1
M,White,25–44,0.6605349232025246,1,1
M,White,25–44,0.776517542699414,1,1
M,White,25–44,0.7981825773154739,1,1
M,White,25–44,0.49973516648790983,0,0
M,White,25–44,0.6799265856768477,1,1
M,White,25–44,0.6773239366336385,1,1
M,White,25–44,0.8627308106172404,1,1
M,White,25–44,0.29454820100101875,0,0
M,White,25–44,0.6234418319247164,0,1
M,White,25–44,0.5646259589392597,1,1
M,White,25–44,0.7268952832725618,1,1
M,White,25–44,0.7727231037013802,1,1
M,White,25–44,0.37815816788747475,0,0
M,White,25–44,0.7003733409794459,1,1
M,White,25–44,0.3968400000092989,0,0
M,White,25–44,0.48985894457987833,0,0
M,White,25–44,0.7857937567199709,1,1
M,White,25–44,0.33624558911274793,0,0
M,White,25–44,0.3786082148258503,0,0
M,White,25–44,0.45853163983002343,0,0
M,White,25–44,0.5080281254100443,0,1
M,White,25–44,0.3226967246827557,0,0
M,White,25–44,0.7146652502057589,1,1
M,White,25–44,0.4478338420945519,0,0
M,White,25–44,0.48412422067935,0,0
M,White,25–44,0.6169865853345526,1,1
M,White,25–44,0.45793027189930086,0,0
M,White,25–44,0.6943423031718458,1,1
M,White,25–44,0.8129244963765707,1,1
M,White,25–44,0.3535438278482937,0,0
M,White,25–44,0.42396020664845574,0,0
M,White,25–44,0.4565042054818237,0,0
M,White,25–44,0.5002514860797308,0,1
M,White,25–44,0.7198126941455306,1,1
M,White,25–44,0.39901579896932815,0,0
M,White,25–44,0.6857129652511239,1,1
M,White,25–44,0.2812320347515483,0,0
M,White,25–44,0.43285094648024275,0,0
M,White,25–44,0.3097778816879484,0,0
M,White,25–44,0.2856711656574219,0,0
M,White,25–44,0.42293422528681474,0,0
M,White,25–44,0.47741503991458617,0,0
M,White,25–44,0.32373039269641546,0,0
M,White,25–44,0.5635586874407352,0,1
M,White,25–44,0.3857138954607232,0,0
M,White,25–44,0.30843829411317514,0,0
M,White,25–44,0.28425782103395103,0,0
M,White,25–44,0.3808341081011466,0,0
M,White,25–44,0.6778005938444565,1,1
M,White,25–44,0.5175563402688456,0,1
M,White,25–44,0.8417860249965364,1,1
M,White,25–44,0.3348029744950219,0,0
M,White,25–44,0.8932378297163505,1,1
M,White,25–44,0.2639320585157098,0,0
M,White,25–44,0.2257773325555314,0,0
M,White,25–44,0.6162364055183326,0,1
M,White,25–44,0.6834558442571455,1,1
M,White,25–44,0.3375605893856275,0,0
M,White,25–44,0.5444692717452356,0,1
M,White,25–44,0.38883470573214435,0,0
M,White,25–44,0.29919336449970385,0,0
M,White,25–44,0.3775853488085828,0,0
M,White,25–44,0.49511991687236573,0,0
M,White,25–44,0.8365790105902559,1,1
M,White,25–44,0.5176054832952264,1,1
M,White,25–44,0.6664761802429096,1,1
M,White,25–44,0.7863155876534653,1,1
M,White,25–44,0.4315708785084377,0,0
M,White,25–44,0.8869625610125285,1,1
M,White,25–44,0.3921834713740454,0,0
M,White,25–44,0.764767205083805,1,1
M,White,25–44,0.5694341671500792,1,1
M,White,25–44,0.7388647761514618,1,1
M,White,25–44,0.7212112793611056,1,1
M,White,25–44,0.3117639436961227,0,0
M,White,25–44,0.8036197532079434,1,1
M,White,25–44,0.41511226998293194,0,0
M,White,25–44,0.23897380175739744,0,0
M,White,25–44,0.641469434216824,1,1
M,White,25–44,0.7175043188076939,0,1
M,White,25–44,0.7558141634204487,1,1
M,White,25–44,0.6272116730772873,1,1
M,White,25–44,0.6013452529821887,0,1
M,White,25–44,0.7678897120680486,1,1
M,White,25–44,0.6555306285697438,1,1
M,White,25–44,0.4540040551363951,0,0
M,White,25–44,0.3504736770479607,0,0
M,White,25–44,0.6066914263127403,1,1
M,White,25–44,0.5665904467910825,0,1
M,White,25–44,0.18041830393408456,0,0
M,White,25–44,0.6960030653804282,1,1
M,White,25–44,0.4004117229452849,0,0
M,White,25–44,0.2518739554249907,0,0
M,White,25–44,0.5125647746668981,0,1
M,White,25–44,0.6145662890178002,1,1
M,White,25–44,0.7579245405097875,1,1
M,White,25–44,0.5992005068435748,1,1
M,White,25–44,0.43293539041660567,0,0
M,White,25–44,0.3103395389276615,0,0
M,White,25–44,0.7121857152437848,1,1
M,White,25–44,0.4115859680514424,0,0
M,White,25–44,0.8234014071498736,1,1
M,White,25–44,0.8522731166828468,1,1
M,White,25–44,0.840014055971857,1,1
M,White,25–44,0.5663731658981913,1,1
M,White,25–44,0.312835750977462,0,0
M,White,25–44,0.5985413725249406,1,1
M,White,25–44,0.659328337462703,1,1
M,White,25–44,0.21543815458490492,0,0
M,White,25–44,0.6722575278382119,1,1
M,White,25–44,0.6373597741531316,1,1
M,White,25–44,0.4731538747613747,0,0
M,White,25–44,0.20435794360793158,0,0
M,White,25–44,0.4594342510019984,0,0
M,White,25–44,0.17847242145886377,0,0
M,White,25–44,0.49325700980065273,0,0
M,White,25–44,0.40171827537303667,0,0
M,White,25–44,0.459703006578933,0,0
M,White,25–44,0.6825960772749945,1,1
M,White,25–44,0.4227104946091752,0,0
M,White,25–44,0.3072310966540157,0,0
M,White,25–44,0.4536389655133939,0,0
M,White,25–44,0.6373001565991703,1,1
M,White,25–44,0.6811227663226921,1,1
M,White,25–44,0.27261948120378793,0,0
M,White,25–44,0.49175776158222534,0,0
M,White,25–44,0.3369577714265474,0,0
M,White,25–44,0.61030144674089,1,1
M,White,25–44,0.8345713248235714,1,1
M,White,25–44,0.38464493647314746,0,0
M,White,25–44,0.6029713554024219,1,1
M,White,25–44,0.2446031994725041,0,0
M,White,25–44,0.42599181356916327,0,0
M,White,25–44,0.809686039744765,1,1
M,White,25–44,0.5985253782735142,1,1
M,White,25–44,0.6793343193702125,1,1
M,White,25–44,0.7444489833881985,1,1
M,White,25–44,0.3316872190202371,0,0
M,White,25–44,0.3768781316616246,0,0
M,White,25–44,0.6758030405624045,0,1
M,White,25–44,0.7500917778228293,1,1
M,White,25–44,0.6428498782779868,1,1
M,White,25–44,0.6139342245179203,1,1
M,White,25–44,0.3969764254984433,0,0
M,White,25–44,0.326553063005877,0,0
M,White,25–44,0.5921406728097687,1,1
M,White,25–44,0.3467190415167487,0,0
M,White,25–44,0.5206165715793114,0,1
M,White,25–44,0.7163365912115631,1,1
M,White,25–44,0.5645925555274922,0,1
M,White,25–44,0.621771452537552,1,1
M,White,25–44,0.8409348902625703,1,1
M,White,25–44,0.3833987326602007,0,0
M,White,25–44,0.8532345134486544,1,1
M,White,25–44,0.3369179747042556,0,0
M,White,25–44,0.3429198755752746,0,0
M,White,25–44,0.8644401265529755,1,1
M,White,25–44,0.32602739765167754,0,0
M,White,25–44,0.7849502041456892,1,1
M,White,25–44,0.18617806669894668,0,0
M,White,25–44,0.5818639441728957,1,1
M,White,25–44,0.7267769319455838,1,1
M,White,25–44,0.7097422075257439,1,1
M,White,25–44,0.7922652518015081,1,1
M,White,25–44,0.3191144353319247,0,0
M,White,25–44,0.35760090882559215,0,0
M,White,25–44,0.8420902889665755,1,1
M,White,25–44,0.7707528045851955,1,1
M,White,25–44,0.5060835349474244,1,1
M,White,25–44,0.6930024407163262,1,1
M,White,25–44,0.47841000496565533,1,0
M,White,25–44,0.6442248321542661,1,1
M,White,25–44,0.390616698245087,0,0
M,White,25–44,0.5901365517639086,1,1
M,White,25–44,0.5795385384511794,1,1
M,White,25–44,0.5880211664175616,1,1
M,White,25–44,0.4566399641062698,1,0
M,White,25–44,0.4463743286892675,0,0
M,White,25–44,0.6553812007655729,1,1
M,White,25–44,0.7930471261372898,1,1
M,White,25–44,0.849634386061854,1,1
M,White,25–44,0.28487330535992283,0,0
M,White,25–44,0.43375356604659876,0,0
M,White,25–44,0.5675623663991379,0,1
M,White,25–44,0.3662300561010345,0,0
M,White,25–44,0.4319304156526475,0,0
M,White,25–44,0.609371654238216,0,1
M,White,25–44,0.3391104465602765,0,0
M,White,25–44,0.9270970138682901,1,1
M,White,25–44,1.0,1,1
M,White,25–44,0.257541591016915,0,0
M,White,25–44,0.49549430294548025,0,0
M,White,25–44,0.5822080570358663,1,1
M,White,25–44,0.6900616571172256,1,1
M,White,25–44,0.3173851400674153,0,0
M,White,25–44,0.6596185742435972,1,1
M,White,25–44,0.6481119260023647,0,1
M,White,25–44,0.7082878225031373,1,1
M,White,25–44,0.4144396983600698,0,0
M,White,25–44,0.6873779567096199,1,1
M,White,25–44,0.6805874456563612,1,1
M,White,25–44,0.8736393527624328,1,1
M,White,25–44,0.33014980974300717,0,0
M,White,45–64,0.7569385644229266,1,1
M,White,45–64,0.5136836761001083,0,1
M,White,45–64,0.23000813272356813,0,0
M,White,45–64,0.38220866464215375,0,0
M,White,45–64,0.30504834237703843,0,0
M,White,45–64,0.9425204636218282,1,1
M,White,45–64,0.7879588114768116,1,1
M,White,45–64,0.6739569638738074,1,1
M,White,45–64,0.5660604851703501,0,1
M,White,45–64,0.6914000332110262,1,1
M,White,45–64,0.40669094598524935,0,0
M,White,45–64,0.7140721110710052,1,1
M,White,45–64,0.9518509624757565,1,1
M,White,45–64,0.7386878125461336,1,1
M,White,45–64,0.6689880759812289,1,1
M,White,45–64,0.4071695183363514,0,0
M,White,45–64,0.34858181496401436,0,0
M,White,45–64,0.9914875477228234,1,1
M,White,45–64,0.32025601241125506,0,0
M,White,45–64,0.6644831648848644,1,1
M,White,45–64,0.7350959397407444,1,1
M,White,45–64,0.7099592116138188,1,1
M,White,45–64,0.467820043788796,0,0
M,White,45–64,0.4753486843711602,0,0
M,White,45–64,0.5499812839432593,1,1
M,White,45–64,0.7361380099043366,1,1
M,White,45–64,0.7695141866447822,1,1
M,White,45–64,0.8250368861367279,1,1
M,White,45–64,0.1058682797771881,0,0
M,White,45–64,0.36134924874124474,0,0
M,White,45–64,0.6532374110822223,1,1
M,White,45–64,0.45152788084258216,0,0
M,White,45–64,0.7794408938917441,1,1
M,White,45–64,0.34406632902674256,0,0
M,White,45–64,0.16109201330809156,0,0
M,White,45–64,0.8095343312175657,1,1
M,White,45–64,0.4226199437130021,0,0
M,White,45–64,0.6463295055280271,1,1
M,White,45–64,0.26022107084623985,0,0
M,White,45–64,0.7810242483548706,1,1
M,White,45–64,0.8908395719799309,1,1
M,White,45–64,0.3521433240212193,0,0
M,White,45–64,0.8234343465949414,1,1
M,White,45–64,0.6223069426196453,1,1
M,White,45–64,0.9042301696333388,1,1
M,White,45–64,0.7850710265756395,1,1
M,White,45–64,0.3763706919679807,0,0
M,White,45–64,0.7258900913494716,1,1
M,White,45–64,0.521302597130525,0,1
M,White,45–64,0.7555372061718489,1,1
M,White,45–64,0.21840088588763595,0,0
M,White,45–64,0.9762072264767091,1,1
M,White,45–64,0.4097688415951855,0,0
M,White,45–64,0.6001104349486038,1,1
M,White,45–64,0.8448352422763113,1,1
M,White,45–64,0.52271234168457,1,1
M,White,45–64,0.8393192714528867,1,1
M,White,45–64,0.7051533865018114,1,1
M,White,45–64,0.7723923639023293,1,1
M,White,45–64,0.5410814436985881,1,1
M,White,45–64,0.42473710392744746,0,0
M,White,45–64,0.32552514600740284,0,0
M,White,45–64,0.20293733321862767,0,0
M,White,45–64,0.4558438846276489,0,0
M,White,45–64,0.32406518534195106,0,0
M,White,45–64,0.6680198014216985,1,1
M,White,45–64,0.774350296246747,1,1
M,White,45–64,0.23749137854968017,0,0
M,White,45–64,0.9532592232795923,1,1
M,White,45–64,0.8151444049030501,1,1
M,White,45–64,0.07029841256700098,0,0
M,White,45–64,0.7943760240423388,1,1
M,White,45–64,0.6967462431904231,1,1
M,White,45–64,0.12379224165992991,0,0
M,White,45–64,0.8895229671786586,1,1
M,White,45–64,0.49820729965774513,0,0
M,White,45–64,0.44194515503494114,0,0
M,White,45–64,0.5429811076458728,0,1
M,White,45–64,0.5937921728879102,1,1
M,White,45–64,0.31252021586860845,0,0
M,White,45–64,0.7449429469273356,1,1
M,White,45–64,0.46207184792616507,0,0
M,White,45–64,0.30075902754326905,0,0
M,White,45–64,0.8394006399913639,1,1
M,White,45–64,0.5377307463303778,1,1
M,White,45–64,0.2557069684589182,0,0
M,White,45–64,0.9039236690031477,1,1
M,White,45–64,0.8351353903563667,1,1
M,White,45–64,0.5997906304347054,1,1
M,White,45–64,0.9117837941443261,1,1
M,White,45–64,0.4309137088908658,0,0
M,White,45–64,0.702296151191323,1,1
M,White,45–64,0.408886629865993,0,0
M,White,45–64,0.1971427949539135,0,0
M,White,45–64,0.2901647685737695,0,0
M,White,45–64,1.0,1,1
M,White,45–64,0.4209391390906485,0,0
M,White,45–64,0.4530118933727863,0,0
M,White,45–64,0.4859749410713081,1,0
M,White,45–64,0.366285932632102,0,0
M,White,45–64,0.3398034542265411,0,0
M,White,45–64,0.4986191122182225,1,0
M,White,45–64,0.13751343130850388,0,0
M,White,45–64,0.24190021579811882,0,0
M,White,45–64,0.5101277403956761,0,1
M,White,45–64,0.42675248365956003,0,0
M,White,45–64,0.2686408373001384,0,0
M,White,45–64,0.9221675002958083,1,1
M,White,45–64,0.3507781444778254,0,0
M,White,45–64,0.29447054471215817,0,0
M,White,45–64,0.5990203942901877,1,1
M,White,45–64,0.27383964181735565,0,0
M,White,45–64,0.3899670674199189,0,0
M,White,45–64,0.3852535091701569,0,0
M,White,45–64,0.5601207150748556,1,1
M,White,45–64,0.744535372202598,1,1
M,White,45–64,0.8410436077294032,1,1
M,White,45–64,0.9505798279355167,1,1
M,White,45–64,0.5149646501734023,1,1
M,White,45–64,0.7034803716104879,1,1
M,White,45–64,0.3798259820567029,0,0
M,White,45–64,0.4752948343606111,1,0
M,White,45–64,0.6234800077654983,1,1
M,White,45–64,0.7539517530730643,1,1
M,White,45–64,0.42153060231719675,0,0
M,White,45–64,0.453709756613818,0,0
M,White,45–64,0.32533310315631536,0,0
M,White,45–64,0.5725143953987077,1,1
M,White,45–64,0.6921808239848392,1,1
M,White,45–64,0.9889683487242638,1,1
M,White,45–64,0.6606335685375555,1,1
M,White,45–64,0.7523704635402861,1,1
M,White,45–64,0.28482782313542443,0,0
M,White,45–64,0.8971425044371855,1,1
M,White,45–64,0.7524542112694818,1,1
M,White,45–64,0.39147334906326203,0,0
M,White,45–64,0.9416612095167842,1,1
M,White,45–64,0.7070289734505577,1,1
M,White,45–64,0.8480647926991819,1,1
M,White,45–64,0.6213941204774736,1,1
M,White,45–64,0.8070887253341165,1,1
M,White,45–64,0.6182987467857154,1,1
M,White,45–64,0.6134285527982063,1,1
M,White,45–64,0.7150230609586051,1,1
M,White,45–64,0.6218482790639446,1,1
M,White,45–64,0.8363651131949339,1,1
M,White,45–64,0.3176056255444673,0,0
M,White,45–64,0.721582839222809,1,1
M,White,45–64,0.7330968765402311,1,1
M,White,45–64,0.8768139247682846,1,1
M,White,45–64,0.28884397223387753,0,0
M,White,45–64,0.8628463176992429,1,1
M,White,45–64,0.8843117566550143,1,1
M,White,45–64,0.6267099071189688,1,1
M,White,45–64,0.9076609952607136,1,1
M,White,45–64,0.755784865798901,1,1
M,White,45–64,0.7106930090107035,1,1
M,White,45–64,0.17558545785031432,0,0
M,White,45–64,0.33440181917023526,0,0
M,White,45–64,0.8079024242070161,1,1
M,White,45–64,0.2487214724504706,0,0
M,White,45–64,0.47277050822710887,0,0
M,White,45–64,0.3628131248536545,0,0
M,White,45–64,0.6701193764574949,1,1
M,White,45–64,0.5610394620785202,1,1
M,White,45–64,0.27302946306533066,0,0
M,White,45–64,0.3186026620693223,0,0
M,White,45–64,0.7179090098634081,1,1
M,White,45–64,0.324378210650031,0,0
M,White,45–64,0.22230964558894853,0,0
M,White,45–64,0.3222011368675746,0,0
M,White,45–64,0.6168441738291257,1,1
M,White,45–64,0.5304257498722238,0,1
M,White,45–64,0.1813958314975996,0,0
M,White,45–64,0.5076477574832294,0,1
M,White,45–64,0.7423319479290564,1,1
M,White,45–64,0.7445507291093753,1,1
M,White,45–64,0.37173020004246904,0,0
M,White,45–64,0.813570084620062,1,1
M,White,45–64,0.614558387983941,1,1
M,White,45–64,0.601241098226144,1,1
M,White,45–64,0.3016388712097027,0,0
M,White,45–64,0.34324604270439396,0,0
M,White,45–64,0.8144519393862636,1,1
M,White,45–64,0.7535128685050959,1,1
M,White,45–64,0.5300189955912102,0,1
M,White,45–64,0.743617416376612,1,1
M,White,45–64,0.7515474732030378,1,1
M,White,45–64,0.5940818315810867,0,1
M,White,45–64,0.506618524835036,1,1
M,White,45–64,0.7425943147577193,1,1
M,White,45–64,0.4304303908368301,0,0
M,White,45–64,0.586494124578666,0,1
M,White,45–64,0.5944761945578426,0,1
M,White,45–64,0.469999076559621,0,0
M,White,45–64,0.43513926229763306,0,0
M,White,45–64,0.6400800609086729,1,1
M,White,45–64,0.34396101120941797,0,0
M,White,45–64,0.43816239189247985,0,0
M,White,45–64,0.4513110018728774,0,0
M,White,45–64,0.24910517221442302,0,0
M,White,45–64,0.4348346477571779,0,0
M,White,45–64,0.7858758012579732,1,1
M,White,45–64,0.22831490328867038,0,0
M,White,45–64,0.4903117859659315,1,0
M,White,45–64,0.8610368417536376,1,1
M,White,45–64,0.49530529515600386,1,0
M,White,45–64,0.4137854458671815,0,0
M,White,45–64,0.7353962829759474,1,1
M,White,45–64,0.29180177579170385,0,0
M,White,45–64,0.6773614880029042,1,1
M,White,45–64,0.3569949912226871,0,0
M,White,45–64,0.8131914721398434,1,1
M,White,45–64,0.9376552228352607,1,1
M,White,45–64,0.36327075242309437,0,0
M,White,45–64,0.5991816453708605,0,1
M,White,45–64,0.3952698935415905,0,0
M,White,45–64,0.41812636547011556,0,0
M,White,45–64,0.8299615018732367,1,1
M,White,45–64,0.5941452183084532,1,1
M,White,45–64,0.31752571501154414,0,0
M,White,45–64,0.5655964380265404,1,1
M,White,45–64,0.871781666358961,1,1
M,White,45–64,0.6464013318137009,1,1
M,White,45–64,0.8298973975556995,1,1
M,White,45–64,0.12741296980077238,0,0
M,White,45–64,0.4417925506285823,0,0
M,White,45–64,0.7954188113886965,1,1
M,White,45–64,0.48124568532395595,0,0
M,White,45–64,0.6465163737670832,1,1
M,White,45–64,0.5362373114003511,1,1
M,White,45–64,0.24677832115926918,0,0
M,White,45–64,0.1692543203455404,0,0
M,White,45–64,0.748131619944201,1,1
M,White,45–64,0.4552377082142682,1,0
M,White,45–64,0.8145909299860156,1,1
M,White,45–64,0.817357474186545,1,1
M,White,45–64,0.17088999559878582,0,0
M,White,45–64,0.3550096507056221,0,0
M,White,45–64,0.06005677904962797,0,0
M,White,45–64,0.7474886859926209,1,1
M,White,45–64,0.3482869856000953,0,0
M,White,45–64,0.8158770242179606,1,1
M,White,45–64,0.5359070306615665,1,1
M,White,45–64,0.7158152724910108,1,1
M,White,45–64,0.7511996918693845,1,1
M,White,45–64,0.07277026016305949,0,0
M,White,45–64,0.3163413762729353,0,0
M,White,45–64,0.6847383104322247,1,1
M,White,45–64,0.40055734603302445,0,0
M,White,45–64,0.6743543856137171,1,1
M,White,45–64,0.8811749861285415,1,1
M,White,45–64,0.3126739505868905,0,0
M,White,45–64,0.6816884476506955,1,1
M,White,45–64,0.7551884991236953,1,1
M,White,45–64,0.5572326801794769,1,1
M,White,45–64,0.3818403587664767,0,0
M,White,45–64,0.31376951348230897,0,0
M,White,45–64,0.24872416895092436,0,0
M,White,45–64,0.7983184941086117,1,1
M,White,45–64,0.5516446458881024,0,1
M,White,45–64,0.7349283865566287,1,1
M,White,45–64,0.8780215001035354,1,1
M,White,45–64,0.27776813261097777,0,0
M,White,45–64,0.3522250236949363,1,0
M,White,45–64,0.2981683115396087,0,0
M,White,45–64,0.7628350925079048,1,1
M,White,45–64,0.9304308698964322,1,1
M,White,45–64,0.9380837705659882,1,1
M,White,45–64,0.2672331649489629,0,0
M,White,45–64,0.8886339816651839,1,1
M,White,45–64,0.6132302471711056,1,1
M,White,45–64,0.6731862831937107,1,1
M,White,45–64,0.8330825845685677,1,1
M,White,45–64,0.5508802594365937,1,1
M,White,45–64,0.21132683952537426,0,0
M,White,45–64,0.31554806887604603,0,0
M,White,45–64,0.6447056394547401,1,1
M,White,45–64,0.8663090742045978,1,1
M,White,45–64,0.7093095898466795,1,1
M,White,45–64,0.3920593580367005,0,0
M,White,45–64,0.9217656157716037,1,1
M,White,45–64,0.2671489462030229,0,0
M,White,45–64,0.5665660623139013,0,1
M,White,45–64,0.860419188948377,1,1
M,White,45–64,0.7129456332014391,1,1
M,White,45–64,0.804452042389188,1,1
M,White,45–64,0.04017259047767452,0,0
M,White,45–64,0.45000852883374465,0,0
M,White,45–64,0.8208004622136573,1,1
M,White,45–64,0.19746706697568328,0,0
M,White,45–64,0.8006474981075253,1,1
M,White,45–64,0.6307635913539659,1,1
M,White,45–64,0.7789172480240426,1,1
M,White,45–64,0.9387175772576886,1,1
M,White,45–64,0.45794644347633473,0,0
M,White,45–64,0.20180346348950423,0,0
M,White,45–64,0.6902301787962469,1,1
M,White,45–64,0.3090847837767836,0,0
M,White,45–64,0.3086715593302511,0,0
M,White,45–64,0.9834467613372709,1,1
M,White,45–64,0.6856343097853422,1,1
M,White,45–64,0.44970915584473015,0,0
M,White,45–64,0.4353121701436253,0,0
M,White,45–64,0.37536205132233025,0,0
M,White,45–64,0.8637768768740808,1,1
M,White,45–64,0.3282685960153099,0,0
M,White,45–64,0.4125255045571172,0,0
M,White,45–64,0.423056539561229,0,0
M,White,45–64,0.3423557377415301,0,0
M,White,45–64,0.8588902536909649,1,1
M,White,45–64,0.5877738498227719,1,1
M,White,45–64,0.7130589856693553,1,1
M,White,45–64,0.750984411827169,1,1
M,White,45–64,0.7364753929187808,1,1
M,White,45–64,0.32609815149535715,0,0
M,White,45–64,0.80326980684979,1,1
M,White,45–64,0.7694976394232517,1,1
M,White,45–64,0.6630400566659933,1,1
M,White,45–64,0.9192528796199729,1,1
M,White,45–64,0.2431463000530505,0,0
M,White,45–64,0.4241968869226489,0,0
M,White,45–64,0.4786858070569677,0,0
M,White,45–64,0.5042985176973401,1,1
M,White,45–64,0.4399332387848867,0,0
M,White,45–64,0.8145813032006939,1,1
M,White,45–64,0.34912702256567624,0,0
M,White,45–64,0.7666684378021511,1,1
M,White,45–64,0.6369697472144076,1,1
M,White,45–64,0.567240926647806,1,1
M,White,45–64,0.25594191922911724,0,0
M,White,45–64,0.3978484733709514,0,0
M,White,45–64,0.6731245236990367,1,1
M,White,45–64,0.37590843667877555,0,0
M,White,45–64,0.6115167690934995,0,1
M,White,45–64,0.41683722106458265,0,0
M,White,45–64,0.3294950359616693,0,0
M,White,45–64,0.6353534431471095,1,1
M,White,45–64,0.9243484439438274,1,1
M,White,45–64,0.8732259647691784,1,1
M,White,45–64,0.27414004152743826,0,0
M,White,45–64,0.45462408831934586,0,0
M,White,45–64,0.6753053112800709,1,1
M,White,45–64,0.8442620568081929,1,1
M,White,45–64,0.33803681270443325,0,0
M,White,45–64,0.34753721889752376,0,0
M,White,45–64,0.699910370309004,1,1
M,White,45–64,0.15656643657703337,0,0
M,White,45–64,0.9841807117438909,1,1
M,White,45–64,0.6659148761704864,1,1
M,White,45–64,0.8113525417032684,1,1
M,White,45–64,0.6451902204074211,1,1
M,White,45–64,0.4379774799424833,0,0
M,White,45–64,0.7715798013387574,1,1
M,White,45–64,0.5560957584445146,1,1
M,White,45–64,0.3230199546429934,0,0
M,White,45–64,0.7925545166623333,1,1
M,White,45–64,0.8405713012071564,1,1
M,White,45–64,0.3535080944671612,0,0
M,White,45–64,0.3053154022034491,0,0
M,White,45–64,0.8275175926874061,1,1
M,White,45–64,0.9037651215335949,1,1
M,White,45–64,0.6488665541161248,1,1
M,White,45–64,0.8314442849980958,1,1
M,White,45–64,0.2902562315928701,0,0
M,White,45–64,0.3581871492963221,0,0
M,White,45–64,0.24919801132699854,0,0
M,White,45–64,0.6943084110755868,1,1
M,White,45–64,0.38432666958732326,0,0
M,White,45–64,0.529730640818193,0,1
M,White,45–64,0.18564540556497724,0,0
M,White,45–64,0.6310198817382778,1,1
M,White,45–64,0.38194307560241225,0,0
M,White,45–64,0.3460239260281439,0,0
M,White,45–64,0.12437731090266882,0,0
M,White,45–64,0.17726716101628098,0,0
M,White,45–64,0.8271876333867552,1,1
M,White,45–64,0.8956181922994418,1,1
M,White,45–64,0.24406104399836592,0,0
M,White,45–64,0.31146763309700326,0,0
M,White,45–64,0.2882615352030359,0,0
M,White,45–64,0.8217955540906849,1,1
M,White,45–64,0.120186614298885,0,0
M,White,45–64,0.5457596525909362,0,1
M,White,45–64,0.41368950043254593,0,0
M,White,45–64,0.17018373234460266,0,0
M,White,45–64,0.6861997371248154,1,1
M,White,45–64,0.6413852531893347,1,1
M,White,45–64,0.7170139943427432,1,1
M,White,45–64,0.8389463783213842,1,1
M,White,45–64,0.42308449516045826,0,0
M,White,45–64,0.6019942506566227,1,1
M,White,45–64,1.0,1,1
M,White,45–64,0.44129564068634025,0,0
M,White,45–64,0.6126555925265494,1,1
M,White,45–64,0.3685565305120555,0,0
M,White,45–64,0.3236221337640083,0,0
M,White,45–64,0.768610778603644,1,1
M,White,45–64,0.5148112084054743,0,1
M,White,45–64,0.7215744925179451,1,1
M,White,45–64,0.24128827840271894,0,0
M,White,45–64,0.478519989936571,0,0
M,White,45–64,0.8326603957685204,1,1
M,White,45–64,0.7864030367886873,1,1
M,White,45–64,0.7775064500589431,1,1
M,White,45–64,0.420069102957924,0,0
M,White,45–64,0.5707659958799235,1,1
M,White,45–64,0.733689861852068,1,1
M,White,45–64,0.7742860583663776,1,1
M,White,45–64,0.7300400525442984,1,1
M,White,45–64,0.663760334447393,1,1
M,White,45–64,0.8075642466629512,1,1
M,White,45–64,0.8367807529403601,1,1
M,White,45–64,0.8179984893074448,1,1
M,White,45–64,0.31966697095542873,0,0
M,White,45–64,0.4636107451990827,0,0
M,White,45–64,0.7024461028175163,1,1
M,White,45–64,0.3509592823850392,0,0
M,White,45–64,0.683171998748343,1,1
M,White,45–64,0.7541163421558941,1,1
M,White,45–64,0.2256645114817432,0,0
M,White,45–64,0.33209725024590014,0,0
M,White,45–64,0.717670830183664,1,1
M,White,45–64,0.4540324196541204,0,0
M,White,45–64,0.7747095866860638,1,1
M,White,45–64,0.7758733571260978,1,1
M,White,45–64,0.7700518551467305,1,1
M,White,45–64,0.8067945616042975,1,1
M,White,45–64,0.24861150315159958,0,0
M,White,45–64,0.6346973277821893,1,1
M,White,45–64,0.5254067975824052,1,1
M,White,45–64,0.47425658446431745,0,0
M,White,45–64,0.9482148125816773,1,1
M,White,45–64,0.9059983824743898,1,1
M,White,45–64,0.6546086399305666,1,1
M,White,45–64,0.21103697994113674,0,0
M,White,45–64,0.31354456572386874,0,0
M,White,45–64,0.7592835517953885,1,1
M,White,45–64,0.8500247415492208,1,1
M,White,45–64,0.5396003993815406,0,1
M,White,45–64,0.6130824034482858,1,1
M,White,45–64,0.39002435793750784,0,0
M,White,45–64,0.6816535357998891,1,1
M,White,45–64,0.295752063036973,0,0
M,White,45–64,0.6664508250767351,0,1
M,White,45–64,0.7051372324451177,1,1
M,White,45–64,0.41465876253986106,0,0
M,White,45–64,0.4314043376036028,0,0
M,White,45–64,0.7333689968234278,1,1
M,White,45–64,0.8259889889755815,1,1
M,White,45–64,0.1933642112748406,0,0
M,White,45–64,0.5636482120451696,0,1
M,White,45–64,0.45992632343216416,0,0
M,White,45–64,0.1288956581210321,0,0
M,White,45–64,0.5660375038911112,1,1
M,White,45–64,0.6692437226876897,1,1
M,White,45–64,0.7390673123826024,1,1
M,White,45–64,0.2460265548716234,0,0
M,White,45–64,0.7048346536792226,1,1
M,White,45–64,0.7359203021938446,1,1
M,White,45–64,0.6567877202485364,1,1
M,White,45–64,0.5002583738984051,0,1
M,White,45–64,0.14045613802621137,0,0
M,White,45–64,0.1946639647695027,0,0
M,White,45–64,0.48537487470019136,0,0
M,White,45–64,0.7384155673161907,1,1
M,White,45–64,0.5979452023158098,1,1
M,White,45–64,0.7882686695419372,1,1
M,White,45–64,0.3020262675752041,0,0
M,White,45–64,0.5238828561783502,0,1
M,White,45–64,0.6279767495274422,1,1
M,White,45–64,0.4807617453552677,0,0
M,White,45–64,0.8474446605645318,1,1
M,White,45–64,0.7032743234104792,1,1
M,White,45–64,0.6587488218552116,1,1
M,White,45–64,0.2593319004053231,0,0
M,White,45–64,0.43864844092805283,0,0
M,White,45–64,0.40614185170847455,0,0
M,White,45–64,0.3666893890902289,0,0
M,White,45–64,0.9251529473064851,1,1
M,White,45–64,0.1319069522945015,0,0
M,White,45–64,0.5214346894556322,0,1
M,White,45–64,0.825691409610661,1,1
M,White,45–64,0.3405642190122402,0,0
M,White,45–64,0.19209380375970633,0,0
M,White,45–64,0.6829149288194412,1,1
M,White,45–64,0.389322226255269,0,0
M,White,45–64,0.5106553024522998,1,1
M,White,45–64,0.38866581449934035,0,0
M,White,45–64,0.838796495684806,1,1
M,White,45–64,0.21007028171230055,0,0
M,White,45–64,0.7940106704176143,1,1
M,White,45–64,0.2837065248802467,0,0
M,White,45–64,0.9512832428248957,1,1
M,White,45–64,0.3240557579698959,0,0
M,White,45–64,0.7567961311347605,1,1
M,White,45–64,0.12297570565829272,0,0
M,White,45–64,0.47147400296598896,0,0
M,White,45–64,0.694331568043365,1,1
M,White,45–64,0.4450995030547329,0,0
M,White,45–64,0.38639042461170364,0,0
M,White,45–64,0.35174650665211377,0,0
M,White,45–64,0.7528995603114826,1,1
M,White,45–64,0.9586912087727077,1,1
M,White,45–64,0.3536738600145463,0,0
M,White,45–64,0.7512444241130517,1,1
M,White,45–64,0.9117490172606089,1,1
M,White,45–64,0.1846716978658654,0,0
M,White,45–64,0.5499538745041559,1,1
M,White,45–64,0.8188900708390914,1,1
M,White,45–64,0.8677257782093766,1,1
M,White,45–64,0.4895716097956818,0,0
M,White,45–64,0.28099790812971404,0,0
M,White,45–64,0.498246815208206,1,0
M,White,45–64,0.17297600223277954,0,0
M,White,45–64,0.7044700259956688,1,1
M,White,45–64,0.3034787316101901,0,0
M,White,45–64,0.7994311739185808,1,1
M,White,45–64,0.49590987543652976,0,0
M,White,45–64,0.7368234023985067,1,1
M,White,45–64,0.6590007311522651,1,1
M,White,45–64,0.13845876237180732,0,0
M,White,45–64,0.5392657267647527,0,1
M,White,45–64,0.4719148579568016,0,0
M,White,45–64,0.7169980469996029,1,1
M,White,45–64,0.7189054817179468,1,1
M,White,45–64,0.6295819856066793,1,1
M,White,45–64,0.6224646006567546,1,1
M,White,45–64,0.5304951389644554,1,1
M,White,45–64,0.4168938064431963,0,0
M,White,45–64,0.8705030934970062,1,1
M,White,45–64,0.6208638791655765,1,1
M,White,45–64,1.0,1,1
M,White,45–64,0.3858015885014397,0,0
M,White,45–64,0.6774489811579192,1,1
M,White,45–64,0.8183487974814339,1,1
M,White,45–64,0.7841326583056665,1,1
M,White,45–64,0.8729576164609165,1,1
M,White,45–64,0.7641312904821328,1,1
M,White,45–64,0.11537167772376747,0,0
M,White,45–64,0.48550473924705695,0,0
M,White,45–64,0.2845409593196075,0,0
M,White,45–64,0.34365074451166056,0,0
M,White,45–64,0.3781618194492102,0,0
M,White,45–64,0.24403304614639826,0,0
M,White,45–64,0.4378203467167313,0,0
M,White,45–64,0.34617726921116476,0,0
M,White,45–64,0.68959036538199,1,1
M,White,45–64,0.9311790861905346,1,1
M,White,45–64,0.2948563348664157,0,0
M,White,45–64,0.7704869310721615,1,1
M,White,45–64,0.45236764160081316,0,0
M,White,45–64,0.2622801306719187,0,0
M,White,45–64,0.3364832271100531,0,0
M,White,45–64,0.6157753962602016,1,1
M,White,45–64,0.4326614358785554,0,0
M,White,45–64,0.7626972563004591,1,1
M,White,45–64,0.28155812371561445,0,0
M,White,45–64,0.6398436382096346,1,1
M,White,45–64,0.7370818319869604,1,1
M,White,45–64,0.33802703903772746,0,0
M,White,45–64,0.352366858045441,0,0
M,White,45–64,0.46532630228423166,0,0
M,White,45–64,0.6846956307595948,1,1
M,White,45–64,0.19758264868648737,0,0
M,White,45–64,0.7086631994874014,1,1
M,White,45–64,0.8930569376851288,1,1
M,White,45–64,0.5995440165168432,1,1
M,White,45–64,0.5778032343077166,1,1
M,White,45–64,0.4139800599507442,0,0
M,White,45–64,0.4445503498041116,0,0
M,White,45–64,0.2591423926948816,0,0
M,White,45–64,0.675174246870502,1,1
M,White,45–64,0.6712568229206226,1,1
M,White,45–64,0.7636147433262482,1,1
M,White,45–64,0.48591296421194663,0,0
M,White,45–64,0.6404473072414437,1,1
M,White,45–64,0.1896459871518068,0,0
M,White,45–64,0.8457905388975065,1,1
M,White,45–64,0.22095085088507177,0,0
M,White,45–64,0.7507730355547361,1,1
M,White,45–64,0.5861070299584801,1,1
M,White,45–64,0.7976815617289177,1,1
M,White,45–64,0.5575622089008253,0,1
M,White,45–64,0.8860830365226027,1,1
M,White,45–64,0.3656816027310367,0,0
M,White,45–64,0.8908617352201417,1,1
M,White,45–64,0.12487393957661486,0,0
M,White,45–64,0.8027779408109178,1,1
M,White,45–64,0.5604451746625799,1,1
M,White,45–64,0.16487296812564425,0,0
M,White,45–64,0.7497323996342875,1,1
M,White,45–64,0.24346202849671758,0,0
M,White,45–64,0.9114166604130983,1,1
M,White,45–64,0.4091937989567621,0,0
M,White,45–64,0.31029055746345796,0,0
M,White,45–64,0.2843050416394171,0,0
M,White,45–64,0.3830823146666782,0,0
M,White,45–64,0.2712560933118291,0,0
M,White,45–64,0.6929220376514553,1,1
M,White,45–64,0.47802353691238186,0,0
M,White,45–64,0.34261057623135305,0,0
M,White,45–64,0.38013931389232153,0,0
M,White,45–64,0.3746137457830688,0,0
M,White,45–64,0.2334336802884485,0,0
M,White,45–64,0.2294298752780203,0,0
M,White,45–64,0.7519222504006515,1,1
M,White,45–64,0.6268471668703052,1,1
M,White,45–64,0.8673837776993277,1,1
M,White,45–64,0.8400284204989198,1,1
M,White,45–64,0.770450750701098,1,1
M,White,45–64,0.7507164618274207,1,1
M,White,45–64,0.8513727629364299,1,1
M,White,45–64,0.7756131485100322,1,1
M,White,45–64,0.8393885651687761,1,1
M,White,45–64,0.23164097820706764,0,0
M,White,45–64,0.4789045344379577,0,0
M,White,45–64,0.3979623129505336,0,0
M,White,45–64,0.7208940162910098,1,1
M,White,45–64,0.18601662930050566,0,0
M,White,45–64,0.3476732447288983,0,0
M,White,45–64,0.3166028103474601,0,0
M,White,45–64,0.5112997453434027,1,1
M,White,45–64,0.19424334565496876,0,0
M,White,45–64,0.5546964124303213,1,1
M,White,45–64,0.3945417945341311,0,0
M,White,45–64,0.6202767804261224,1,1
M,White,45–64,0.41899225429534986,0,0
M,White,45–64,0.8413052223948833,1,1
M,White,45–64,0.5192399367364797,0,1
M,White,45–64,0.2017015364404012,0,0
M,White,45–64,0.38275161558910337,0,0
M,White,45–64,0.6022828755133636,1,1
M,White,45–64,0.39929586310681875,0,0
M,White,45–64,0.8977691838035727,1,1
M,White,45–64,0.7833018973450403,1,1
M,White,45–64,0.8842961718751993,1,1
M,White,45–64,0.6499550232705451,1,1
M,White,45–64,0.4129230473225397,0,0
M,White,45–64,0.25491630648623176,0,0
M,White,45–64,0.7290913401707356,1,1
M,White,45–64,0.31904039192374456,0,0
M,White,45–64,0.6676946422471036,1,1
M,White,45–64,0.6999272750104383,1,1
M,White,45–64,0.7841184334058187,1,1
M,White,45–64,0.6882952544481715,1,1
M,White,45–64,0.2511948103701146,0,0
M,White,45–64,0.45859604944398347,0,0
M,White,45–64,0.2000688778414006,0,0
M,White,45–64,0.6662961295476865,1,1
M,White,45–64,0.6374199020542384,1,1
M,White,45–64,0.3082979267186803,0,0
M,White,45–64,0.738058284445049,1,1
M,White,45–64,0.6416245045559126,1,1
M,White,45–64,0.23500475640137275,0,0
M,White,45–64,0.3158968029979499,0,0
M,White,45–64,0.34558350888911643,0,0
M,White,45–64,0.4956202722905206,0,0
M,White,45–64,0.6052427940423293,0,1
M,White,45–64,0.36932858077774156,0,0
M,White,45–64,0.7152792547509825,1,1
M,White,45–64,0.8953062226214172,1,1
M,White,45–64,0.9046159550394091,1,1
M,White,45–64,0.657988622204055,1,1
M,White,45–64,0.9179410168462226,1,1
M,White,45–64,0.1725923626902733,0,0
M,White,45–64,0.8468179711647759,1,1
M,White,45–64,0.31953599187694354,0,0
M,White,45–64,0.8564053825431425,1,1
M,White,45–64,0.3231737735867082,0,0
M,White,45–64,0.8324080131967906,1,1
M,White,45–64,0.3075235060091568,0,0
M,White,45–64,0.6972899144348961,1,1
M,White,45–64,0.40675876020670354,0,0
M,White,45–64,0.5496217827616126,0,1
M,White,45–64,0.5681098597813403,1,1
M,White,45–64,0.5555002530118025,1,1
M,White,45–64,0.19081383209965244,0,0
M,White,45–64,0.40669969079935137,0,0
M,White,45–64,0.7997968538660811,1,1
M,White,45–64,0.6411941332374663,1,1
M,White,45–64,0.7438693900133584,1,1
M,White,45–64,0.4187974012551639,0,0
M,White,45–64,0.37737165503097975,0,0
M,White,45–64,0.28137076685424484,0,0
M,White,45–64,0.45304180648313147,0,0
M,White,45–64,0.15220844846870307,0,0
M,White,45–64,0.9154149339469869,1,1
M,White,45–64,0.9281509526190268,1,1
M,White,45–64,0.6463869884571837,1,1
M,White,45–64,0.30025321742542355,0,0
M,White,45–64,0.17531863707082065,0,0
M,White,45–64,0.795588468632187,1,1
M,White,45–64,0.32962667952109376,0,0
M,White,45–64,0.7808565784041042,1,1
M,White,45–64,0.7183642392441332,1,1
M,White,45–64,0.8270258100284191,1,1
M,White,45–64,0.46342027766580524,0,0
M,White,45–64,0.3121475382030557,0,0
M,White,45–64,0.7503298629849117,1,1
M,White,45–64,0.3972421331929935,0,0
M,White,45–64,0.6976652070702405,1,1
M,White,45–64,0.665490055665312,1,1
M,White,45–64,0.1665916800729954,0,0
M,White,45–64,0.28039529393198825,0,0
M,White,45–64,0.28644200269949216,0,0
M,White,45–64,0.3794507725320396,0,0
M,White,45–64,0.7171196551966036,1,1
M,White,45–64,0.6301473481361369,1,1
M,White,45–64,0.544325579645156,1,1
M,White,45–64,0.5372512820109054,1,1
M,White,45–64,0.28706955313445487,0,0
M,White,45–64,0.8230534820283222,1,1
M,White,45–64,0.4598634540977364,0,0
M,White,45–64,0.805942820993931,1,1
M,White,45–64,0.3860432424688027,0,0
M,White,45–64,0.6580544587646671,1,1
M,White,45–64,0.3010461912873198,0,0
M,White,45–64,0.738564585965161,1,1
M,White,45–64,0.8106955049112,1,1
M,White,45–64,0.6037518470076432,1,1
M,White,45–64,0.25202705533158165,0,0
M,White,45–64,0.2734606046875333,0,0
M,White,45–64,0.471481729384086,0,0
M,White,45–64,0.8586388974711607,1,1
M,White,45–64,0.32197495956424127,0,0
M,White,45–64,0.5193211151314997,0,1
M,White,45–64,0.18946099710718975,0,0
M,White,45–64,0.19376587876737997,0,0
M,White,45–64,0.7274472243379296,1,1
M,White,45–64,0.7390930929492869,1,1
M,White,45–64,0.3969059898701305,0,0
M,White,45–64,0.6154125661191172,1,1
M,White,45–64,0.4510969805781454,0,0
M,White,45–64,0.7838124374406434,1,1
M,White,45–64,0.6831628814875614,1,1
M,White,45–64,0.7276354177282741,1,1
M,White,45–64,0.3902284306093802,0,0
M,White,45–64,0.4160395211084026,0,0
M,White,45–64,0.7568386406877708,1,1
M,White,45–64,0.7963772883940327,1,1
M,White,45–64,0.2022973010137839,0,0
M,White,45–64,0.7048384823981431,1,1
M,White,45–64,0.6329313932745304,1,1
M,White,45–64,0.6841294722952466,1,1
M,White,45–64,0.5210699924456749,0,1
M,White,45–64,0.30980925798355524,0,0
M,White,45–64,0.34264195973350636,0,0
M,White,45–64,0.8388727595768419,1,1
M,White,45–64,0.710299009075666,1,1
M,White,45–64,0.6286163591574302,1,1
M,White,45–64,0.8552784112319909,1,1
M,White,45–64,0.3548968989559501,0,0
M,White,45–64,0.7074351320788167,1,1
M,White,45–64,0.7844118979556243,1,1
M,White,45–64,0.7204852360106555,1,1
M,White,45–64,0.4474806170914164,0,0
M,White,45–64,0.7094188084642685,1,1
M,White,45–64,0.7681995751433811,1,1
M,White,45–64,0.5730103658380599,0,1
M,White,45–64,0.4908420597109,0,0
M,White,45–64,0.375899812182172,0,0
M,White,45–64,0.3482255112366437,0,0
M,White,45–64,0.6257934580660552,1,1
M,White,45–64,0.2623344262150736,0,0
M,White,45–64,0.30802446165214326,0,0
M,White,45–64,0.36425659653740344,0,0
M,White,45–64,0.5720508519322225,1,1
M,White,45–64,1.0,1,1
M,White,45–64,0.8102457771002194,1,1
M,White,45–64,0.9887673737592106,1,1
M,White,45–64,0.7971831515870261,1,1
M,White,45–64,0.7866287345108798,1,1
M,White,45–64,0.28401724624081814,0,0
M,White,45–64,0.7562626197166739,1,1
M,White,45–64,0.27780628172887734,0,0
M,White,45–64,0.2641105955408042,0,0
M,White,45–64,0.3308210600774375,0,0
M,White,45–64,0.8168794960468843,1,1
M,White,45–64,0.7788979610382845,1,1
M,White,45–64,0.6539829246891674,1,1
M,White,45–64,0.6526023804200475,1,1
M,White,45–64,0.6663723658912412,1,1
M,White,45–64,0.5831064528766821,1,1
M,White,45–64,0.3544207186111471,0,0
M,White,45–64,0.3731576044063942,0,0
M,White,45–64,0.5865989828075722,1,1
M,White,45–64,0.6287319260779827,1,1
M,White,45–64,0.6846949067996422,1,1
M,White,45–64,0.6616053570686388,1,1
M,White,45–64,0.4623683890549312,0,0
M,White,45–64,0.4350979174534965,0,0
M,White,45–64,0.38853719208574466,0,0
M,White,45–64,0.5032051223388172,1,1
M,White,45–64,0.5956815994650174,1,1
M,White,45–64,0.3502497470466226,0,0
M,White,45–64,0.7277889995065958,1,1
M,White,45–64,0.2913593498954674,0,0
M,White,45–64,0.5459559251749166,1,1
M,White,45–64,0.698053031905182,1,1
M,White,65+,0.3530073713006886,0,0
M,White,65+,0.6745613581551978,1,1
M,White,65+,0.3473957609433204,0,0
M,White,65+,0.5810002150756765,1,1
M,White,65+,0.5684676177495974,0,1
M,White,65+,0.5770133188627696,1,1
M,White,65+,0.45148025106271966,0,0
M,White,65+,0.7127540369462936,1,1
M,White,65+,0.5106749914619045,1,1
M,White,65+,0.29676539561843185,0,0
M,White,65+,0.3991902956998144,0,0
M,White,65+,0.2703341458413713,0,0
M,White,65+,0.2296864264657647,0,0
M,White,65+,0.3735455733590574,0,0
M,White,65+,0.5319115590843885,0,1
M,White,65+,0.7160961338004129,1,1
M,White,65+,0.5232779776633123,0,1
M,White,65+,0.49283139932175696,1,0
M,White,65+,0.47487575916226943,1,0
M,White,65+,0.7222058703847999,1,1
M,White,65+,0.47573691051513645,1,0
M,White,65+,0.2997872142656032,0,0
M,White,65+,0.5334856017414042,1,1
M,White,65+,0.1528656517103644,0,0
M,White,65+,0.2707010211862457,0,0
M,White,65+,0.7997562740598677,1,1
M,White,65+,0.37737694602895266,0,0
M,White,65+,0.49287260831727114,1,0
M,White,65+,0.459019210317818,0,0
M,White,65+,0.2888827034475323,0,0
M,White,65+,0.4351257204908452,0,0
M,White,65+,0.37647318158281207,0,0
M,White,65+,0.836194917725483,1,1
M,White,65+,0.3917751908375784,0,0
M,White,65+,0.14606377170072993,0,0
M,White,65+,0.3530142767769291,0,0
M,White,65+,0.6466445054042523,1,1
M,White,65+,0.6303610155800036,1,1
M,White,65+,0.6521373727170404,1,1
M,White,65+,0.551612963012421,1,1
M,White,65+,0.3928085999606104,0,0
M,White,65+,0.36412475914759984,0,0
M,White,65+,0.4496760445135517,1,0
M,White,65+,0.6468109581780852,1,1
M,White,65+,0.8538589819247165,1,1
M,White,65+,0.44798643554682815,0,0
M,White,65+,0.28630015040052387,0,0
M,White,65+,0.379297858142026,1,0
M,White,65+,0.34807820689822705,0,0
M,White,65+,0.4284428346048205,0,0
M,White,65+,0.522287585306335,1,1
M,White,65+,0.47068996964903953,0,0
M,White,65+,0.5341490118206824,1,1
M,White,65+,0.8150558881443108,1,1
M,White,65+,0.36160358133621995,0,0
M,White,65+,0.5228262957322245,1,1
M,White,65+,0.42522673681168865,0,0
M,White,65+,0.48134576536058404,0,0
M,White,65+,0.4475138349766697,0,0
M,White,65+,0.8997191248847993,1,1
M,White,65+,0.15491937526951244,0,0
M,White,65+,0.6830847945243295,1,1
M,White,65+,0.5890939623836536,0,1
M,White,65+,0.27956096552623266,0,0
M,White,65+,0.31578210892979885,0,0
M,White,65+,0.34792728438861475,0,0
M,White,65+,0.5236277286550016,0,1
M,White,65+,0.5343855421349539,1,1
M,White,65+,0.5128280134381915,0,1
M,White,65+,0.7562986341325418,1,1
M,White,65+,0.6770515206017725,1,1
M,White,65+,0.4617185625993527,0,0
M,White,65+,0.8959626110605183,1,1
M,White,65+,0.41377617472890355,0,0
M,White,65+,0.3882057729283134,1,0
M,White,65+,0.7452035325801954,1,1
M,White,65+,0.39939047725317856,1,0
M,White,65+,0.6234756491170896,1,1
M,White,65+,0.81843876229412,1,1
M,White,65+,0.6589289717974219,1,1
M,White,65+,0.5613996061942342,0,1
M,White,65+,0.5709406152654898,1,1
M,White,65+,0.27520457766575684,0,0
M,White,65+,0.4633387705971681,0,0
M,White,65+,0.6254038323838831,1,1
M,White,65+,0.23679736669792956,0,0
M,White,65+,0.4219551565069222,0,0
M,White,65+,0.4979108834300244,1,0
M,White,65+,0.5989391429295142,1,1
M,White,65+,0.4916239458793387,0,0
M,White,65+,0.4105762269370619,0,0
M,White,65+,0.6399520400432144,1,1
M,White,65+,0.5435150062117552,1,1
M,White,65+,0.6429795611425482,0,1
M,White,65+,0.6634942270482477,1,1
M,White,65+,0.6278038489695332,0,1
M,White,65+,0.4454767976850813,0,0
M,White,65+,0.8437531104565308,1,1
M,White,65+,0.3513039936372619,0,0
M,White,65+,0.5928692803930091,0,1
M,White,65+,0.17906793126525158,0,0
M,White,65+,0.7838566139242522,1,1
M,White,65+,0.6825249157673033,1,1
M,White,65+,0.6619355598535982,1,1
M,White,65+,0.5825343497215658,1,1
M,White,65+,0.48350186442954324,1,0
M,White,65+,0.6976654264598221,1,1
M,White,65+,0.557431309950174,1,1
M,White,65+,0.5999614389623082,1,1
M,White,65+,0.4764550778923416,0,0
M,White,65+,0.6674176010026771,1,1
M,White,65+,0.40690252963917367,0,0
M,White,65+,0.44792197696021147,0,0
M,White,65+,0.3720909130196654,1,0
M,White,65+,0.4157297772984392,1,0
M,White,65+,0.3675933492649245,1,0
M,White,65+,0.47985946672416546,0,0
M,White,65+,0.48680242421295783,0,0
M,White,65+,0.44788316958980706,0,0
M,White,65+,0.5164266427259531,1,1
M,White,65+,0.6279967689700503,1,1
M,White,65+,0.7209578269085559,1,1
M,White,65+,0.7848994140226968,1,1
M,White,65+,0.7082273959081132,1,1
M,White,65+,0.7209716841803221,1,1
M,White,65+,0.5072060697888001,0,1
M,White,65+,0.4840196660556366,0,0
M,White,65+,0.37793106397674275,0,0
M,White,65+,0.35818230816991914,0,0
M,White,65+,0.320267677158127,0,0
M,White,65+,0.7226472626851953,1,1
M,White,65+,0.5075183690779956,0,1
M,White,65+,0.9091168139103821,1,1
M,White,65+,0.8759426020191685,1,1
M,White,65+,0.2770414918029263,0,0
M,White,65+,0.5991460197969218,1,1
M,White,65+,0.46634479271862805,0,0
M,White,65+,0.44958882673785483,0,0
M,White,65+,0.46361649364918206,0,0
M,White,65+,0.5070210600918044,1,1
M,White,65+,0.626420841322499,1,1
M,White,65+,0.7340115853929475,1,1
M,White,65+,0.6697567803504652,1,1
M,White,65+,0.5138283492890519,1,1
M,White,65+,0.7191222308561737,1,1
M,White,65+,0.5166033910287966,1,1
M,White,65+,0.9629345916300904,1,1
M,White,65+,0.4437743471039731,0,0
M,White,65+,0.2324995598046643,0,0
M,White,65+,0.5839571467374582,1,1
M,White,65+,0.07452926017480316,0,0
M,White,65+,0.7321033912034522,1,1
M,White,65+,0.7565145063326995,1,1
M,White,65+,0.26117460149136973,0,0
M,White,65+,0.5487118939961692,0,1
M,White,65+,0.3930106476018384,0,0
M,White,65+,0.8585463604013719,1,1
M,White,65+,0.286777175131376,0,0
M,White,65+,0.6266073951849406,1,1
M,White,65+,0.6940479935150301,1,1
M,White,65+,0.3947392837078093,0,0
M,White,65+,0.5744144381435442,1,1
M,White,65+,0.5057783445322016,0,1
M,White,65+,0.3275646242698683,0,0
M,White,65+,0.6485708732112686,1,1
M,White,65+,0.7968652747937268,1,1
M,White,65+,0.34936445042139497,0,0
M,White,65+,0.6478018989685085,1,1
M,White,65+,0.5730949156190402,1,1
M,White,65+,0.7831569195459273,1,1
M,White,65+,0.3114340543199543,0,0
M,White,65+,0.7045630900350741,1,1
M,White,65+,0.35654309786859917,0,0
M,White,65+,0.4841873224227197,1,0
M,White,65+,0.48717876979997865,0,0
M,White,65+,0.7536121624494787,1,1
M,White,65+,0.28756238845567844,0,0
M,White,65+,0.6716751000121591,1,1
M,White,65+,0.6039415664413964,1,1
M,White,65+,0.16869824419192841,0,0
M,White,65+,0.26831906198208233,0,0
M,White,65+,0.35844843601391646,0,0
M,White,65+,0.8445820387436525,1,1
M,White,65+,0.47529633791823095,1,0
M,White,65+,0.5645328036237776,0,1
M,White,65+,0.39262442541113796,0,0
M,White,65+,0.32530427747674906,0,0
M,White,65+,0.255380897434086,0,0
M,White,65+,0.5824433415397148,1,1
M,White,65+,0.30624462802818436,0,0
M,White,65+,0.6334742003329084,1,1
M,White,65+,0.44453318573127243,0,0
M,White,65+,0.5518664470012891,1,1
M,White,65+,0.18094537887777384,0,0
M,White,65+,0.5009164229532637,0,1
M,White,65+,0.8250580092595237,1,1
M,White,65+,0.5997896682534878,1,1
M,White,65+,0.706361339170363,1,1
M,White,65+,0.3991398971581293,1,0
M,White,65+,0.7163909078425273,1,1
M,White,65+,0.5458471479418225,0,1
M,White,65+,0.5042978048216071,1,1
M,White,65+,0.784577652864806,1,1
M,White,65+,0.6570576114779748,1,1
M,White,65+,0.23166784032273827,0,0
M,White,65+,0.6282812958709949,0,1
M,White,65+,0.5851340211769431,0,1
M,White,65+,0.7926453046506623,1,1
M,White,65+,0.7058525547184812,1,1
M,White,65+,0.4041650230839849,0,0
M,White,65+,0.38443796452217077,0,0
M,White,65+,0.19585773771840476,0,0
M,White,65+,0.8073701286543199,1,1
M,White,65+,0.5211932392495411,0,1
M,White,65+,0.6170038688500465,0,1
M,White,65+,0.6151433503260428,0,1
M,White,65+,0.7483054379473193,1,1
M,White,65+,0.40742311372425405,0,0
M,White,65+,0.8247858781616826,1,1
M,White,65+,0.8862337014200063,1,1
M,White,65+,0.4615769617412208,0,0
M,White,65+,0.6301801923813057,1,1
M,White,65+,0.43889319181695546,0,0
M,White,65+,0.39380096385168595,0,0
M,White,65+,0.46830353018964677,0,0
M,White,65+,0.7315665307136076,1,1
M,White,65+,0.6421123354169792,1,1
M,White,65+,0.5770630069918921,1,1
M,White,65+,0.3794345699368259,0,0
M,White,65+,0.40206205977807347,0,0
M,White,65+,0.23457210246647595,0,0
M,White,65+,0.447457599326295,0,0
M,White,65+,0.4526529547470901,0,0
M,White,65+,0.6327545731566865,1,1
M,White,65+,0.5164564924326182,1,1
M,White,65+,0.761289129791247,1,1
M,White,65+,0.7369652228658994,0,1
M,White,65+,0.6492256399859689,1,1
M,White,65+,0.7255154482262676,1,1
M,White,65+,0.6415847233677933,1,1
M,White,65+,0.17730838718974026,0,0
M,White,65+,0.3996622677320281,0,0
M,White,65+,0.573554168742366,1,1
M,White,65+,0.7052865912797099,1,1
M,White,65+,0.4157336787397477,0,0
M,White,65+,0.6142970619365755,1,1
M,White,65+,0.5798747994042215,1,1
M,White,65+,0.6027516702031072,1,1
M,White,65+,0.7171393117085672,1,1
M,White,65+,0.7855109592536609,1,1
M,White,65+,0.4752165483572532,1,0
M,White,65+,0.5352032318963155,0,1
M,White,65+,0.5980110628646688,1,1
M,White,65+,0.32453473442006303,0,0
M,White,65+,0.7135614728134142,1,1
M,White,65+,0.7913179475172214,1,1
M,White,65+,0.3516668537671404,0,0
M,White,65+,0.5158571238957803,0,1
M,White,65+,0.7182763246478594,1,1
M,White,65+,0.40049213643564324,0,0
M,White,65+,0.5993454524148677,1,1
M,White,65+,0.4635096284537208,0,0
M,White,65+,0.44677985352666316,0,0
M,White,65+,0.5998274756510704,1,1
M,White,65+,0.32277348977655573,0,0
M,White,65+,0.7247339730327549,1,1
M,White,65+,0.6634790833724857,1,1
M,White,65+,0.6655340246666636,1,1
M,White,65+,0.43323850077996773,1,0
M,White,65+,0.1107789240466509,0,0
M,White,65+,0.43081229405492205,0,0
M,White,65+,0.5588064748446616,0,1
M,White,65+,0.5139332471461769,0,1
M,White,65+,0.5235897272946501,1,1
M,White,65+,0.4355196766796875,0,0
M,White,65+,0.480288156300206,0,0
M,White,65+,0.45572034352653035,0,0
M,White,65+,0.6522375120968383,1,1
M,White,65+,0.8620022192410605,1,1
M,White,65+,0.33373194808987716,0,0
M,White,65+,0.30308188110721,0,0
M,White,65+,0.7725315873761411,1,1
M,White,65+,0.6096106418390211,1,1
M,White,65+,0.7283190814397262,1,1
M,White,65+,0.6946828186677274,1,1
M,White,65+,0.9488065739102185,1,1
M,White,65+,0.6328772339932384,0,1
M,White,65+,0.7456471160016984,1,1
M,White,65+,0.6381676706731728,1,1
M,White,65+,0.822218477307352,1,1
M,White,65+,0.833952728575648,1,1
M,White,65+,0.9657630973943526,1,1
M,White,65+,0.6317412267769743,1,1
M,White,65+,0.21232171159082425,0,0
M,White,65+,0.7472162902223907,1,1
M,White,65+,0.6497932308646737,1,1
M,White,65+,0.5485643997790111,1,1
M,White,65+,0.5086472476118091,1,1
M,White,65+,0.41379149091635925,0,0
M,White,65+,0.875099295190511,1,1
F,White,Under 25,0.5012573710765331,1,1
F,White,Under 25,0.9065826422156196,1,1
F,White,Under 25,0.6808620460727973,1,1
F,White,Under 25,0.3858673063669301,1,0
F,White,Under 25,0.4974534061073024,0,0
F,White,Under 25,0.47945185377100286,0,0
F,White,Under 25,0.6342166665174026,1,1
F,White,Under 25,0.4466832854803028,1,0
F,White,Under 25,0.7294449578211628,0,1
F,White,Under 25,0.4235004190945578,0,0
F,White,Under 25,0.4803820779800282,1,0
F,White,Under 25,0.41993833140710213,0,0
F,White,Under 25,0.3950920442937078,0,0
F,White,Under 25,0.577271491890243,1,1
F,White,Under 25,0.5473987725361528,0,1
F,White,Under 25,0.5244839460606374,1,1
F,White,Under 25,0.5230794458701046,0,1
F,White,Under 25,0.35259944496014556,0,0
F,White,Under 25,0.6585732062535423,1,1
F,White,Under 25,0.34406073112249547,0,0
F,White,Under 25,0.39800816438115166,0,0
F,White,Under 25,0.7829109841924036,1,1
F,White,Under 25,0.747074643481786,1,1
F,White,Under 25,0.4474433268467677,0,0
F,White,Under 25,0.5028536687157319,1,1
F,White,Under 25,0.4655156610208116,0,0
F,White,Under 25,0.8111486780295964,1,1
F,White,Under 25,0.42938147764949863,1,0
F,White,Under 25,0.7841901858958333,1,1
F,White,Under 25,0.453432265044291,1,0
F,White,Under 25,0.35420219786727875,0,0
F,White,Under 25,0.4629473602002708,0,0
F,White,Under 25,0.29368708787601716,0,0
F,White,Under 25,0.41878199675269573,0,0
F,White,Under 25,0.49622212434871416,0,0
F,White,Under 25,0.30872201894674406,0,0
F,White,Under 25,0.6700626754739828,1,1
F,White,Under 25,0.6843916386077071,1,1
F,White,Under 25,0.6214956837762674,0,1
F,White,Under 25,0.4215935269039594,0,0
F,White,Under 25,0.7296976251793795,1,1
F,White,Under 25,0.6460890954635817,1,1
F,White,Under 25,0.7212807468515958,1,1
F,White,Under 25,0.6653476739585819,1,1
F,White,Under 25,0.5489301284756578,0,1
F,White,Under 25,0.5668604259176424,0,1
F,White,Under 25,0.9239450827072538,1,1
F,White,Under 25,0.3127214477465624,0,0
F,White,Under 25,0.4550732270344937,1,0
F,White,Under 25,0.46864695746884744,1,0
F,White,Under 25,0.535930670491188,1,1
F,White,Under 25,0.31309197826195845,0,0
F,White,Under 25,0.5513859632846898,1,1
F,White,Under 25,0.6081270389744802,1,1
F,White,Under 25,0.7250235520945408,1,1
F,White,Under 25,0.6355179151955087,1,1
F,White,Under 25,0.3189399002138168,0,0
F,White,Under 25,0.652319872259912,1,1
F,White,Under 25,0.27357955228778474,0,0
F,White,Under 25,0.6854685831413002,1,1
F,White,Under 25,0.8197934550844439,1,1
F,White,Under 25,0.5932664306019172,0,1
F,White,Under 25,0.26732771921164433,0,0
F,White,Under 25,0.2705537593759349,1,0
F,White,Under 25,0.5548033805620264,1,1
F,White,Under 25,0.5147815895485873,1,1
F,White,Under 25,0.6760783863469709,1,1
F,White,Under 25,0.6514559976403412,1,1
F,White,Under 25,0.5954257028940158,0,1
F,White,Under 25,0.6176882283397284,1,1
F,White,Under 25,0.653250753437213,1,1
F,White,Under 25,0.3495411338171695,0,0
F,White,Under 25,0.2664611653106135,0,0
F,White,Under 25,0.5087206980007166,0,1
F,White,Under 25,0.5601995571322709,0,1
F,White,Under 25,0.45905457046127024,0,0
F,White,Under 25,0.25859232448686154,0,0
F,White,Under 25,0.6780617783474895,1,1
F,White,Under 25,0.32512501518178044,0,0
F,White,Under 25,0.5155649016324909,1,1
F,White,Under 25,0.3266858446751579,0,0
F,White,Under 25,0.6074332941902333,1,1
F,White,Under 25,0.5054214640944102,0,1
F,White,Under 25,0.3585494725304207,0,0
F,White,Under 25,0.6538863390534657,0,1
F,White,Under 25,0.5590406669631991,1,1
F,White,Under 25,0.4716813912868696,1,0
F,White,Under 25,0.6123413068967535,0,1
F,White,Under 25,0.5847133716107441,1,1
F,White,Under 25,0.6336145797219978,1,1
F,White,Under 25,0.4220854782135486,1,0
F,White,Under 25,0.35223289636515676,0,0
F,White,Under 25,0.3799234931221164,0,0
F,White,Under 25,0.6655653629887931,1,1
F,White,Under 25,0.6049295226623452,0,1
F,White,Under 25,0.38176372418081894,0,0
F,White,Under 25,0.8898308692626424,1,1
F,White,Under 25,0.5745191600784176,1,1
F,White,Under 25,0.4629578332084451,1,0
F,White,Under 25,0.6495913561562356,0,1
F,White,Under 25,0.41837067883961593,0,0
F,White,Under 25,0.5347251333121726,1,1
F,White,Under 25,0.7705311578323507,1,1
F,White,Under 25,0.5997660601573813,1,1
F,White,Under 25,0.35259548428532417,0,0
F,White,Under 25,0.5172634219043403,1,1
F,White,Under 25,0.7126171633875795,1,1
F,White,Under 25,0.530498063605844,0,1
F,White,Under 25,0.5011759351962389,1,1
F,White,Under 25,0.6930519123803117,1,1
F,White,Under 25,0.727908806872031,0,1
F,White,Under 25,0.45559803394876847,0,0
F,White,Under 25,0.5744852155592672,1,1
F,White,Under 25,0.7639037481653896,1,1
F,White,Under 25,0.17599196559608274,0,0
F,White,Under 25,0.682448057964345,1,1
F,White,Under 25,0.5971636158139051,0,1
F,White,Under 25,0.5570334645157119,1,1
F,White,Under 25,0.4587043986550192,1,0
F,White,Under 25,0.6394448447389113,1,1
F,White,Under 25,0.8009450720446204,1,1
F,White,Under 25,0.3610953308715977,0,0
F,White,Under 25,0.5171714583873572,1,1
F,White,Under 25,0.47929974170840994,1,0
F,White,Under 25,0.6598680160642757,1,1
F,White,Under 25,0.8201191487104044,1,1
F,White,Under 25,0.6356231084381382,0,1
F,White,Under 25,0.527802297362607,1,1
F,White,Under 25,0.48403718146877966,0,0
F,White,Under 25,0.2764741181242467,0,0
F,White,Under 25,0.7062478905720658,1,1
F,White,Under 25,0.346474531130625,0,0
F,White,Under 25,0.5170401330365616,0,1
F,White,Under 25,0.6793118127948023,0,1
F,White,Under 25,0.6766474866683664,1,1
F,White,Under 25,0.4891457380330015,1,0
F,White,Under 25,0.4979985546653611,1,0
F,White,Under 25,0.5939155384118058,1,1
F,White,Under 25,0.633217595896793,1,1
F,White,Under 25,0.5699390028393416,1,1
F,White,Under 25,0.846112432031374,1,1
F,White,Under 25,0.6456610630001032,1,1
F,White,Under 25,0.5044922890081546,0,1
F,White,Under 25,0.4384195489021491,0,0
F,White,Under 25,0.6738287676430181,1,1
F,White,Under 25,0.6183910038152791,1,1
F,White,Under 25,0.4330581728757949,0,0
F,White,Under 25,0.6133888561122763,1,1
F,White,Under 25,0.4996726146306214,0,0
F,White,Under 25,0.6223912755038551,1,1
F,White,Under 25,0.5863206728818482,1,1
F,White,Under 25,0.34953403444440967,0,0
F,White,Under 25,0.6269129949755226,1,1
F,White,Under 25,0.7305795438272313,1,1
F,White,Under 25,0.4669753138572144,1,0
F,White,Under 25,0.7318580132775134,1,1
F,White,Under 25,0.7997888260019204,1,1
F,White,Under 25,0.6479475022539194,1,1
F,White,Under 25,0.37529514360763205,0,0
F,White,Under 25,0.47196089232601435,0,0
F,White,Under 25,0.510098687288187,0,1
F,White,Under 25,0.7868845884015391,1,1
F,White,Under 25,0.2789276908728109,0,0
F,White,Under 25,0.6040387449104576,1,1
F,White,Under 25,0.6679020956216802,1,1
F,White,Under 25,0.34013915590714366,0,0
F,White,Under 25,0.5576322762254109,0,1
F,White,Under 25,0.3097856838859377,0,0
F,White,Under 25,0.17873244118175294,0,0
F,White,Under 25,0.36968854600715584,0,0
F,White,Under 25,0.4063915777083142,1,0
F,White,Under 25,0.4933311909879321,0,0
F,White,Under 25,0.6914361315464159,1,1
F,White,Under 25,0.9831072232318939,1,1
F,White,Under 25,0.7944682397715439,1,1
F,White,Under 25,0.47736747681063474,1,0
F,White,Under 25,0.3878216582377488,0,0
F,White,Under 25,0.5348531843963968,0,1
F,White,Under 25,0.3974383768676598,0,0
F,White,Under 25,0.5849112701892155,1,1
F,White,Under 25,0.42594651973869824,1,0
F,White,Under 25,0.6559493578442871,1,1
F,White,Under 25,0.48309665399754764,0,0
F,White,Under 25,0.32279318601258755,1,0
F,White,Under 25,0.025433681273454245,0,0
F,White,Under 25,0.4020585054816475,1,0
F,White,Under 25,0.6936937686098682,1,1
F,White,Under 25,0.5102634310863334,0,1
F,White,Under 25,0.6900309706896929,1,1
F,White,Under 25,0.31738860989335027,0,0
F,White,Under 25,0.6640609547276636,1,1
F,White,Under 25,0.47351770665147125,0,0
F,White,Under 25,0.34941327584444926,0,0
F,White,Under 25,0.9156447608878955,1,1
F,White,Under 25,0.7313018030207405,1,1
F,White,Under 25,0.6196409756169928,1,1
F,White,Under 25,0.45908836791958474,1,0
F,White,Under 25,0.5400216911416408,1,1
F,White,Under 25,0.45466077557644685,1,0
F,White,Under 25,0.4105516386735391,0,0
F,White,Under 25,0.4029364064843525,1,0
F,White,Under 25,0.3407469469285604,1,0
F,White,Under 25,0.6524877808373195,1,1
F,White,Under 25,0.5678229687252813,0,1
F,White,Under 25,0.4931782734317271,0,0
F,White,Under 25,0.4380052776969,0,0
F,White,Under 25,0.6609601890409429,1,1
F,White,Under 25,0.5639496837013397,1,1
F,White,Under 25,0.5883450022145235,1,1
F,White,Under 25,0.6316783782148393,1,1
F,White,Under 25,0.3779805959773431,0,0
F,White,Under 25,0.536888191953549,1,1
F,White,Under 25,0.5684481986432572,1,1
F,White,Under 25,0.21729819072718304,0,0
F,White,Under 25,0.2998847965279185,1,0
F,White,Under 25,0.4805317155607671,0,0
F,White,Under 25,0.5826093948057374,0,1
F,White,Under 25,0.642185000004426,0,1
F,White,Under 25,0.5578527918758693,1,1
F,White,Under 25,0.47096253310009945,0,0
F,White,25–44,0.4807490273848908,1,0
F,White,25–44,0.925420548952298,1,1
F,White,25–44,0.517372336375927,0,1
F,White,25–44,0.30708823296425947,0,0
F,White,25–44,0.40477319132932915,0,0
F,White,25–44,0.36448931351545377,0,0
F,White,25–44,0.21925373217327598,0,0
F,White,25–44,0.7427643091506878,1,1
F,White,25–44,0.7433301699438135,1,1
F,White,25–44,0.4140026437642466,0,0
F,White,25–44,0.4989489809690616,0,0
F,White,25–44,0.14385231282691946,0,0
F,White,25–44,0.6994902205862129,1,1
F,White,25–44,0.7790183531528345,1,1
F,White,25–44,0.756933827223922,1,1
F,White,25–44,0.7008037864190969,1,1
F,White,25–44,0.4022192977446587,0,0
F,White,25–44,0.9193405219960684,1,1
F,White,25–44,1.0,1,1
F,White,25–44,0.3960790205159286,0,0
F,White,25–44,0.5134668551344832,0,1
F,White,25–44,0.7351334885045049,1,1
F,White,25–44,0.03592915285104786,0,0
F,White,25–44,0.9133700064769708,1,1
F,White,25–44,0.2412474474860006,0,0
F,White,25–44,0.2300415034401638,0,0
F,White,25–44,0.2704884913131899,0,0
F,White,25–44,0.5536985796012976,0,1
F,White,25–44,0.5460400120247543,0,1
F,White,25–44,0.5618449113623507,1,1
F,White,25–44,0.4694583678524771,1,0
F,White,25–44,0.6374994710691798,1,1
F,White,25–44,0.24506070010653633,0,0
F,White,25–44,0.7704983379580435,1,1
F,White,25–44,0.47574064529114674,0,0
F,White,25–44,0.25279416062792864,0,0
F,White,25–44,0.5795773109261828,1,1
F,White,25–44,0.5093333068215747,0,1
F,White,25–44,0.4673863531687966,0,0
F,White,25–44,0.4958180766737974,0,0
F,White,25–44,0.32096371314178707,0,0
F,White,25–44,0.49115691876453593,0,0
F,White,25–44,0.8496674587254098,1,1
F,White,25–44,0.5456028440282066,0,1
F,White,25–44,0.3788844393366681,0,0
F,White,25–44,0.524848758478883,0,1
F,White,25–44,0.5092262496645141,0,1
F,White,25–44,0.7196850654992856,1,1
F,White,25–44,0.8603925784818003,1,1
F,White,25–44,0.7281507488269355,1,1
F,White,25–44,0.7322207543399338,1,1
F,White,25–44,0.41206712698768494,1,0
F,White,25–44,0.5693972588717444,1,1
F,White,25–44,0.22877424082316603,0,0
F,White,25–44,0.3594311644534729,0,0
F,White,25–44,0.5060087171288981,0,1
F,White,25–44,0.5777713560349087,0,1
F,White,25–44,0.23593016693617266,0,0
F,White,25–44,0.782100144146896,1,1
F,White,25–44,0.42778059520272305,0,0
F,White,25–44,0.864729725216671,1,1
F,White,25–44,0.520544916645736,1,1
F,White,25–44,0.673071729784311,1,1
F,White,25–44,0.26418004200765866,0,0
F,White,25–44,0.2634951262530597,0,0
F,White,25–44,0.5330115065538081,1,1
F,White,25–44,0.2557868184161286,0,0
F,White,25–44,0.7053085014715291,1,1
F,White,25–44,0.41231380882914836,0,0
F,White,25–44,0.4134426878418901,0,0
F,White,25–44,0.4694502014332188,0,0
F,White,25–44,0.21087037925771462,0,0
F,White,25–44,0.7403149393688172,1,1
F,White,25–44,0.30707217763356465,0,0
F,White,25–44,0.6295143033617131,1,1
F,White,25–44,0.5372610780103392,0,1
F,White,25–44,0.42102085389569616,0,0
F,White,25–44,0.44325873002175775,0,0
F,White,25–44,0.25910654179647613,0,0
F,White,25–44,0.6463589586027055,1,1
F,White,25–44,0.5333126894930734,0,1
F,White,25–44,0.5452466048183935,1,1
F,White,25–44,0.20339204406278025,0,0
F,White,25–44,0.810264982293057,1,1
F,White,25–44,0.8195332526245007,1,1
F,White,25–44,0.684551293100188,1,1
F,White,25–44,0.6345974357428431,1,1
F,White,25–44,0.5375509964309136,1,1
F,White,25–44,0.25250467191293985,0,0
F,White,25–44,0.8671442148917583,1,1
F,White,25–44,0.3785901885670674,0,0
F,White,25–44,0.4521679541080178,0,0
F,White,25–44,0.6043057229547467,1,1
F,White,25–44,0.2961216286018234,0,0
F,White,25–44,0.5581702382847206,1,1
F,White,25–44,0.6606069463927211,1,1
F,White,25–44,0.8554621700624955,1,1
F,White,25–44,0.6406351155953104,1,1
F,White,25–44,0.26518408058441056,0,0
F,White,25–44,0.47649547654088453,1,0
F,White,25–44,0.788886606680736,1,1
F,White,25–44,0.2129994088358514,0,0
F,White,25–44,0.29629795960748007,0,0
F,White,25–44,0.5266315144198326,1,1
F,White,25–44,0.6241742158062008,1,1
F,White,25–44,0.6688569659872975,1,1
F,White,25–44,0.7949417485534512,1,1
F,White,25–44,0.42653356608953785,1,0
F,White,25–44,0.4054212436012111,0,0
F,White,25–44,0.869516818563181,1,1
F,White,25–44,0.6979924193760767,1,1
F,White,25–44,0.4119526913024738,0,0
F,White,25–44,0.8913629062782448,1,1
F,White,25–44,0.5818403506122716,1,1
F,White,25–44,0.3113350669692558,0,0
F,White,25–44,0.5750440334651293,0,1
F,White,25–44,0.5513194003277491,0,1
F,White,25–44,0.47869677000546745,0,0
F,White,25–44,0.43388107776689877,0,0
F,White,25–44,0.5105237036390053,1,1
F,White,25–44,0.8269658213697022,1,1
F,White,25–44,0.665592961773566,1,1
F,White,25–44,0.21140200295537026,0,0
F,White,25–44,0.3728782912543871,0,0
F,White,25–44,0.5038649660341179,0,1
F,White,25–44,0.7484389651372575,1,1
F,White,25–44,0.6009417014009945,1,1
F,White,25–44,0.49704187999080196,0,0
F,White,25–44,0.31629169785596184,0,0
F,White,25–44,0.42405847523721124,0,0
F,White,25–44,0.5628469347298618,0,1
F,White,25–44,0.616397436541444,1,1
F,White,25–44,0.7430898489063442,1,1
F,White,25–44,0.2376238631786633,0,0
F,White,25–44,0.2912181890675516,0,0
F,White,25–44,0.5380491882185224,0,1
F,White,25–44,0.4280898325627055,0,0
F,White,25–44,0.7152880880783102,1,1
F,White,25–44,0.4483414058727254,0,0
F,White,25–44,0.7345567444415563,1,1
F,White,25–44,0.3862197614120674,0,0
F,White,25–44,0.6733934317846055,1,1
F,White,25–44,0.8749421429759042,1,1
F,White,25–44,0.6936187874346271,1,1
F,White,25–44,0.3776201193175354,0,0
F,White,25–44,0.42776414669005375,0,0
F,White,25–44,0.3458358525212327,0,0
F,White,25–44,0.5319597361512837,1,1
F,White,25–44,0.8832432844212292,1,1
F,White,25–44,0.8191446493289348,1,1
F,White,25–44,0.13847078304465033,0,0
F,White,25–44,0.3386811080027844,0,0
F,White,25–44,0.24031356081936406,0,0
F,White,25–44,0.33619540232096057,0,0
F,White,25–44,0.30481947885404687,0,0
F,White,25–44,0.12481392658893692,0,0
F,White,25–44,0.6242113086675656,1,1
F,White,25–44,0.630568026449148,1,1
F,White,25–44,0.266064034147494,0,0
F,White,25–44,0.28651300500679655,0,0
F,White,25–44,0.755711684523232,1,1
F,White,25–44,0.7435330022981257,1,1
F,White,25–44,0.6608276807825819,0,1
F,White,25–44,0.9743149501312549,1,1
F,White,25–44,0.7670387332222255,1,1
F,White,25–44,0.5259211975583027,0,1
F,White,25–44,0.6948900616646975,1,1
F,White,25–44,0.44529866328141354,0,0
F,White,25–44,0.6048689535695282,1,1
F,White,25–44,0.7283762785594459,1,1
F,White,25–44,0.7076336017967224,1,1
F,White,25–44,0.6654584828846773,1,1
F,White,25–44,0.69775387048341,1,1
F,White,25–44,0.3559092164442714,0,0
F,White,25–44,0.36128642119671456,0,0
F,White,25–44,0.31242806348984753,0,0
F,White,25–44,0.37193787538679535,0,0
F,White,25–44,0.7070777527155061,1,1
F,White,25–44,0.38873413893819664,0,0
F,White,25–44,0.45335085643853074,0,0
F,White,25–44,0.7227849865280251,1,1
F,White,25–44,0.9603139489148078,1,1
F,White,25–44,0.34165190955755287,0,0
F,White,25–44,0.37941202959700643,0,0
F,White,25–44,0.8964639449330571,1,1
F,White,25–44,0.3986937349025132,0,0
F,White,25–44,0.8093490301780224,1,1
F,White,25–44,0.32662891991897325,0,0
F,White,25–44,0.2736217539139119,0,0
F,White,25–44,0.8527716136877812,1,1
F,White,25–44,0.4756589716303251,0,0
F,White,25–44,0.7819240370583813,1,1
F,White,25–44,0.7107095289343487,1,1
F,White,25–44,0.3204554529860011,0,0
F,White,25–44,0.43714916360657113,0,0
F,White,25–44,0.5971143898804686,1,1
F,White,25–44,0.3569948767048412,0,0
F,White,25–44,0.6892242648340898,1,1
F,White,25–44,0.45227905329392026,0,0
F,White,25–44,0.530953791570248,1,1
F,White,25–44,0.3522742135548625,0,0
F,White,25–44,0.7673475968939452,1,1
F,White,25–44,0.7962356358217842,1,1
F,White,25–44,0.5900772241462042,1,1
F,White,25–44,0.8183397885730956,1,1
F,White,25–44,0.7357289950385618,1,1
F,White,25–44,0.7342083637211894,1,1
F,White,25–44,0.5686408692242992,0,1
F,White,25–44,0.5590656583745525,1,1
F,White,25–44,0.8912915603291461,1,1
F,White,25–44,0.38512139226063263,0,0
F,White,25–44,0.4639225407408365,0,0
F,White,25–44,0.2702590002941042,0,0
F,White,25–44,0.6594818994438878,1,1
F,White,25–44,0.4546193670690192,0,0
F,White,25–44,0.43899396504185967,0,0
F,White,25–44,0.5436801795489247,1,1
F,White,25–44,0.7999973613002809,1,1
F,White,25–44,0.8579832384140715,1,1
F,White,25–44,0.7653161155463747,1,1
F,White,25–44,0.38133015611937415,0,0
F,White,25–44,0.4740699135470483,0,0
F,White,25–44,0.5270582241471209,0,1
F,White,25–44,0.4167799018548725,0,0
F,White,25–44,0.7147751061107438,1,1
F,White,25–44,0.3955189374277033,0,0
F,White,25–44,0.624744511440042,1,1
F,White,25–44,0.2804319280234817,0,0
F,White,25–44,0.8444622325738441,1,1
F,White,25–44,0.3070523752697819,0,0
F,White,25–44,0.6996791249446579,1,1
F,White,25–44,0.4442476394840721,0,0
F,White,25–44,0.7653420062755351,1,1
F,White,25–44,0.6750454865550308,1,1
F,White,25–44,0.5601575568918533,1,1
F,White,25–44,0.5681210819743249,1,1
F,White,25–44,0.6100360451097966,1,1
F,White,25–44,0.7309749383841797,1,1
F,White,25–44,0.5862796527267957,1,1
F,White,25–44,0.46284111174586806,0,0
F,White,25–44,0.8434403013339262,1,1
F,White,25–44,0.6431902992167841,1,1
F,White,25–44,0.5066695417851366,0,1
F,White,25–44,0.6951647969937208,1,1
F,White,25–44,0.621146062206939,1,1
F,White,25–44,0.421854496012742,0,0
F,White,25–44,0.47688128607427105,0,0
F,White,25–44,0.5383079393522147,1,1
F,White,25–44,0.6960213386508851,0,1
F,White,25–44,0.2685062451406381,0,0
F,White,25–44,0.872532449728519,1,1
F,White,25–44,0.40922806539686707,0,0
F,White,25–44,0.4724429619955277,0,0
F,White,25–44,0.714256500055187,1,1
F,White,25–44,0.5661878949531234,0,1
F,White,25–44,0.4476026705419471,0,0
F,White,25–44,0.5151490197344758,1,1
F,White,25–44,0.5224170671602577,0,1
F,White,25–44,0.3279249156637993,0,0
F,White,25–44,0.18666701380292358,0,0
F,White,25–44,0.4591936576639819,0,0
F,White,25–44,0.20816503272059908,0,0
F,White,25–44,0.23683799310266412,0,0
F,White,25–44,0.8168265016123151,1,1
F,White,25–44,0.41107141747915676,0,0
F,White,25–44,0.5982483538780216,1,1
F,White,25–44,0.5017347091367337,0,1
F,White,25–44,0.3107029359108746,0,0
F,White,25–44,1.0,1,1
F,White,25–44,0.7966999501570381,1,1
F,White,25–44,0.9256764005495182,1,1
F,White,25–44,0.5347953160393515,1,1
F,White,25–44,0.9617693762898627,1,1
F,White,25–44,0.6701735174279444,1,1
F,White,25–44,0.6425792404590642,1,1
F,White,25–44,0.6845832759164289,1,1
F,White,25–44,0.539252236164488,0,1
F,White,25–44,0.680018366707416,0,1
F,White,25–44,0.5141629537904022,0,1
F,White,25–44,0.1504712893869386,0,0
F,White,25–44,0.28270692097172884,0,0
F,White,25–44,0.5047370258860534,0,1
F,White,25–44,0.682764989438343,1,1
F,White,25–44,0.5669581482077857,1,1
F,White,25–44,0.39855436758387824,0,0
F,White,25–44,0.8030198576234354,1,1
F,White,25–44,0.48844451027860214,0,0
F,White,25–44,0.5594526831291202,0,1
F,White,25–44,0.7402745471265143,1,1
F,White,25–44,0.38419883275813804,0,0
F,White,25–44,0.6871647210045043,1,1
F,White,25–44,0.447847353963202,1,0
F,White,25–44,0.5603371179303087,0,1
F,White,25–44,0.6758838563054181,1,1
F,White,25–44,0.45285870830946573,1,0
F,White,25–44,0.5982749521001578,0,1
F,White,25–44,0.5593783027691597,1,1
F,White,25–44,0.6029459248511154,1,1
F,White,25–44,0.7696123609557843,1,1
F,White,25–44,0.28323896178338587,0,0
F,White,25–44,0.5801958984908715,0,1
F,White,25–44,0.7537011027677919,1,1
F,White,25–44,0.7652511216151943,1,1
F,White,25–44,0.7743209101347373,1,1
F,White,25–44,0.4219640401401705,0,0
F,White,25–44,0.4623367094189501,1,0
F,White,25–44,0.3794534616731995,0,0
F,White,25–44,0.658279186484088,1,1
F,White,25–44,0.31303736203541943,0,0
F,White,25–44,0.8059112340512146,1,1
F,White,25–44,0.5191196938435115,1,1
F,White,25–44,0.3837153182994212,0,0
F,White,25–44,0.7421883952192213,1,1
F,White,25–44,0.2037318281150957,0,0
F,White,25–44,0.6800219944899962,1,1
F,White,25–44,0.47537931104304454,0,0
F,White,25–44,0.31796687131710843,0,0
F,White,25–44,0.38066319628156847,1,0
F,White,25–44,0.7575042410564958,1,1
F,White,25–44,0.7353637009392935,1,1
F,White,25–44,0.5276113495222904,0,1
F,White,25–44,0.4165838331969264,0,0
F,White,25–44,0.4561994163963838,0,0
F,White,25–44,0.7612527826006766,1,1
F,White,25–44,0.2590834149804008,0,0
F,White,25–44,0.8011286237312715,1,1
F,White,25–44,0.3896470827719524,0,0
F,White,25–44,0.560520380527638,0,1
F,White,25–44,0.5075131415583906,0,1
F,White,25–44,0.558818633422473,1,1
F,White,25–44,0.37058536850020274,0,0
F,White,25–44,0.5474562503845952,0,1
F,White,25–44,0.4692660350064016,1,0
F,White,25–44,0.7464249488891743,1,1
F,White,25–44,0.5393473062176773,0,1
F,White,25–44,0.7588827276495023,1,1
F,White,25–44,0.830042272346915,1,1
F,White,25–44,0.5199284263675975,0,1
F,White,25–44,0.7974526518934478,1,1
F,White,25–44,0.6071256371574986,1,1
F,White,25–44,0.5911327362897099,1,1
F,White,25–44,0.30299758027960283,0,0
F,White,25–44,0.6301653251658615,1,1
F,White,25–44,0.5768467741851074,1,1
F,White,25–44,0.39721279129854015,0,0
F,White,25–44,0.6181090379508483,1,1
F,White,25–44,0.536844987514727,0,1
F,White,25–44,0.4170198592504398,0,0
F,White,25–44,0.8176079191694154,1,1
F,White,25–44,0.8292082530155345,1,1
F,White,25–44,0.3846138941954955,0,0
F,White,25–44,0.3580534681465349,0,0
F,White,25–44,0.26589670079349614,0,0
F,White,25–44,0.24802132955583048,0,0
F,White,25–44,0.47942278488068946,0,0
F,White,25–44,0.8054998872397703,1,1
F,White,25–44,0.5619986184590989,1,1
F,White,25–44,0.7915407913985447,1,1
F,White,25–44,0.5547384144456415,1,1
F,White,25–44,0.3132214503041814,0,0
F,White,25–44,0.42814020697115307,0,0
F,White,25–44,0.5971905793125121,1,1
F,White,25–44,0.6342946015306652,1,1
F,White,25–44,0.37120489113456634,0,0
F,White,25–44,0.8335923386201876,1,1
F,White,25–44,0.7161027199948707,1,1
F,White,25–44,0.5348507576815579,1,1
F,White,25–44,0.3947993449335033,0,0
F,White,25–44,0.6420510658886135,0,1
F,White,25–44,0.5982509809849984,1,1
F,White,25–44,0.2702099511244502,0,0
F,White,25–44,0.42559750681377767,0,0
F,White,25–44,0.3495833055882398,0,0
F,White,25–44,0.39106727499945254,0,0
F,White,25–44,0.7088612349562186,1,1
F,White,25–44,0.3338813287324191,0,0
F,White,25–44,0.5012689340057978,0,1
F,White,25–44,0.3672214820954296,0,0
F,White,25–44,0.44021192174209023,0,0
F,White,25–44,0.772310638425236,1,1
F,White,25–44,0.5758772862904655,1,1
F,White,25–44,0.8897392443255838,1,1
F,White,25–44,0.8041600990532635,1,1
F,White,25–44,0.6790227735077923,1,1
F,White,25–44,0.6240385668741487,1,1
F,White,25–44,0.8580846630040084,1,1
F,White,25–44,0.6772891583678304,1,1
F,White,25–44,0.5160040499572167,0,1
F,White,25–44,0.8618179233187837,1,1
F,White,25–44,0.4960864961982368,1,0
F,White,25–44,0.49116296334135645,0,0
F,White,25–44,0.5033533365583234,0,1
F,White,25–44,0.7206694061403415,1,1
F,White,25–44,0.21635365588065708,0,0
F,White,25–44,0.4973106337487524,1,0
F,White,25–44,0.9800430142452901,1,1
F,White,25–44,0.4819651898168335,0,0
F,White,25–44,0.7743976282510701,1,1
F,White,25–44,0.45293104915115884,0,0
F,White,25–44,0.6242297328386026,1,1
F,White,25–44,0.4512796325872857,0,0
F,White,25–44,0.2094020326235355,0,0
F,White,25–44,0.8774645827913472,1,1
F,White,25–44,0.5572825435371945,1,1
F,White,25–44,0.34635890541977443,0,0
F,White,25–44,0.4045450312662776,0,0
F,White,25–44,0.6357654151788326,1,1
F,White,25–44,0.7987142899669696,1,1
F,White,25–44,0.6613202922406807,1,1
F,White,25–44,0.6000890966087543,1,1
F,White,25–44,0.6904037652593232,1,1
F,White,25–44,0.37840544242030055,0,0
F,White,25–44,0.5719509867701469,1,1
F,White,25–44,0.424322639412033,0,0
F,White,25–44,0.4339212837647073,0,0
F,White,25–44,0.33054333277491804,0,0
F,White,25–44,0.6228042993471242,1,1
F,White,25–44,0.7683612071023277,1,1
F,White,25–44,0.7993841942149424,1,1
F,White,25–44,0.49880005142420936,1,0
F,White,25–44,0.6385923069003775,1,1
F,White,25–44,0.2928283651412523,0,0
F,White,25–44,0.6096086436394006,1,1
F,White,25–44,0.573146045969901,0,1
F,White,25–44,0.6601623325463952,1,1
F,White,25–44,0.5996600465657758,1,1
F,White,25–44,0.41167000998235115,0,0
F,White,25–44,0.5658149387130214,0,1
F,White,25–44,0.7443207088404737,1,1
F,White,25–44,0.4858836785970134,0,0
F,White,25–44,0.2784215466398735,0,0
F,White,25–44,0.8856196938756323,1,1
F,White,25–44,0.2568160417994646,0,0
F,White,25–44,0.558930748412827,0,1
F,White,25–44,0.6008289633079107,0,1
F,White,25–44,0.5115479605945732,1,1
F,White,25–44,0.3807486621252172,0,0
F,White,25–44,0.16711260791231014,0,0
F,White,25–44,0.9293395178935748,1,1
F,White,25–44,0.7514692520310579,1,1
F,White,25–44,0.7487208778864164,1,1
F,White,25–44,0.6415041618403221,1,1
F,White,25–44,0.6536052083700137,1,1
F,White,25–44,0.8415754594974942,1,1
F,White,25–44,0.4284968319007434,0,0
F,White,25–44,0.8462442322939894,1,1
F,White,25–44,0.6823338475784735,1,1
F,White,25–44,0.6566171309912328,0,1
F,White,25–44,0.25476966755842845,0,0
F,White,25–44,0.20923182147018476,0,0
F,White,25–44,0.3726428841486246,0,0
F,White,25–44,0.7441276067163294,1,1
F,White,25–44,0.8153061622067975,1,1
F,White,25–44,0.38824585331721306,0,0
F,White,25–44,0.4909286036264575,0,0
F,White,25–44,0.7348497082248754,1,1
F,White,25–44,0.624172440112292,1,1
F,White,25–44,0.5818470848496397,1,1
F,White,25–44,0.42562174085809845,0,0
F,White,25–44,0.37401637384686265,0,0
F,White,25–44,0.3628880733514429,0,0
F,White,25–44,0.7275420366171881,1,1
F,White,25–44,0.4747368220930874,0,0
F,White,25–44,0.8587439414790213,1,1
F,White,25–44,0.25098618037986953,0,0
F,White,25–44,0.27978314892933553,0,0
F,White,25–44,0.5774888778705766,1,1
F,White,25–44,0.5187534568064943,0,1
F,White,25–44,0.3736405004336862,0,0
F,White,25–44,0.763598446656008,1,1
F,White,25–44,0.7541953545094314,1,1
F,White,25–44,0.3866463975450319,0,0
F,White,25–44,0.5607646649382346,1,1
F,White,25–44,0.42126782787581085,0,0
F,White,25–44,0.5886195755453485,0,1
F,White,25–44,0.6606406139894597,1,1
F,White,25–44,0.6058901278194392,1,1
F,White,25–44,0.5214744359215387,0,1
F,White,25–44,0.4200981613215,0,0
F,White,25–44,0.7557048015644203,1,1
F,White,25–44,0.6421288838150135,0,1
F,White,25–44,0.6938031594302132,1,1
F,White,25–44,0.639372086411996,1,1
F,White,25–44,0.511210816607188,0,1
F,White,25–44,0.696170454301483,1,1
F,White,25–44,0.5857302691770799,1,1
F,White,25–44,0.6460747866111154,1,1
F,White,25–44,0.468130974568867,0,0
F,White,25–44,0.5882094554016031,1,1
F,White,25–44,0.7246961747690078,1,1
F,White,25–44,0.6164749189241628,1,1
F,White,25–44,0.5089051021064502,1,1
F,White,25–44,0.6543082889349907,0,1
F,White,25–44,0.26925272108706877,0,0
F,White,25–44,0.7679638535083502,1,1
F,White,25–44,0.7548756875679339,1,1
F,White,25–44,0.6250644619707006,1,1
F,White,25–44,0.28946228199374835,0,0
F,White,25–44,0.22200389286911676,0,0
F,White,25–44,0.5041229602073846,0,1
F,White,25–44,0.48106111342003244,0,0
F,White,25–44,0.33609916019903463,0,0
F,White,25–44,0.7279518485960887,1,1
F,White,25–44,0.8639251970993032,1,1
F,White,25–44,0.29472719775467227,0,0
F,White,25–44,0.6962742266318747,1,1
F,White,25–44,0.7888898045586894,1,1
F,White,25–44,0.8581306543113317,1,1
F,White,25–44,0.4741436252447259,1,0
F,White,25–44,0.6954549060137971,1,1
F,White,25–44,0.33882506397403506,0,0
F,White,25–44,0.6088946323351434,1,1
F,White,25–44,0.14703243645185193,0,0
F,White,25–44,0.6291654765708183,1,1
F,White,25–44,0.6501258003447976,0,1
F,White,25–44,0.5230510634008616,0,1
F,White,25–44,0.6505028725384895,1,1
F,White,25–44,0.5907586854914912,1,1
F,White,25–44,0.436126844728805,0,0
F,White,25–44,0.4102529327006108,0,0
F,White,25–44,0.7078962882086649,1,1
F,White,25–44,0.3092714722473452,0,0
F,White,25–44,0.5489972031976298,0,1
F,White,25–44,0.8523573741922343,1,1
F,White,25–44,0.5139495202257423,1,1
F,White,25–44,0.3544882647110602,0,0
F,White,25–44,0.5845023030497207,0,1
F,White,25–44,0.31166806248030154,0,0
F,White,25–44,0.39038850625290883,1,0
F,White,25–44,0.5769997357893173,1,1
F,White,25–44,0.3841718008995493,0,0
F,White,25–44,0.405443887113977,0,0
F,White,25–44,0.5910375276229143,0,1
F,White,25–44,0.2539663240112028,0,0
F,White,25–44,0.7876363648322137,1,1
F,White,25–44,0.380996928552497,0,0
F,White,25–44,0.5618844672301357,0,1
F,White,25–44,0.6748597592325575,1,1
F,White,25–44,0.3252431056458993,0,0
F,White,25–44,0.3878860040718627,0,0
F,White,25–44,0.5240088733667885,1,1
F,White,25–44,0.8825374128715775,1,1
F,White,25–44,0.6289622826080193,0,1
F,White,25–44,0.6498872101160797,1,1
F,White,25–44,0.6439968682514917,1,1
F,White,25–44,0.7002165883383742,1,1
F,White,25–44,0.7526118925706224,1,1
F,White,25–44,0.5083141760636536,0,1
F,White,25–44,0.728066214621942,1,1
F,White,25–44,0.2744112903465944,0,0
F,White,25–44,0.6377685131133314,0,1
F,White,25–44,0.3382603858237423,0,0
F,White,25–44,0.6464072413928025,1,1
F,White,25–44,0.4301044331135417,0,0
F,White,25–44,0.5009100078720015,0,1
F,White,25–44,0.6865590066745657,1,1
F,White,25–44,0.6430427823667574,0,1
F,White,25–44,0.4843803861741766,0,0
F,White,25–44,0.16583254037481432,0,0
F,White,25–44,0.37188190551218436,0,0
F,White,25–44,0.17128978840329318,0,0
F,White,25–44,0.5894181478057317,0,1
F,White,25–44,0.431170828610034,0,0
F,White,25–44,0.5343773370034997,0,1
F,White,25–44,0.49696176899587224,0,0
F,White,25–44,0.48113968382918954,0,0
F,White,25–44,0.535730629888579,0,1
F,White,25–44,0.39031572027756956,0,0
F,White,25–44,0.3767289327685135,0,0
F,White,25–44,0.4289067221966094,0,0
F,White,25–44,0.5109011725832074,0,1
F,White,25–44,0.5903996043170144,1,1
F,White,25–44,0.5329394214465686,1,1
F,White,25–44,0.5619573392863044,0,1
F,White,25–44,0.18056919738238794,0,0
F,White,25–44,0.3674266690627145,0,0
F,White,25–44,0.7911849129503514,1,1
F,White,25–44,0.6030296539198323,1,1
F,White,25–44,0.5637498845895899,1,1
F,White,25–44,0.649931454790292,1,1
F,White,25–44,0.5240707600071709,0,1
F,White,25–44,0.20456787989163894,0,0
F,White,25–44,0.7910620728904849,1,1
F,White,25–44,0.6490236029994063,1,1
F,White,25–44,0.452054853053985,0,0
F,White,25–44,0.7240457912763694,1,1
F,White,25–44,0.6263054604765577,1,1
F,White,25–44,0.6949141997682707,1,1
F,White,25–44,0.6915651778799624,1,1
F,White,25–44,0.4053871193615798,0,0
F,White,25–44,0.7965293696068054,1,1
F,White,25–44,0.6020638598660293,1,1
F,White,25–44,0.2509050467643627,0,0
F,White,25–44,0.7818014394250632,1,1
F,White,25–44,0.41504707837338173,0,0
F,White,25–44,0.43634284205988916,0,0
F,White,25–44,0.5019340460978223,0,1
F,White,25–44,0.751045520841195,1,1
F,White,25–44,0.5719005103267578,1,1
F,White,25–44,0.5118162443180203,1,1
F,White,25–44,0.7110314444643211,1,1
F,White,25–44,0.6356039556973108,1,1
F,White,25–44,0.4123365826123046,0,0
F,White,25–44,0.26179517645705475,0,0
F,White,25–44,0.516667806826782,1,1
F,White,25–44,0.6263441827532097,1,1
F,White,25–44,0.4985181407236198,0,0
F,White,25–44,0.5972796138398426,1,1
F,White,25–44,0.9110724537395918,1,1
F,White,25–44,0.5215455815306136,0,1
F,White,25–44,0.8738433748490434,1,1
F,White,25–44,0.6763030137108227,1,1
F,White,25–44,0.5041720851926034,0,1
F,White,25–44,0.8947186522705816,1,1
F,White,25–44,0.7190545802826771,1,1
F,White,25–44,0.7097123780754873,1,1
F,White,25–44,0.9093025750944232,1,1
F,White,25–44,0.702590736354138,1,1
F,White,25–44,0.793230486529559,1,1
F,White,25–44,0.3219082514353695,0,0
F,White,25–44,0.4314837433894304,0,0
F,White,25–44,0.5894286642411113,0,1
F,White,25–44,0.3611253444133459,0,0
F,White,25–44,0.7357594456983966,1,1
F,White,25–44,0.1962691028998438,0,0
F,White,25–44,0.3556667214058948,0,0
F,White,25–44,0.7897126601570372,1,1
F,White,25–44,0.5063072275481832,0,1
F,White,25–44,0.8950893436120735,1,1
F,White,25–44,0.24887125140804595,0,0
F,White,25–44,0.6301776835392957,1,1
F,White,25–44,0.5476145823447296,1,1
F,White,25–44,0.6126267117932256,1,1
F,White,25–44,0.48083009447938097,0,0
F,White,25–44,0.41899791271519,0,0
F,White,25–44,0.44556337883078595,0,0
F,White,25–44,0.5275644185049415,1,1
F,White,25–44,0.6811698176111166,1,1
F,White,25–44,0.7012195111042048,1,1
F,White,25–44,0.44720137652662945,0,0
F,White,25–44,0.9108883579099175,1,1
F,White,25–44,0.4897799304633788,0,0
F,White,25–44,0.7182340246332578,1,1
F,White,25–44,0.4236841813486101,0,0
F,White,25–44,0.4071604497043809,0,0
F,White,25–44,0.11722790107986719,0,0
F,White,25–44,0.383139089611082,0,0
F,White,25–44,0.6091378725689863,1,1
F,White,25–44,0.3523066634298213,0,0
F,White,25–44,0.6480897469475256,1,1
F,White,25–44,0.24527671354444303,0,0
F,White,25–44,0.8363059622285862,1,1
F,White,25–44,0.5605820681922892,0,1
F,White,25–44,0.2597267293662668,0,0
F,White,25–44,0.3644625387736415,0,0
F,White,25–44,0.6099335680675815,1,1
F,White,25–44,0.8012649419627775,1,1
F,White,25–44,0.6719815516112343,1,1
F,White,25–44,0.783137389257309,1,1
F,White,25–44,0.9153026357022529,1,1
F,White,25–44,0.4072032893828346,0,0
F,White,25–44,0.7694179750881112,1,1
F,White,25–44,0.4991000062170866,0,0
F,White,25–44,0.29554897456324036,0,0
F,White,25–44,0.4687655941059399,0,0
F,White,25–44,0.4069775322090138,0,0
F,White,25–44,0.34532666878901364,1,0
F,White,25–44,0.718837969235023,1,1
F,White,25–44,0.8751725078430328,1,1
F,White,25–44,0.7523413853395698,1,1
F,White,25–44,0.5007922666902596,1,1
F,White,25–44,0.5971707868464455,1,1
F,White,25–44,0.6321431416319034,1,1
F,White,25–44,0.33141411275652966,0,0
F,White,25–44,0.32924276548436804,0,0
F,White,25–44,0.4867367291008548,0,0
F,White,25–44,0.7093985709816436,1,1
F,White,25–44,0.3210630789590164,0,0
F,White,25–44,0.530143551850385,1,1
F,White,25–44,0.5203262372673193,0,1
F,White,25–44,0.3115944512462935,0,0
F,White,25–44,0.3479488124104469,0,0
F,White,25–44,0.4860603300170226,1,0
F,White,25–44,0.8810572171284787,1,1
F,White,25–44,0.5850443291351649,1,1
F,White,25–44,0.5649464770184849,1,1
F,White,25–44,0.9712886010065667,1,1
F,White,25–44,0.3777784866612448,0,0
F,White,25–44,0.7605951652684387,1,1
F,White,25–44,0.48822448860270434,1,0
F,White,25–44,0.43279013212151446,0,0
F,White,25–44,0.5187622304169803,1,1
F,White,25–44,0.6144112389149307,0,1
F,White,25–44,0.5625953123705988,1,1
F,White,25–44,0.6912495946054426,1,1
F,White,25–44,0.8691406468264831,1,1
F,White,25–44,0.46206492335632127,0,0
F,White,25–44,0.28164716206840285,0,0
F,White,25–44,0.32865197671938623,0,0
F,White,25–44,0.45415291246146094,0,0
F,White,25–44,0.5414726590543977,0,1
F,White,25–44,0.3054831287695686,0,0
F,White,25–44,0.5816289901765044,1,1
F,White,25–44,0.10340625315348184,0,0
F,White,25–44,0.654597386511932,1,1
F,White,25–44,0.5572042113482145,0,1
F,White,25–44,0.841855248702335,1,1
F,White,25–44,0.441665871475301,0,0
F,White,25–44,0.5702882604759218,1,1
F,White,25–44,0.6291635672223624,1,1
F,White,25–44,0.4747968085665607,0,0
F,White,25–44,0.7659345672025301,1,1
F,White,25–44,0.3457517350620936,0,0
F,White,25–44,0.39908380896151335,1,0
F,White,25–44,0.2062291527950214,0,0
F,White,25–44,0.135049945348587,0,0
F,White,25–44,0.7487759966431967,1,1
F,White,25–44,0.5081206058156144,0,1
F,White,25–44,0.6594249552718043,1,1
F,White,25–44,0.30498956310830905,0,0
F,White,25–44,0.7648934741514373,1,1
F,White,25–44,0.600229767474756,1,1
F,White,25–44,0.762193770938877,1,1
F,White,25–44,0.38023903045999263,0,0
F,White,25–44,0.8588076000351318,1,1
F,White,25–44,0.6319219901354829,1,1
F,White,25–44,0.7041773713613513,1,1
F,White,25–44,0.8060256444276128,1,1
F,White,25–44,0.7487344373765408,1,1
F,White,25–44,0.44877006584763723,0,0
F,White,25–44,0.5666125846061906,0,1
F,White,25–44,0.33886177026147424,0,0
F,White,25–44,0.7192729043248152,1,1
F,White,25–44,0.582612041014963,1,1
F,White,25–44,0.34240739747961607,0,0
F,White,25–44,0.47102989791818034,0,0
F,White,25–44,0.3594507482221317,0,0
F,White,25–44,0.777086740362416,1,1
F,White,25–44,0.5893227770966589,1,1
F,White,25–44,0.28766590468903663,0,0
F,White,25–44,0.47856103010240925,0,0
F,White,25–44,0.9297626811046276,1,1
F,White,25–44,0.6053588088311443,1,1
F,White,25–44,0.8266443918527114,1,1
F,White,25–44,0.7393720566316976,1,1
F,White,25–44,0.84443095328501,1,1
F,White,25–44,0.4698355069319406,0,0
F,White,25–44,0.696472556525412,1,1
F,White,25–44,0.5551231273175483,0,1
F,White,25–44,0.9273827137610882,1,1
F,White,25–44,0.5712160452094791,1,1
F,White,25–44,0.34229989233297003,0,0
F,White,25–44,0.32944300432969587,0,0
F,White,25–44,0.36403552209953116,0,0
F,White,25–44,0.5325609209330974,0,1
F,White,25–44,0.9063387617649988,1,1
F,White,25–44,0.6686077123982922,0,1
F,White,25–44,0.49151329805667454,0,0
F,White,25–44,0.2586716526070769,0,0
F,White,25–44,0.7080461328021964,1,1
F,White,25–44,0.8808934529260362,1,1
F,White,25–44,0.4313604406761726,0,0
F,White,25–44,0.5871746921868023,1,1
F,White,25–44,0.7278845568588003,1,1
F,White,25–44,0.23709926291992042,0,0
F,White,25–44,0.7650394718615551,1,1
F,White,25–44,0.6313587604530089,1,1
F,White,25–44,0.4074180481810138,0,0
F,White,25–44,0.7454708977745358,1,1
F,White,25–44,0.32171107979159336,0,0
F,White,25–44,0.7479576673585514,1,1
F,White,25–44,0.32159456388672697,0,0
F,White,25–44,0.6243374539475334,0,1
F,White,25–44,0.723378111090469,1,1
F,White,25–44,0.263295166821112,0,0
F,White,25–44,0.511959094074834,0,1
F,White,25–44,0.6765471930971825,1,1
F,White,25–44,0.29943898027488836,0,0
F,White,25–44,0.6046435847874966,1,1
F,White,25–44,0.7707495396802455,1,1
F,White,25–44,0.26445074956469594,0,0
F,White,25–44,0.7112244198613116,1,1
F,White,25–44,0.5207860185840139,1,1
F,White,25–44,0.46412292893425,0,0
F,White,25–44,0.449509449297009,0,0
F,White,25–44,0.24223798255773227,0,0
F,White,25–44,0.5449450481839524,1,1
F,White,25–44,0.8722389127384889,1,1
F,White,25–44,0.6038826793706917,0,1
F,White,25–44,0.5413178530101684,0,1
F,White,25–44,0.6516358970985513,1,1
F,White,25–44,0.6327012203440117,1,1
F,White,25–44,0.6419795374006121,1,1
F,White,25–44,0.8023015930140279,1,1
F,White,25–44,0.48267781649959374,0,0
F,White,25–44,0.7792846022702997,1,1
F,White,25–44,0.3291275059136648,0,0
F,White,25–44,0.6289992028339573,1,1
F,White,25–44,0.8245980028208272,1,1
F,White,25–44,0.2809350368975051,0,0
F,White,25–44,0.23750638384643064,0,0
F,White,25–44,0.3680108765049474,0,0
F,White,25–44,0.44788264105260417,0,0
F,White,25–44,0.7015987615854702,1,1
F,White,25–44,0.6652089648789187,1,1
F,White,25–44,0.5886734001751214,1,1
F,White,25–44,0.3719430152529646,0,0
F,White,25–44,0.32379143740703553,0,0
F,White,25–44,0.41590240443943555,0,0
F,White,25–44,0.255381846658573,0,0
F,White,25–44,0.44189876922585525,1,0
F,White,25–44,0.8405424928172001,1,1
F,White,25–44,0.39538601734010675,0,0
F,White,25–44,0.8392502731319442,1,1
F,White,25–44,0.5024214162115368,1,1
F,White,25–44,0.6599753131274051,1,1
F,White,25–44,0.24169704513080636,0,0
F,White,25–44,0.7894205928192821,1,1
F,White,25–44,0.7477189621546338,1,1
F,White,25–44,0.35147454912027676,0,0
F,White,25–44,0.2309637314350345,0,0
F,White,25–44,0.25409549617800553,0,0
F,White,25–44,0.7941061702707952,1,1
F,White,25–44,0.7758032800927583,1,1
F,White,25–44,0.7867030603279234,1,1
F,White,25–44,0.2315442082601999,0,0
F,White,25–44,0.7617846416230494,1,1
F,White,25–44,0.605609463581679,1,1
F,White,25–44,0.7407687511911543,1,1
F,White,25–44,0.5131677413878233,0,1
F,White,25–44,0.4793013077068089,0,0
F,White,25–44,0.20521980870556508,0,0
F,White,25–44,0.8401388532007832,1,1
F,White,25–44,0.25436260315844916,0,0
F,White,25–44,0.5901240134496337,1,1
F,White,25–44,0.5388740544283387,0,1
F,White,25–44,0.6031164041080064,1,1
F,White,25–44,0.22383402821940634,0,0
F,White,25–44,0.303780446970695,0,0
F,White,25–44,0.6197515751424623,1,1
F,White,25–44,0.34364953617530464,0,0
F,White,25–44,0.7299738554963289,1,1
F,White,25–44,0.5234307544969616,1,1
F,White,25–44,0.6163282192382792,1,1
F,White,25–44,0.9061104429896103,1,1
F,White,25–44,0.8527868850257339,1,1
F,White,25–44,0.6283732059374235,1,1
F,White,25–44,0.5956291333266159,1,1
F,White,25–44,0.42075676101210535,0,0
F,White,25–44,0.37232019271150424,0,0
F,White,25–44,0.7463402352701919,1,1
F,White,25–44,0.6173928632446191,1,1
F,White,25–44,0.7752994271851366,1,1
F,White,25–44,0.5402488599907203,0,1
F,White,25–44,0.5747428205187184,1,1
F,White,25–44,0.6282806943276276,1,1
F,White,25–44,0.6092285397962403,1,1
F,White,25–44,0.4364616678372779,0,0
F,White,25–44,0.8096922984446158,1,1
F,White,25–44,0.4426017465798728,0,0
F,White,25–44,0.4028119235576671,0,0
F,White,25–44,0.11874627524543085,0,0
F,White,25–44,0.6658739179097801,0,1
F,White,25–44,0.5161240648177533,0,1
F,White,25–44,0.24736591437317257,0,0
F,White,25–44,0.5168769524114994,0,1
F,White,25–44,0.6586381961100578,0,1
F,White,25–44,0.6110985540230636,0,1
F,White,25–44,0.40098781961486624,0,0
F,White,25–44,0.26377709436397995,0,0
F,White,25–44,0.7240700789049959,1,1
F,White,25–44,0.6041318556469085,1,1
F,White,25–44,0.27234834340857117,0,0
F,White,25–44,0.6039954590238309,1,1
F,White,25–44,0.38260685161224023,0,0
F,White,25–44,0.8230859942842189,1,1
F,White,25–44,0.7360785419752556,1,1
F,White,25–44,0.603264020196389,1,1
F,White,25–44,0.7556524946336142,1,1
F,White,25–44,0.28519331842298945,0,0
F,White,25–44,0.7210288334708008,1,1
F,White,25–44,0.7100056202333699,1,1
F,White,25–44,0.8232590979956502,1,1
F,White,25–44,0.17832366834396884,0,0
F,White,25–44,0.5206893579477445,1,1
F,White,25–44,0.859027946372396,1,1
F,White,25–44,0.4024700502880501,0,0
F,White,25–44,0.4988249444594711,1,0
F,White,25–44,0.39052690438723847,1,0
F,White,25–44,0.41621777282532774,0,0
F,White,25–44,0.23635310569928356,0,0
F,White,25–44,0.4828146618587532,0,0
F,White,25–44,0.6124444009218609,1,1
F,White,25–44,0.5311708249829697,0,1
F,White,25–44,0.871593499211092,1,1
F,White,25–44,0.4032309415269335,0,0
F,White,25–44,0.6601463930433824,1,1
F,White,25–44,0.5941110712298051,1,1
F,White,25–44,0.3555863124023462,0,0
F,White,25–44,0.5779456338510469,1,1
F,White,25–44,0.7969388817508911,1,1
F,White,25–44,0.4766989734912941,0,0
F,White,25–44,0.38555998321908924,0,0
F,White,25–44,0.4350506145842657,0,0
F,White,25–44,0.17085720917426364,0,0
F,White,25–44,0.7511086487598935,1,1
F,White,25–44,0.7832402505194284,1,1
F,White,25–44,0.001067904933569952,0,0
F,White,25–44,0.8648719996385388,1,1
F,White,25–44,0.4178437866100905,0,0
F,White,25–44,0.5268878622228382,0,1
F,White,25–44,0.2960938584904689,0,0
F,White,25–44,0.61287680711442,1,1
F,White,25–44,0.3547090864472937,0,0
F,White,25–44,0.8104467711250394,1,1
F,White,25–44,0.8071556605348827,1,1
F,White,25–44,0.6577070946577922,1,1
F,White,25–44,0.6826595916066861,1,1
F,White,25–44,0.40174290903168264,0,0
F,White,25–44,0.24851424712958328,0,0
F,White,25–44,0.5267889355599472,0,1
F,White,25–44,0.3934652462724207,0,0
F,White,25–44,0.39182282525092227,0,0
F,White,25–44,0.6866147453130783,1,1
F,White,25–44,0.522060725394443,1,1
F,White,25–44,0.6292910216397802,1,1
F,White,25–44,0.25793526246096876,0,0
F,White,25–44,0.6277281997271041,1,1
F,White,25–44,0.3823632437391591,0,0
F,White,25–44,0.759422091357069,1,1
F,White,25–44,0.25657405242795095,0,0
F,White,25–44,0.4074233298557132,0,0
F,White,25–44,0.4382985291440677,0,0
F,White,25–44,0.31605854464085675,0,0
F,White,25–44,0.37297448460870114,0,0
F,White,25–44,0.336991015380161,0,0
F,White,25–44,0.6504081929029877,1,1
F,White,25–44,0.3226313765524845,0,0
F,White,25–44,0.35639115449635705,0,0
F,White,25–44,0.36088815485195164,0,0
F,White,25–44,0.5833106331091522,1,1
F,White,25–44,0.3613605358932208,0,0
F,White,25–44,0.33906303882998895,0,0
F,White,25–44,0.6528336130653445,1,1
F,White,25–44,0.5777892621989646,0,1
F,White,25–44,0.592601153287404,1,1
F,White,25–44,0.6711855640331854,1,1
F,White,25–44,0.49665327770368517,0,0
F,White,25–44,0.6434820316316533,1,1
F,White,25–44,0.6862164161754293,1,1
F,White,45–64,0.7840273232556005,1,1
F,White,45–64,0.6232591346801262,0,1
F,White,45–64,0.372900275019685,0,0
F,White,45–64,0.7217990468285395,1,1
F,White,45–64,0.41180941135943494,0,0
F,White,45–64,0.7308775902476261,1,1
F,White,45–64,0.33622530049272664,0,0
F,White,45–64,0.8140754639901147,1,1
F,White,45–64,0.4057736584821342,0,0
F,White,45–64,0.395820495387286,0,0
F,White,45–64,0.18951278554662643,0,0
F,White,45–64,0.6704163415744463,1,1
F,White,45–64,0.6381118175856911,1,1
F,White,45–64,0.6397824483151102,0,1
F,White,45–64,0.7481289795700522,1,1
F,White,45–64,0.8727111116158621,1,1
F,White,45–64,0.3754929437477597,0,0
F,White,45–64,0.2967386486532953,0,0
F,White,45–64,0.6206893486032209,1,1
F,White,45–64,0.4222003872447273,0,0
F,White,45–64,0.7098751353359426,1,1
F,White,45–64,0.5814874375670331,1,1
F,White,45–64,0.892757594315577,1,1
F,White,45–64,0.2503819792148647,0,0
F,White,45–64,0.3981911442744091,0,0
F,White,45–64,0.26288173486177974,0,0
F,White,45–64,0.8912612072200601,1,1
F,White,45–64,0.5917170258938433,1,1
F,White,45–64,0.27209441746459223,0,0
F,White,45–64,0.7042347037822847,1,1
F,White,45–64,0.5564141193950175,0,1
F,White,45–64,0.7277288127985443,1,1
F,White,45–64,0.42547827976641417,0,0
F,White,45–64,0.7650475551695097,1,1
F,White,45–64,0.4158435503100678,0,0
F,White,45–64,0.6282310607558497,1,1
F,White,45–64,0.19048479549175468,0,0
F,White,45–64,0.4314349311236751,0,0
F,White,45–64,0.2762810916948855,0,0
F,White,45–64,0.3910304894295041,0,0
F,White,45–64,0.6018819886960644,1,1
F,White,45–64,0.7722752680235854,1,1
F,White,45–64,0.7937449596820818,1,1
F,White,45–64,0.6737349576122801,1,1
F,White,45–64,0.6207578191705526,1,1
F,White,45–64,0.6577158772514949,1,1
F,White,45–64,0.7831044846023225,1,1
F,White,45–64,0.13435606251976356,0,0
F,White,45–64,0.5894769202661019,1,1
F,White,45–64,0.5059211150627346,0,1
F,White,45–64,0.7309940163326121,1,1
F,White,45–64,0.47421361727462463,0,0
F,White,45–64,0.8457504308594535,1,1
F,White,45–64,0.4328267205678144,0,0
F,White,45–64,0.5500874272582998,0,1
F,White,45–64,0.7780513429693112,1,1
F,White,45–64,0.7144521721707445,1,1
F,White,45–64,0.7847353035058617,1,1
F,White,45–64,0.8698340927811763,1,1
F,White,45–64,0.7182112755953074,1,1
F,White,45–64,0.719644414005007,1,1
F,White,45–64,0.28042362801693826,0,0
F,White,45–64,0.35294259155927465,0,0
F,White,45–64,0.498424345457517,0,0
F,White,45–64,0.5452494717929024,0,1
F,White,45–64,0.8446641726524926,1,1
F,White,45–64,0.3851952754828009,0,0
F,White,45–64,0.6783449475514209,1,1
F,White,45–64,0.7940528703169246,1,1
F,White,45–64,0.7450687871410171,1,1
F,White,45–64,0.7509636266282251,1,1
F,White,45–64,0.571038449519505,0,1
F,White,45–64,0.7959429010446718,1,1
F,White,45–64,0.8219271428189443,1,1
F,White,45–64,0.7854178353916741,1,1
F,White,45–64,0.3623231562025902,0,0
F,White,45–64,0.7883935314971341,1,1
F,White,45–64,0.563174065492979,1,1
F,White,45–64,0.6988838520138333,1,1
F,White,45–64,0.7645085127289082,1,1
F,White,45–64,0.6155793298277281,1,1
F,White,45–64,0.5205442340153383,0,1
F,White,45–64,0.24605064784498948,0,0
F,White,45–64,0.92408742554918,1,1
F,White,45–64,0.6949811321899775,1,1
F,White,45–64,0.7739101733621975,1,1
F,White,45–64,0.8096408559309936,1,1
F,White,45–64,0.7981832104560008,1,1
F,White,45–64,0.6665934844283509,1,1
F,White,45–64,0.7083835546016067,1,1
F,White,45–64,0.5449168282468303,1,1
F,White,45–64,0.5474239383553317,1,1
F,White,45–64,0.4921231441125053,0,0
F,White,45–64,0.16151263328198626,0,0
F,White,45–64,0.47275322364969274,0,0
F,White,45–64,0.7548071154802978,1,1
F,White,45–64,0.840460254739952,1,1
F,White,45–64,0.4812302024725294,0,0
F,White,45–64,0.369808584579181,0,0
F,White,45–64,0.7227370085413852,1,1
F,White,45–64,0.354611431407592,0,0
F,White,45–64,0.5624289957590705,1,1
F,White,45–64,0.36625519762554143,0,0
F,White,45–64,0.5862990161091192,1,1
F,White,45–64,0.6574582973593436,1,1
F,White,45–64,0.4201418030344782,0,0
F,White,45–64,0.28613545655110706,0,0
F,White,45–64,0.61835256345316,1,1
F,White,45–64,0.3096499608549918,0,0
F,White,45–64,0.7635252157976835,1,1
F,White,45–64,0.7117141372175636,1,1
F,White,45–64,0.3308458415363127,0,0
F,White,45–64,0.7996884043258208,1,1
F,White,45–64,0.8075832385272781,1,1
F,White,45–64,0.20795302941484045,0,0
F,White,45–64,0.1983766846865202,0,0
F,White,45–64,0.6901545613145066,1,1
F,White,45–64,0.4736840536146383,0,0
F,White,45–64,0.6174602086641107,1,1
F,White,45–64,0.13786484234453997,0,0
F,White,45–64,0.4280041227936879,0,0
F,White,45–64,0.8551513485864636,1,1
F,White,45–64,0.31127716293408786,0,0
F,White,45–64,0.5900041170556026,1,1
F,White,45–64,0.7858063738943953,1,1
F,White,45–64,0.751104162455114,1,1
F,White,45–64,0.7420364185696319,1,1
F,White,45–64,0.7784853444136294,1,1
F,White,45–64,0.05097023699959602,0,0
F,White,45–64,0.5248682094015688,0,1
F,White,45–64,0.7652521828254994,1,1
F,White,45–64,0.7197079205809691,1,1
F,White,45–64,0.3519774717833541,0,0
F,White,45–64,0.453394653962927,0,0
F,White,45–64,0.43291895962602267,0,0
F,White,45–64,0.6712697016668875,1,1
F,White,45–64,0.43893680273631125,0,0
F,White,45–64,0.6309516491943961,1,1
F,White,45–64,0.3279833992592337,0,0
F,White,45–64,0.37745467045025094,0,0
F,White,45–64,0.7049049263573399,1,1
F,White,45–64,0.4200949808666874,0,0
F,White,45–64,0.43300445817764815,0,0
F,White,45–64,0.9422212490269226,1,1
F,White,45–64,0.7172155820937511,1,1
F,White,45–64,0.530218370197085,0,1
F,White,45–64,0.39391383686784476,0,0
F,White,45–64,0.45000290070847393,0,0
F,White,45–64,0.8592333944594592,1,1
F,White,45–64,0.4025253829389121,0,0
F,White,45–64,0.5098909540885866,0,1
F,White,45–64,0.7107057919103532,1,1
F,White,45–64,0.6725446869816274,1,1
F,White,45–64,1.0,1,1
F,White,45–64,0.3577865847078972,0,0
F,White,45–64,0.3984302264252476,0,0
F,White,45–64,0.1742693419788993,0,0
F,White,45–64,0.8576184102111895,1,1
F,White,45–64,0.7273353173889807,1,1
F,White,45–64,0.7327278171760445,1,1
F,White,45–64,0.8712009265274719,1,1
F,White,45–64,0.9493821969200744,1,1
F,White,45–64,0.7167096207250317,1,1
F,White,45–64,0.8093109054409144,1,1
F,White,45–64,0.8736961000410817,1,1
F,White,45–64,0.654184769135481,1,1
F,White,45–64,0.5116841623731826,0,1
F,White,45–64,0.8494515372499563,1,1
F,White,45–64,0.45927421980789274,0,0
F,White,45–64,0.3673081592933221,0,0
F,White,45–64,0.5388267414279644,1,1
F,White,45–64,0.5657529078239579,1,1
F,White,45–64,0.2844467413846082,0,0
F,White,45–64,0.7082300712168497,1,1
F,White,45–64,0.7330153866499413,1,1
F,White,45–64,0.6620103002427233,1,1
F,White,45–64,0.7684325575509783,1,1
F,White,45–64,0.6689458868035256,1,1
F,White,45–64,0.5346314862236967,0,1
F,White,45–64,0.7780868708114542,1,1
F,White,45–64,0.7848637757366075,1,1
F,White,45–64,0.6837167336691334,1,1
F,White,45–64,0.6006953688667793,1,1
F,White,45–64,0.5625049133535318,1,1
F,White,45–64,0.6365537224283782,1,1
F,White,45–64,0.47827218935228216,0,0
F,White,45–64,0.3884354233717481,0,0
F,White,45–64,0.31987390029014234,0,0
F,White,45–64,0.45451447051716487,0,0
F,White,45–64,0.7032039961208131,1,1
F,White,45–64,0.3480107255968549,0,0
F,White,45–64,0.3306014729263651,0,0
F,White,45–64,0.28009745509135753,0,0
F,White,45–64,0.7906060734807996,1,1
F,White,45–64,0.9341055408506139,1,1
F,White,45–64,0.6838033638934718,1,1
F,White,45–64,0.663350109613134,0,1
F,White,45–64,0.6853944358594276,1,1
F,White,45–64,0.3750137981651114,0,0
F,White,45–64,0.6042237621794475,1,1
F,White,45–64,0.6951751676238311,1,1
F,White,45–64,0.6902170117579556,1,1
F,White,45–64,0.3664398039791385,0,0
F,White,45–64,0.6416468121838774,1,1
F,White,45–64,0.4085749844217059,1,0
F,White,45–64,0.2031395869553806,0,0
F,White,45–64,0.8203962121303556,1,1
F,White,45–64,1.0,1,1
F,White,45–64,0.8397657966682898,1,1
F,White,45–64,0.39547679040130657,0,0
F,White,45–64,0.35367001770092393,0,0
F,White,45–64,0.3510620591714236,0,0
F,White,45–64,0.48589581047029035,0,0
F,White,45–64,1.0,1,1
F,White,45–64,0.6992143033511952,1,1
F,White,45–64,0.27836198437973675,0,0
F,White,45–64,0.3299430422040235,0,0
F,White,45–64,0.8992869998264836,1,1
F,White,45–64,0.3463197638750408,0,0
F,White,45–64,0.8086447272504513,1,1
F,White,45–64,0.14909760610332995,0,0
F,White,45–64,0.527440549186263,1,1
F,White,45–64,0.4786125146117415,0,0
F,White,45–64,0.2292539109765533,0,0
F,White,45–64,0.7670828025697182,1,1
F,White,45–64,0.39455060843830847,0,0
F,White,45–64,0.862338868702108,1,1
F,White,45–64,0.3893214606555981,0,0
F,White,45–64,0.8351932645306525,1,1
F,White,45–64,0.7139017784529362,0,1
F,White,45–64,0.39748609032481597,0,0
F,White,45–64,0.4379660583405754,0,0
F,White,45–64,0.14405653266615503,0,0
F,White,45–64,0.6129983386921375,1,1
F,White,45–64,0.6488509000691207,1,1
F,White,45–64,0.897090530525845,1,1
F,White,45–64,0.7032971246733664,1,1
F,White,45–64,0.7504099075497604,1,1
F,White,45–64,0.36376919592507473,0,0
F,White,45–64,0.8312942086546719,1,1
F,White,45–64,0.5339302308028532,0,1
F,White,45–64,0.42255627385574684,0,0
F,White,45–64,0.6902503379488975,1,1
F,White,45–64,0.8407972945836047,1,1
F,White,45–64,0.739680872944839,1,1
F,White,45–64,0.4475527973408686,0,0
F,White,45–64,0.3157529212073058,0,0
F,White,45–64,0.40045084443881107,0,0
F,White,45–64,0.8025600897109604,1,1
F,White,45–64,0.7361177940293311,1,1
F,White,45–64,0.6721078694404448,1,1
F,White,45–64,0.8222941687941157,1,1
F,White,45–64,0.5828547311596397,1,1
F,White,45–64,0.6081723884386505,1,1
F,White,45–64,0.34379217477014784,0,0
F,White,45–64,0.6323398581122099,1,1
F,White,45–64,0.872671591263978,1,1
F,White,45–64,0.17287593502164508,0,0
F,White,45–64,0.33944938896157834,0,0
F,White,45–64,0.5505154979339724,0,1
F,White,45–64,0.5092998582451903,0,1
F,White,45–64,0.7567627888356111,1,1
F,White,45–64,0.9018968865067015,1,1
F,White,45–64,0.6974946797619316,1,1
F,White,45–64,0.8181838448807478,1,1
F,White,45–64,0.4549171634166065,0,0
F,White,45–64,0.5103213575424805,0,1
F,White,45–64,0.36042301226780094,0,0
F,White,45–64,0.7070432425340898,1,1
F,White,45–64,0.5153292866099148,1,1
F,White,45–64,0.7316957941793708,1,1
F,White,45–64,0.24568780524154557,0,0
F,White,45–64,0.4144593297715467,0,0
F,White,45–64,0.5213852105898238,0,1
F,White,45–64,0.3563321228711617,0,0
F,White,45–64,0.6842652674307451,1,1
F,White,45–64,0.8172716089158955,1,1
F,White,45–64,0.6326179918523825,1,1
F,White,45–64,0.355777484047773,0,0
F,White,45–64,0.7955374796638774,1,1
F,White,45–64,0.7338834997963088,1,1
F,White,45–64,0.7598496698788508,1,1
F,White,45–64,0.7151820388395952,1,1
F,White,45–64,0.5163480247893192,0,1
F,White,45–64,0.6687508318955033,1,1
F,White,45–64,0.4141834704884602,0,0
F,White,45–64,0.5842521097401034,0,1
F,White,45–64,0.2753632301728377,0,0
F,White,45–64,0.8231008889912534,1,1
F,White,45–64,0.3899269735376936,0,0
F,White,45–64,0.3207866576959081,0,0
F,White,45–64,0.7005106589888015,1,1
F,White,45–64,0.6386268820128271,1,1
F,White,45–64,0.5332130157283029,0,1
F,White,45–64,0.22283326316728524,0,0
F,White,45–64,0.9375101003237027,1,1
F,White,45–64,0.634430112246078,1,1
F,White,45–64,0.33427129913953235,0,0
F,White,45–64,0.81867689116024,1,1
F,White,45–64,0.3501077647976568,0,0
F,White,45–64,0.19413893610517036,0,0
F,White,45–64,0.5481415021600409,1,1
F,White,45–64,0.9862718105728758,1,1
F,White,45–64,0.9279557211655808,1,1
F,White,45–64,0.6688662552785325,1,1
F,White,45–64,0.7778090727694186,1,1
F,White,45–64,0.47272300000878964,0,0
F,White,45–64,0.2138305868095035,0,0
F,White,45–64,0.677428945641478,1,1
F,White,45–64,0.33085043203184616,0,0
F,White,45–64,0.36969994709220655,0,0
F,White,45–64,0.7275975150096262,1,1
F,White,45–64,0.50632215002863,1,1
F,White,45–64,0.42504523921052156,1,0
F,White,45–64,0.7409206839394803,1,1
F,White,45–64,0.37872084457795524,0,0
F,White,45–64,0.7079591089220473,1,1
F,White,45–64,0.7499719351697759,1,1
F,White,45–64,0.28773324920100374,0,0
F,White,45–64,0.6198069346586602,1,1
F,White,45–64,0.5275179426361541,1,1
F,White,45–64,0.3773182388213526,0,0
F,White,45–64,0.27817607278629286,0,0
F,White,45–64,0.6538166330548759,1,1
F,White,45–64,0.4208950058040174,0,0
F,White,45–64,0.5142384338603068,1,1
F,White,45–64,0.24267906247088583,0,0
F,White,45–64,0.6724272508431226,1,1
F,White,45–64,0.5508081761558923,0,1
F,White,45–64,0.8742561335162208,1,1
F,White,45–64,0.7574572458655556,1,1
F,White,45–64,0.7714844713952157,1,1
F,White,45–64,0.3046643748607145,0,0
F,White,45–64,0.36686783351932895,0,0
F,White,45–64,0.4193606256978302,0,0
F,White,45–64,0.6734164131353705,1,1
F,White,45–64,0.40031940481301104,0,0
F,White,45–64,0.3346765620227861,0,0
F,White,45–64,0.7186731525632812,1,1
F,White,45–64,0.25461282160980186,0,0
F,White,45–64,0.6228972616394595,1,1
F,White,45–64,0.3124093565983164,0,0
F,White,45–64,0.540197735394401,1,1
F,White,45–64,0.5491570171892505,0,1
F,White,45–64,0.8197888682976128,1,1
F,White,45–64,0.8042399411585889,1,1
F,White,45–64,0.6513366259220573,1,1
F,White,45–64,0.5244156514716194,0,1
F,White,45–64,0.44924637574049386,0,0
F,White,45–64,0.7541498279615423,1,1
F,White,45–64,0.6721157433831473,1,1
F,White,45–64,0.45568717697665345,0,0
F,White,45–64,0.7719671720412963,1,1
F,White,45–64,0.4506481797160593,0,0
F,White,45–64,0.33752632508763203,0,0
F,White,45–64,0.4674110268742277,1,0
F,White,45–64,0.5386057452190586,1,1
F,White,45–64,0.8546654127606236,1,1
F,White,45–64,0.6875828767817016,1,1
F,White,45–64,0.7477761982882847,1,1
F,White,45–64,0.46552045553358257,0,0
F,White,45–64,0.8358134447617787,1,1
F,White,45–64,0.4872910896641908,1,0
F,White,45–64,0.6316168834979784,1,1
F,White,45–64,0.15480981620603607,0,0
F,White,45–64,0.3451606934506947,1,0
F,White,45–64,0.3369293283220678,0,0
F,White,45–64,0.4016868861086111,0,0
F,White,45–64,0.8445317305766401,1,1
F,White,45–64,0.416876727097182,0,0
F,White,45–64,0.24528990381778748,0,0
F,White,45–64,0.16560000639161895,0,0
F,White,45–64,0.2872984135858337,0,0
F,White,45–64,0.27869449185113415,0,0
F,White,45–64,0.3899631037010241,0,0
F,White,45–64,0.2717400324137068,0,0
F,White,45–64,0.704895300182943,1,1
F,White,45–64,0.3877289923264437,0,0
F,White,45–64,0.7053116095565028,0,1
F,White,45–64,0.5716629994343849,1,1
F,White,45–64,0.31130993233696824,0,0
F,White,45–64,0.4955845520740242,1,0
F,White,45–64,0.32122943746198324,0,0
F,White,45–64,0.868814907406046,1,1
F,White,45–64,0.6545498107719464,1,1
F,White,45–64,0.48445235448787466,1,0
F,White,45–64,0.6910635298600343,1,1
F,White,45–64,0.6238100641628183,0,1
F,White,45–64,0.777590793625259,1,1
F,White,45–64,0.3771757455662299,0,0
F,White,45–64,0.7582541149243238,1,1
F,White,45–64,0.6932675885267008,1,1
F,White,45–64,0.4037067538938557,0,0
F,White,45–64,0.5782224398341597,1,1
F,White,45–64,0.54450167067091,1,1
F,White,45–64,0.8518573011670203,1,1
F,White,45–64,0.19979468472387907,0,0
F,White,45–64,0.7567798713907775,1,1
F,White,45–64,0.5849926669365596,0,1
F,White,45–64,0.7846835955533624,1,1
F,White,45–64,0.6453864777738505,1,1
F,White,45–64,0.2974976047435298,0,0
F,White,45–64,0.8888850055507143,1,1
F,White,45–64,0.7423759780811876,1,1
F,White,45–64,0.4299342797000916,0,0
F,White,45–64,0.40069494747018297,0,0
F,White,45–64,0.6714573310986423,1,1
F,White,45–64,0.47545874986509407,0,0
F,White,45–64,0.6654165657219858,1,1
F,White,45–64,0.28149363248922565,0,0
F,White,45–64,0.7601702951773986,1,1
F,White,45–64,0.4207147568033657,0,0
F,White,45–64,0.5543075718452666,1,1
F,White,45–64,0.3934139953408074,0,0
F,White,45–64,0.7328677884293906,1,1
F,White,45–64,0.2604627053043745,0,0
F,White,45–64,0.34620557687129455,0,0
F,White,45–64,0.3294591346671675,0,0
F,White,45–64,0.6745581700822133,1,1
F,White,45–64,0.4411121429822655,0,0
F,White,45–64,0.3682279061639339,0,0
F,White,45–64,0.7874122439518393,1,1
F,White,45–64,0.3446993586415701,0,0
F,White,45–64,0.26757271326118076,0,0
F,White,45–64,0.771983886500365,1,1
F,White,45–64,0.7076822868528774,1,1
F,White,45–64,0.24441264914716362,0,0
F,White,45–64,0.3905382692747343,1,0
F,White,45–64,0.7535853228613032,1,1
F,White,45–64,0.677596775522402,1,1
F,White,45–64,0.6324371463353877,1,1
F,White,45–64,0.7134681938000444,1,1
F,White,45–64,0.532079545466629,0,1
F,White,45–64,0.2319802710900069,0,0
F,White,45–64,0.40581411601579265,0,0
F,White,45–64,0.6357856124356338,1,1
F,White,45–64,0.7384928911847569,1,1
F,White,45–64,0.46403988600433044,0,0
F,White,45–64,0.4131567315657934,0,0
F,White,45–64,0.30468181248985815,0,0
F,White,45–64,0.4348519776878879,0,0
F,White,45–64,0.41234055058252844,0,0
F,White,45–64,0.946137927935689,1,1
F,White,45–64,0.5403399639853999,0,1
F,White,45–64,0.7018270875281678,1,1
F,White,45–64,0.8215746748966499,1,1
F,White,45–64,0.5608275303898215,1,1
F,White,45–64,0.8628142445186656,1,1
F,White,45–64,0.8284404142986915,1,1
F,White,45–64,0.8997465323574023,1,1
F,White,45–64,0.6421634945549454,1,1
F,White,45–64,0.8384267449442443,1,1
F,White,45–64,0.576967798264556,0,1
F,White,45–64,0.6957932908856896,1,1
F,White,45–64,0.26936994188414004,0,0
F,White,45–64,0.8906353867289287,1,1
F,White,45–64,0.652990861168745,1,1
F,White,45–64,0.23438500908539345,0,0
F,White,45–64,0.27359245838807184,0,0
F,White,45–64,0.543425809966049,0,1
F,White,45–64,0.28016113628656225,0,0
F,White,45–64,0.7217870073746765,1,1
F,White,45–64,0.8312392418186714,1,1
F,White,45–64,0.7075979732969122,1,1
F,White,45–64,0.35156933604369367,1,0
F,White,45–64,0.7911574068469975,1,1
F,White,45–64,0.2701792342892694,0,0
F,White,45–64,0.33413705911067304,0,0
F,White,45–64,0.7523354791423429,1,1
F,White,45–64,0.4048867211147098,0,0
F,White,45–64,0.4406183095428926,0,0
F,White,45–64,0.35744413247965223,0,0
F,White,45–64,0.689312117687939,1,1
F,White,45–64,0.5899905610064029,1,1
F,White,45–64,0.6222388153349543,1,1
F,White,45–64,0.3925690212581451,0,0
F,White,45–64,0.7246562203290015,1,1
F,White,45–64,0.46374285273684757,1,0
F,White,45–64,0.5191708057665319,0,1
F,White,45–64,0.7223423351730076,1,1
F,White,45–64,0.6106678501782457,1,1
F,White,45–64,0.23188291006085873,0,0
F,White,45–64,0.47514320352692757,0,0
F,White,45–64,0.3979532210053923,0,0
F,White,45–64,0.8795702237194228,1,1
F,White,45–64,0.7474878016504016,1,1
F,White,45–64,0.7657624103950379,1,1
F,White,45–64,0.7936075936623396,1,1
F,White,45–64,0.543382595755333,1,1
F,White,45–64,0.6922952366241367,1,1
F,White,45–64,0.45868003827135867,0,0
F,White,45–64,0.22644583894198522,0,0
F,White,45–64,0.19384480990936248,0,0
F,White,45–64,0.20651908458882315,0,0
F,White,45–64,0.7949792948468549,1,1
F,White,45–64,0.2684131741218575,0,0
F,White,45–64,0.1639803514196544,0,0
F,White,45–64,0.6130657823438681,1,1
F,White,45–64,0.41758137155295194,0,0
F,White,45–64,0.30619575295140733,0,0
F,White,45–64,0.5520699231548835,1,1
F,White,45–64,0.5197534450464556,0,1
F,White,45–64,0.7630132741365776,1,1
F,White,45–64,0.3424660770286278,0,0
F,White,45–64,0.4095554337010358,0,0
F,White,45–64,0.4858203771698403,0,0
F,White,45–64,0.6010435348705299,1,1
F,White,45–64,0.5490338283722445,0,1
F,White,45–64,0.20391248169496187,0,0
F,White,45–64,0.4588613517914977,0,0
F,White,45–64,0.40555796300190894,0,0
F,White,45–64,0.6975417007561531,1,1
F,White,45–64,0.48314148126885986,0,0
F,White,45–64,0.42334162935044295,0,0
F,White,45–64,0.8767955338115851,1,1
F,White,45–64,0.32175436978072997,0,0
F,White,45–64,0.3728134823466289,0,0
F,White,45–64,0.6669259223187762,1,1
F,White,45–64,0.8137834045835329,1,1
F,White,45–64,0.30743569217333055,0,0
F,White,45–64,0.5295308897955615,0,1
F,White,45–64,0.1548599738482446,0,0
F,White,45–64,0.17568256245635835,0,0
F,White,45–64,0.425419436194979,0,0
F,White,45–64,0.290121653784457,0,0
F,White,45–64,0.7540229987041658,1,1
F,White,45–64,0.7577152836553785,1,1
F,White,45–64,0.6807957573922293,1,1
F,White,45–64,0.4876301055290562,0,0
F,White,45–64,0.35542724794044234,0,0
F,White,45–64,0.6251801995275302,1,1
F,White,45–64,0.6051543810716319,1,1
F,White,45–64,0.35649669706095716,0,0
F,White,45–64,0.8768504777677164,1,1
F,White,45–64,0.276500730292157,0,0
F,White,45–64,0.24050999690978436,0,0
F,White,45–64,0.43701682552638726,0,0
F,White,45–64,0.2548308429320783,0,0
F,White,45–64,0.3218850947716555,0,0
F,White,45–64,0.9399025838839357,1,1
F,White,45–64,0.3970787094099749,0,0
F,White,45–64,0.3766818001773098,0,0
F,White,45–64,0.3801025460353572,0,0
F,White,45–64,0.7207554818013134,1,1
F,White,45–64,0.2758011954798161,0,0
F,White,45–64,0.6875140077376376,1,1
F,White,45–64,0.24979645523466174,0,0
F,White,45–64,0.6677271692188155,1,1
F,White,45–64,0.3390661377396859,0,0
F,White,45–64,0.34292861201050806,0,0
F,White,45–64,0.2761914596721542,0,0
F,White,45–64,0.269806229073342,0,0
F,White,45–64,0.31905043512686515,0,0
F,White,45–64,0.7932836006367673,1,1
F,White,45–64,0.39544083653109496,0,0
F,White,45–64,0.39391566771369646,0,0
F,White,45–64,0.3331369244905542,0,0
F,White,45–64,0.7169667805254777,1,1
F,White,45–64,0.5107129030480535,0,1
F,White,45–64,0.5897627032636027,1,1
F,White,45–64,0.4128601439284532,0,0
F,White,45–64,0.7710502235102313,1,1
F,White,45–64,0.3991788289911597,0,0
F,White,45–64,0.5225275553807993,0,1
F,White,45–64,0.33600405393613164,0,0
F,White,45–64,0.8322400337319007,1,1
F,White,45–64,0.8720995646482991,1,1
F,White,45–64,0.8724039704271197,1,1
F,White,45–64,0.9192142583863374,1,1
F,White,45–64,0.7059846747197867,1,1
F,White,45–64,0.6683816917690383,1,1
F,White,45–64,0.26934902800526533,0,0
F,White,45–64,0.4550012248843209,0,0
F,White,45–64,0.815979129284233,1,1
F,White,45–64,0.7509583997245582,1,1
F,White,45–64,0.5131161363883988,1,1
F,White,45–64,0.7684962996133539,1,1
F,White,45–64,0.6190968961227592,1,1
F,White,45–64,0.7825947580602608,1,1
F,White,45–64,0.6391014308194447,1,1
F,White,45–64,0.2611830705419047,0,0
F,White,45–64,0.3661594958613337,0,0
F,White,45–64,0.70055044125927,1,1
F,White,45–64,0.6922968720304475,0,1
F,White,45–64,0.6179892870450481,0,1
F,White,45–64,0.4098045007666565,0,0
F,White,45–64,0.7128514187595787,1,1
F,White,45–64,0.07840355881357175,0,0
F,White,45–64,0.9080517600388126,1,1
F,White,45–64,0.344246975982202,0,0
F,White,45–64,0.6643324134307268,1,1
F,White,45–64,0.16284006839949466,0,0
F,White,45–64,0.154176323655929,0,0
F,White,45–64,0.6110533826197193,0,1
F,White,45–64,0.6906792619853734,1,1
F,White,45–64,0.7185852983499893,1,1
F,White,45–64,0.27625825050556907,0,0
F,White,45–64,0.5619453125809588,1,1
F,White,45–64,0.692889493991298,1,1
F,White,45–64,0.6067463729017224,1,1
F,White,45–64,0.37657062331040525,0,0
F,White,45–64,0.5281805721972171,0,1
F,White,45–64,0.5627115891860931,1,1
F,White,45–64,0.6263583876752038,1,1
F,White,45–64,0.505498718949045,1,1
F,White,45–64,0.34456308825342996,0,0
F,White,45–64,0.60461702201724,0,1
F,White,45–64,0.781124529994531,1,1
F,White,45–64,0.2126700726318851,0,0
F,White,45–64,0.4701601262912128,0,0
F,White,45–64,0.42960618911794224,0,0
F,White,45–64,0.3925064078264206,0,0
F,White,45–64,0.3627203562861927,0,0
F,White,45–64,0.7083852377447568,1,1
F,White,45–64,0.7467037536344059,1,1
F,White,45–64,0.44419173237464604,0,0
F,White,45–64,0.7329672347814126,1,1
F,White,45–64,0.6641925329673692,1,1
F,White,45–64,0.3356331759075374,0,0
F,White,45–64,0.7368373900413148,1,1
F,White,45–64,0.7941012814236916,1,1
F,White,45–64,0.4477876134442486,0,0
F,White,45–64,0.8321966373057779,1,1
F,White,45–64,0.5549679334161349,1,1
F,White,45–64,0.3473201083387594,0,0
F,White,45–64,0.7232998076297296,1,1
F,White,45–64,0.3907072508910395,0,0
F,White,45–64,0.3477314061949662,0,0
F,White,45–64,0.7569274882765729,1,1
F,White,45–64,0.640977590614932,1,1
F,White,45–64,0.39303766206766,0,0
F,White,45–64,0.4803033965593091,0,0
F,White,45–64,0.682286501094284,1,1
F,White,45–64,0.47029255844141954,0,0
F,White,45–64,0.26157983510357763,0,0
F,White,45–64,0.6773585443875435,1,1
F,White,45–64,0.9154953934620483,1,1
F,White,45–64,0.5046891918726664,0,1
F,White,45–64,0.7049756407661523,1,1
F,White,45–64,0.45884185162187,0,0
F,White,45–64,0.6574685509481324,1,1
F,White,45–64,0.673030797220578,1,1
F,White,45–64,0.46616716561891647,1,0
F,White,45–64,0.6733030530863281,1,1
F,White,45–64,0.7469953746814695,1,1
F,White,45–64,0.7679062759240254,1,1
F,White,45–64,0.5572823917100347,0,1
F,White,45–64,0.8325504119296767,1,1
F,White,45–64,0.5239140325213456,1,1
F,White,45–64,0.6450670218971539,0,1
F,White,45–64,0.8793654915075928,1,1
F,White,45–64,0.36228510345564724,0,0
F,White,45–64,0.24569172847539725,0,0
F,White,45–64,0.3547215877154993,0,0
F,White,45–64,0.1651975184099702,0,0
F,White,45–64,0.715621592515322,1,1
F,White,45–64,0.7075363422715378,1,1
F,White,45–64,0.4313096450303522,0,0
F,White,45–64,0.7935151335748151,1,1
F,White,45–64,0.8311101443192215,1,1
F,White,45–64,0.26253578427536683,0,0
F,White,45–64,0.4961982309218895,0,0
F,White,45–64,0.8156149531342889,1,1
F,White,45–64,0.8508252385440727,1,1
F,White,45–64,0.43110936200034505,0,0
F,White,45–64,0.6718420892211673,1,1
F,White,45–64,0.9400930359175035,1,1
F,White,45–64,0.5194256450674959,0,1
F,White,45–64,0.6336633514917657,1,1
F,White,45–64,0.6455207234519837,1,1
F,White,45–64,0.6801509418882798,1,1
F,White,45–64,0.6277796827610733,1,1
F,White,45–64,0.314175228626593,0,0
F,White,45–64,0.8954530518716451,1,1
F,White,45–64,0.729471759453972,1,1
F,White,45–64,0.6241346035591835,0,1
F,White,45–64,0.31722020537706835,0,0
F,White,45–64,0.6914636336591483,1,1
F,White,45–64,0.4795623443315532,0,0
F,White,45–64,0.8230536946627851,1,1
F,White,45–64,0.5064195214860926,0,1
F,White,45–64,0.6573085648369139,1,1
F,White,45–64,0.6509542994841478,1,1
F,White,45–64,0.3189852469905957,0,0
F,White,45–64,0.5397653441977408,0,1
F,White,45–64,0.6942237228694523,1,1
F,White,45–64,0.2701257025867376,0,0
F,White,45–64,0.7360265032739551,1,1
F,White,45–64,0.6663430232903069,1,1
F,White,45–64,0.6840081308072669,1,1
F,White,45–64,0.8157499147529812,1,1
F,White,45–64,0.46050539544569513,1,0
F,White,45–64,0.8836647298566828,1,1
F,White,45–64,0.5785356008832965,1,1
F,White,45–64,0.6723032819915538,1,1
F,White,45–64,0.30926578025425705,0,0
F,White,45–64,0.6880142101265164,1,1
F,White,45–64,0.8252119008395618,1,1
F,White,45–64,0.6693667041109411,1,1
F,White,45–64,0.801116063922081,1,1
F,White,45–64,0.8237942728347134,1,1
F,White,45–64,0.9941757570320011,1,1
F,White,45–64,0.2252421120144772,0,0
F,White,45–64,0.766823271941081,1,1
F,White,45–64,0.5772651616634313,1,1
F,White,45–64,0.45614114503426245,0,0
F,White,45–64,0.3444648837586161,0,0
F,White,45–64,0.6227654666268009,1,1
F,White,45–64,0.7907924275925781,1,1
F,White,45–64,0.4919795967795265,0,0
F,White,45–64,0.6306801088484435,1,1
F,White,45–64,0.22333749565770314,0,0
F,White,45–64,0.5448896452499262,1,1
F,White,45–64,0.6322526793196215,1,1
F,White,45–64,0.4243319573295564,0,0
F,White,45–64,0.8084253146457618,1,1
F,White,45–64,0.4041606515497669,0,0
F,White,45–64,0.23567691753022466,0,0
F,White,45–64,0.32575844732395,0,0
F,White,45–64,0.25460512576288863,0,0
F,White,45–64,0.757156240217923,1,1
F,White,45–64,0.8094887457765703,1,1
F,White,45–64,0.8395687466191779,1,1
F,White,45–64,0.888658221224584,1,1
F,White,45–64,0.2261989510544537,0,0
F,White,45–64,0.6468636644546061,0,1
F,White,45–64,0.4844011034704153,0,0
F,White,45–64,0.3825411198293795,0,0
F,White,45–64,0.6146095763680958,1,1
F,White,45–64,0.23113908659832508,0,0
F,White,45–64,0.2758249346941232,0,0
F,White,45–64,0.6789546647380402,1,1
F,White,45–64,0.31265598352906604,0,0
F,White,45–64,0.7887727278972483,1,1
F,White,45–64,0.17560907359372313,0,0
F,White,45–64,0.9137635257465866,1,1
F,White,45–64,0.16558524944653746,0,0
F,White,45–64,0.674379185998482,1,1
F,White,45–64,0.7848914529948597,1,1
F,White,45–64,0.5254041214020433,0,1
F,White,45–64,0.344195985866816,0,0
F,White,45–64,0.994052553887133,1,1
F,White,45–64,0.40225611986029064,0,0
F,White,45–64,0.7678451008613918,1,1
F,White,45–64,0.7951634911741929,1,1
F,White,45–64,0.6941959944754367,1,1
F,White,45–64,0.2454786487146955,0,0
F,White,45–64,0.6350535480844224,1,1
F,White,45–64,0.6167464686436825,1,1
F,White,45–64,0.5373839836397685,0,1
F,White,45–64,0.6942327845887412,1,1
F,White,45–64,0.372048229621164,0,0
F,White,45–64,0.7069095573889775,1,1
F,White,45–64,0.7350652214282059,1,1
F,White,45–64,0.7396267814155832,1,1
F,White,45–64,0.15832193575732673,0,0
F,White,45–64,0.7604543074833043,1,1
F,White,45–64,0.8411041048700003,1,1
F,White,45–64,0.8361961005690377,1,1
F,White,45–64,0.3328437123417326,0,0
F,White,45–64,0.7508703564169085,1,1
F,White,45–64,0.5962746903506667,0,1
F,White,45–64,0.3317874362912675,0,0
F,White,45–64,0.5596945824397686,0,1
F,White,45–64,0.731572804304916,1,1
F,White,45–64,0.7453193520827031,1,1
F,White,45–64,0.9443837166746528,1,1
F,White,45–64,0.5161624774990308,0,1
F,White,45–64,0.5638984512018814,0,1
F,White,45–64,0.7505114871136753,1,1
F,White,45–64,0.5151630798581677,0,1
F,White,45–64,0.5165404477604396,0,1
F,White,45–64,0.5902714659081424,1,1
F,White,45–64,0.7523188117055917,1,1
F,White,45–64,0.4047304971566153,0,0
F,White,45–64,0.6780397479011331,1,1
F,White,45–64,0.8684624092132182,1,1
F,White,45–64,0.4284210262103814,0,0
F,White,45–64,0.6052667561895169,1,1
F,White,45–64,0.28600461012382145,0,0
F,White,45–64,0.5205159585145174,0,1
F,White,45–64,0.2971873873627383,0,0
F,White,45–64,0.2835446006573313,0,0
F,White,45–64,0.6067853165353195,1,1
F,White,45–64,0.3936282048778536,0,0
F,White,45–64,0.6806872732008279,1,1
F,White,45–64,0.4104930313440873,0,0
F,White,45–64,0.6719262589468913,1,1
F,White,45–64,0.8539589360084148,1,1
F,White,45–64,0.7781831441977691,1,1
F,White,45–64,0.8077595758951751,1,1
F,White,45–64,0.9239498505829601,1,1
F,White,45–64,0.6285827223846685,0,1
F,White,45–64,0.7370781075318733,1,1
F,White,45–64,0.4995766684609476,1,0
F,White,45–64,0.6785971073295112,1,1
F,White,45–64,0.3820115607357126,0,0
F,White,45–64,0.5921656231054155,1,1
F,White,45–64,0.7001788023864952,1,1
F,White,45–64,0.59054404618982,1,1
F,White,45–64,0.8409258502123718,1,1
F,White,45–64,0.0845146871021859,0,0
F,White,45–64,0.4380561833594011,0,0
F,White,45–64,0.5480166855567468,0,1
F,White,45–64,0.7164988658008037,1,1
F,White,45–64,0.719814768249656,1,1
F,White,45–64,0.7128828537173869,1,1
F,White,45–64,0.6731719472530568,1,1
F,White,45–64,0.5076071473019889,0,1
F,White,45–64,0.5637353459246182,1,1
F,White,45–64,0.6429475460490727,1,1
F,White,45–64,0.8043861731820812,1,1
F,White,45–64,0.3029365307209766,0,0
F,White,45–64,0.7701423939370841,1,1
F,White,45–64,0.7700536781035967,1,1
F,White,45–64,0.9892667297720801,1,1
F,White,45–64,0.8872474550603404,1,1
F,White,45–64,0.7583083406443257,1,1
F,White,45–64,0.7032440230286756,1,1
F,White,45–64,0.6301456359789064,1,1
F,White,65+,0.49313537777116556,1,0
F,White,65+,0.8077847195990093,1,1
F,White,65+,0.47078074304392636,1,0
F,White,65+,0.5924700896375896,1,1
F,White,65+,0.201381870005292,0,0
F,White,65+,0.7052338697872174,1,1
F,White,65+,0.34865671292322703,0,0
F,White,65+,0.2920067828976761,0,0
F,White,65+,0.8341055654599099,1,1
F,White,65+,0.6139550559344917,1,1
F,White,65+,0.49665984576571287,0,0
F,White,65+,0.6025038647764951,1,1
F,White,65+,0.4391682594231984,0,0
F,White,65+,0.5619538547364682,0,1
F,White,65+,0.41322559303882045,1,0
F,White,65+,0.40514155034117294,0,0
F,White,65+,0.6753109990681011,1,1
F,White,65+,0.3291581973192521,0,0
F,White,65+,0.7277791660667804,1,1
F,White,65+,0.4321525704667633,0,0
F,White,65+,0.7341661851463769,1,1
F,White,65+,0.39391211158785533,0,0
F,White,65+,0.759502981470748,1,1
F,White,65+,0.3876020766363302,0,0
F,White,65+,0.3344578768774935,0,0
F,White,65+,0.28965735611805865,0,0
F,White,65+,0.4262528644245455,0,0
F,White,65+,0.5710311920111595,1,1
F,White,65+,0.6434324561630265,1,1
F,White,65+,0.2884165061136283,0,0
F,White,65+,0.12929621319923829,0,0
F,White,65+,0.6156270751568814,1,1
F,White,65+,0.47601239898906356,0,0
F,White,65+,0.29293697762398413,0,0
F,White,65+,0.8050242897442952,1,1
F,White,65+,0.6549866038344957,1,1
F,White,65+,0.4410823076461705,0,0
F,White,65+,0.7438901848108159,1,1
F,White,65+,0.7088632697201585,1,1
F,White,65+,0.7349472324549693,1,1
F,White,65+,0.657311841951302,0,1
F,White,65+,0.3591176336377977,0,0
F,White,65+,0.8701454725783869,1,1
F,White,65+,0.47835222170055475,0,0
F,White,65+,0.44267118836942465,0,0
F,White,65+,0.6571749808251162,1,1
F,White,65+,0.40784983476340664,0,0
F,White,65+,0.44139213428773266,0,0
F,White,65+,0.6377891070449975,1,1
F,White,65+,0.6440885823758724,1,1
F,White,65+,0.5046978973950228,1,1
F,White,65+,0.22672240121352474,0,0
F,White,65+,0.7117146170411538,1,1
F,White,65+,0.5336887947655227,0,1
F,White,65+,0.5232135904346481,0,1
F,White,65+,0.7248314378387981,1,1
F,White,65+,0.4100373451479779,0,0
F,White,65+,0.405974511925321,0,0
F,White,65+,0.4227925194911908,1,0
F,White,65+,0.6423674353468709,1,1
F,White,65+,0.26290000144388126,0,0
F,White,65+,0.6188798608413856,1,1
F,White,65+,0.23762826087626449,0,0
F,White,65+,0.6125636241537532,1,1
F,White,65+,0.5916556162035773,0,1
F,White,65+,0.7114954054946111,1,1
F,White,65+,0.7293517517103947,1,1
F,White,65+,0.4336574771965299,0,0
F,White,65+,0.4120673431231654,0,0
F,White,65+,0.38574138998548035,0,0
F,White,65+,0.630806214834049,1,1
F,White,65+,0.5998280989557576,1,1
F,White,65+,0.1942317000923548,0,0
F,White,65+,0.3728016691169623,0,0
F,White,65+,0.6370836231025223,1,1
F,White,65+,0.8045930592357444,1,1
F,White,65+,0.5977595254683833,1,1
F,White,65+,0.40745284570585927,1,0
F,White,65+,0.5337677584192354,0,1
F,White,65+,0.30922808257872675,0,0
F,White,65+,0.3732236100591921,0,0
F,White,65+,0.29480951782245457,0,0
F,White,65+,0.45022762567069385,0,0
F,White,65+,0.5447538295591471,1,1
F,White,65+,0.7925643977038317,1,1
F,White,65+,0.35760494798025755,0,0
F,White,65+,0.3476901647299099,0,0
F,White,65+,0.4947131709110814,0,0
F,White,65+,0.7157843437539421,1,1
F,White,65+,0.349091035230426,0,0
F,White,65+,0.7288959973395627,1,1
F,White,65+,0.34738587755395545,0,0
F,White,65+,0.7991540108969788,1,1
F,White,65+,0.47165933146631855,0,0
F,White,65+,0.5372345505340222,1,1
F,White,65+,0.7574950233714666,1,1
F,White,65+,0.5883588710648332,1,1
F,White,65+,0.4028403483213777,1,0
F,White,65+,0.5955958594587893,1,1
F,White,65+,0.49674464176246735,0,0
F,White,65+,0.4485018513316797,0,0
F,White,65+,0.10576429408319432,0,0
F,White,65+,0.31140243294083847,0,0
F,White,65+,0.7158643062765594,1,1
F,White,65+,0.38911995584718695,0,0
F,White,65+,0.4423441122861363,0,0
F,White,65+,0.2999839590322724,0,0
F,White,65+,0.571162206629173,1,1
F,White,65+,0.8292182980429732,1,1
F,White,65+,0.5107042282948269,1,1
F,White,65+,0.40319071045412896,0,0
F,White,65+,0.36405168043654834,0,0
F,White,65+,0.36027561995102003,0,0
F,White,65+,0.8479762991247405,1,1
F,White,65+,0.7157747939251468,1,1
F,White,65+,0.5091658210028654,1,1
F,White,65+,0.5873087013382625,1,1
F,White,65+,0.6577377025915432,1,1
F,White,65+,0.7664073377367387,1,1
F,White,65+,0.2777813362810945,0,0
F,White,65+,0.6597271621958608,1,1
F,White,65+,0.46413248339844604,1,0
F,White,65+,0.5216111096410112,1,1
F,White,65+,0.5427830778411348,1,1
F,White,65+,0.3784420125570175,0,0
F,White,65+,0.3737726828820684,0,0
F,White,65+,0.7916440452961333,1,1
F,White,65+,0.7650588347103984,1,1
F,White,65+,0.6107189816879712,1,1
F,White,65+,0.6409835004898645,1,1
F,White,65+,0.927545664282845,1,1
F,White,65+,0.46112363476285073,0,0
F,White,65+,0.35148470573611584,0,0
F,White,65+,0.3725287932552821,0,0
F,White,65+,0.5358750109596606,0,1
F,White,65+,0.7135439026680793,1,1
F,White,65+,0.8169547427043382,1,1
F,White,65+,0.7016725674633915,1,1
F,White,65+,0.8506666233768954,1,1
F,White,65+,0.43595992737554506,0,0
F,White,65+,0.3637286720089057,0,0
F,White,65+,0.6788499089710621,1,1
F,White,65+,0.33484011008837794,0,0
F,White,65+,0.4636327954830942,0,0
F,White,65+,0.7723547255941013,1,1
F,White,65+,0.7798409439657439,1,1
F,White,65+,0.568093067022902,1,1
F,White,65+,0.3694947810567402,0,0
F,White,65+,0.24579564020879424,0,0
F,White,65+,0.7533242258267142,1,1
F,White,65+,0.4668143838920072,0,0
F,White,65+,0.5894131210600887,0,1
F,White,65+,0.38004620534337435,0,0
F,White,65+,0.7421861441892241,1,1
F,White,65+,0.3219411187172896,0,0
F,White,65+,0.5682025003704005,1,1
F,White,65+,0.4565735647302892,1,0
F,White,65+,0.32766780689940234,0,0
F,White,65+,0.3643887974758204,0,0
F,White,65+,0.3921271400405816,0,0
F,White,65+,0.7097473432353443,1,1
F,White,65+,0.2689993225585079,0,0
F,White,65+,0.5625471979863159,1,1
F,White,65+,0.20462292156422623,0,0
F,White,65+,0.3440718496316932,0,0
F,White,65+,0.7314339361086021,1,1
F,White,65+,0.47053695901124826,1,0
F,White,65+,0.37639099459580666,0,0
F,White,65+,0.457356394768989,1,0
F,White,65+,0.445007578356459,0,0
F,White,65+,0.18090976687478175,0,0
F,White,65+,0.5184447797367346,0,1
F,White,65+,0.8682508330665123,1,1
F,White,65+,0.6041954187274357,1,1
F,White,65+,0.6896572489042483,1,1
F,White,65+,0.37787600592116455,0,0
F,White,65+,0.342395941170793,0,0
F,White,65+,0.48452028548373327,0,0
F,White,65+,0.5680183633942938,1,1
F,White,65+,0.4156183625132073,0,0
F,White,65+,0.7263892526985734,0,1
F,White,65+,0.312614655414011,0,0
F,White,65+,0.659567016607967,1,1
F,White,65+,0.7794978748928024,1,1
F,White,65+,0.20170849934665633,0,0
F,White,65+,0.5272833747585413,1,1
F,White,65+,0.6443964490810475,1,1
F,White,65+,0.2897468604244652,0,0
F,White,65+,0.5027040684215276,1,1
F,White,65+,0.6711688937975213,1,1
F,White,65+,0.5743264208370364,1,1
F,White,65+,0.4227980973046858,0,0
F,White,65+,0.5765271469638188,1,1
F,White,65+,0.6095014725831478,0,1
F,White,65+,0.7760940020233229,1,1
F,White,65+,0.48427293676745614,0,0
F,White,65+,0.4918924183812805,1,0
F,White,65+,0.6290656770756331,1,1
F,White,65+,0.28654689376042636,0,0
F,White,65+,0.4843908955572403,0,0
F,White,65+,0.7571540364852535,1,1
F,White,65+,0.3810914554348683,0,0
F,White,65+,0.7052202717688894,1,1
F,White,65+,0.33920983559227524,0,0
F,White,65+,0.724520229770723,1,1
F,White,65+,0.38659831569669145,0,0
F,White,65+,0.5703013808389479,1,1
F,White,65+,0.8733394642932444,1,1
F,White,65+,0.35542121189534703,0,0
F,White,65+,0.3815437624576371,0,0
F,White,65+,0.842105019823727,1,1
F,White,65+,0.6252964239315306,1,1
F,White,65+,0.4901711082558873,1,0
F,White,65+,0.6576082509266543,1,1
F,White,65+,0.6667759375077735,1,1
F,White,65+,0.5985474192492932,1,1
F,White,65+,0.41903652392756446,0,0
F,White,65+,0.5250295763643141,1,1
F,White,65+,0.6947060230591695,1,1
F,White,65+,0.48649363835458986,0,0
F,White,65+,0.7466513668167042,1,1
F,White,65+,0.7878816095489047,1,1
F,White,65+,0.5284712006782616,1,1
F,White,65+,0.7438247602668789,1,1
F,White,65+,0.6072855851665382,1,1
F,White,65+,1.0,1,1
F,White,65+,0.49173589588722344,1,0
F,White,65+,0.3429060375109675,0,0
F,White,65+,0.6726615483297268,1,1
F,White,65+,0.3541697290036618,0,0
F,White,65+,0.6324616670761811,1,1
F,White,65+,0.29400701115589406,0,0
F,White,65+,0.8953276499354534,1,1
F,White,65+,0.588524717218683,1,1
F,White,65+,0.5656281663105603,1,1
F,White,65+,0.6476259677665177,1,1
F,White,65+,0.39517389214287846,0,0
F,White,65+,0.603448153310815,1,1
F,White,65+,0.3907368937495336,0,0
F,White,65+,0.5086081339442584,1,1
F,White,65+,0.6813711087144914,1,1
F,White,65+,0.7561426530085771,1,1
F,White,65+,0.5999499693074232,0,1
F,White,65+,0.8037978475003922,1,1
F,White,65+,0.6311952860569293,1,1
F,White,65+,0.3296264593571513,0,0
F,White,65+,0.26190065454981837,0,0
F,White,65+,0.49909559537927106,1,0
F,White,65+,0.8428309090497001,1,1
F,White,65+,0.47946849129827207,0,0
F,White,65+,0.7233757744119683,1,1
F,White,65+,0.3966174686130681,0,0
F,White,65+,0.609293133874941,0,1
F,White,65+,0.7340381676144397,1,1
F,White,65+,0.8588932541017904,1,1
F,White,65+,0.8526180234460987,1,1
F,White,65+,0.31288259854154166,0,0
F,White,65+,0.1416785053245812,0,0
F,White,65+,0.5752256936837563,1,1
F,White,65+,0.5423171681575102,0,1
F,White,65+,0.4293272998311245,0,0
F,White,65+,0.7079658436986581,1,1
F,White,65+,0.29126794224876756,0,0
F,White,65+,0.5716465507788184,0,1
F,White,65+,0.5332427082169223,1,1
F,White,65+,0.49358507783556965,0,0
F,White,65+,0.8907253845784917,1,1
F,White,65+,0.3903117161882675,0,0
F,White,65+,0.4557012574732211,0,0
F,White,65+,0.6310720671298794,0,1
F,White,65+,0.6451948508714658,1,1
F,White,65+,0.3554361884375944,0,0
F,White,65+,0.7231886910166448,1,1
F,White,65+,0.8432980024792845,1,1
F,White,65+,0.850881731559636,1,1
F,White,65+,0.26815861980347033,0,0
F,White,65+,0.29944290668503987,0,0
F,White,65+,0.48191504190432843,0,0
F,White,65+,0.3968003640998657,0,0
F,White,65+,0.4839179896223443,1,0
F,White,65+,0.3445612636744914,0,0
F,White,65+,0.6182928430163958,1,1
F,White,65+,0.6563124844265082,1,1
F,White,65+,0.6077548171524982,1,1
F,White,65+,0.5737990749810914,1,1
F,White,65+,0.3326613976620325,0,0
F,White,65+,0.7430825425529534,1,1
F,White,65+,0.5436502372479385,0,1
F,White,65+,0.8706975466931799,1,1
F,White,65+,0.6321401293040848,1,1
F,White,65+,0.5315914801964214,1,1
F,White,65+,0.49685773370870845,0,0
F,White,65+,0.5360586818127797,1,1
F,White,65+,0.4885758630258995,0,0
F,White,65+,0.7169365621230838,1,1
F,White,65+,0.5856943443488554,1,1
F,White,65+,0.47395725331619526,1,0
F,White,65+,0.4068400734465318,0,0
F,White,65+,0.8999869437910568,1,1
F,White,65+,0.26874195553539926,0,0
F,White,65+,0.49658917370920097,1,0
F,White,65+,0.5959988710300441,0,1
F,White,65+,0.6016782098286828,0,1
F,White,65+,0.5195898344033905,0,1
F,White,65+,0.2593302308056141,0,0
F,White,65+,0.36283466372629586,0,0
F,White,65+,0.5528904073468373,1,1
F,White,65+,0.5022650592917789,0,1
F,White,65+,0.6030782218017358,0,1
F,White,65+,0.43382001526218006,0,0
F,White,65+,0.666435592326555,1,1
F,White,65+,0.7597145562111217,1,1
F,White,65+,0.6145827133054587,1,1
F,White,65+,0.7440404325657212,1,1
F,White,65+,0.603298247386673,1,1
F,White,65+,0.4083111387889446,0,0
F,White,65+,0.5842849477835316,1,1
F,White,65+,0.2387094076345265,0,0
F,White,65+,0.6431066286996681,1,1
F,White,65+,0.3964116373932358,0,0
M,Black,Under 25,0.4507233424495318,0,0
M,Black,Under 25,0.42274458813453436,1,0
M,Black,Under 25,0.551104042606174,1,1
M,Black,Under 25,0.36861460646388644,1,0
M,Black,Under 25,0.38808247518916184,1,0
M,Black,Under 25,0.2406113619872025,0,0
M,Black,Under 25,0.4726454363380783,0,0
M,Black,Under 25,0.4930059735442877,1,0
M,Black,Under 25,0.42742887996107626,1,0
M,Black,Under 25,0.7880200388393376,1,1
M,Black,Under 25,0.3778853013110699,0,0
M,Black,Under 25,0.2582143205653681,0,0
M,Black,Under 25,0.5051208271989442,1,1
M,Black,Under 25,0.5300661228797008,1,1
M,Black,Under 25,0.4750614241572009,0,0
M,Black,Under 25,0.5581848857385413,1,1
M,Black,Under 25,0.3537235232329952,0,0
M,Black,Under 25,0.6626024252462039,0,1
M,Black,Under 25,0.31773669131646576,1,0
M,Black,Under 25,0.3446605441920119,0,0
M,Black,Under 25,0.647545946088528,0,1
M,Black,Under 25,0.6619206968083723,1,1
M,Black,Under 25,0.4031737282432611,1,0
M,Black,Under 25,0.3682454185007159,0,0
M,Black,Under 25,0.41284338377792745,1,0
M,Black,Under 25,0.33564022203379124,0,0
M,Black,Under 25,0.39098234535509224,0,0
M,Black,Under 25,0.1404458512372987,0,0
M,Black,Under 25,0.5512228060146628,0,1
M,Black,Under 25,0.4747246826892205,1,0
M,Black,Under 25,0.3652249002786218,0,0
M,Black,Under 25,0.4185610969721689,0,0
M,Black,Under 25,0.342361225961613,0,0
M,Black,Under 25,0.5498992489026121,0,1
M,Black,Under 25,0.2968923968960854,0,0
M,Black,Under 25,0.44503245493476135,1,0
M,Black,Under 25,0.5259198207423267,0,1
M,Black,Under 25,0.4054710812215976,0,0
M,Black,Under 25,0.5386939524992381,1,1
M,Black,Under 25,0.6211921279132361,1,1
M,Black,Under 25,0.45183328167207737,0,0
M,Black,Under 25,0.3027376956484522,0,0
M,Black,Under 25,0.39546330687637704,0,0
M,Black,Under 25,0.40612367883415623,0,0
M,Black,Under 25,0.5662261167400953,1,1
M,Black,Under 25,0.6219456721411423,1,1
M,Black,Under 25,0.46967237475660345,0,0
M,Black,Under 25,0.3579914402259873,0,0
M,Black,Under 25,0.6151013129799947,0,1
M,Black,Under 25,0.4262341575277831,0,0
M,Black,Under 25,0.5318289908509999,0,1
M,Black,Under 25,0.3849387964330704,1,0
M,Black,Under 25,0.377546528199243,0,0
M,Black,Under 25,0.44086975781635046,1,0
M,Black,Under 25,0.3587279729968496,0,0
M,Black,Under 25,0.4874830146339695,0,0
M,Black,Under 25,0.3332726489751495,0,0
M,Black,Under 25,0.5669022418978074,1,1
M,Black,Under 25,0.40360860603789606,1,0
M,Black,Under 25,0.6180526806051535,1,1
M,Black,Under 25,0.3008163052923169,1,0
M,Black,Under 25,0.514463531050953,1,1
M,Black,Under 25,0.4198986731908703,0,0
M,Black,Under 25,0.3718993419948564,0,0
M,Black,Under 25,0.5113121505485634,0,1
M,Black,Under 25,0.40434924194758964,1,0
M,Black,Under 25,0.5504624292686968,1,1
M,Black,Under 25,0.4827875078602869,1,0
M,Black,Under 25,0.3256170206942608,0,0
M,Black,Under 25,0.5186156685614284,0,1
M,Black,Under 25,0.6909324725836133,1,1
M,Black,Under 25,0.35403615549367634,1,0
M,Black,Under 25,0.5957695855090223,1,1
M,Black,Under 25,0.5522126012186783,1,1
M,Black,Under 25,0.26566603577582026,0,0
M,Black,Under 25,0.3558488672835215,0,0
M,Black,Under 25,0.48649040091466533,0,0
M,Black,Under 25,0.5364542083035343,1,1
M,Black,Under 25,0.4910828482774474,1,0
M,Black,Under 25,0.6057505726224799,1,1
M,Black,Under 25,0.5822033331533505,1,1
M,Black,Under 25,0.37110546446751624,1,0
M,Black,Under 25,0.39398803524233356,0,0
M,Black,Under 25,0.7117439389481461,1,1
M,Black,Under 25,0.7573345327508284,0,1
M,Black,Under 25,0.4558854988865695,1,0
M,Black,Under 25,0.40969127404165223,0,0
M,Black,Under 25,0.523313432159559,0,1
M,Black,Under 25,0.523129313569263,0,1
M,Black,Under 25,0.4100486954474768,1,0
M,Black,Under 25,0.4984553368067908,0,0
M,Black,Under 25,0.371306265219901,0,0
M,Black,Under 25,0.4913324017507239,1,0
M,Black,Under 25,0.4947556905630463,0,0
M,Black,Under 25,0.37457423747689456,0,0
M,Black,Under 25,0.34683703497332563,0,0
M,Black,Under 25,0.6398707474875348,1,1
M,Black,Under 25,0.4303260263960263,0,0
M,Black,Under 25,0.35366352305308113,0,0
M,Black,Under 25,0.498140088272925,0,0
M,Black,Under 25,0.6405687371668722,0,1
M,Black,Under 25,0.6123447431490143,1,1
M,Black,Under 25,0.4340351936945165,0,0
M,Black,Under 25,0.5336573556720178,0,1
M,Black,Under 25,0.7421454367045363,1,1
M,Black,Under 25,0.5120417552822577,0,1
M,Black,Under 25,0.5449395221472498,1,1
M,Black,Under 25,0.5961526323840146,1,1
M,Black,Under 25,0.5946152154881414,0,1
M,Black,Under 25,0.2886616425816718,1,0
M,Black,Under 25,0.1466559012387595,0,0
M,Black,Under 25,0.6733329095557964,0,1
M,Black,Under 25,0.5526088207079265,0,1
M,Black,Under 25,0.5973184496382375,1,1
M,Black,Under 25,0.6820007721916301,1,1
M,Black,Under 25,0.40426667327930926,0,0
M,Black,Under 25,0.6022308039394255,1,1
M,Black,Under 25,0.5245162939740369,1,1
M,Black,Under 25,0.3243709555254196,0,0
M,Black,Under 25,0.5569375163727177,1,1
M,Black,25–44,0.6103859787528746,1,1
M,Black,25–44,0.6477849109512501,1,1
M,Black,25–44,0.7575138357190909,1,1
M,Black,25–44,0.5946214557786261,1,1
M,Black,25–44,0.673157461699047,1,1
M,Black,25–44,0.36859102428090895,0,0
M,Black,25–44,0.3638064289479009,0,0
M,Black,25–44,0.5201441762221617,0,1
M,Black,25–44,0.5062259624182943,0,1
M,Black,25–44,0.4061875885880802,0,0
M,Black,25–44,0.3935075739565121,0,0
M,Black,25–44,0.7651435597140934,1,1
M,Black,25–44,0.423563786040112,0,0
M,Black,25–44,0.3489239996068768,0,0
M,Black,25–44,0.5268043466858539,0,1
M,Black,25–44,0.6028548896590209,1,1
M,Black,25–44,0.5948093015066379,1,1
M,Black,25–44,0.5040574517220269,1,1
M,Black,25–44,0.6524859147301615,1,1
M,Black,25–44,0.4163555164198807,0,0
M,Black,25–44,0.29025551761517043,0,0
M,Black,25–44,0.3071144309152187,0,0
M,Black,25–44,0.511102371167704,0,1
M,Black,25–44,0.28646852742151174,0,0
M,Black,25–44,0.6714958947265176,1,1
M,Black,25–44,0.7054056079945853,1,1
M,Black,25–44,0.5964504445753355,1,1
M,Black,25–44,0.6178210716525313,1,1
M,Black,25–44,0.44210767241797116,0,0
M,Black,25–44,0.3429725027689469,0,0
M,Black,25–44,0.25878643446549027,0,0
M,Black,25–44,0.2823274784879559,0,0
M,Black,25–44,0.4793436035963215,0,0
M,Black,25–44,0.7451156437768434,1,1
M,Black,25–44,0.5338162283431288,0,1
M,Black,25–44,0.3223796158189868,0,0
M,Black,25–44,0.4147296168729241,0,0
M,Black,25–44,0.7011952219692723,1,1
M,Black,25–44,0.7536631066200115,1,1
M,Black,25–44,0.5398490297590645,1,1
M,Black,25–44,0.3230482584282108,0,0
M,Black,25–44,0.5536849463233194,1,1
M,Black,25–44,0.38250902614411386,0,0
M,Black,25–44,0.00306084732352907,0,0
M,Black,25–44,0.5972738591932549,1,1
M,Black,25–44,0.8101646618148077,1,1
M,Black,25–44,0.45168054671907615,0,0
M,Black,25–44,0.33550864368437905,0,0
M,Black,25–44,0.3616440662230349,0,0
M,Black,25–44,0.31958274596618785,0,0
M,Black,25–44,0.7489306009734934,1,1
M,Black,25–44,0.6429359076931045,1,1
M,Black,25–44,0.46914093565816817,0,0
M,Black,25–44,0.5589709430898796,1,1
M,Black,25–44,0.624763933657277,1,1
M,Black,25–44,0.5659799471359345,1,1
M,Black,25–44,0.42446555550236187,0,0
M,Black,25–44,0.42581960744186725,0,0
M,Black,25–44,0.5522931644395614,1,1
M,Black,25–44,0.4715312298029747,1,0
M,Black,25–44,0.30164930153185093,0,0
M,Black,25–44,0.7183686366523436,1,1
M,Black,25–44,0.3096407179965699,0,0
M,Black,25–44,0.41750453994409986,0,0
M,Black,25–44,0.6594444871249587,1,1
M,Black,25–44,0.5596383353158866,1,1
M,Black,25–44,0.4870322206812078,1,0
M,Black,25–44,0.7430800893622798,1,1
M,Black,25–44,0.5099989448317013,0,1
M,Black,25–44,0.6826374763004105,1,1
M,Black,25–44,0.5481922813746628,1,1
M,Black,25–44,0.5606855230888459,0,1
M,Black,25–44,0.35974955563083105,0,0
M,Black,25–44,0.5273039845342911,1,1
M,Black,25–44,0.5074434693890456,1,1
M,Black,25–44,0.6400510225938679,1,1
M,Black,25–44,0.27756411467686926,0,0
M,Black,25–44,0.2890193134718716,1,0
M,Black,25–44,0.44898997836037463,0,0
M,Black,25–44,0.5287877821921328,0,1
M,Black,25–44,0.3464935824911269,0,0
M,Black,25–44,0.5113460092423158,0,1
M,Black,25–44,0.25331009335874544,0,0
M,Black,25–44,0.44930221763650097,0,0
M,Black,25–44,0.19830866728008456,0,0
M,Black,25–44,0.6442640809596414,1,1
M,Black,25–44,0.7311210229695141,1,1
M,Black,25–44,0.3404022439576172,0,0
M,Black,25–44,0.6978395701988411,1,1
M,Black,25–44,0.4458629692664662,1,0
M,Black,25–44,0.3491721619678318,0,0
M,Black,25–44,0.6227908397363922,0,1
M,Black,25–44,0.568856036695529,1,1
M,Black,25–44,0.5390186293940373,0,1
M,Black,25–44,0.6577305618614816,1,1
M,Black,25–44,0.602160689124846,1,1
M,Black,25–44,0.2791309059988255,0,0
M,Black,25–44,0.4251445572217795,0,0
M,Black,25–44,0.09333623560722637,0,0
M,Black,25–44,0.6709945328116067,1,1
M,Black,25–44,0.44159881011044716,0,0
M,Black,25–44,0.4252170707368888,0,0
M,Black,25–44,0.43041393802625477,0,0
M,Black,25–44,0.25407000395009816,0,0
M,Black,25–44,0.6145168189833714,1,1
M,Black,25–44,0.6623819283470979,1,1
M,Black,25–44,0.3830504383960207,0,0
M,Black,25–44,0.40817683390254084,0,0
M,Black,25–44,0.357163789609565,0,0
M,Black,25–44,0.4524390905195127,0,0
M,Black,25–44,0.530483540686904,1,1
M,Black,25–44,0.6036178265150925,1,1
M,Black,25–44,0.3504685702432134,0,0
M,Black,25–44,0.5915399263877118,1,1
M,Black,25–44,0.6436272034532591,1,1
M,Black,25–44,0.4593027510822161,0,0
M,Black,25–44,0.7369667032222945,1,1
M,Black,25–44,0.1783512183352213,0,0
M,Black,25–44,0.628842983584554,1,1
M,Black,25–44,0.6501521141342957,1,1
M,Black,25–44,0.3799044937884698,0,0
M,Black,25–44,0.47508581540798417,1,0
M,Black,25–44,0.7232594864394162,1,1
M,Black,25–44,0.5404087636271633,1,1
M,Black,25–44,0.37072920217513144,0,0
M,Black,25–44,0.4073463967316908,0,0
M,Black,25–44,0.6105298116891312,1,1
M,Black,25–44,0.5181703617832473,0,1
M,Black,25–44,0.6088916744730225,1,1
M,Black,25–44,0.6793683348388596,1,1
M,Black,25–44,0.4192530583262689,0,0
M,Black,25–44,0.3789319981621983,0,0
M,Black,25–44,0.4806161681587672,1,0
M,Black,25–44,0.6404361962615683,1,1
M,Black,25–44,0.35599300038124027,0,0
M,Black,25–44,0.34681534773741474,0,0
M,Black,25–44,0.7178694488805798,1,1
M,Black,25–44,0.5507217449310536,1,1
M,Black,25–44,0.5562691275439822,0,1
M,Black,25–44,0.6448600631750347,1,1
M,Black,25–44,0.3387725042507789,0,0
M,Black,25–44,0.4973609092320604,0,0
M,Black,25–44,0.4656862306258968,0,0
M,Black,25–44,0.4962541622593617,1,0
M,Black,25–44,0.43132213902297295,0,0
M,Black,25–44,0.510495798920502,0,1
M,Black,25–44,0.5056147574784288,0,1
M,Black,25–44,0.379710707105706,0,0
M,Black,25–44,0.5441428278135299,1,1
M,Black,25–44,0.6289858550507115,1,1
M,Black,25–44,0.487142749514201,1,0
M,Black,25–44,0.47274918227444085,1,0
M,Black,25–44,0.33712710570929083,0,0
M,Black,25–44,0.48516293298532776,1,0
M,Black,25–44,0.48256936164380876,1,0
M,Black,25–44,0.18589851188550532,0,0
M,Black,25–44,0.6027879935472369,0,1
M,Black,25–44,0.3852012656483462,0,0
M,Black,25–44,0.5628878746314845,1,1
M,Black,25–44,0.7159322364993491,1,1
M,Black,25–44,0.4127034084592931,0,0
M,Black,25–44,0.5790079951212327,1,1
M,Black,25–44,0.5627418721157733,0,1
M,Black,25–44,0.5964983679223819,1,1
M,Black,25–44,0.16350997966177205,0,0
M,Black,25–44,0.16380294748716762,0,0
M,Black,25–44,0.6201895756406145,1,1
M,Black,25–44,0.5035223145570628,1,1
M,Black,25–44,0.6169597267262596,0,1
M,Black,25–44,0.6104689174901703,1,1
M,Black,25–44,0.5202880425120348,1,1
M,Black,25–44,0.568915589766364,1,1
M,Black,25–44,0.4605162968540278,1,0
M,Black,25–44,0.42855182686091325,0,0
M,Black,25–44,0.4365307801208436,1,0
M,Black,25–44,0.5903146802787111,1,1
M,Black,25–44,0.6285759204976593,0,1
M,Black,25–44,0.661531679211042,1,1
M,Black,25–44,0.6991394748754716,1,1
M,Black,25–44,0.5485313140971848,0,1
M,Black,25–44,0.560456653751407,0,1
M,Black,25–44,0.30847165018369405,0,0
M,Black,25–44,0.5646574064515197,0,1
M,Black,25–44,0.6286890642231113,0,1
M,Black,25–44,0.7681776307237815,1,1
M,Black,25–44,0.6572349872662768,1,1
M,Black,25–44,0.7181423366514972,1,1
M,Black,25–44,0.713143466786395,1,1
M,Black,25–44,0.5312044907089706,0,1
M,Black,25–44,0.6442149930269443,1,1
M,Black,25–44,0.3883105125159785,0,0
M,Black,25–44,0.3094381621901854,0,0
M,Black,25–44,0.29839533620213005,0,0
M,Black,25–44,0.6310913921723976,1,1
M,Black,25–44,0.3693555554053753,0,0
M,Black,25–44,0.34725070025335314,1,0
M,Black,25–44,0.43137539245935097,0,0
M,Black,25–44,0.4427906157953164,0,0
M,Black,25–44,0.7569469589711013,1,1
M,Black,25–44,0.5601538888384283,0,1
M,Black,25–44,0.4370665244009634,1,0
M,Black,25–44,0.4639391489272293,1,0
M,Black,25–44,0.4386909784291254,0,0
M,Black,25–44,0.764461608217768,1,1
M,Black,25–44,0.6748377914048845,1,1
M,Black,25–44,0.3512136711485858,0,0
M,Black,25–44,0.5583660734678747,1,1
M,Black,25–44,0.3005781932063105,0,0
M,Black,25–44,0.43677094920895565,1,0
M,Black,25–44,0.5038784110741579,0,1
M,Black,25–44,0.5487794953581469,1,1
M,Black,25–44,0.36455902300262516,0,0
M,Black,25–44,0.40378064460403296,1,0
M,Black,25–44,0.6394818414625847,1,1
M,Black,25–44,0.4271568259796902,0,0
M,Black,25–44,0.6038247632979964,1,1
M,Black,25–44,0.6807888163554419,1,1
M,Black,25–44,0.6210044697636722,1,1
M,Black,25–44,0.3608432577778953,0,0
M,Black,25–44,0.4287189610164286,0,0
M,Black,25–44,0.6405243806423682,1,1
M,Black,25–44,0.44527705765402364,0,0
M,Black,25–44,0.6621794709953501,1,1
M,Black,25–44,0.6877841561862832,1,1
M,Black,25–44,0.3877819861410775,0,0
M,Black,25–44,0.5340624140257186,1,1
M,Black,25–44,0.3568849294967472,0,0
M,Black,25–44,0.23145513085974068,0,0
M,Black,25–44,0.6051250427120478,1,1
M,Black,25–44,0.5939911766243665,1,1
M,Black,25–44,0.3438350978235937,0,0
M,Black,25–44,0.41267392174827267,0,0
M,Black,25–44,0.614085696794361,1,1
M,Black,25–44,0.39930497236157714,0,0
M,Black,25–44,0.5584540528721652,1,1
M,Black,25–44,0.29836184706522206,0,0
M,Black,25–44,0.4640646679766445,1,0
M,Black,25–44,0.6340267209361657,1,1
M,Black,25–44,0.45117072536871744,0,0
M,Black,25–44,0.4021459730777644,0,0
M,Black,25–44,0.6266908875376316,1,1
M,Black,25–44,0.4521973063024287,0,0
M,Black,25–44,0.28069406263788055,0,0
M,Black,25–44,0.2171168517611421,0,0
M,Black,25–44,0.5324316120779501,1,1
M,Black,25–44,0.6670546929382782,1,1
M,Black,25–44,0.7313093636891377,1,1
M,Black,25–44,0.6134663529304516,1,1
M,Black,25–44,0.4830373835982196,1,0
M,Black,25–44,0.48501321831005245,0,0
M,Black,25–44,0.6761866263910394,1,1
M,Black,25–44,0.5853579754661336,0,1
M,Black,25–44,0.3160497048114268,0,0
M,Black,25–44,0.3740974394961587,0,0
M,Black,25–44,0.4496644650203675,0,0
M,Black,25–44,0.5706111265212266,1,1
M,Black,25–44,0.2986929920155086,0,0
M,Black,25–44,0.18052529145872628,0,0
M,Black,25–44,0.6781521794130266,1,1
M,Black,25–44,0.6018207667038689,1,1
M,Black,25–44,0.6499047666535033,1,1
M,Black,25–44,0.19835077600487877,0,0
M,Black,25–44,0.5806815556159813,1,1
M,Black,25–44,0.46283990026944494,1,0
M,Black,25–44,0.6241987508910484,1,1
M,Black,25–44,0.2226216392533228,0,0
M,Black,25–44,0.3922007655431974,0,0
M,Black,25–44,0.4385315594111196,0,0
M,Black,25–44,0.6428601348010353,1,1
M,Black,25–44,0.4293037649037893,0,0
M,Black,25–44,0.6485779120805504,1,1
M,Black,25–44,0.30357593407837563,1,0
M,Black,25–44,0.47730827634819994,1,0
M,Black,25–44,0.6628465411057043,0,1
M,Black,25–44,0.6183337618910442,1,1
M,Black,25–44,0.29676603761522813,0,0
M,Black,25–44,0.5062735944335561,1,1
M,Black,25–44,0.3084672276242286,0,0
M,Black,25–44,0.4675425692339058,1,0
M,Black,25–44,0.6643214947012113,1,1
M,Black,25–44,0.5179701863916216,0,1
M,Black,25–44,0.5446728130893078,0,1
M,Black,25–44,0.6090200413578812,1,1
M,Black,25–44,0.4378717205559619,1,0
M,Black,25–44,0.605798611989998,1,1
M,Black,25–44,0.46571927019844345,0,0
M,Black,25–44,0.486256518221573,0,0
M,Black,25–44,0.38508173322055417,0,0
M,Black,25–44,0.6773623220963374,1,1
M,Black,25–44,0.8546633872807997,1,1
M,Black,25–44,0.4778528416436296,1,0
M,Black,25–44,0.6016090590456136,1,1
M,Black,25–44,0.5942217966932248,1,1
M,Black,25–44,0.4068043929229494,1,0
M,Black,25–44,0.3942258861833466,0,0
M,Black,25–44,0.0442980320020363,0,0
M,Black,25–44,0.2798741144923862,0,0
M,Black,25–44,0.5440922510509236,1,1
M,Black,25–44,0.5325981518946508,0,1
M,Black,25–44,0.47314602724137483,0,0
M,Black,25–44,0.6478025723672971,1,1
M,Black,25–44,0.4102511703439393,0,0
M,Black,25–44,0.5836514221863467,1,1
M,Black,25–44,0.5141098496260645,0,1
M,Black,25–44,0.43117387013321495,1,0
M,Black,25–44,0.8217008779014598,1,1
M,Black,25–44,0.37879553407281696,1,0
M,Black,25–44,0.36176809115683806,0,0
M,Black,25–44,0.5146964468702468,0,1
M,Black,25–44,0.5718984334506467,1,1
M,Black,25–44,0.18021188242720462,0,0
M,Black,25–44,0.3656483908685191,1,0
M,Black,25–44,0.6978342181257333,1,1
M,Black,25–44,0.3019519170167235,0,0
M,Black,25–44,0.5480068714723441,0,1
M,Black,25–44,0.5978330780643076,1,1
M,Black,25–44,0.6351932848200007,1,1
M,Black,25–44,0.4895881084038483,0,0
M,Black,25–44,0.3998748907500133,0,0
M,Black,25–44,0.6575696477119866,1,1
M,Black,25–44,0.6753443678293655,1,1
M,Black,25–44,0.11946659355958567,0,0
M,Black,25–44,0.4937971231510944,0,0
M,Black,25–44,0.5166243005174136,0,1
M,Black,25–44,0.646383723026227,1,1
M,Black,25–44,0.2555491560486836,0,0
M,Black,25–44,0.371603362054697,0,0
M,Black,25–44,0.5757963342062794,1,1
M,Black,25–44,0.41213922473451364,0,0
M,Black,25–44,0.8162467794175715,1,1
M,Black,25–44,0.3977456360149217,0,0
M,Black,25–44,0.4020830596542614,0,0
M,Black,25–44,0.6199877940120779,0,1
M,Black,25–44,0.45195619519474844,0,0
M,Black,25–44,0.4924300286768026,1,0
M,Black,25–44,0.345041537121388,0,0
M,Black,25–44,0.4772992725431529,1,0
M,Black,25–44,0.29004884804584785,0,0
M,Black,25–44,0.3724219184801872,0,0
M,Black,25–44,0.49597474848752976,1,0
M,Black,25–44,0.5044896901662052,0,1
M,Black,25–44,0.4730118011868385,0,0
M,Black,25–44,0.4736682974014436,1,0
M,Black,25–44,0.5618823762274613,1,1
M,Black,25–44,0.6714715022878354,1,1
M,Black,25–44,0.6312173488147051,1,1
M,Black,25–44,0.45084301491558,0,0
M,Black,25–44,0.5316897383598644,1,1
M,Black,25–44,0.2641088521542757,0,0
M,Black,25–44,0.40054795485552247,0,0
M,Black,25–44,0.41313190394064175,0,0
M,Black,25–44,0.6339521888837546,0,1
M,Black,25–44,0.3333733783067834,0,0
M,Black,25–44,0.4110154798437123,0,0
M,Black,25–44,0.37253966274153627,0,0
M,Black,25–44,0.48928441779235954,0,0
M,Black,25–44,0.4735353643972715,1,0
M,Black,25–44,0.415093587639104,1,0
M,Black,25–44,0.5397183780651186,1,1
M,Black,25–44,0.643921495706352,1,1
M,Black,25–44,0.4102796856608423,1,0
M,Black,25–44,0.3990299912122989,0,0
M,Black,25–44,0.580756699872768,1,1
M,Black,25–44,0.5422042129701203,0,1
M,Black,25–44,0.4555962660623966,0,0
M,Black,25–44,0.2686494801868863,0,0
M,Black,25–44,0.44745484639074573,1,0
M,Black,25–44,0.4666305978254118,0,0
M,Black,25–44,0.28990136242314174,0,0
M,Black,25–44,0.5872556416990571,1,1
M,Black,25–44,0.6131008244740491,1,1
M,Black,25–44,0.5324065870069115,0,1
M,Black,25–44,0.4915223783691832,1,0
M,Black,25–44,0.4285337441089106,0,0
M,Black,25–44,0.6142065443827611,1,1
M,Black,25–44,0.7791058377854547,1,1
M,Black,25–44,0.5111193469967009,0,1
M,Black,25–44,0.5878662357639999,0,1
M,Black,25–44,0.12846847414018947,0,0
M,Black,25–44,0.7094778283816615,1,1
M,Black,25–44,0.3018476156256493,0,0
M,Black,25–44,0.5124232821685084,1,1
M,Black,25–44,0.6551134146873274,1,1
M,Black,25–44,0.23767222001130672,0,0
M,Black,25–44,0.430904552333753,0,0
M,Black,25–44,0.5737351178023521,1,1
M,Black,25–44,0.6276383741949839,1,1
M,Black,25–44,0.42812151256349107,0,0
M,Black,25–44,0.45120975021586973,1,0
M,Black,25–44,0.3939255700232162,0,0
M,Black,25–44,0.34622351814433305,0,0
M,Black,25–44,0.38228740768481534,0,0
M,Black,25–44,0.3611636122225633,0,0
M,Black,25–44,0.4890810335411275,1,0
M,Black,25–44,0.7223336347052457,1,1
M,Black,25–44,0.6923517891761565,1,1
M,Black,25–44,0.49450505150662055,1,0
M,Black,25–44,0.37403787802557964,0,0
M,Black,25–44,0.3086363486500635,0,0
M,Black,25–44,0.3928676515324442,0,0
M,Black,25–44,0.42840713002980135,1,0
M,Black,25–44,0.40432963082679446,0,0
M,Black,25–44,0.7065756118975597,1,1
M,Black,25–44,0.4691299301524586,0,0
M,Black,25–44,0.4657803347792596,1,0
M,Black,25–44,0.5087251511530415,0,1
M,Black,25–44,0.6275901890648584,1,1
M,Black,25–44,0.566192366537956,1,1
M,Black,25–44,0.49775667462910334,0,0
M,Black,25–44,0.708472542410786,1,1
M,Black,25–44,0.5693216693653752,0,1
M,Black,25–44,0.509162641734329,1,1
M,Black,25–44,0.3938880240901259,1,0
M,Black,25–44,0.5624661007292172,1,1
M,Black,25–44,0.557185485057417,1,1
M,Black,25–44,0.5286416504653462,0,1
M,Black,25–44,0.5709901191370215,1,1
M,Black,25–44,0.4022271725108734,0,0
M,Black,25–44,0.3699513266170835,0,0
M,Black,25–44,0.46123187938892174,0,0
M,Black,45–64,0.3346957526681626,0,0
M,Black,45–64,0.45651515787966906,0,0
M,Black,45–64,0.6809108509905999,1,1
M,Black,45–64,0.48017818110939986,0,0
M,Black,45–64,0.6050365603576983,1,1
M,Black,45–64,0.5029951420600824,1,1
M,Black,45–64,0.5667702441441401,1,1
M,Black,45–64,0.4288794103087156,0,0
M,Black,45–64,0.4948300112393176,0,0
M,Black,45–64,0.5199054540638927,1,1
M,Black,45–64,0.15882965705500368,0,0
M,Black,45–64,0.3643545682456493,0,0
M,Black,45–64,0.6170269521793295,0,1
M,Black,45–64,0.5948642608113043,1,1
M,Black,45–64,0.607716610069154,1,1
M,Black,45–64,0.22199532050979662,0,0
M,Black,45–64,0.5365470222584189,1,1
M,Black,45–64,0.49391842360221394,0,0
M,Black,45–64,0.3129829467963277,0,0
M,Black,45–64,0.36364311224533286,0,0
M,Black,45–64,0.455481568199094,0,0
M,Black,45–64,0.594038483311978,0,1
M,Black,45–64,0.7054967948251727,1,1
M,Black,45–64,0.8124746271464428,1,1
M,Black,45–64,0.6866877570401118,0,1
M,Black,45–64,0.8089456475216887,1,1
M,Black,45–64,0.6647600015883534,1,1
M,Black,45–64,0.310755509922107,1,0
M,Black,45–64,0.5085456884150404,1,1
M,Black,45–64,0.680199443681004,1,1
M,Black,45–64,0.4165357095483664,0,0
M,Black,45–64,0.4357499118719461,1,0
M,Black,45–64,0.5203581219349287,1,1
M,Black,45–64,0.41740104113182164,0,0
M,Black,45–64,0.7762783916852094,1,1
M,Black,45–64,0.5217411161217184,0,1
M,Black,45–64,0.5569437902846888,1,1
M,Black,45–64,0.446742234887907,0,0
M,Black,45–64,0.4347629622213098,0,0
M,Black,45–64,0.1682008295453845,0,0
M,Black,45–64,0.5334702623152082,1,1
M,Black,45–64,0.34995343252427813,0,0
M,Black,45–64,0.492696220730485,1,0
M,Black,45–64,0.5248569178535678,1,1
M,Black,45–64,0.6158449193437027,1,1
M,Black,45–64,0.4877681913346906,0,0
M,Black,45–64,0.4848023010483859,1,0
M,Black,45–64,0.5472788609988529,1,1
M,Black,45–64,0.8741888769590623,1,1
M,Black,45–64,0.4172369301903895,0,0
M,Black,45–64,0.4324820167640434,0,0
M,Black,45–64,0.4792048322540351,1,0
M,Black,45–64,0.48491453189636163,0,0
M,Black,45–64,0.6036339043287585,1,1
M,Black,45–64,0.4342065334423151,1,0
M,Black,45–64,0.32489768971878497,0,0
M,Black,45–64,0.5536747453258428,1,1
M,Black,45–64,0.59386236086372,0,1
M,Black,45–64,0.46200002667258067,1,0
M,Black,45–64,0.48579312695993027,1,0
M,Black,45–64,0.27360598313052503,0,0
M,Black,45–64,0.513571885317971,1,1
M,Black,45–64,0.5263481083650623,1,1
M,Black,45–64,0.43800910946201477,0,0
M,Black,45–64,0.47668274797440946,0,0
M,Black,45–64,0.3142308988951642,0,0
M,Black,45–64,0.45117582199075695,0,0
M,Black,45–64,0.45793364146343574,1,0
M,Black,45–64,0.41128899692894916,0,0
M,Black,45–64,0.48020358562990356,1,0
M,Black,45–64,0.2678195906966724,0,0
M,Black,45–64,0.7449447345622222,1,1
M,Black,45–64,0.6006235994865499,1,1
M,Black,45–64,0.5871796925441799,1,1
M,Black,45–64,0.5806236455252812,1,1
M,Black,45–64,0.28648607641129914,0,0
M,Black,45–64,0.3595908761572197,0,0
M,Black,45–64,0.7449988951001942,0,1
M,Black,45–64,0.5429924602437679,1,1
M,Black,45–64,0.3666936036060372,0,0
M,Black,45–64,0.442837725277062,1,0
M,Black,45–64,0.6655314078314726,1,1
M,Black,45–64,0.33922535471878695,0,0
M,Black,45–64,0.39851136406623777,1,0
M,Black,45–64,0.5636602649644751,1,1
M,Black,45–64,0.5017382736668506,0,1
M,Black,45–64,0.6435479413191696,1,1
M,Black,45–64,0.529587817845341,1,1
M,Black,45–64,0.3418304339420891,1,0
M,Black,45–64,0.5345149533876835,1,1
M,Black,45–64,0.3871576354732911,0,0
M,Black,45–64,0.6347945629171411,0,1
M,Black,45–64,0.7383809827646841,1,1
M,Black,45–64,0.6345639107707468,1,1
M,Black,45–64,0.4468137209577682,1,0
M,Black,45–64,0.5200906254520001,0,1
M,Black,45–64,0.5222649539922029,1,1
M,Black,45–64,0.3642630578880292,0,0
M,Black,45–64,0.3834989046028583,1,0
M,Black,45–64,0.5313716666695848,0,1
M,Black,45–64,0.5047608313409129,0,1
M,Black,45–64,0.5221527324166395,1,1
M,Black,45–64,0.25321502380600924,0,0
M,Black,45–64,0.38590721011225765,0,0
M,Black,45–64,0.5142014428761281,1,1
M,Black,45–64,0.4358978927206865,0,0
M,Black,45–64,0.5956572980907956,1,1
M,Black,45–64,0.668050349574494,1,1
M,Black,45–64,0.5664643235456903,1,1
M,Black,45–64,0.4400183538581568,0,0
M,Black,45–64,0.4174020113656199,0,0
M,Black,45–64,0.4375728212119144,0,0
M,Black,45–64,0.5142952563772145,0,1
M,Black,45–64,0.49466651635700665,0,0
M,Black,45–64,0.3775427400794275,0,0
M,Black,45–64,0.4612363611929651,0,0
M,Black,45–64,0.5602454536126976,1,1
M,Black,45–64,0.554831701686437,1,1
M,Black,45–64,0.4871730665300694,0,0
M,Black,45–64,0.45924140900475546,0,0
M,Black,45–64,0.787236826057898,1,1
M,Black,45–64,0.4711727383887813,1,0
M,Black,45–64,0.5947081364605409,1,1
M,Black,45–64,0.44673123039901114,0,0
M,Black,45–64,0.5639789881781421,0,1
M,Black,45–64,0.7587586832038673,1,1
M,Black,45–64,0.6486214803281911,1,1
M,Black,45–64,0.3458726011777569,0,0
M,Black,45–64,0.6859272599698468,0,1
M,Black,45–64,0.444021274640664,0,0
M,Black,45–64,0.2250451808207808,1,0
M,Black,45–64,0.6255631777787608,1,1
M,Black,45–64,0.3762155880209225,0,0
M,Black,45–64,0.5600924447804484,1,1
M,Black,45–64,0.4787066599279722,1,0
M,Black,45–64,0.4743856444372089,0,0
M,Black,45–64,0.433055876121786,0,0
M,Black,45–64,0.6283800966720645,1,1
M,Black,45–64,0.47348560179341836,1,0
M,Black,45–64,0.5157053306096959,0,1
M,Black,45–64,0.5997029230956615,1,1
M,Black,45–64,0.4322265708930398,0,0
M,Black,45–64,0.6257653684681086,1,1
M,Black,45–64,0.7346853559467331,1,1
M,Black,45–64,0.609215199248803,1,1
M,Black,45–64,0.5561942328990455,1,1
M,Black,45–64,0.10977055945175268,0,0
M,Black,45–64,0.4341990480815432,1,0
M,Black,45–64,0.6488408925319811,1,1
M,Black,45–64,0.39378379822784976,0,0
M,Black,45–64,0.7654863471478894,1,1
M,Black,45–64,0.42425756866632547,0,0
M,Black,45–64,0.6359534131696682,1,1
M,Black,45–64,0.6118218696916463,1,1
M,Black,45–64,0.8274569021208674,1,1
M,Black,45–64,0.512200337269757,1,1
M,Black,45–64,0.6088935860140792,1,1
M,Black,45–64,0.43431828988095267,0,0
M,Black,45–64,0.49379562749605266,1,0
M,Black,45–64,0.6457097503292664,1,1
M,Black,45–64,0.4714666439313506,1,0
M,Black,45–64,0.39863957083888824,1,0
M,Black,45–64,0.5345781997997251,1,1
M,Black,45–64,0.2974143241655569,0,0
M,Black,45–64,0.7758699440085287,1,1
M,Black,45–64,0.42124387997872853,0,0
M,Black,45–64,0.5496271922953032,1,1
M,Black,45–64,0.6685617980695294,1,1
M,Black,45–64,0.5491967244359366,0,1
M,Black,45–64,0.379522546306686,0,0
M,Black,45–64,0.2964410142767883,0,0
M,Black,45–64,0.6146880151291454,1,1
M,Black,45–64,0.4401800082127364,0,0
M,Black,45–64,0.4464487149478399,0,0
M,Black,45–64,0.6284516153737633,1,1
M,Black,45–64,0.3522068802559061,0,0
M,Black,45–64,0.24965641512203712,0,0
M,Black,45–64,0.4985496261010708,0,0
M,Black,45–64,0.42927140778670614,0,0
M,Black,45–64,0.5611257844318864,1,1
M,Black,45–64,0.9102512969327012,1,1
M,Black,45–64,0.5202460482611525,0,1
M,Black,45–64,0.3730185319544542,0,0
M,Black,45–64,0.34721210208911774,0,0
M,Black,45–64,0.6087520118309345,1,1
M,Black,45–64,0.4477007882794915,0,0
M,Black,45–64,0.382435666318154,0,0
M,Black,45–64,0.6334570813519479,1,1
M,Black,45–64,0.5704908157070976,1,1
M,Black,45–64,0.42152843645353855,0,0
M,Black,45–64,0.6564631827900989,1,1
M,Black,45–64,0.4914629231557992,0,0
M,Black,45–64,0.3493564605546461,1,0
M,Black,45–64,0.6371492486207859,1,1
M,Black,45–64,0.37800217704461575,1,0
M,Black,45–64,0.3965365973318704,0,0
M,Black,45–64,0.5123806395652846,1,1
M,Black,45–64,0.6552516421773579,0,1
M,Black,45–64,0.35973123461093637,0,0
M,Black,45–64,0.41857996007974274,0,0
M,Black,45–64,0.4052737820904858,1,0
M,Black,45–64,0.5329437094586065,1,1
M,Black,45–64,0.7559573503872979,1,1
M,Black,45–64,0.6323761285103772,1,1
M,Black,45–64,0.5590880008910641,1,1
M,Black,45–64,0.5948387084543623,1,1
M,Black,45–64,0.8141522644016377,1,1
M,Black,45–64,0.56028408891123,1,1
M,Black,45–64,0.7045213274295968,1,1
M,Black,45–64,0.49300634697190526,0,0
M,Black,45–64,0.7042746873279849,1,1
M,Black,45–64,0.5596425955818474,1,1
M,Black,45–64,0.4411401770549407,1,0
M,Black,45–64,0.8594754832517686,1,1
M,Black,45–64,0.3771494627139342,0,0
M,Black,45–64,0.37102611450774703,0,0
M,Black,45–64,0.3374971320662552,0,0
M,Black,45–64,0.4618494329874242,0,0
M,Black,45–64,0.4938698509439554,1,0
M,Black,45–64,0.8188208224757751,1,1
M,Black,45–64,0.33271272603878926,0,0
M,Black,45–64,0.353513746336527,0,0
M,Black,45–64,0.7535978151382327,1,1
M,Black,45–64,0.35196763241090534,0,0
M,Black,45–64,0.2653669738475368,0,0
M,Black,45–64,0.49324188210620484,0,0
M,Black,45–64,0.5200762699144683,1,1
M,Black,45–64,0.7386442277516413,1,1
M,Black,45–64,0.3530836478710612,0,0
M,Black,45–64,0.4201197174376708,0,0
M,Black,45–64,0.5530208838730157,0,1
M,Black,45–64,0.5648130636717386,0,1
M,Black,45–64,0.449751518962892,1,0
M,Black,45–64,0.3434086037388134,0,0
M,Black,45–64,0.7040631307115462,1,1
M,Black,45–64,0.4065022118747246,0,0
M,Black,45–64,0.5681979097385486,1,1
M,Black,45–64,0.19223911978647973,0,0
M,Black,45–64,0.6847465178866494,1,1
M,Black,45–64,0.5080845083967129,0,1
M,Black,45–64,0.6767862521972098,1,1
M,Black,45–64,0.7953550496761085,1,1
M,Black,45–64,0.6258500588211091,1,1
M,Black,45–64,0.7451567921020128,1,1
M,Black,45–64,0.4533535049530202,0,0
M,Black,45–64,0.5681539840390276,1,1
M,Black,45–64,0.5915880019468549,1,1
M,Black,45–64,0.5428228672304246,1,1
M,Black,45–64,0.48254945126201565,1,0
M,Black,45–64,0.4123191574844263,1,0
M,Black,45–64,0.5447730530174443,0,1
M,Black,45–64,0.5166152438489788,1,1
M,Black,45–64,0.3254412872829381,0,0
M,Black,45–64,0.42431645014533814,1,0
M,Black,45–64,0.25844994423396983,0,0
M,Black,45–64,0.6361739589271012,1,1
M,Black,45–64,0.6781194226849037,1,1
M,Black,45–64,0.41048468762749907,0,0
M,Black,45–64,0.5864555824754036,1,1
M,Black,45–64,0.30346679406712457,0,0
M,Black,45–64,0.48883804778691176,0,0
M,Black,45–64,0.4155178523192701,1,0
M,Black,45–64,0.3853453417641095,1,0
M,Black,45–64,0.46926399206426395,1,0
M,Black,45–64,0.4597653684783633,0,0
M,Black,45–64,0.38551715751481686,1,0
M,Black,45–64,0.3225626167424998,0,0
M,Black,45–64,0.6020146571697207,0,1
M,Black,45–64,0.6409668814721019,1,1
M,Black,45–64,0.4371719997603265,1,0
M,Black,45–64,0.508231863162283,1,1
M,Black,45–64,0.22175159213930987,0,0
M,Black,45–64,0.7387133029418578,1,1
M,Black,45–64,0.40489540095796456,0,0
M,Black,45–64,0.7177830831891336,1,1
M,Black,45–64,0.5984928694746771,1,1
M,Black,45–64,0.5585295109386785,1,1
M,Black,45–64,0.4675873700945393,0,0
M,Black,45–64,0.7244062032623126,1,1
M,Black,45–64,0.47290258476751923,1,0
M,Black,45–64,0.6209398428191648,1,1
M,Black,45–64,0.2214285030415074,0,0
M,Black,45–64,0.46189966093828555,0,0
M,Black,45–64,0.40512213822359694,0,0
M,Black,45–64,0.4586321015621796,0,0
M,Black,45–64,0.8645483584842522,1,1
M,Black,45–64,0.6547599230991805,0,1
M,Black,45–64,0.5154933727494766,0,1
M,Black,45–64,0.3989055713560594,0,0
M,Black,45–64,0.31736998861809845,1,0
M,Black,45–64,0.23527438612288196,0,0
M,Black,45–64,0.6276530105992157,1,1
M,Black,45–64,0.47994101133227673,0,0
M,Black,45–64,0.6316464526907523,1,1
M,Black,45–64,0.5848729929247175,1,1
M,Black,45–64,0.6096133025674214,1,1
M,Black,45–64,0.5939974221349448,1,1
M,Black,45–64,0.417512638811812,0,0
M,Black,45–64,0.44512271938611125,0,0
M,Black,45–64,0.4591228758892487,1,0
M,Black,45–64,0.4900207970084027,1,0
M,Black,45–64,0.3285225323939065,0,0
M,Black,45–64,0.39253846192386804,0,0
M,Black,45–64,0.5197986928565107,0,1
M,Black,45–64,0.5122546031176172,0,1
M,Black,45–64,0.6544175579902298,1,1
M,Black,45–64,0.6110480466964264,1,1
M,Black,45–64,0.20067006751966804,0,0
M,Black,45–64,0.4840161774495277,0,0
M,Black,45–64,0.4418407869864363,0,0
M,Black,45–64,0.35493409475012994,0,0
M,Black,45–64,0.4882446391790208,0,0
M,Black,45–64,0.5833707448348902,1,1
M,Black,45–64,0.48070357100874733,1,0
M,Black,45–64,0.7138104352710607,1,1
M,Black,45–64,0.5649652461069414,1,1
M,Black,45–64,0.472213325129456,0,0
M,Black,45–64,0.3468730477621612,0,0
M,Black,45–64,0.424189282879502,0,0
M,Black,45–64,0.40991341810978527,0,0
M,Black,45–64,0.41647068767446055,0,0
M,Black,45–64,0.3958783711481712,0,0
M,Black,45–64,0.4906826318897047,0,0
M,Black,45–64,0.7370581418859954,1,1
M,Black,45–64,0.5437963113030901,1,1
M,Black,45–64,0.5961914141477277,1,1
M,Black,45–64,0.6948430201850759,1,1
M,Black,45–64,0.5938566921006523,1,1
M,Black,45–64,0.4517800745186292,1,0
M,Black,45–64,0.4789923142269401,1,0
M,Black,45–64,0.5214850912655251,1,1
M,Black,45–64,0.6710220108233833,1,1
M,Black,45–64,0.6874675217222106,1,1
M,Black,45–64,0.6329244497634392,1,1
M,Black,45–64,0.7290200841574357,1,1
M,Black,45–64,0.6935977488217784,1,1
M,Black,45–64,0.5351647388097881,1,1
M,Black,45–64,0.3645019211705762,1,0
M,Black,45–64,0.3702969535467638,0,0
M,Black,45–64,0.3677855967484867,0,0
M,Black,45–64,0.5663387721122506,1,1
M,Black,45–64,0.5741478129493476,1,1
M,Black,45–64,0.5702806723345297,0,1
M,Black,45–64,0.5939689226805388,1,1
M,Black,45–64,0.316740156431524,0,0
M,Black,45–64,0.5152010033291042,0,1
M,Black,45–64,0.3606334121227299,0,0
M,Black,45–64,0.6570683912094024,1,1
M,Black,45–64,0.30369904158951244,0,0
M,Black,45–64,0.26640541221923236,0,0
M,Black,45–64,0.39530697592124564,0,0
M,Black,45–64,0.6789153661600817,0,1
M,Black,45–64,0.5969439463689168,1,1
M,Black,45–64,0.6563624656810165,1,1
M,Black,45–64,0.24038079662857445,0,0
M,Black,45–64,0.537341478335364,1,1
M,Black,45–64,0.8462612756492622,1,1
M,Black,45–64,0.7250462307757577,1,1
M,Black,45–64,0.6463417237230383,1,1
M,Black,45–64,0.30969243297230764,1,0
M,Black,45–64,0.4522401466164041,1,0
M,Black,45–64,0.7486119312612158,1,1
M,Black,45–64,0.5740682971112456,1,1
M,Black,45–64,0.5266092986943202,1,1
M,Black,45–64,0.3087430516639435,0,0
M,Black,45–64,0.4276607953295469,0,0
M,Black,45–64,0.644884661320722,1,1
M,Black,45–64,0.42437252117487345,1,0
M,Black,45–64,0.4912750744197671,0,0
M,Black,45–64,0.6209601383623327,0,1
M,Black,45–64,0.4831312104084826,0,0
M,Black,45–64,0.4743152260478735,1,0
M,Black,45–64,0.6146588509424681,0,1
M,Black,45–64,0.4009260046600611,1,0
M,Black,45–64,0.4149161702371313,0,0
M,Black,45–64,0.3616105694504057,0,0
M,Black,45–64,0.4903467600461051,0,0
M,Black,45–64,0.5529472753454223,1,1
M,Black,45–64,0.5644436751708188,0,1
M,Black,45–64,0.2530598324826643,0,0
M,Black,65+,0.7818387871109246,0,1
M,Black,65+,0.6894722229386328,1,1
M,Black,65+,0.3822979077826038,1,0
M,Black,65+,0.49179041232224274,1,0
M,Black,65+,0.6386637373489408,1,1
M,Black,65+,0.6462578676174798,1,1
M,Black,65+,0.4182179728057449,1,0
M,Black,65+,0.37193408249353804,0,0
M,Black,65+,0.5818937769248648,1,1
M,Black,65+,0.47120911296632445,1,0
M,Black,65+,0.4773315946495522,0,0
M,Black,65+,0.5195522184992906,0,1
M,Black,65+,0.5165395452342748,1,1
M,Black,65+,0.6881500895894408,1,1
M,Black,65+,0.3848596480186977,0,0
M,Black,65+,0.3564574806072104,0,0
M,Black,65+,0.29279405282019266,0,0
M,Black,65+,0.7571682814756238,1,1
M,Black,65+,0.5762981032113041,0,1
M,Black,65+,0.5787605626526824,1,1
M,Black,65+,0.4265124809586604,0,0
M,Black,65+,0.4956275337986705,0,0
M,Black,65+,0.5963843227737117,1,1
M,Black,65+,0.4447967825109352,0,0
M,Black,65+,0.4685308437005009,0,0
M,Black,65+,0.5289185556978148,0,1
M,Black,65+,0.3928270611068961,0,0
M,Black,65+,0.442699556307956,0,0
M,Black,65+,0.496679905893222,1,0
M,Black,65+,0.324901137426524,0,0
M,Black,65+,0.5052929535814371,0,1
M,Black,65+,0.4821371137662204,0,0
M,Black,65+,0.6175712525642187,1,1
M,Black,65+,0.6986694097413675,1,1
M,Black,65+,0.6263294431943625,0,1
M,Black,65+,0.36094067934927154,0,0
M,Black,65+,0.6575887510572279,1,1
M,Black,65+,0.44971432010116824,1,0
M,Black,65+,0.5139952187023696,1,1
M,Black,65+,0.41570615474454164,1,0
M,Black,65+,0.5021157884097642,0,1
M,Black,65+,0.4684925291788421,0,0
M,Black,65+,0.5352268179031794,0,1
M,Black,65+,0.35089467039418576,1,0
M,Black,65+,0.38617410561466786,0,0
M,Black,65+,0.5543769469321158,0,1
M,Black,65+,0.41149176364439416,0,0
M,Black,65+,0.44082643747851796,0,0
M,Black,65+,0.5002492356707178,1,1
M,Black,65+,0.4275577619186212,0,0
M,Black,65+,0.43745730581810544,0,0
M,Black,65+,0.4018026211343677,0,0
M,Black,65+,0.3306278682211481,1,0
M,Black,65+,0.46661065968288157,0,0
M,Black,65+,0.5718129138131528,0,1
M,Black,65+,0.397764202151768,1,0
M,Black,65+,0.34912314528724575,0,0
M,Black,65+,0.4507409095833617,0,0
M,Black,65+,0.5052990860545921,0,1
M,Black,65+,0.7941763129180512,1,1
M,Black,65+,0.5659265006621846,1,1
M,Black,65+,0.2984448389540143,0,0
M,Black,65+,0.6033960238449758,1,1
M,Black,65+,0.41728073341962785,0,0
M,Black,65+,0.5691008798462611,1,1
M,Black,65+,0.515547556500465,0,1
M,Black,65+,0.6351466794034901,0,1
M,Black,65+,0.684837795692814,1,1
M,Black,65+,0.5813482815421817,0,1
M,Black,65+,0.4431104002813224,1,0
M,Black,65+,0.4182870628978244,1,0
M,Black,65+,0.5783634230167539,1,1
M,Black,65+,0.49104925367961505,1,0
M,Black,65+,0.5095220912446913,0,1
M,Black,65+,0.6881192003457529,1,1
M,Black,65+,0.38769820901574553,0,0
M,Black,65+,0.5606141405826203,0,1
M,Black,65+,0.6561507473359128,1,1
M,Black,65+,0.5775888649058492,1,1
M,Black,65+,0.6312531274816897,0,1
M,Black,65+,0.39604812756458674,0,0
M,Black,65+,0.4579696503900586,0,0
M,Black,65+,0.4358565013783867,0,0
M,Black,65+,0.6893465028792864,1,1
M,Black,65+,0.3433023755554694,0,0
M,Black,65+,0.5489860643458695,1,1
M,Black,65+,0.6333937207424063,1,1
M,Black,65+,0.3178622163425779,0,0
M,Black,65+,0.17525212926334094,0,0
M,Black,65+,0.8283568004912467,1,1
M,Black,65+,0.4203955789938514,0,0
M,Black,65+,0.35751638666409596,0,0
M,Black,65+,0.4392741327769119,0,0
M,Black,65+,0.34561832468915005,1,0
M,Black,65+,0.3870727090074189,0,0
M,Black,65+,0.5931894476333754,1,1
M,Black,65+,0.5107319499779855,0,1
M,Black,65+,0.24758566282399389,0,0
M,Black,65+,0.48003203733313127,1,0
M,Black,65+,0.49969180989825585,0,0
M,Black,65+,0.1487901566007067,0,0
M,Black,65+,0.48278105076082317,1,0
M,Black,65+,0.4991263822561457,0,0
M,Black,65+,0.5095250886045976,1,1
M,Black,65+,0.4312240958714371,1,0
M,Black,65+,0.37398768606555655,0,0
M,Black,65+,0.4754312204444613,0,0
M,Black,65+,0.4502118749906885,1,0
M,Black,65+,0.3352275627901758,0,0
M,Black,65+,0.7354460659924873,1,1
M,Black,65+,0.4401943265634201,1,0
M,Black,65+,0.6514322675912225,1,1
M,Black,65+,0.7553567922647325,1,1
M,Black,65+,0.5076397945354082,1,1
M,Black,65+,0.35726500827319047,0,0
M,Black,65+,0.678833680136745,1,1
M,Black,65+,0.5951957253308664,1,1
M,Black,65+,0.4369528037146523,0,0
M,Black,65+,0.6277524036725282,0,1
M,Black,65+,0.4277258386064861,1,0
M,Black,65+,0.4987242966617576,1,0
M,Black,65+,0.6391377768141268,1,1
M,Black,65+,0.5547956504506303,1,1
M,Black,65+,0.6145461813392059,1,1
M,Black,65+,0.27604099246117864,0,0
M,Black,65+,0.5608118101057255,1,1
M,Black,65+,0.4574628022597478,1,0
M,Black,65+,0.35187574273284183,0,0
M,Black,65+,0.484559358249977,1,0
M,Black,65+,0.43786894635371315,0,0
M,Black,65+,0.647406660387887,0,1
M,Black,65+,0.4941034549230366,0,0
M,Black,65+,0.44313092516794206,1,0
M,Black,65+,0.5735478018541273,0,1
M,Black,65+,0.47722852376196756,1,0
M,Black,65+,0.40261767513019103,0,0
M,Black,65+,0.7974722596198284,1,1
M,Black,65+,0.5480178747863759,0,1
M,Black,65+,0.48702925200652886,1,0
M,Black,65+,0.28061745635809177,1,0
M,Black,65+,0.4004233705826282,0,0
M,Black,65+,0.7023942416816792,1,1
M,Black,65+,0.16887404909495768,0,0
M,Black,65+,0.43279673934105456,0,0
M,Black,65+,0.5402110866460937,0,1
M,Black,65+,0.5735455297437236,1,1
M,Black,65+,0.40742115172276017,1,0
M,Black,65+,0.41787251423859806,1,0
M,Black,65+,0.5138511474332126,1,1
M,Black,65+,0.5459217435143497,1,1
M,Black,65+,0.5459391808064278,1,1
M,Black,65+,0.40056817641014203,0,0
M,Black,65+,0.7578693049017193,1,1
M,Black,65+,0.5881529795646051,0,1
M,Black,65+,0.3050844178840486,1,0
M,Black,65+,0.5385626963788503,1,1
M,Black,65+,0.4909913648400554,0,0
M,Black,65+,0.4626321537238697,1,0
M,Black,65+,0.7154101003219795,1,1
M,Black,65+,0.46253721668189607,1,0
F,Black,Under 25,0.3813300296088895,0,0
F,Black,Under 25,0.2931421741414385,0,0
F,Black,Under 25,0.4691060845249864,0,0
F,Black,Under 25,0.7539128662456868,1,1
F,Black,Under 25,0.6672047982201315,1,1
F,Black,Under 25,0.4165281102524299,0,0
F,Black,Under 25,0.19658521976343868,1,0
F,Black,Under 25,0.6387517085937431,0,1
F,Black,Under 25,0.25884585498999857,0,0
F,Black,Under 25,0.47500481125586835,0,0
F,Black,Under 25,0.4762939182654092,0,0
F,Black,Under 25,0.46835129689035887,1,0
F,Black,Under 25,0.35802489299797646,1,0
F,Black,Under 25,0.3907638602013785,0,0
F,Black,Under 25,0.5923863629941087,1,1
F,Black,Under 25,0.5522376837905066,0,1
F,Black,Under 25,0.28730039255929984,1,0
F,Black,Under 25,0.18351051537902172,0,0
F,Black,Under 25,0.3764415952913398,0,0
F,Black,Under 25,0.4778301587534226,0,0
F,Black,Under 25,0.5056597650343848,1,1
F,Black,Under 25,0.4903442010769688,0,0
F,Black,Under 25,0.38760011909201564,0,0
F,Black,Under 25,0.47246685321460835,1,0
F,Black,Under 25,0.30721205029779347,1,0
F,Black,Under 25,0.3728146042654478,0,0
F,Black,Under 25,0.4944227781117645,0,0
F,Black,Under 25,0.11063368007666141,0,0
F,Black,Under 25,0.5003638380826566,1,1
F,Black,Under 25,0.5963497004503189,1,1
F,Black,Under 25,0.42555575054475003,0,0
F,Black,Under 25,0.3442883139597094,0,0
F,Black,Under 25,0.3823650221584162,0,0
F,Black,Under 25,0.43674252555510085,0,0
F,Black,Under 25,0.18512299314512468,0,0
F,Black,Under 25,0.4132356242529704,0,0
F,Black,Under 25,0.5553963709289135,1,1
F,Black,Under 25,0.52069761354869,0,1
F,Black,Under 25,0.2507202738624677,0,0
F,Black,Under 25,0.4919700406291171,0,0
F,Black,Under 25,0.3377667894326486,0,0
F,Black,Under 25,0.4934934900725452,1,0
F,Black,Under 25,0.33784406180676274,1,0
F,Black,Under 25,0.5646318652224734,0,1
F,Black,Under 25,0.5467541684143353,0,1
F,Black,Under 25,0.49830710843868814,1,0
F,Black,Under 25,0.24360619577112425,0,0
F,Black,Under 25,0.4496769235463622,0,0
F,Black,Under 25,0.47634974764340354,1,0
F,Black,Under 25,0.4573250305547048,0,0
F,Black,Under 25,0.43766849560936105,0,0
F,Black,Under 25,0.3299262769724424,0,0
F,Black,Under 25,0.4164061911187439,1,0
F,Black,Under 25,0.47969642058108525,1,0
F,Black,Under 25,0.5189121016599304,1,1
F,Black,Under 25,0.20460507877071024,0,0
F,Black,Under 25,0.48855966142410345,1,0
F,Black,Under 25,0.6721773159654099,1,1
F,Black,Under 25,0.43701703142617093,1,0
F,Black,Under 25,0.43386942492101255,0,0
F,Black,Under 25,0.46289508606543384,0,0
F,Black,Under 25,0.6247544477578832,0,1
F,Black,Under 25,0.35144876010268195,1,0
F,Black,Under 25,0.300322216857217,1,0
F,Black,Under 25,0.3511204555636408,0,0
F,Black,Under 25,0.49709265739692143,0,0
F,Black,Under 25,0.40783292170062574,0,0
F,Black,Under 25,0.28793250103857393,0,0
F,Black,Under 25,0.40383630884036187,1,0
F,Black,Under 25,0.6342148252982689,1,1
F,Black,Under 25,0.43338835776097606,1,0
F,Black,Under 25,0.5081866349874357,0,1
F,Black,Under 25,0.4613088045554817,0,0
F,Black,Under 25,0.2352649671293893,1,0
F,Black,Under 25,0.41691146527759904,0,0
F,Black,Under 25,0.5208247270977086,0,1
F,Black,Under 25,0.4845246824687751,0,0
F,Black,Under 25,0.3464788499060222,0,0
F,Black,Under 25,0.5462685326259686,1,1
F,Black,Under 25,0.571109048707615,0,1
F,Black,Under 25,0.33049478812849054,0,0
F,Black,Under 25,0.5299460282105912,0,1
F,Black,Under 25,0.4659328280011602,1,0
F,Black,Under 25,0.7814132383847157,1,1
F,Black,Under 25,0.39085296969506383,0,0
F,Black,Under 25,0.6904666600975585,1,1
F,Black,Under 25,0.6511665357046581,1,1
F,Black,Under 25,0.4664892119818772,1,0
F,Black,Under 25,0.5014348845026269,1,1
F,Black,Under 25,0.41985596397304026,1,0
F,Black,Under 25,0.6875777884426358,1,1
F,Black,Under 25,0.46263358982165126,0,0
F,Black,Under 25,0.520519396080259,1,1
F,Black,Under 25,0.41076295302553406,0,0
F,Black,Under 25,0.4475618903243569,0,0
F,Black,Under 25,0.657965778291167,0,1
F,Black,Under 25,0.20266193946774225,1,0
F,Black,Under 25,0.7268356451449416,1,1
F,Black,Under 25,0.35750991466128546,0,0
F,Black,Under 25,0.29267341547295067,0,0
F,Black,Under 25,0.25574405610590767,1,0
F,Black,Under 25,0.5027726843877501,0,1
F,Black,Under 25,0.3727452924500709,1,0
F,Black,Under 25,0.5188007695315968,1,1
F,Black,Under 25,0.3998287369251342,1,0
F,Black,Under 25,0.5526570857454637,1,1
F,Black,Under 25,0.3413542724570736,0,0
F,Black,Under 25,0.32134817820445216,1,0
F,Black,Under 25,0.37141649804438825,0,0
F,Black,Under 25,0.4395831110145496,0,0
F,Black,Under 25,0.3709737374091065,1,0
F,Black,Under 25,0.5065217586990481,0,1
F,Black,Under 25,0.41501130891107746,0,0
F,Black,Under 25,0.504889211148909,0,1
F,Black,Under 25,0.3720405895616087,0,0
F,Black,Under 25,0.21028909563571074,1,0
F,Black,Under 25,0.4697092160798993,0,0
F,Black,Under 25,0.6223639458812373,0,1
F,Black,Under 25,0.5929302543107275,1,1
F,Black,Under 25,0.5893966895835695,0,1
F,Black,Under 25,0.4919928500806702,1,0
F,Black,Under 25,0.5679120883408706,1,1
F,Black,Under 25,0.39826410827280934,0,0
F,Black,Under 25,0.552437821266806,1,1
F,Black,Under 25,0.46636876832308977,0,0
F,Black,Under 25,0.2605097776413561,0,0
F,Black,Under 25,0.17797416200368907,0,0
F,Black,Under 25,0.6273979808270024,0,1
F,Black,Under 25,0.5754950909065097,0,1
F,Black,Under 25,0.46159394768322504,0,0
F,Black,25–44,0.6649842224025406,0,1
F,Black,25–44,0.3063223947211124,0,0
F,Black,25–44,0.7992240924458694,1,1
F,Black,25–44,0.3808101173576273,0,0
F,Black,25–44,0.5002890025364759,0,1
F,Black,25–44,0.5168083039096375,1,1
F,Black,25–44,0.6851101363093528,0,1
F,Black,25–44,0.3273027408897721,0,0
F,Black,25–44,0.5484825587622392,1,1
F,Black,25–44,0.2841430564537142,0,0
F,Black,25–44,0.4652590191647801,0,0
F,Black,25–44,0.509617321445385,0,1
F,Black,25–44,0.4272220600960697,1,0
F,Black,25–44,0.5585457909963181,1,1
F,Black,25–44,0.3251124210649804,0,0
F,Black,25–44,0.4029126932916925,0,0
F,Black,25–44,0.583714932689499,1,1
F,Black,25–44,0.182550481093662,0,0
F,Black,25–44,0.3859261883490519,1,0
F,Black,25–44,0.41204052556984305,1,0
F,Black,25–44,0.790602049484222,1,1
F,Black,25–44,0.5094035680705485,0,1
F,Black,25–44,0.4938724429909317,1,0
F,Black,25–44,0.2743496399066814,0,0
F,Black,25–44,0.5919975449530566,0,1
F,Black,25–44,0.6067218705059749,1,1
F,Black,25–44,0.3738881561202835,0,0
F,Black,25–44,0.4837873198979581,1,0
F,Black,25–44,0.38028964663944437,0,0
F,Black,25–44,0.7588458272471784,1,1
F,Black,25–44,0.6993401348107451,1,1
F,Black,25–44,0.41185560644012065,1,0
F,Black,25–44,0.4250395899858693,1,0
F,Black,25–44,0.3449939840376504,0,0
F,Black,25–44,0.40543074287793135,0,0
F,Black,25–44,0.47352234687208034,1,0
F,Black,25–44,0.6157277364668259,1,1
F,Black,25–44,0.12719771850952982,0,0
F,Black,25–44,0.6343311949890761,1,1
F,Black,25–44,0.3702347945368744,0,0
F,Black,25–44,0.29035677201585364,0,0
F,Black,25–44,0.4773301865897828,0,0
F,Black,25–44,0.44820567180980514,0,0
F,Black,25–44,0.39642198157516617,0,0
F,Black,25–44,0.4533353277443526,1,0
F,Black,25–44,0.2490045913224732,1,0
F,Black,25–44,0.46796804516715446,0,0
F,Black,25–44,0.4180098138622886,0,0
F,Black,25–44,0.22881728482580563,0,0
F,Black,25–44,0.7841313218816812,1,1
F,Black,25–44,0.5786763794510528,0,1
F,Black,25–44,0.47166326495251354,1,0
F,Black,25–44,0.29021804614750013,0,0
F,Black,25–44,0.6224728905847979,1,1
F,Black,25–44,0.496307212851318,1,0
F,Black,25–44,0.5330583125465188,0,1
F,Black,25–44,0.5721733434623713,1,1
F,Black,25–44,0.43203166255173703,0,0
F,Black,25–44,0.5379034709637598,1,1
F,Black,25–44,0.400086483502721,0,0
F,Black,25–44,0.34346426372730576,0,0
F,Black,25–44,0.4827418590009794,0,0
F,Black,25–44,0.5396402411395415,1,1
F,Black,25–44,0.626527702485226,1,1
F,Black,25–44,0.4609352662916211,1,0
F,Black,25–44,0.2788926195661031,0,0
F,Black,25–44,0.34267887499834393,0,0
F,Black,25–44,0.49265730452286005,1,0
F,Black,25–44,0.5086638771364645,1,1
F,Black,25–44,0.5208253540886746,1,1
F,Black,25–44,0.556739814731107,1,1
F,Black,25–44,0.49139321008231107,0,0
F,Black,25–44,0.5930764730257523,1,1
F,Black,25–44,0.3212588561562963,1,0
F,Black,25–44,0.44493986001231,0,0
F,Black,25–44,0.5653100360525543,1,1
F,Black,25–44,0.7276056760704301,1,1
F,Black,25–44,0.4155078829418125,1,0
F,Black,25–44,0.3445163144907898,1,0
F,Black,25–44,0.6132780311773892,0,1
F,Black,25–44,0.6694725950190213,1,1
F,Black,25–44,0.22887515241540204,0,0
F,Black,25–44,0.7942130223564781,0,1
F,Black,25–44,0.550590537047832,0,1
F,Black,25–44,0.6328792440820457,1,1
F,Black,25–44,0.4671100960460654,1,0
F,Black,25–44,0.7455954901434908,1,1
F,Black,25–44,0.15958548466456207,0,0
F,Black,25–44,0.3330631791044347,0,0
F,Black,25–44,0.4510460681003028,0,0
F,Black,25–44,0.6067210780690786,0,1
F,Black,25–44,0.4228839092357094,0,0
F,Black,25–44,0.6391948712160608,1,1
F,Black,25–44,0.5840578137176711,0,1
F,Black,25–44,0.26088157533476153,0,0
F,Black,25–44,0.5491470265836564,1,1
F,Black,25–44,0.6786318979824226,0,1
F,Black,25–44,0.6929222955862956,1,1
F,Black,25–44,0.687671642140589,1,1
F,Black,25–44,0.39132117799428756,1,0
F,Black,25–44,0.5750437291037409,1,1
F,Black,25–44,0.364679897793583,0,0
F,Black,25–44,0.4528050210421125,0,0
F,Black,25–44,0.40534959545301674,0,0
F,Black,25–44,0.46362090239376963,0,0
F,Black,25–44,0.6424979325680645,1,1
F,Black,25–44,0.2823720962693373,0,0
F,Black,25–44,0.44326254640812246,1,0
F,Black,25–44,0.5054179335606293,0,1
F,Black,25–44,0.5181999780585792,1,1
F,Black,25–44,0.4579971973653072,0,0
F,Black,25–44,0.5752622869650494,1,1
F,Black,25–44,0.5281948694232583,0,1
F,Black,25–44,0.6924889687703114,1,1
F,Black,25–44,0.48841058185939473,0,0
F,Black,25–44,0.452853082800391,0,0
F,Black,25–44,0.5715057793489832,0,1
F,Black,25–44,0.6134701363903751,1,1
F,Black,25–44,0.36632868608123154,0,0
F,Black,25–44,0.30489632863919414,1,0
F,Black,25–44,0.5301040276752349,0,1
F,Black,25–44,0.3369380453132393,0,0
F,Black,25–44,0.2780874476717402,0,0
F,Black,25–44,0.6205674943103721,1,1
F,Black,25–44,0.7799712209816339,1,1
F,Black,25–44,0.28322321180834537,1,0
F,Black,25–44,0.5730053557190592,1,1
F,Black,25–44,0.558793454722176,1,1
F,Black,25–44,0.42464010481986125,1,0
F,Black,25–44,0.3611282793712242,0,0
F,Black,25–44,0.7215462602087588,1,1
F,Black,25–44,0.4828730447830236,1,0
F,Black,25–44,0.5175086919598514,1,1
F,Black,25–44,0.5251372921474937,1,1
F,Black,25–44,0.506508263155447,0,1
F,Black,25–44,0.5460987742562184,1,1
F,Black,25–44,0.4955899363980559,0,0
F,Black,25–44,0.4112004968290573,1,0
F,Black,25–44,0.6597091086311038,1,1
F,Black,25–44,0.47258881964505406,1,0
F,Black,25–44,0.3280736418812545,0,0
F,Black,25–44,0.5316207918095845,0,1
F,Black,25–44,0.6555620122702618,1,1
F,Black,25–44,0.7501668191510971,1,1
F,Black,25–44,0.39738708467902334,0,0
F,Black,25–44,0.4291280206134585,0,0
F,Black,25–44,0.5234243094741715,1,1
F,Black,25–44,0.5650383493554207,0,1
F,Black,25–44,0.6022552218592038,1,1
F,Black,25–44,0.5168898380841616,0,1
F,Black,25–44,0.6353703326085649,0,1
F,Black,25–44,0.5435844896357652,1,1
F,Black,25–44,0.6983051929068993,1,1
F,Black,25–44,0.34576976769664847,1,0
F,Black,25–44,0.3678573995522438,0,0
F,Black,25–44,0.6943348452891154,1,1
F,Black,25–44,0.5317181609970582,1,1
F,Black,25–44,0.31746634815004293,0,0
F,Black,25–44,0.516390384095029,1,1
F,Black,25–44,0.7303985411039811,1,1
F,Black,25–44,0.5853884791768278,1,1
F,Black,25–44,0.33550591888763737,1,0
F,Black,25–44,0.4266544050629735,1,0
F,Black,25–44,0.3588548185065207,1,0
F,Black,25–44,0.26725280175500427,0,0
F,Black,25–44,0.5104645667631728,0,1
F,Black,25–44,0.6292436986740653,0,1
F,Black,25–44,0.6355594864971094,1,1
F,Black,25–44,0.4932387855181312,0,0
F,Black,25–44,0.40407787434890774,0,0
F,Black,25–44,0.5416875589952947,1,1
F,Black,25–44,0.47897227694494005,1,0
F,Black,25–44,0.5970847457036695,1,1
F,Black,25–44,0.4760600960262477,1,0
F,Black,25–44,0.7398247971432785,1,1
F,Black,25–44,0.28000677727039236,0,0
F,Black,25–44,0.5521786423672495,1,1
F,Black,25–44,0.45871788397351504,1,0
F,Black,25–44,0.4424050913011286,1,0
F,Black,25–44,0.5483977176869615,1,1
F,Black,25–44,0.5380950569165365,1,1
F,Black,25–44,0.6143476816086484,0,1
F,Black,25–44,0.18753884743408838,0,0
F,Black,25–44,0.4939388084956886,1,0
F,Black,25–44,0.4947108068585476,1,0
F,Black,25–44,0.4389432564177028,0,0
F,Black,25–44,0.45941618338991724,0,0
F,Black,25–44,0.43235920343534406,1,0
F,Black,25–44,0.4679205464841381,0,0
F,Black,25–44,0.40099583005192924,1,0
F,Black,25–44,0.587446306318611,1,1
F,Black,25–44,0.23817679851928716,0,0
F,Black,25–44,0.5997063283920527,1,1
F,Black,25–44,0.4680021557537609,0,0
F,Black,25–44,0.6567631245219309,1,1
F,Black,25–44,0.5810150017992098,1,1
F,Black,25–44,0.6074187785384634,1,1
F,Black,25–44,0.5335756685621194,1,1
F,Black,25–44,0.5619025506751365,1,1
F,Black,25–44,0.4073438704892765,0,0
F,Black,25–44,0.3838069007428101,1,0
F,Black,25–44,0.4434483800390291,0,0
F,Black,25–44,0.29573711301919325,1,0
F,Black,25–44,0.476643112139779,0,0
F,Black,25–44,0.41429299362347016,1,0
F,Black,25–44,0.8142266069643559,1,1
F,Black,25–44,0.7370784099198173,1,1
F,Black,25–44,0.3944603940377913,1,0
F,Black,25–44,0.5184554565674552,1,1
F,Black,25–44,0.37936714360494056,0,0
F,Black,25–44,0.366682483529767,0,0
F,Black,25–44,0.27927438371470437,0,0
F,Black,25–44,0.4286392542670349,0,0
F,Black,25–44,0.4041159813907843,1,0
F,Black,25–44,0.5248605521609037,1,1
F,Black,25–44,0.5003686216789391,0,1
F,Black,25–44,0.2982776368062865,0,0
F,Black,25–44,0.6269049598014665,1,1
F,Black,25–44,0.37412768423105147,0,0
F,Black,25–44,0.5958794964012621,1,1
F,Black,25–44,0.7336828097826269,1,1
F,Black,25–44,0.4198843995928179,0,0
F,Black,25–44,0.41056653883457916,1,0
F,Black,25–44,0.4013598050738354,0,0
F,Black,25–44,0.5524872403273331,1,1
F,Black,25–44,0.4846371570921668,0,0
F,Black,25–44,0.44074386870386306,1,0
F,Black,25–44,0.6229642316611215,1,1
F,Black,25–44,0.5363404341861251,0,1
F,Black,25–44,0.6440919904780671,1,1
F,Black,25–44,0.6347639729202085,0,1
F,Black,25–44,0.37348440665657745,1,0
F,Black,25–44,0.21514740288254536,0,0
F,Black,25–44,0.3594860707255779,0,0
F,Black,25–44,0.5263841608276303,0,1
F,Black,25–44,0.6822663984989954,1,1
F,Black,25–44,0.34023688312328115,1,0
F,Black,25–44,0.46537307085311375,0,0
F,Black,25–44,0.5145267140574802,0,1
F,Black,25–44,0.5763075092310374,1,1
F,Black,25–44,0.5006667812116591,1,1
F,Black,25–44,0.4878910264532876,0,0
F,Black,25–44,0.6968598799712704,1,1
F,Black,25–44,0.3915589626001541,0,0
F,Black,25–44,0.42110085067564307,1,0
F,Black,25–44,0.30763316606633556,0,0
F,Black,25–44,0.5481374372630796,1,1
F,Black,25–44,0.273911493214421,1,0
F,Black,25–44,0.5652873194794891,0,1
F,Black,25–44,0.2932666569167478,0,0
F,Black,25–44,0.5066923227794122,0,1
F,Black,25–44,0.3227597489490363,0,0
F,Black,25–44,0.516927087252376,0,1
F,Black,25–44,0.38418524118397906,0,0
F,Black,25–44,0.3624041127165073,0,0
F,Black,25–44,0.4370057368460775,1,0
F,Black,25–44,0.36346479498047235,0,0
F,Black,25–44,0.7689863370970796,1,1
F,Black,25–44,0.36972589940760137,0,0
F,Black,25–44,0.5295083781751944,1,1
F,Black,25–44,0.4635109261111924,0,0
F,Black,25–44,0.5464583587789179,1,1
F,Black,25–44,0.38737641383367627,0,0
F,Black,25–44,0.47164373702213225,0,0
F,Black,25–44,0.5292428150091668,1,1
F,Black,25–44,0.47195005924079586,0,0
F,Black,25–44,0.45509324099631815,0,0
F,Black,25–44,0.4630395613144095,1,0
F,Black,25–44,0.6148878995011399,1,1
F,Black,25–44,0.48240556310702076,0,0
F,Black,25–44,0.5224380880798364,1,1
F,Black,25–44,0.48640637406078047,1,0
F,Black,25–44,0.5594791527244964,1,1
F,Black,25–44,0.796237272950797,1,1
F,Black,25–44,0.5192704206183689,1,1
F,Black,25–44,0.6252436101449051,1,1
F,Black,25–44,0.3266792008815292,0,0
F,Black,25–44,0.25393431340768247,0,0
F,Black,25–44,0.532601961983317,0,1
F,Black,25–44,0.38712836955250896,0,0
F,Black,25–44,0.39808097335417153,0,0
F,Black,25–44,0.5658129016314949,1,1
F,Black,25–44,0.5422165811623793,0,1
F,Black,25–44,0.4926433010496358,0,0
F,Black,25–44,0.5525502777937219,0,1
F,Black,25–44,0.508410708977149,1,1
F,Black,25–44,0.32904986501880773,0,0
F,Black,25–44,0.6094905050135703,1,1
F,Black,25–44,0.5199931002183145,1,1
F,Black,25–44,0.48372252394333387,0,0
F,Black,25–44,0.4501836504966442,1,0
F,Black,25–44,0.6566059315830025,1,1
F,Black,25–44,0.6592107380822174,0,1
F,Black,25–44,0.43670619304738123,0,0
F,Black,25–44,0.4724526664910198,0,0
F,Black,25–44,0.4679729749793299,1,0
F,Black,25–44,0.668037050997005,1,1
F,Black,25–44,0.514353327797584,1,1
F,Black,25–44,0.42990040316271694,1,0
F,Black,25–44,0.3130535240398262,0,0
F,Black,25–44,0.3366952465847799,0,0
F,Black,25–44,0.34323663030313556,0,0
F,Black,25–44,0.41741554699975353,0,0
F,Black,25–44,0.32029356701555733,1,0
F,Black,25–44,0.6131589705753843,1,1
F,Black,25–44,0.39740385152896013,1,0
F,Black,25–44,0.5874185311918257,1,1
F,Black,25–44,0.4974382937972093,0,0
F,Black,25–44,0.4284931604913401,1,0
F,Black,25–44,0.5836081763243197,1,1
F,Black,25–44,0.5794003739873314,1,1
F,Black,25–44,0.5913623110031566,0,1
F,Black,25–44,0.18822492064652424,0,0
F,Black,25–44,0.49040251396361106,1,0
F,Black,25–44,0.5822392568443678,1,1
F,Black,25–44,0.4605104404726835,0,0
F,Black,25–44,0.6885821808905719,1,1
F,Black,25–44,0.5283162613011553,1,1
F,Black,25–44,0.43589904904377863,0,0
F,Black,25–44,0.4652775987128346,1,0
F,Black,25–44,0.4519897016376722,0,0
F,Black,25–44,0.5802031066363242,1,1
F,Black,25–44,0.7148576181543883,1,1
F,Black,25–44,0.39685448341243335,0,0
F,Black,25–44,0.4976497627892085,0,0
F,Black,25–44,0.5257653021476366,0,1
F,Black,25–44,0.37658931081359315,0,0
F,Black,25–44,0.7593000853292653,0,1
F,Black,25–44,0.6848958249770297,0,1
F,Black,25–44,0.4949248352932815,0,0
F,Black,25–44,0.4787977943100975,1,0
F,Black,25–44,0.4385743636741948,1,0
F,Black,25–44,0.514019194693615,0,1
F,Black,25–44,0.45796326751417826,1,0
F,Black,25–44,0.2769388277038341,0,0
F,Black,25–44,0.30789094631659975,1,0
F,Black,25–44,0.6132901545341766,0,1
F,Black,25–44,0.44885818443379677,1,0
F,Black,25–44,0.4597919340260159,0,0
F,Black,25–44,0.6825612075716905,1,1
F,Black,25–44,0.667366638429562,1,1
F,Black,25–44,0.5003558162312007,0,1
F,Black,25–44,0.391704556761856,0,0
F,Black,25–44,0.26873711622624913,0,0
F,Black,25–44,0.5305985388831278,1,1
F,Black,25–44,0.3166027083955403,0,0
F,Black,25–44,0.25368167408441505,0,0
F,Black,25–44,0.5684149180283291,0,1
F,Black,25–44,0.4788101987008694,1,0
F,Black,25–44,0.425756365733721,1,0
F,Black,25–44,0.6077583299343209,1,1
F,Black,25–44,0.7121424913113328,1,1
F,Black,25–44,0.733621693266337,0,1
F,Black,25–44,0.40011052795619667,0,0
F,Black,25–44,0.41020936407705944,1,0
F,Black,25–44,0.49550432323998,0,0
F,Black,25–44,0.5328026782066214,0,1
F,Black,25–44,0.5272770636009716,1,1
F,Black,25–44,0.2645472277423554,0,0
F,Black,25–44,0.4099249124925566,0,0
F,Black,25–44,0.8460168585507979,1,1
F,Black,25–44,0.5164789442897191,1,1
F,Black,25–44,0.6200408719875026,1,1
F,Black,25–44,0.6472780678747417,1,1
F,Black,25–44,0.35656502599112627,0,0
F,Black,25–44,0.3246880319623391,0,0
F,Black,25–44,0.6819041569309174,0,1
F,Black,25–44,0.5025188373098134,1,1
F,Black,25–44,0.5026341583250266,1,1
F,Black,25–44,0.362619071238468,0,0
F,Black,25–44,0.46190488431147825,0,0
F,Black,25–44,0.5226861439289242,1,1
F,Black,25–44,0.5408690828331085,1,1
F,Black,25–44,0.4747268458929345,1,0
F,Black,25–44,0.6063841496500593,1,1
F,Black,25–44,0.5986538111743602,0,1
F,Black,25–44,0.3369666200446243,0,0
F,Black,25–44,0.4495118648469354,1,0
F,Black,25–44,0.5377791042906586,0,1
F,Black,25–44,0.6736426055413307,1,1
F,Black,25–44,0.26659748269971173,0,0
F,Black,25–44,0.40268053985424407,0,0
F,Black,25–44,0.62095041728144,0,1
F,Black,25–44,0.13180187658695697,0,0
F,Black,25–44,0.31360747015450885,0,0
F,Black,25–44,0.6002659051801849,0,1
F,Black,25–44,0.5432398703271393,1,1
F,Black,25–44,0.5306693426471133,0,1
F,Black,25–44,0.6039936198927992,0,1
F,Black,25–44,0.4231866037756506,0,0
F,Black,25–44,0.4324219053072629,0,0
F,Black,25–44,0.45174080286174106,0,0
F,Black,25–44,0.4010492746000139,1,0
F,Black,25–44,0.32768949280477394,0,0
F,Black,25–44,0.6392815688451106,1,1
F,Black,25–44,0.34321802522024836,0,0
F,Black,25–44,0.21976071693975904,0,0
F,Black,25–44,0.6458973344941626,1,1
F,Black,25–44,0.5930521240667728,1,1
F,Black,25–44,0.6855737501406458,1,1
F,Black,25–44,0.6856075451355108,1,1
F,Black,25–44,0.21580638598266044,0,0
F,Black,25–44,0.2954325762484218,0,0
F,Black,25–44,0.6490986258132965,1,1
F,Black,25–44,0.5985719151602131,1,1
F,Black,25–44,0.47513819839549887,0,0
F,Black,25–44,0.52279060167899,0,1
F,Black,25–44,0.4595409520000397,0,0
F,Black,25–44,0.5168153146914891,0,1
F,Black,25–44,0.34260715609511694,0,0
F,Black,25–44,0.5077106083720216,1,1
F,Black,25–44,0.47556994874663105,0,0
F,Black,25–44,0.47476133360905454,0,0
F,Black,25–44,0.529753379156664,0,1
F,Black,25–44,0.5723188691529472,1,1
F,Black,25–44,0.42701437985577245,0,0
F,Black,25–44,0.5193064374656143,0,1
F,Black,25–44,0.4492424494120762,0,0
F,Black,25–44,0.4940456073060773,0,0
F,Black,25–44,0.3654785612977496,1,0
F,Black,25–44,0.46502027238306676,1,0
F,Black,25–44,0.5912899010768857,0,1
F,Black,25–44,0.6624140231459419,0,1
F,Black,25–44,0.40237889236546764,0,0
F,Black,25–44,0.29679639647814376,1,0
F,Black,25–44,0.3713912469611227,1,0
F,Black,25–44,0.6715938358107638,1,1
F,Black,25–44,0.474914552105476,0,0
F,Black,25–44,0.3180488425593334,0,0
F,Black,25–44,0.4423449751408107,1,0
F,Black,25–44,0.4447954095268207,0,0
F,Black,25–44,0.4377960019557312,1,0
F,Black,25–44,0.3082919100234484,0,0
F,Black,25–44,0.5410666431021544,1,1
F,Black,25–44,0.7053657701471835,1,1
F,Black,25–44,0.3894976358106176,0,0
F,Black,25–44,0.6153054891182134,0,1
F,Black,25–44,0.5677216107536378,0,1
F,Black,25–44,0.6076228333120914,1,1
F,Black,25–44,0.19078520965786774,0,0
F,Black,45–64,0.830594143856245,1,1
F,Black,45–64,0.6654608516887541,1,1
F,Black,45–64,0.6692142167920542,1,1
F,Black,45–64,0.5114513294441956,0,1
F,Black,45–64,0.1916425452220683,0,0
F,Black,45–64,0.4355230968762337,1,0
F,Black,45–64,0.38085895518890045,0,0
F,Black,45–64,0.5299730629391637,1,1
F,Black,45–64,0.47746211794426296,0,0
F,Black,45–64,0.3407610668448367,0,0
F,Black,45–64,0.5834916071547672,1,1
F,Black,45–64,0.4596457378583592,0,0
F,Black,45–64,0.355782502013544,1,0
F,Black,45–64,0.30977409300595504,0,0
F,Black,45–64,0.5463628939087538,1,1
F,Black,45–64,0.4439328005580512,0,0
F,Black,45–64,0.563728187548668,0,1
F,Black,45–64,0.7872934820627673,1,1
F,Black,45–64,0.44815947068882866,0,0
F,Black,45–64,0.7456441556180271,1,1
F,Black,45–64,0.5544689731434135,1,1
F,Black,45–64,0.6157894657438353,0,1
F,Black,45–64,0.09239838988958915,0,0
F,Black,45–64,0.6651649394751877,1,1
F,Black,45–64,0.3634424795785783,0,0
F,Black,45–64,0.22770274708817817,0,0
F,Black,45–64,0.5053329615532675,0,1
F,Black,45–64,0.36967669329649044,0,0
F,Black,45–64,0.5008916145046931,1,1
F,Black,45–64,0.4111389498127966,0,0
F,Black,45–64,0.5290723998744632,1,1
F,Black,45–64,0.2893269508052794,0,0
F,Black,45–64,0.49724974584089143,1,0
F,Black,45–64,0.6503437276208779,0,1
F,Black,45–64,0.6372357376736033,1,1
F,Black,45–64,0.6082511993407697,1,1
F,Black,45–64,0.46843797792986697,0,0
F,Black,45–64,0.5909135663320803,1,1
F,Black,45–64,0.4869735507313774,1,0
F,Black,45–64,0.3635736391535949,0,0
F,Black,45–64,0.6618605457588633,1,1
F,Black,45–64,0.5649037236160301,1,1
F,Black,45–64,0.6382336883705824,1,1
F,Black,45–64,0.5512469217823601,1,1
F,Black,45–64,0.44011161156350326,1,0
F,Black,45–64,0.40256488891221126,1,0
F,Black,45–64,0.7010355854528221,1,1
F,Black,45–64,0.5435941354588979,1,1
F,Black,45–64,0.547591303059895,1,1
F,Black,45–64,0.4211762634735244,0,0
F,Black,45–64,0.5851615653999802,0,1
F,Black,45–64,0.4325450378998095,0,0
F,Black,45–64,0.6583573863625513,1,1
F,Black,45–64,0.31710260540606827,0,0
F,Black,45–64,0.33340653262610936,0,0
F,Black,45–64,0.40570388948018654,0,0
F,Black,45–64,0.6724782064857665,1,1
F,Black,45–64,0.4107550480985968,0,0
F,Black,45–64,0.6984698296284085,0,1
F,Black,45–64,0.5776766828983385,1,1
F,Black,45–64,0.43983827143913085,0,0
F,Black,45–64,0.40264402896289236,0,0
F,Black,45–64,0.6728003317194402,1,1
F,Black,45–64,0.46021606500526585,0,0
F,Black,45–64,0.5056882532005287,1,1
F,Black,45–64,0.5986529559136953,0,1
F,Black,45–64,0.6957142284913708,1,1
F,Black,45–64,0.7381792442397036,1,1
F,Black,45–64,0.3004467444972301,0,0
F,Black,45–64,0.6372770984778705,1,1
F,Black,45–64,0.417538777287513,0,0
F,Black,45–64,0.48048589864750707,1,0
F,Black,45–64,0.6065332714650974,1,1
F,Black,45–64,0.3427933764503163,0,0
F,Black,45–64,0.4463554948179688,0,0
F,Black,45–64,0.42928139950512834,0,0
F,Black,45–64,0.48138486174202166,0,0
F,Black,45–64,0.40405853382491247,1,0
F,Black,45–64,0.5889920928962695,0,1
F,Black,45–64,0.6814911548154617,1,1
F,Black,45–64,0.4637041110221735,0,0
F,Black,45–64,0.4646029582194142,1,0
F,Black,45–64,0.6022716243419922,1,1
F,Black,45–64,0.37659921370865385,0,0
F,Black,45–64,0.43723063240004634,0,0
F,Black,45–64,0.5027866510354058,0,1
F,Black,45–64,0.8898527579585171,1,1
F,Black,45–64,0.26140785319728055,0,0
F,Black,45–64,0.3406004943339765,0,0
F,Black,45–64,0.5054689081272945,1,1
F,Black,45–64,0.21005511917005118,0,0
F,Black,45–64,0.5857847487297733,1,1
F,Black,45–64,0.5376849310637462,0,1
F,Black,45–64,0.3378361917467985,0,0
F,Black,45–64,0.36727380008237825,0,0
F,Black,45–64,0.532799620348143,1,1
F,Black,45–64,0.5749207933742502,0,1
F,Black,45–64,0.4094893569335959,1,0
F,Black,45–64,0.777348233064012,1,1
F,Black,45–64,0.5929157766145775,1,1
F,Black,45–64,0.3453155307882391,0,0
F,Black,45–64,0.470698340235184,1,0
F,Black,45–64,0.5482982606228741,0,1
F,Black,45–64,0.3131216620710446,0,0
F,Black,45–64,0.7508514815210707,1,1
F,Black,45–64,0.5405316331479243,0,1
F,Black,45–64,0.7806761739741788,1,1
F,Black,45–64,0.6978423709228206,1,1
F,Black,45–64,0.5705896131963571,1,1
F,Black,45–64,0.4861523073981297,1,0
F,Black,45–64,0.8113070023097451,1,1
F,Black,45–64,0.4932684524346011,1,0
F,Black,45–64,0.7155856582106596,1,1
F,Black,45–64,0.36487534499337626,0,0
F,Black,45–64,0.6014461937122932,0,1
F,Black,45–64,0.3346864551534137,0,0
F,Black,45–64,0.4967090543087082,1,0
F,Black,45–64,0.6387908915052164,1,1
F,Black,45–64,0.4544596692186105,1,0
F,Black,45–64,0.3917456508589974,0,0
F,Black,45–64,0.43202517411760366,1,0
F,Black,45–64,0.38927470919755636,1,0
F,Black,45–64,0.6807047544971465,1,1
F,Black,45–64,0.32148401971488194,0,0
F,Black,45–64,0.6329814730857121,0,1
F,Black,45–64,0.622976317679676,0,1
F,Black,45–64,0.24792535581333838,0,0
F,Black,45–64,0.5718754432884636,1,1
F,Black,45–64,0.7058390810375771,1,1
F,Black,45–64,0.2734347663768438,0,0
F,Black,45–64,0.554816130092307,0,1
F,Black,45–64,0.3272888981544061,1,0
F,Black,45–64,0.6129392126587158,1,1
F,Black,45–64,0.674683081973048,1,1
F,Black,45–64,0.28153125819730507,0,0
F,Black,45–64,0.37732038657951644,0,0
F,Black,45–64,0.6184356812413947,1,1
F,Black,45–64,0.45986282417086294,0,0
F,Black,45–64,0.43030437753937156,0,0
F,Black,45–64,0.5209212046121097,1,1
F,Black,45–64,0.5271530802384801,1,1
F,Black,45–64,0.3405487656757612,1,0
F,Black,45–64,0.27977825636690135,0,0
F,Black,45–64,0.4120960800602469,1,0
F,Black,45–64,0.42664648199753263,0,0
F,Black,45–64,0.2905879487502899,0,0
F,Black,45–64,0.5757450897999405,1,1
F,Black,45–64,0.599788358598929,1,1
F,Black,45–64,0.6993935832831927,1,1
F,Black,45–64,0.5458465443461111,1,1
F,Black,45–64,0.5063489831352919,1,1
F,Black,45–64,0.3733977984219808,0,0
F,Black,45–64,0.5522155089427674,0,1
F,Black,45–64,0.5564694776837916,0,1
F,Black,45–64,0.37388142122613066,0,0
F,Black,45–64,0.508788005777123,0,1
F,Black,45–64,0.5442650796767181,0,1
F,Black,45–64,0.5781570137099357,1,1
F,Black,45–64,0.47877204719588107,1,0
F,Black,45–64,0.4121648241202016,0,0
F,Black,45–64,0.6090993035187995,1,1
F,Black,45–64,0.5733439526149752,1,1
F,Black,45–64,0.5606334751530531,1,1
F,Black,45–64,0.3674756653987262,1,0
F,Black,45–64,0.5706325282005053,1,1
F,Black,45–64,0.6635484723880783,1,1
F,Black,45–64,0.39855824513740323,0,0
F,Black,45–64,0.6606491592447885,1,1
F,Black,45–64,0.7963229929435234,1,1
F,Black,45–64,0.36302676258187216,0,0
F,Black,45–64,0.5373418224587718,0,1
F,Black,45–64,0.6872004723037526,1,1
F,Black,45–64,0.5946791094614577,1,1
F,Black,45–64,0.5801415252365989,1,1
F,Black,45–64,0.5799292574554944,1,1
F,Black,45–64,0.2071237837554179,0,0
F,Black,45–64,0.17487821445659207,0,0
F,Black,45–64,0.3483562191328769,1,0
F,Black,45–64,0.2496537449777685,0,0
F,Black,45–64,0.3510032826245266,0,0
F,Black,45–64,0.5260801351564872,1,1
F,Black,45–64,0.47682338028424387,1,0
F,Black,45–64,0.4503627414202034,0,0
F,Black,45–64,0.4571978937275077,0,0
F,Black,45–64,0.6742894559628224,1,1
F,Black,45–64,0.4315408706868969,0,0
F,Black,45–64,0.3892646897019919,0,0
F,Black,45–64,0.4292918706354517,1,0
F,Black,45–64,0.6907705775216625,1,1
F,Black,45–64,0.6423611433102987,1,1
F,Black,45–64,0.6078408677141075,1,1
F,Black,45–64,0.5066368249089046,0,1
F,Black,45–64,0.4588957924612913,1,0
F,Black,45–64,0.36543916119548486,0,0
F,Black,45–64,0.41541801960103514,0,0
F,Black,45–64,0.5255138492915359,1,1
F,Black,45–64,0.5980118727774638,0,1
F,Black,45–64,0.5472242045556569,1,1
F,Black,45–64,0.3084577321553641,0,0
F,Black,45–64,0.5849305718760397,1,1
F,Black,45–64,0.42012537466205896,0,0
F,Black,45–64,0.5799093262594953,0,1
F,Black,45–64,0.5811683850761716,1,1
F,Black,45–64,0.5801886381425134,0,1
F,Black,45–64,0.5487076148907841,1,1
F,Black,45–64,0.3655831813010033,0,0
F,Black,45–64,0.7186449488185441,1,1
F,Black,45–64,0.4279549938292389,0,0
F,Black,45–64,0.3707518986458509,1,0
F,Black,45–64,0.3301748965139447,0,0
F,Black,45–64,0.35880980927342354,1,0
F,Black,45–64,0.5517434487396095,1,1
F,Black,45–64,0.30195084635001723,0,0
F,Black,45–64,0.43900880724965774,0,0
F,Black,45–64,0.41349497519515505,0,0
F,Black,45–64,0.3885277690429363,0,0
F,Black,45–64,0.5800370526372262,1,1
F,Black,45–64,0.5374295016875982,1,1
F,Black,45–64,0.4195948319280581,0,0
F,Black,45–64,0.46217341269174117,0,0
F,Black,45–64,0.4434083970667828,0,0
F,Black,45–64,0.474940654193383,0,0
F,Black,45–64,0.7396798679567336,1,1
F,Black,45–64,0.676628430394243,0,1
F,Black,45–64,0.5018898377463692,0,1
F,Black,45–64,0.5866511632642062,1,1
F,Black,45–64,0.4788152469245066,0,0
F,Black,45–64,0.44054146537885297,1,0
F,Black,45–64,0.4516213888332993,1,0
F,Black,45–64,0.2059114221417975,0,0
F,Black,45–64,0.7353788096108688,1,1
F,Black,45–64,0.7383927475888162,1,1
F,Black,45–64,0.6175718264917396,0,1
F,Black,45–64,0.35707775714903167,0,0
F,Black,45–64,0.5388533812071395,1,1
F,Black,45–64,0.5706925077777046,1,1
F,Black,45–64,0.6416132858544812,0,1
F,Black,45–64,0.371671183985167,0,0
F,Black,45–64,0.45829177205122373,1,0
F,Black,45–64,0.7179903934557501,1,1
F,Black,45–64,0.43457058744700305,0,0
F,Black,45–64,0.6482159229603786,1,1
F,Black,45–64,0.8865706012016239,1,1
F,Black,45–64,0.5621637351497167,1,1
F,Black,45–64,0.5388722382390672,0,1
F,Black,45–64,0.4047206911851322,1,0
F,Black,45–64,0.6019115010118004,1,1
F,Black,45–64,0.44249561483455124,0,0
F,Black,45–64,0.3956584053251129,0,0
F,Black,45–64,0.41067300308348353,0,0
F,Black,45–64,0.37155615254132907,0,0
F,Black,45–64,0.645983744843478,1,1
F,Black,45–64,0.53508294107267,1,1
F,Black,45–64,0.6668941292777075,1,1
F,Black,45–64,0.681053181453056,0,1
F,Black,45–64,0.4569237871662405,1,0
F,Black,45–64,0.5599234983717843,0,1
F,Black,45–64,0.3104956491773947,0,0
F,Black,45–64,0.5526234739434354,1,1
F,Black,45–64,0.3702752577884742,1,0
F,Black,45–64,0.35060328509704114,0,0
F,Black,45–64,0.5980655939504957,0,1
F,Black,45–64,0.15543465614307583,0,0
F,Black,45–64,0.43424526850473905,1,0
F,Black,45–64,0.4194717801628176,1,0
F,Black,45–64,0.502916529726901,1,1
F,Black,45–64,0.5408419395867784,0,1
F,Black,45–64,0.3437596869736831,1,0
F,Black,45–64,0.4738726864929327,0,0
F,Black,45–64,0.346905647957506,0,0
F,Black,45–64,0.38189701598170667,0,0
F,Black,45–64,0.34951389011538997,0,0
F,Black,45–64,0.39034040724967495,1,0
F,Black,45–64,0.45450153907426016,1,0
F,Black,45–64,0.3470433521818654,0,0
F,Black,45–64,0.2830656787140169,0,0
F,Black,45–64,0.5949544680859266,1,1
F,Black,45–64,0.7532489889631536,1,1
F,Black,45–64,0.6572294817459765,1,1
F,Black,45–64,0.3424759040614737,0,0
F,Black,45–64,0.43551561466555394,1,0
F,Black,45–64,0.5432172110760257,0,1
F,Black,45–64,0.7095918790894261,1,1
F,Black,45–64,0.2476123567077552,0,0
F,Black,45–64,0.47983068578397736,1,0
F,Black,45–64,0.5730042464900117,1,1
F,Black,45–64,0.6504076359230985,1,1
F,Black,45–64,0.5478116750637657,1,1
F,Black,45–64,0.5001146705959761,0,1
F,Black,45–64,0.7272959702636742,1,1
F,Black,45–64,0.32520886884664335,1,0
F,Black,45–64,0.511188989472432,1,1
F,Black,45–64,0.4696841595479791,1,0
F,Black,45–64,0.6139866881006637,0,1
F,Black,45–64,0.6299565541095263,1,1
F,Black,45–64,0.7497380662147386,1,1
F,Black,45–64,0.45102709027260884,1,0
F,Black,45–64,0.5649070241915389,1,1
F,Black,45–64,0.4535016739840453,1,0
F,Black,45–64,0.3983267283735946,0,0
F,Black,45–64,0.5718963507686351,1,1
F,Black,45–64,0.5436847228092088,1,1
F,Black,45–64,0.5577205975594534,1,1
F,Black,45–64,0.4892889382607969,0,0
F,Black,45–64,0.4022281566663247,0,0
F,Black,45–64,0.3605672219172509,0,0
F,Black,45–64,0.5077282943617373,0,1
F,Black,45–64,0.3558819332369187,0,0
F,Black,45–64,0.48318178462005945,0,0
F,Black,45–64,0.5216735296726468,0,1
F,Black,45–64,0.7106828003081088,0,1
F,Black,45–64,0.5962203464963307,1,1
F,Black,45–64,0.4644821770082532,0,0
F,Black,45–64,0.5351607901710831,1,1
F,Black,45–64,0.24098886333904945,0,0
F,Black,45–64,0.6010072569500078,0,1
F,Black,45–64,0.46134595870625256,0,0
F,Black,45–64,0.5432183078584387,1,1
F,Black,45–64,0.8608742394783369,1,1
F,Black,45–64,0.4342315188212713,0,0
F,Black,45–64,0.5439567485791831,0,1
F,Black,45–64,0.48828282617930796,1,0
F,Black,45–64,0.6358979765370537,1,1
F,Black,45–64,0.2824466006473991,0,0
F,Black,45–64,0.3554291618972163,1,0
F,Black,45–64,0.6426155488257612,1,1
F,Black,45–64,0.6473883960917528,1,1
F,Black,45–64,0.29360220339633714,0,0
F,Black,45–64,0.6300586208069304,1,1
F,Black,45–64,0.6619264873345191,1,1
F,Black,45–64,0.25350947976845084,0,0
F,Black,45–64,0.4918924628873085,1,0
F,Black,45–64,0.382277475931689,0,0
F,Black,45–64,0.40620056810513977,0,0
F,Black,45–64,0.7171851780240454,1,1
F,Black,45–64,0.38963373895275144,0,0
F,Black,45–64,0.6015041161568437,1,1
F,Black,45–64,0.6459238690165886,1,1
F,Black,45–64,0.5214714584469412,1,1
F,Black,45–64,0.612481953853816,0,1
F,Black,45–64,0.5448902314610358,0,1
F,Black,45–64,0.8922801755232415,1,1
F,Black,45–64,0.42382986704153414,1,0
F,Black,45–64,0.6177342347673169,1,1
F,Black,45–64,0.655776645631019,0,1
F,Black,45–64,0.6571894915942234,1,1
F,Black,45–64,0.6429681273466106,1,1
F,Black,45–64,0.3780128440769009,0,0
F,Black,45–64,0.6145221079109542,1,1
F,Black,45–64,0.2563212132041501,0,0
F,Black,45–64,0.16462743805821423,0,0
F,Black,45–64,0.6070466785777576,1,1
F,Black,45–64,0.3812072262205357,1,0
F,Black,45–64,0.6930917262959998,0,1
F,Black,45–64,0.7875789869639611,1,1
F,Black,45–64,0.7623954172721136,1,1
F,Black,45–64,0.4128183332611483,0,0
F,Black,45–64,0.535975369176033,0,1
F,Black,45–64,0.5190641203598539,0,1
F,Black,45–64,0.5903659474488564,0,1
F,Black,45–64,0.2712991339310137,1,0
F,Black,45–64,0.5607519985834581,1,1
F,Black,45–64,0.6167855077961973,1,1
F,Black,45–64,0.41438520824446073,1,0
F,Black,45–64,0.572679230324555,1,1
F,Black,45–64,0.398386132453569,0,0
F,Black,45–64,0.6567478360161282,1,1
F,Black,45–64,0.28548567320706186,0,0
F,Black,45–64,0.25243641557099983,0,0
F,Black,45–64,0.493336711594749,1,0
F,Black,45–64,0.3768376380770674,0,0
F,Black,45–64,0.3976184462331216,0,0
F,Black,45–64,0.6173505966063111,0,1
F,Black,45–64,0.3625290868926854,1,0
F,Black,45–64,0.5502779707756096,1,1
F,Black,45–64,0.5077036378970605,1,1
F,Black,45–64,0.5129194876817764,0,1
F,Black,45–64,0.7381670998041141,1,1
F,Black,45–64,0.6264356160260216,1,1
F,Black,45–64,0.34598502259181374,0,0
F,Black,45–64,0.6175712007806362,1,1
F,Black,45–64,0.49694023169058066,1,0
F,Black,45–64,0.582168806706913,0,1
F,Black,45–64,0.6190027742269796,1,1
F,Black,45–64,0.6279018531039992,0,1
F,Black,45–64,0.6840146151432295,1,1
F,Black,45–64,0.6688894720014262,1,1
F,Black,45–64,0.5616453734504083,1,1
F,Black,45–64,0.21637757290020515,0,0
F,Black,45–64,0.3717415532856692,0,0
F,Black,45–64,0.6216407816633743,1,1
F,Black,45–64,0.47380792134577127,1,0
F,Black,45–64,0.5475380713554681,0,1
F,Black,45–64,0.2799715460766212,0,0
F,Black,45–64,0.6356450130805537,1,1
F,Black,45–64,0.5865678695924458,1,1
F,Black,45–64,0.5050792548199678,1,1
F,Black,45–64,0.7732123657432515,1,1
F,Black,45–64,0.3708958220853753,0,0
F,Black,45–64,0.47997856383481785,1,0
F,Black,65+,0.47681352582904984,0,0
F,Black,65+,0.4826475849166467,1,0
F,Black,65+,0.37159520950480573,0,0
F,Black,65+,0.6947093371033194,1,1
F,Black,65+,0.38543508094014334,1,0
F,Black,65+,0.5807842734382642,1,1
F,Black,65+,0.647330161646574,1,1
F,Black,65+,0.6131902555023796,1,1
F,Black,65+,0.7400325889301915,1,1
F,Black,65+,0.5009082317346198,1,1
F,Black,65+,0.6760229585004016,1,1
F,Black,65+,0.4774575464129509,1,0
F,Black,65+,0.5741055005919949,1,1
F,Black,65+,0.5966058761749211,1,1
F,Black,65+,0.5449892825664933,1,1
F,Black,65+,0.5377744526652077,1,1
F,Black,65+,0.26282169548882595,0,0
F,Black,65+,0.5105780899571265,1,1
F,Black,65+,0.5797030301832076,1,1
F,Black,65+,0.3697259516070487,0,0
F,Black,65+,0.3378901964707016,0,0
F,Black,65+,0.5453585764460956,1,1
F,Black,65+,0.3272675291405236,0,0
F,Black,65+,0.6111008617667854,1,1
F,Black,65+,0.3216757406064714,0,0
F,Black,65+,0.47814671757123334,0,0
F,Black,65+,0.30915215487644715,1,0
F,Black,65+,0.3668300584420097,0,0
F,Black,65+,0.6447420041765258,1,1
F,Black,65+,0.6166033920112499,1,1
F,Black,65+,0.6084060505033014,1,1
F,Black,65+,0.38659402756039096,1,0
F,Black,65+,0.45305724323131413,0,0
F,Black,65+,0.4911767018400965,1,0
F,Black,65+,0.3590141479840794,1,0
F,Black,65+,0.2856645726129433,0,0
F,Black,65+,0.5668103288219662,1,1
F,Black,65+,0.5308936188812489,1,1
F,Black,65+,0.5024314619616492,1,1
F,Black,65+,0.2261350300787545,0,0
F,Black,65+,0.1921376317596764,0,0
F,Black,65+,0.5092001788318936,1,1
F,Black,65+,0.4414533950395999,1,0
F,Black,65+,0.5259892883514277,0,1
F,Black,65+,0.517258320806439,0,1
F,Black,65+,0.5944944079446984,1,1
F,Black,65+,0.5435580793704733,1,1
F,Black,65+,0.3671250481398608,0,0
F,Black,65+,0.3536673763623258,0,0
F,Black,65+,0.7416851543506273,0,1
F,Black,65+,0.41519961507932635,0,0
F,Black,65+,0.4018379159374387,1,0
F,Black,65+,0.528280693556166,1,1
F,Black,65+,0.7168924517864522,0,1
F,Black,65+,0.45866495021548437,0,0
F,Black,65+,0.6107023300014265,1,1
F,Black,65+,0.6029436052371878,1,1
F,Black,65+,0.7179776801304831,1,1
F,Black,65+,0.5822112725137306,0,1
F,Black,65+,0.6289136510024292,1,1
F,Black,65+,0.48394073250306097,1,0
F,Black,65+,0.5368034930898152,0,1
F,Black,65+,0.5001861528596392,0,1
F,Black,65+,0.4993282477282136,0,0
F,Black,65+,0.5715805712929669,1,1
F,Black,65+,0.4622922433525984,1,0
F,Black,65+,0.5440172489421653,1,1
F,Black,65+,0.5607991394471512,1,1
F,Black,65+,0.3393645210814271,0,0
F,Black,65+,0.563036195869444,1,1
F,Black,65+,0.38691271457115284,1,0
F,Black,65+,0.24943523081690022,1,0
F,Black,65+,0.42820271282351074,0,0
F,Black,65+,0.6737144847324745,1,1
F,Black,65+,0.40358981540006167,1,0
F,Black,65+,0.49972448190155716,1,0
F,Black,65+,0.33836308981761737,1,0
F,Black,65+,0.5600839767222481,0,1
F,Black,65+,0.5731399760743275,0,1
F,Black,65+,0.5167325364127632,0,1
F,Black,65+,0.5398969802239237,1,1
F,Black,65+,0.750837702928846,1,1
F,Black,65+,0.3593627772172274,0,0
F,Black,65+,0.39990516467492954,1,0
F,Black,65+,0.53186067996788,1,1
F,Black,65+,0.5620012026725023,1,1
F,Black,65+,0.43778401577559695,0,0
F,Black,65+,0.48304056029599346,1,0
F,Black,65+,0.4981523913279445,1,0
F,Black,65+,0.3036094337176425,0,0
F,Black,65+,0.3998601578158323,0,0
F,Black,65+,0.5347739246650951,0,1
F,Black,65+,0.3660950220120595,1,0
F,Black,65+,0.5240817452539851,0,1
F,Black,65+,0.31864447377362914,0,0
F,Black,65+,0.23137180971668833,0,0
F,Black,65+,0.5018323763701414,1,1
F,Black,65+,0.40463025140387604,0,0
F,Black,65+,0.4325877428070597,1,0
F,Black,65+,0.5105860320136267,0,1
F,Black,65+,0.3570221553944022,0,0
F,Black,65+,0.3659648811870575,0,0
F,Black,65+,0.44613614725782436,0,0
F,Black,65+,0.496387159649424,0,0
F,Black,65+,0.43802736618082627,1,0
F,Black,65+,0.533082823828317,0,1
F,Black,65+,0.470670316471853,0,0
F,Black,65+,0.39726175986755474,0,0
F,Black,65+,0.3729008273672084,1,0
F,Black,65+,0.5506440143838822,1,1
F,Black,65+,0.5614871900360683,1,1
F,Black,65+,0.4401376266998419,0,0
F,Black,65+,0.5982912123335231,0,1
F,Black,65+,0.6602393269325344,1,1
F,Black,65+,0.6508705779482742,0,1
F,Black,65+,0.2545806673848494,0,0
F,Black,65+,0.3661296685421923,0,0
F,Black,65+,0.5218806346403212,1,1
F,Black,65+,0.5862928157590113,1,1
F,Black,65+,0.4816180930837973,0,0
F,Black,65+,0.3714930526790993,0,0
F,Black,65+,0.5001252601075845,1,1
F,Black,65+,0.38126039532998096,0,0
F,Black,65+,0.3095730379420435,0,0
F,Black,65+,0.5132377454980553,0,1
F,Black,65+,0.2989324694812515,0,0
F,Black,65+,0.6266872448595158,0,1
F,Black,65+,0.49875248646312004,1,0
F,Black,65+,0.2438416092565483,0,0
F,Black,65+,0.5179053727892032,0,1
F,Black,65+,0.46904851923350027,0,0
F,Black,65+,0.628033557702232,1,1
F,Black,65+,0.45233029792920626,0,0
F,Black,65+,0.5981146710817616,0,1
F,Black,65+,0.5386517911364995,0,1
F,Black,65+,0.5779440535256435,1,1
F,Black,65+,0.38515689815787,0,0
F,Black,65+,0.40281269223434424,0,0
F,Black,65+,0.35514541905172087,0,0
F,Black,65+,0.4627753515876079,0,0
F,Black,65+,0.4884235677809867,1,0
F,Black,65+,0.333050569285472,0,0
F,Black,65+,0.5183184008411504,1,1
F,Black,65+,0.38252391043916106,0,0
F,Black,65+,0.5176180976705637,0,1
F,Black,65+,0.5273986318450615,1,1
F,Black,65+,0.18851473461517193,0,0
F,Black,65+,0.46076650863274515,1,0
F,Black,65+,0.3880984113589926,0,0
F,Black,65+,0.685258599693299,1,1
F,Black,65+,0.33629304366761775,1,0
F,Black,65+,0.48846685945806245,1,0
F,Black,65+,0.5428102917291199,1,1
F,Black,65+,0.3939627393122306,1,0
F,Black,65+,0.5134472911323061,1,1
F,Black,65+,0.6421343718856268,1,1
F,Black,65+,0.4530047917278288,1,0
F,Black,65+,0.20315914387849432,0,0
F,Black,65+,0.3905714839206842,0,0
F,Black,65+,0.5138288393814382,1,1
F,Black,65+,0.36120133366032364,0,0
F,Black,65+,0.415593422296798,0,0
F,Black,65+,0.4728327168812206,0,0
F,Black,65+,0.4367649019489204,0,0
F,Black,65+,0.22179343991323403,0,0
F,Black,65+,0.34897377577344574,0,0
F,Black,65+,0.42848753332764516,0,0
F,Black,65+,0.5917907020940056,1,1
F,Black,65+,0.3741474659289331,1,0
F,Black,65+,0.6584565082552641,1,1
M,Hispanic,Under 25,0.5866911026876585,1,1
M,Hispanic,Under 25,0.5123241215017543,0,1
M,Hispanic,Under 25,0.4767319448329596,0,0
M,Hispanic,Under 25,0.38354483098047765,0,0
M,Hispanic,Under 25,0.4680976905337351,0,0
M,Hispanic,Under 25,0.6622762279222543,1,1
M,Hispanic,Under 25,0.558529387527214,1,1
M,Hispanic,Under 25,0.284614220536031,0,0
M,Hispanic,Under 25,0.443519522370976,0,0
M,Hispanic,Under 25,0.41214891476446086,0,0
M,Hispanic,Under 25,0.36601604900721924,0,0
M,Hispanic,Under 25,0.3936712094840691,1,0
M,Hispanic,Under 25,0.5740914104713831,1,1
M,Hispanic,Under 25,0.524824436643188,1,1
M,Hispanic,Under 25,0.6556177026448573,1,1
M,Hispanic,Under 25,0.46936490500775296,0,0
M,Hispanic,Under 25,0.5757524155729044,1,1
M,Hispanic,Under 25,0.45927686655449,1,0
M,Hispanic,Under 25,0.24379957496413296,1,0
M,Hispanic,Under 25,0.36940346088779935,0,0
M,Hispanic,Under 25,0.733611929566819,1,1
M,Hispanic,Under 25,0.6380711753188915,1,1
M,Hispanic,Under 25,0.3351159391237012,0,0
M,Hispanic,Under 25,0.31486625744460356,1,0
M,Hispanic,Under 25,0.38130832670687764,1,0
M,Hispanic,Under 25,0.5507538751140387,1,1
M,Hispanic,Under 25,0.4238341155474927,0,0
M,Hispanic,Under 25,0.202572704136073,0,0
M,Hispanic,Under 25,0.49448477150912223,0,0
M,Hispanic,Under 25,0.5565404104151135,1,1
M,Hispanic,Under 25,0.34337515121676543,0,0
M,Hispanic,Under 25,0.3358369157325854,0,0
M,Hispanic,Under 25,0.6217479499274341,1,1
M,Hispanic,Under 25,0.5225588560384835,0,1
M,Hispanic,Under 25,0.48062134903039466,1,0
M,Hispanic,Under 25,0.5098635915912236,1,1
M,Hispanic,Under 25,0.5410923925529192,1,1
M,Hispanic,Under 25,0.49556667613326044,0,0
M,Hispanic,Under 25,0.2919832870543181,1,0
M,Hispanic,Under 25,0.5899454176401013,0,1
M,Hispanic,Under 25,0.19883775907856815,0,0
M,Hispanic,Under 25,0.5573533322841505,1,1
M,Hispanic,Under 25,0.23224402209256004,0,0
M,Hispanic,Under 25,0.4093378142087474,0,0
M,Hispanic,Under 25,0.37978463814834895,0,0
M,Hispanic,Under 25,0.39394486652068034,0,0
M,Hispanic,Under 25,0.3134208072197914,1,0
M,Hispanic,Under 25,0.46175328209791633,1,0
M,Hispanic,Under 25,0.5006954132969574,0,1
M,Hispanic,Under 25,0.4089941100975221,1,0
M,Hispanic,Under 25,0.5684629924359146,1,1
M,Hispanic,Under 25,0.2872538573869659,0,0
M,Hispanic,Under 25,0.6461160557344158,1,1
M,Hispanic,Under 25,0.20220690623231524,0,0
M,Hispanic,Under 25,0.5295139932612407,1,1
M,Hispanic,Under 25,0.5229762890865503,0,1
M,Hispanic,Under 25,0.3358592097548585,0,0
M,Hispanic,Under 25,0.3573332400637016,0,0
M,Hispanic,Under 25,0.33968667298774025,1,0
M,Hispanic,Under 25,0.35422177262138344,1,0
M,Hispanic,Under 25,0.4136168825155748,0,0
M,Hispanic,Under 25,0.42403215209665707,0,0
M,Hispanic,Under 25,0.8124965147166876,1,1
M,Hispanic,Under 25,0.4151683181320649,1,0
M,Hispanic,Under 25,0.3306557096181733,0,0
M,Hispanic,Under 25,0.4883177325227873,1,0
M,Hispanic,Under 25,0.4483127128278818,0,0
M,Hispanic,Under 25,0.5208466064912657,1,1
M,Hispanic,Under 25,0.4936213562239596,1,0
M,Hispanic,Under 25,0.5219275110623295,0,1
M,Hispanic,Under 25,0.5731883396295001,0,1
M,Hispanic,Under 25,0.39723595762172237,1,0
M,Hispanic,Under 25,0.32101822824129855,0,0
M,Hispanic,Under 25,0.3417120042155289,0,0
M,Hispanic,Under 25,0.32063939291152427,0,0
M,Hispanic,Under 25,0.53578729109956,1,1
M,Hispanic,Under 25,0.45014047064494184,0,0
M,Hispanic,Under 25,0.5700379146032435,0,1
M,Hispanic,Under 25,0.5399775503286522,0,1
M,Hispanic,Under 25,0.3653912472098894,0,0
M,Hispanic,Under 25,0.7790407742097649,1,1
M,Hispanic,Under 25,0.1772381129448947,0,0
M,Hispanic,Under 25,0.4851933603809026,1,0
M,Hispanic,Under 25,0.5869811155731738,1,1
M,Hispanic,Under 25,0.39421391202545186,0,0
M,Hispanic,Under 25,0.4332287535209786,1,0
M,Hispanic,Under 25,0.3337502499252476,0,0
M,Hispanic,Under 25,0.6262017739518588,0,1
M,Hispanic,Under 25,0.4371998643096188,0,0
M,Hispanic,Under 25,0.5271348745066232,1,1
M,Hispanic,Under 25,0.3539336905082471,0,0
M,Hispanic,Under 25,0.3198339767448768,0,0
M,Hispanic,Under 25,0.6074223339043595,1,1
M,Hispanic,Under 25,0.43857989962055366,0,0
M,Hispanic,Under 25,0.49021125239175,1,0
M,Hispanic,Under 25,0.383660807221975,0,0
M,Hispanic,Under 25,0.5978783322713621,1,1
M,Hispanic,Under 25,0.45770112226400483,1,0
M,Hispanic,Under 25,0.53788121834468,1,1
M,Hispanic,Under 25,0.4172257411652118,0,0
M,Hispanic,Under 25,0.3488663548324477,0,0
M,Hispanic,Under 25,0.4629142023494224,0,0
M,Hispanic,Under 25,0.46523250092038226,1,0
M,Hispanic,Under 25,0.6011620141694758,1,1
M,Hispanic,Under 25,0.5582938743266925,1,1
M,Hispanic,Under 25,0.5891821902137668,1,1
M,Hispanic,Under 25,0.4047150507615382,0,0
M,Hispanic,Under 25,0.3204275262990537,0,0
M,Hispanic,Under 25,0.39442719680410154,0,0
M,Hispanic,Under 25,0.4140744110991634,1,0
M,Hispanic,25–44,0.5319813149625154,0,1
M,Hispanic,25–44,0.6225008874530283,0,1
M,Hispanic,25–44,0.6568913166319377,1,1
M,Hispanic,25–44,0.6064960893743695,1,1
M,Hispanic,25–44,0.3508060516531355,0,0
M,Hispanic,25–44,0.6669787803567329,1,1
M,Hispanic,25–44,0.30360887784586127,0,0
M,Hispanic,25–44,0.522273413240152,1,1
M,Hispanic,25–44,0.30168139487254,0,0
M,Hispanic,25–44,0.5033079463834,0,1
M,Hispanic,25–44,0.6320628447413232,1,1
M,Hispanic,25–44,0.4199025582064636,0,0
M,Hispanic,25–44,0.3491040813486462,0,0
M,Hispanic,25–44,0.36890020105101423,1,0
M,Hispanic,25–44,0.5514467030425593,1,1
M,Hispanic,25–44,0.8952313897288842,1,1
M,Hispanic,25–44,0.328687097296686,0,0
M,Hispanic,25–44,0.45152147909672324,0,0
M,Hispanic,25–44,0.7249047039072838,1,1
M,Hispanic,25–44,0.5466675229011815,1,1
M,Hispanic,25–44,0.6506418760420941,1,1
M,Hispanic,25–44,0.449241671170701,1,0
M,Hispanic,25–44,0.6344786316156702,1,1
M,Hispanic,25–44,0.6709269617900129,0,1
M,Hispanic,25–44,0.6252434933460506,1,1
M,Hispanic,25–44,0.3870685958185638,0,0
M,Hispanic,25–44,0.401725053060668,0,0
M,Hispanic,25–44,0.6679646487949179,1,1
M,Hispanic,25–44,0.4462226990164493,0,0
M,Hispanic,25–44,0.12467864200956724,0,0
M,Hispanic,25–44,0.5842229254624645,0,1
M,Hispanic,25–44,0.38712529188477,0,0
M,Hispanic,25–44,0.6890524844642858,1,1
M,Hispanic,25–44,0.40404702398207815,1,0
M,Hispanic,25–44,0.3103776517487691,0,0
M,Hispanic,25–44,0.6642543641415042,0,1
M,Hispanic,25–44,0.792380796230028,1,1
M,Hispanic,25–44,0.48293394432049214,0,0
M,Hispanic,25–44,0.3593047831625795,0,0
M,Hispanic,25–44,0.6602583222360803,1,1
M,Hispanic,25–44,0.7814880134854295,1,1
M,Hispanic,25–44,0.47405468814621804,1,0
M,Hispanic,25–44,0.8530221366373074,1,1
M,Hispanic,25–44,0.41203226821360966,0,0
M,Hispanic,25–44,0.23426557893155386,0,0
M,Hispanic,25–44,0.5714147457455847,1,1
M,Hispanic,25–44,0.5790931814585829,0,1
M,Hispanic,25–44,0.16666688032285887,0,0
M,Hispanic,25–44,0.496462247753278,1,0
M,Hispanic,25–44,0.5169816385142999,1,1
M,Hispanic,25–44,0.6244795879445659,1,1
M,Hispanic,25–44,0.6152190374752653,1,1
M,Hispanic,25–44,0.5909239056293086,0,1
M,Hispanic,25–44,0.5323277305163799,1,1
M,Hispanic,25–44,0.42624222247706245,0,0
M,Hispanic,25–44,0.5910553931630262,1,1
M,Hispanic,25–44,0.45181959987009795,1,0
M,Hispanic,25–44,0.38990453249333296,0,0
M,Hispanic,25–44,0.3962692840210267,0,0
M,Hispanic,25–44,0.5480016344136169,1,1
M,Hispanic,25–44,0.3011226925099011,0,0
M,Hispanic,25–44,0.5279409837787741,0,1
M,Hispanic,25–44,0.279816223712244,0,0
M,Hispanic,25–44,0.3779241786656283,0,0
M,Hispanic,25–44,0.326595166864558,0,0
M,Hispanic,25–44,0.2308073223555854,0,0
M,Hispanic,25–44,0.20616170112626936,0,0
M,Hispanic,25–44,0.6904914742056621,1,1
M,Hispanic,25–44,0.4490873993158856,1,0
M,Hispanic,25–44,0.7976501133301093,1,1
M,Hispanic,25–44,0.602831458769937,0,1
M,Hispanic,25–44,0.37366102093931186,0,0
M,Hispanic,25–44,0.6732053105930598,1,1
M,Hispanic,25–44,0.3222668581359151,0,0
M,Hispanic,25–44,0.31467543172861967,1,0
M,Hispanic,25–44,0.3731507147498236,1,0
M,Hispanic,25–44,0.4565788116703797,0,0
M,Hispanic,25–44,0.7835183509890263,1,1
M,Hispanic,25–44,0.758755750482125,1,1
M,Hispanic,25–44,0.49786435004341717,1,0
M,Hispanic,25–44,0.1758164975799887,0,0
M,Hispanic,25–44,0.617807332329269,0,1
M,Hispanic,25–44,0.35968697429528207,0,0
M,Hispanic,25–44,0.4672729447303404,0,0
M,Hispanic,25–44,0.5578918248120429,1,1
M,Hispanic,25–44,0.3689489952708328,0,0
M,Hispanic,25–44,0.657579373363087,1,1
M,Hispanic,25–44,0.12482382215457238,0,0
M,Hispanic,25–44,0.44070602653746227,0,0
M,Hispanic,25–44,0.4997984572503991,0,0
M,Hispanic,25–44,0.8076412504493183,1,1
M,Hispanic,25–44,0.18667208457601128,0,0
M,Hispanic,25–44,0.43707020952831915,0,0
M,Hispanic,25–44,0.7053738319915043,1,1
M,Hispanic,25–44,0.29735539017227586,0,0
M,Hispanic,25–44,0.4614437216959166,1,0
M,Hispanic,25–44,0.3847111137199434,0,0
M,Hispanic,25–44,0.6998354005833034,1,1
M,Hispanic,25–44,0.40348957941040703,0,0
M,Hispanic,25–44,0.6203218651245164,1,1
M,Hispanic,25–44,0.3748217576735532,0,0
M,Hispanic,25–44,0.5672778041043712,0,1
M,Hispanic,25–44,0.5996426689431728,0,1
M,Hispanic,25–44,0.6395744083340676,1,1
M,Hispanic,25–44,0.6957975390362374,1,1
M,Hispanic,25–44,0.4162887970669922,0,0
M,Hispanic,25–44,0.2707836881459319,0,0
M,Hispanic,25–44,0.3908080783204055,0,0
M,Hispanic,25–44,0.5199827660941829,1,1
M,Hispanic,25–44,0.4004548908912389,0,0
M,Hispanic,25–44,0.73627521184156,1,1
M,Hispanic,25–44,0.5030201042555809,1,1
M,Hispanic,25–44,0.41942899100892006,0,0
M,Hispanic,25–44,0.4196788039286414,0,0
M,Hispanic,25–44,0.679098047244044,1,1
M,Hispanic,25–44,0.19546369291121649,0,0
M,Hispanic,25–44,0.3576471434880683,0,0
M,Hispanic,25–44,0.5106084158825713,1,1
M,Hispanic,25–44,0.43536765320956033,0,0
M,Hispanic,25–44,0.5971176807727661,1,1
M,Hispanic,25–44,0.5810817095615919,1,1
M,Hispanic,25–44,0.37957810211112286,0,0
M,Hispanic,25–44,0.45952897119613956,1,0
M,Hispanic,25–44,0.3944625650214421,0,0
M,Hispanic,25–44,0.408019485944293,1,0
M,Hispanic,25–44,0.5678422335332043,1,1
M,Hispanic,25–44,0.681664239051409,1,1
M,Hispanic,25–44,0.4594085717978805,0,0
M,Hispanic,25–44,0.4754826054180497,1,0
M,Hispanic,25–44,0.5414159662026164,0,1
M,Hispanic,25–44,0.5544511568342061,1,1
M,Hispanic,25–44,0.2858180540282452,0,0
M,Hispanic,25–44,0.5632608722153933,1,1
M,Hispanic,25–44,0.46945665476627085,0,0
M,Hispanic,25–44,0.3871319933155573,0,0
M,Hispanic,25–44,0.26070470505706145,0,0
M,Hispanic,25–44,0.5187961690378686,1,1
M,Hispanic,25–44,0.5337276009449367,1,1
M,Hispanic,25–44,0.6364949013972231,1,1
M,Hispanic,25–44,0.7207155629512924,1,1
M,Hispanic,25–44,0.58141397998412,1,1
M,Hispanic,25–44,0.5787409188418192,1,1
M,Hispanic,25–44,0.4350009519227971,1,0
M,Hispanic,25–44,0.3427878692035531,0,0
M,Hispanic,25–44,0.6060410588811044,1,1
M,Hispanic,25–44,0.3388044057135776,1,0
M,Hispanic,25–44,0.5382026096020357,0,1
M,Hispanic,25–44,0.6349422826697264,1,1
M,Hispanic,25–44,0.6986371926146758,1,1
M,Hispanic,25–44,0.6609413080367663,1,1
M,Hispanic,25–44,0.4487178749717319,1,0
M,Hispanic,25–44,0.4843526512961951,1,0
M,Hispanic,25–44,0.46787354920810287,0,0
M,Hispanic,25–44,0.39518875834776557,0,0
M,Hispanic,25–44,0.521515330629279,1,1
M,Hispanic,25–44,0.3600112147552813,0,0
M,Hispanic,25–44,0.7108789205039268,1,1
M,Hispanic,25–44,0.23010573831471365,1,0
M,Hispanic,25–44,0.636654927824722,1,1
M,Hispanic,25–44,0.4485039631845432,0,0
M,Hispanic,25–44,0.45506806808770595,1,0
M,Hispanic,25–44,0.9273824886712203,1,1
M,Hispanic,25–44,0.4605828584041768,0,0
M,Hispanic,25–44,0.6133688048841978,1,1
M,Hispanic,25–44,0.26801819586676545,0,0
M,Hispanic,25–44,0.6412020378992268,1,1
M,Hispanic,25–44,0.6414530442538422,1,1
M,Hispanic,25–44,0.6707792075237586,1,1
M,Hispanic,25–44,0.5008352534563099,1,1
M,Hispanic,25–44,0.5182617958987388,1,1
M,Hispanic,25–44,0.487074475401452,0,0
M,Hispanic,25–44,0.4762440307922138,0,0
M,Hispanic,25–44,0.8634374845785739,1,1
M,Hispanic,25–44,0.6162743525778679,1,1
M,Hispanic,25–44,0.5994802992040105,0,1
M,Hispanic,25–44,0.394894122715239,0,0
M,Hispanic,25–44,0.24478269299084443,0,0
M,Hispanic,25–44,0.6416714089481759,1,1
M,Hispanic,25–44,0.28981959318159206,0,0
M,Hispanic,25–44,0.26156007862631536,0,0
M,Hispanic,25–44,0.3378695700478439,0,0
M,Hispanic,25–44,0.497397164404717,1,0
M,Hispanic,25–44,0.2941309011184876,0,0
M,Hispanic,25–44,0.3380427903751481,0,0
M,Hispanic,25–44,0.7869375964792391,1,1
M,Hispanic,25–44,0.2537863055382531,0,0
M,Hispanic,25–44,0.6053513633116128,1,1
M,Hispanic,25–44,0.16027271365512885,0,0
M,Hispanic,25–44,0.5316942751804932,1,1
M,Hispanic,25–44,0.36715736356426487,0,0
M,Hispanic,25–44,0.6498867133269259,1,1
M,Hispanic,25–44,0.4853440420767729,0,0
M,Hispanic,25–44,0.5595828050908644,1,1
M,Hispanic,25–44,0.6063426042637173,1,1
M,Hispanic,25–44,0.4804830738200868,1,0
M,Hispanic,25–44,0.34379635124162916,0,0
M,Hispanic,25–44,0.510196868911263,0,1
M,Hispanic,25–44,0.5910916840165791,1,1
M,Hispanic,25–44,0.521163177927307,1,1
M,Hispanic,25–44,0.4555060332752917,0,0
M,Hispanic,25–44,0.20174941807171642,0,0
M,Hispanic,25–44,0.64346367493875,1,1
M,Hispanic,25–44,0.3306736096342926,1,0
M,Hispanic,25–44,0.4147584214480078,0,0
M,Hispanic,25–44,0.46678338260499547,0,0
M,Hispanic,25–44,0.4911639002983431,0,0
M,Hispanic,25–44,0.48093958935605685,0,0
M,Hispanic,25–44,0.6347094886202308,1,1
M,Hispanic,25–44,0.3995443416593263,0,0
M,Hispanic,25–44,0.7895630026687334,1,1
M,Hispanic,25–44,0.3959641612293775,0,0
M,Hispanic,25–44,0.39803713082090947,0,0
M,Hispanic,25–44,0.6674819992432282,1,1
M,Hispanic,25–44,0.2895202974124823,0,0
M,Hispanic,25–44,0.6089661294549326,1,1
M,Hispanic,25–44,0.6280782207217349,1,1
M,Hispanic,25–44,0.561194264554979,0,1
M,Hispanic,25–44,0.31848619013311585,0,0
M,Hispanic,25–44,0.47039875023056754,0,0
M,Hispanic,25–44,0.6386488219766188,1,1
M,Hispanic,25–44,0.5866508797501584,0,1
M,Hispanic,25–44,0.49660113193568167,1,0
M,Hispanic,25–44,0.8465782647802914,1,1
M,Hispanic,25–44,0.27038822736747364,1,0
M,Hispanic,25–44,0.2833283304816974,0,0
M,Hispanic,25–44,0.46558275111992886,0,0
M,Hispanic,25–44,0.5401472105973298,1,1
M,Hispanic,25–44,0.4988771030059368,1,0
M,Hispanic,25–44,0.5903185399609817,1,1
M,Hispanic,25–44,0.48462749522807896,1,0
M,Hispanic,25–44,0.6383042234921666,1,1
M,Hispanic,25–44,0.37272025064874725,0,0
M,Hispanic,25–44,0.16024355548002187,0,0
M,Hispanic,25–44,0.607202565546654,1,1
M,Hispanic,25–44,0.6034956598451188,1,1
M,Hispanic,25–44,0.6343546732544921,1,1
M,Hispanic,25–44,0.28560801172783334,0,0
M,Hispanic,25–44,0.3924904642105907,0,0
M,Hispanic,25–44,0.5566924082467655,1,1
M,Hispanic,25–44,0.3179981121376245,0,0
M,Hispanic,25–44,0.414198225730999,0,0
M,Hispanic,25–44,0.5978537579044942,0,1
M,Hispanic,25–44,0.6760090878684715,1,1
M,Hispanic,25–44,0.5767983320344022,1,1
M,Hispanic,25–44,0.6038793709119505,0,1
M,Hispanic,25–44,0.2594513048613247,0,0
M,Hispanic,25–44,0.3291872278384906,0,0
M,Hispanic,25–44,0.6962298099069756,1,1
M,Hispanic,25–44,0.5180512699457344,1,1
M,Hispanic,25–44,0.5798230862218912,1,1
M,Hispanic,25–44,0.3071857736729111,0,0
M,Hispanic,25–44,0.2639679525619314,0,0
M,Hispanic,25–44,0.5270084572375918,1,1
M,Hispanic,25–44,0.5744238221204385,0,1
M,Hispanic,25–44,0.5229411919025818,1,1
M,Hispanic,25–44,0.7500478087007914,1,1
M,Hispanic,25–44,0.756969261348998,1,1
M,Hispanic,25–44,0.44713493059278,1,0
M,Hispanic,25–44,0.6002115042941253,1,1
M,Hispanic,25–44,0.34990348281579703,0,0
M,Hispanic,25–44,0.6461248258083614,1,1
M,Hispanic,25–44,0.788960866146525,1,1
M,Hispanic,25–44,0.4754713084134582,0,0
M,Hispanic,25–44,0.16523788347335813,0,0
M,Hispanic,25–44,0.29063900003150106,0,0
M,Hispanic,25–44,0.566207635370249,1,1
M,Hispanic,25–44,0.5178369790826686,1,1
M,Hispanic,25–44,0.5994736063899285,1,1
M,Hispanic,25–44,0.3912044035336251,0,0
M,Hispanic,25–44,0.48843941315075434,1,0
M,Hispanic,25–44,0.317954610321184,0,0
M,Hispanic,25–44,0.34222914296369433,0,0
M,Hispanic,25–44,0.8979620238080859,1,1
M,Hispanic,25–44,0.28493116271661734,0,0
M,Hispanic,25–44,0.6368129396592919,1,1
M,Hispanic,25–44,0.5854849034001978,1,1
M,Hispanic,25–44,0.8708263083963856,1,1
M,Hispanic,25–44,0.3384061552641563,0,0
M,Hispanic,25–44,0.3604867286500206,0,0
M,Hispanic,25–44,0.26098639910384275,0,0
M,Hispanic,25–44,0.2785788337814698,0,0
M,Hispanic,25–44,0.31151203741976874,0,0
M,Hispanic,25–44,0.6503563113879337,1,1
M,Hispanic,25–44,0.6835249636767917,1,1
M,Hispanic,25–44,0.5725954955504854,1,1
M,Hispanic,25–44,0.3454174270933203,0,0
M,Hispanic,25–44,0.5431060137471811,1,1
M,Hispanic,25–44,0.40917879266899604,1,0
M,Hispanic,25–44,0.2120702316263646,0,0
M,Hispanic,25–44,0.6086034769510092,1,1
M,Hispanic,25–44,0.4602449433262398,0,0
M,Hispanic,25–44,0.355909858274098,0,0
M,Hispanic,25–44,0.46904447826231455,1,0
M,Hispanic,25–44,0.6613571897837593,0,1
M,Hispanic,25–44,0.3634562214514401,0,0
M,Hispanic,25–44,0.3818119145173288,0,0
M,Hispanic,25–44,0.578771070077805,1,1
M,Hispanic,25–44,0.25968984393633626,0,0
M,Hispanic,25–44,0.57585060632827,1,1
M,Hispanic,25–44,0.47302224414026783,0,0
M,Hispanic,25–44,0.764839869934894,1,1
M,Hispanic,25–44,0.44921433146109047,0,0
M,Hispanic,25–44,0.37193821539998617,0,0
M,Hispanic,25–44,0.6876665782532213,1,1
M,Hispanic,25–44,0.5474017680994974,0,1
M,Hispanic,25–44,0.4337933910103637,0,0
M,Hispanic,25–44,0.30336814545601715,0,0
M,Hispanic,25–44,0.6093552290049306,1,1
M,Hispanic,25–44,0.6727146738061239,1,1
M,Hispanic,25–44,0.4495005760992059,0,0
M,Hispanic,25–44,0.3222777140355526,0,0
M,Hispanic,25–44,0.5677213126190938,1,1
M,Hispanic,25–44,0.6401293074363863,1,1
M,Hispanic,25–44,0.31160763303497185,0,0
M,Hispanic,25–44,0.2803474923038497,0,0
M,Hispanic,25–44,0.5241120556364541,0,1
M,Hispanic,25–44,0.7169944611992973,1,1
M,Hispanic,25–44,0.5672017786383784,1,1
M,Hispanic,25–44,0.45430449769028697,0,0
M,Hispanic,25–44,0.5698569400497795,1,1
M,Hispanic,25–44,0.47126979759489684,0,0
M,Hispanic,25–44,0.3308708347436832,0,0
M,Hispanic,25–44,0.3334934700116919,0,0
M,Hispanic,25–44,0.46958736422872455,0,0
M,Hispanic,25–44,0.6139153428674716,1,1
M,Hispanic,25–44,0.5756187697353594,1,1
M,Hispanic,25–44,0.6072672832785965,1,1
M,Hispanic,25–44,0.5804924271902372,1,1
M,Hispanic,25–44,0.30845795268710263,0,0
M,Hispanic,25–44,0.7269709839492503,1,1
M,Hispanic,25–44,0.791960212341799,1,1
M,Hispanic,25–44,0.7326805245016188,1,1
M,Hispanic,25–44,0.5879324587237394,0,1
M,Hispanic,25–44,0.8699439364646627,1,1
M,Hispanic,25–44,0.5694124947912811,1,1
M,Hispanic,25–44,0.4336381196682633,0,0
M,Hispanic,25–44,0.7346130090419103,1,1
M,Hispanic,25–44,0.5775804427565723,1,1
M,Hispanic,25–44,0.5134470185291533,1,1
M,Hispanic,25–44,0.47285112650311706,0,0
M,Hispanic,25–44,0.6253094595020772,0,1
M,Hispanic,25–44,0.6617366858476394,1,1
M,Hispanic,25–44,0.7051770690771938,1,1
M,Hispanic,25–44,0.2379132937983077,0,0
M,Hispanic,25–44,0.7103743744218026,1,1
M,Hispanic,25–44,0.5771723023637401,1,1
M,Hispanic,25–44,0.6785519696103564,1,1
M,Hispanic,25–44,0.6003828774143567,1,1
M,Hispanic,25–44,0.5731914338056318,1,1
M,Hispanic,25–44,0.3792274740770195,0,0
M,Hispanic,25–44,0.2907600162742633,0,0
M,Hispanic,25–44,0.5689053737465479,0,1
M,Hispanic,25–44,0.6654233685189934,1,1
M,Hispanic,25–44,0.7596672242863336,1,1
M,Hispanic,25–44,0.5567594217495205,0,1
M,Hispanic,25–44,0.4729611005601572,0,0
M,Hispanic,25–44,0.5528987300124052,1,1
M,Hispanic,25–44,0.49200096420724526,0,0
M,Hispanic,25–44,0.3423778244313304,0,0
M,Hispanic,25–44,0.5553581996569144,1,1
M,Hispanic,25–44,0.575158152564522,0,1
M,Hispanic,25–44,0.6922711739425127,1,1
M,Hispanic,25–44,0.4018120435930861,0,0
M,Hispanic,25–44,0.6029134806902312,0,1
M,Hispanic,25–44,0.5912744809569177,1,1
M,Hispanic,25–44,0.6592524082095875,1,1
M,Hispanic,25–44,0.6387591835931481,1,1
M,Hispanic,25–44,0.681174510313526,1,1
M,Hispanic,25–44,0.6240137247248758,1,1
M,Hispanic,25–44,0.7032427943194406,0,1
M,Hispanic,25–44,0.4200376762335222,1,0
M,Hispanic,25–44,0.7669334498424533,1,1
M,Hispanic,25–44,0.2705202728158117,0,0
M,Hispanic,25–44,0.9591436094121463,1,1
M,Hispanic,25–44,0.5423025158924207,1,1
M,Hispanic,25–44,0.29868664628450514,0,0
M,Hispanic,25–44,0.5621778830898717,1,1
M,Hispanic,25–44,0.8507615842031445,1,1
M,Hispanic,25–44,0.394740548459737,0,0
M,Hispanic,25–44,0.4538248247155548,0,0
M,Hispanic,25–44,0.23060284083144245,0,0
M,Hispanic,25–44,0.4441251877434868,0,0
M,Hispanic,25–44,0.4159704412434932,0,0
M,Hispanic,25–44,0.6806182022065985,1,1
M,Hispanic,25–44,0.3353799544475746,0,0
M,Hispanic,25–44,0.46497683910296506,0,0
M,Hispanic,25–44,0.6351727851417348,1,1
M,Hispanic,25–44,0.3942570014018841,0,0
M,Hispanic,25–44,0.6460214233807342,1,1
M,Hispanic,25–44,0.39363163601253753,0,0
M,Hispanic,25–44,0.26478087241742027,0,0
M,Hispanic,25–44,0.28212297117865726,0,0
M,Hispanic,25–44,0.3184999086273603,0,0
M,Hispanic,25–44,0.4005642483895041,0,0
M,Hispanic,25–44,0.5617791213133873,0,1
M,Hispanic,25–44,0.639124256606523,1,1
M,Hispanic,25–44,0.5219364909839185,1,1
M,Hispanic,25–44,0.6847984058927452,1,1
M,Hispanic,25–44,0.7807412064167015,1,1
M,Hispanic,25–44,0.48292658226651497,0,0
M,Hispanic,45–64,0.511213011253822,1,1
M,Hispanic,45–64,0.3348338296830916,0,0
M,Hispanic,45–64,0.41992116539704466,0,0
M,Hispanic,45–64,0.35216448760700997,0,0
M,Hispanic,45–64,0.40745957046357595,0,0
M,Hispanic,45–64,0.5271395728175383,1,1
M,Hispanic,45–64,0.432660778937211,0,0
M,Hispanic,45–64,0.8489453416845911,1,1
M,Hispanic,45–64,0.1329057011375303,0,0
M,Hispanic,45–64,0.6895056401690338,1,1
M,Hispanic,45–64,0.43433992511577374,0,0
M,Hispanic,45–64,0.4512587515253155,0,0
M,Hispanic,45–64,0.4697277227658663,1,0
M,Hispanic,45–64,0.24050020171720357,0,0
M,Hispanic,45–64,0.4230412997524312,0,0
M,Hispanic,45–64,0.6845412495685425,1,1
M,Hispanic,45–64,0.2172232936483118,0,0
M,Hispanic,45–64,0.5757042455359946,0,1
M,Hispanic,45–64,0.6606767478430862,1,1
M,Hispanic,45–64,0.6485851846011228,1,1
M,Hispanic,45–64,0.4217230444089974,0,0
M,Hispanic,45–64,0.6907916938744271,1,1
M,Hispanic,45–64,0.36806104369299747,0,0
M,Hispanic,45–64,0.19904168479485063,0,0
M,Hispanic,45–64,0.8406532677338105,1,1
M,Hispanic,45–64,0.6179617030827894,0,1
M,Hispanic,45–64,0.46349193140879985,0,0
M,Hispanic,45–64,0.7539950457289502,1,1
M,Hispanic,45–64,0.5447105104085648,1,1
M,Hispanic,45–64,0.22103349133971484,0,0
M,Hispanic,45–64,0.7184141954272572,1,1
M,Hispanic,45–64,0.6556916849810984,1,1
M,Hispanic,45–64,0.5583322647154236,1,1
M,Hispanic,45–64,0.28158501639977,0,0
M,Hispanic,45–64,0.6754436665355259,1,1
M,Hispanic,45–64,0.5021093316492544,0,1
M,Hispanic,45–64,0.3336760722167557,0,0
M,Hispanic,45–64,0.26699212585472654,0,0
M,Hispanic,45–64,0.2721505352701118,0,0
M,Hispanic,45–64,0.9652985314234628,1,1
M,Hispanic,45–64,0.3755311541910255,0,0
M,Hispanic,45–64,0.3801847418385779,1,0
M,Hispanic,45–64,0.3660551242421204,0,0
M,Hispanic,45–64,0.4053524829792189,0,0
M,Hispanic,45–64,0.6191858602806422,0,1
M,Hispanic,45–64,0.6426068574171918,1,1
M,Hispanic,45–64,0.7213454434562694,1,1
M,Hispanic,45–64,0.566030271348783,1,1
M,Hispanic,45–64,0.5223463453262944,1,1
M,Hispanic,45–64,0.881357492798196,1,1
M,Hispanic,45–64,0.6263617707465727,1,1
M,Hispanic,45–64,0.7159800857606238,1,1
M,Hispanic,45–64,0.45674639215020557,0,0
M,Hispanic,45–64,0.45227171989542936,0,0
M,Hispanic,45–64,0.7152625938779356,1,1
M,Hispanic,45–64,0.7356429009173306,1,1
M,Hispanic,45–64,0.3439020979643912,0,0
M,Hispanic,45–64,0.8912814114185503,1,1
M,Hispanic,45–64,0.2717698653570896,0,0
M,Hispanic,45–64,0.5580875535995657,0,1
M,Hispanic,45–64,0.4433187232744631,0,0
M,Hispanic,45–64,0.8034386038424175,1,1
M,Hispanic,45–64,0.643714402566015,1,1
M,Hispanic,45–64,0.6126042832355681,1,1
M,Hispanic,45–64,0.6867004274218108,1,1
M,Hispanic,45–64,0.3763115816428749,0,0
M,Hispanic,45–64,0.7517212517165875,1,1
M,Hispanic,45–64,0.711814873384046,1,1
M,Hispanic,45–64,0.6069947212136996,1,1
M,Hispanic,45–64,0.5199496147200856,1,1
M,Hispanic,45–64,0.28798885507978694,0,0
M,Hispanic,45–64,0.4832858304880472,0,0
M,Hispanic,45–64,0.919589592191634,1,1
M,Hispanic,45–64,0.4333348451653649,0,0
M,Hispanic,45–64,0.7190858768260893,1,1
M,Hispanic,45–64,0.7826669440807752,1,1
M,Hispanic,45–64,0.2932871753848478,0,0
M,Hispanic,45–64,0.8129502520937969,1,1
M,Hispanic,45–64,0.42343714335479804,0,0
M,Hispanic,45–64,0.34476760386832067,0,0
M,Hispanic,45–64,0.7495853651275433,1,1
M,Hispanic,45–64,0.6040267520206053,1,1
M,Hispanic,45–64,0.40264000394559274,0,0
M,Hispanic,45–64,0.38079686489612774,0,0
M,Hispanic,45–64,0.43648728025068484,0,0
M,Hispanic,45–64,0.6259856259922377,1,1
M,Hispanic,45–64,0.6159772456765684,1,1
M,Hispanic,45–64,0.2717749912962623,0,0
M,Hispanic,45–64,0.6368274973458787,1,1
M,Hispanic,45–64,0.45871642423065595,0,0
M,Hispanic,45–64,0.5957095688228551,1,1
M,Hispanic,45–64,0.38060278770516137,0,0
M,Hispanic,45–64,0.45191287904966104,0,0
M,Hispanic,45–64,0.3452821039972255,0,0
M,Hispanic,45–64,0.7056979722610408,1,1
M,Hispanic,45–64,0.5638926341839454,1,1
M,Hispanic,45–64,0.5894890187612868,0,1
M,Hispanic,45–64,0.31366099525966135,0,0
M,Hispanic,45–64,0.717595051191017,1,1
M,Hispanic,45–64,0.34217807635199277,0,0
M,Hispanic,45–64,0.35954215118714283,0,0
M,Hispanic,45–64,0.3259205452704028,0,0
M,Hispanic,45–64,0.23652055717439893,0,0
M,Hispanic,45–64,0.3153164026130836,0,0
M,Hispanic,45–64,0.49801968046999756,1,0
M,Hispanic,45–64,0.44848267534891384,0,0
M,Hispanic,45–64,0.5247879100713708,0,1
M,Hispanic,45–64,0.9321865116664314,1,1
M,Hispanic,45–64,0.6799411194939404,1,1
M,Hispanic,45–64,0.5862380182652247,1,1
M,Hispanic,45–64,0.2954177455400559,0,0
M,Hispanic,45–64,0.7054114094210079,1,1
M,Hispanic,45–64,0.6291174741207618,1,1
M,Hispanic,45–64,0.7305021147159627,1,1
M,Hispanic,45–64,0.6040723888009036,0,1
M,Hispanic,45–64,0.7067743026578308,1,1
M,Hispanic,45–64,0.5185527556540187,1,1
M,Hispanic,45–64,0.6254046064733474,1,1
M,Hispanic,45–64,0.6317612948341216,1,1
M,Hispanic,45–64,0.3810590228011676,1,0
M,Hispanic,45–64,0.7457111090844465,1,1
M,Hispanic,45–64,0.4361911376574201,0,0
M,Hispanic,45–64,0.3400454512026662,0,0
M,Hispanic,45–64,0.10962012521183151,0,0
M,Hispanic,45–64,0.6276009807477714,1,1
M,Hispanic,45–64,0.3589435457150522,0,0
M,Hispanic,45–64,0.5761303019653868,1,1
M,Hispanic,45–64,0.690745627661611,1,1
M,Hispanic,45–64,0.2508357494849433,0,0
M,Hispanic,45–64,0.6838933837200663,1,1
M,Hispanic,45–64,0.3408580224610988,0,0
M,Hispanic,45–64,0.812565346067478,1,1
M,Hispanic,45–64,0.3868610954266819,0,0
M,Hispanic,45–64,0.16989782041585727,0,0
M,Hispanic,45–64,0.5646788555634238,1,1
M,Hispanic,45–64,0.8336858977710351,1,1
M,Hispanic,45–64,0.5348406275836369,1,1
M,Hispanic,45–64,0.5236375901700416,0,1
M,Hispanic,45–64,0.6031888146534812,1,1
M,Hispanic,45–64,0.4240788297977241,0,0
M,Hispanic,45–64,0.26631622474466343,0,0
M,Hispanic,45–64,0.6935628500465157,0,1
M,Hispanic,45–64,0.7245688306928308,1,1
M,Hispanic,45–64,0.6859776053173752,1,1
M,Hispanic,45–64,0.23623569630479957,0,0
M,Hispanic,45–64,0.41067998970675695,0,0
M,Hispanic,45–64,0.8382555659867882,1,1
M,Hispanic,45–64,0.7565480678259313,1,1
M,Hispanic,45–64,0.4167574670788964,0,0
M,Hispanic,45–64,0.5777045455478466,0,1
M,Hispanic,45–64,0.7844693867428563,1,1
M,Hispanic,45–64,0.44767221010320035,1,0
M,Hispanic,45–64,0.7933868908534943,1,1
M,Hispanic,45–64,0.7338418128049474,1,1
M,Hispanic,45–64,0.6775949970470809,1,1
M,Hispanic,45–64,0.7883000642141353,1,1
M,Hispanic,45–64,0.6358633961894842,1,1
M,Hispanic,45–64,0.5928694519815213,1,1
M,Hispanic,45–64,0.4888033620371461,0,0
M,Hispanic,45–64,0.712501721259779,1,1
M,Hispanic,45–64,0.34572375075501527,0,0
M,Hispanic,45–64,0.7890580155047989,1,1
M,Hispanic,45–64,0.5731994096285012,0,1
M,Hispanic,45–64,0.44989875281154446,0,0
M,Hispanic,45–64,0.7076185309843254,1,1
M,Hispanic,45–64,0.3198362216486023,0,0
M,Hispanic,45–64,0.4204729143372589,0,0
M,Hispanic,45–64,0.2700627170249205,0,0
M,Hispanic,45–64,0.6773627210866872,1,1
M,Hispanic,45–64,0.7242916902443226,1,1
M,Hispanic,45–64,0.4026769824589705,1,0
M,Hispanic,45–64,0.7815714702944455,1,1
M,Hispanic,45–64,0.604052612867148,1,1
M,Hispanic,45–64,0.39838197035808653,0,0
M,Hispanic,45–64,0.4432730304566207,0,0
M,Hispanic,45–64,0.8312257561064811,1,1
M,Hispanic,45–64,0.18318045680633374,0,0
M,Hispanic,45–64,0.537444072682088,0,1
M,Hispanic,45–64,0.45266808480513,0,0
M,Hispanic,45–64,0.40616975179974835,1,0
M,Hispanic,45–64,0.27076860253125634,0,0
M,Hispanic,45–64,0.5014820558262443,0,1
M,Hispanic,45–64,0.47450277931451845,0,0
M,Hispanic,45–64,0.29787168816730264,0,0
M,Hispanic,45–64,0.6280213315914422,1,1
M,Hispanic,45–64,0.34826403669919476,0,0
M,Hispanic,45–64,0.593097501901492,1,1
M,Hispanic,45–64,0.7048437290722466,1,1
M,Hispanic,45–64,0.31853353684885183,0,0
M,Hispanic,45–64,0.2938622851927137,0,0
M,Hispanic,45–64,0.9518834090872349,1,1
M,Hispanic,45–64,0.40890452173333575,0,0
M,Hispanic,45–64,0.7020242383079845,1,1
M,Hispanic,45–64,0.7835285734092154,1,1
M,Hispanic,45–64,0.7533787096541162,1,1
M,Hispanic,45–64,0.6136862620795216,1,1
M,Hispanic,45–64,0.4821915874918722,1,0
M,Hispanic,45–64,0.6043183759130696,1,1
M,Hispanic,45–64,0.7718756729590701,1,1
M,Hispanic,45–64,0.721007361772188,1,1
M,Hispanic,45–64,0.7228807030470527,1,1
M,Hispanic,45–64,0.38090712247036373,0,0
M,Hispanic,45–64,0.48373084563742763,0,0
M,Hispanic,45–64,0.5911807215888806,1,1
M,Hispanic,45–64,0.4522813116196487,1,0
M,Hispanic,45–64,0.574281599315851,0,1
M,Hispanic,45–64,0.7144604528658355,1,1
M,Hispanic,45–64,0.45357458270262707,0,0
M,Hispanic,45–64,0.1901194036990825,0,0
M,Hispanic,45–64,0.6942089768620747,0,1
M,Hispanic,45–64,0.47952650695490073,0,0
M,Hispanic,45–64,0.6686358592456518,1,1
M,Hispanic,45–64,0.6535779171695458,0,1
M,Hispanic,45–64,0.3654386229544164,0,0
M,Hispanic,45–64,0.7412766496532612,1,1
M,Hispanic,45–64,0.9640983384835813,1,1
M,Hispanic,45–64,0.42193970894791927,0,0
M,Hispanic,45–64,0.6793060048744565,1,1
M,Hispanic,45–64,0.7078231660558274,1,1
M,Hispanic,45–64,0.633001704008174,1,1
M,Hispanic,45–64,0.7331153707225341,1,1
M,Hispanic,45–64,0.33739046501440473,0,0
M,Hispanic,45–64,0.7188269396070969,0,1
M,Hispanic,45–64,0.5405438835189903,1,1
M,Hispanic,45–64,0.46822855648488315,0,0
M,Hispanic,45–64,0.46057733014017005,1,0
M,Hispanic,45–64,0.39116049474893794,0,0
M,Hispanic,45–64,0.6076081751078914,1,1
M,Hispanic,45–64,0.6723476261159034,1,1
M,Hispanic,45–64,0.6763298011137778,1,1
M,Hispanic,45–64,0.6992343786420437,1,1
M,Hispanic,45–64,0.7018320812591969,1,1
M,Hispanic,45–64,0.4846403283705004,0,0
M,Hispanic,45–64,0.6208020298086971,1,1
M,Hispanic,45–64,0.4674572851938123,0,0
M,Hispanic,45–64,0.7148041772333338,1,1
M,Hispanic,45–64,0.4554351231128213,0,0
M,Hispanic,45–64,0.6517654948312097,1,1
M,Hispanic,45–64,0.6325370777015645,1,1
M,Hispanic,45–64,0.37161501472121145,0,0
M,Hispanic,45–64,0.7423667614004297,1,1
M,Hispanic,45–64,0.621598230482472,1,1
M,Hispanic,45–64,0.5743599107958178,1,1
M,Hispanic,45–64,0.17858882704117834,0,0
M,Hispanic,45–64,0.7242547612049417,1,1
M,Hispanic,45–64,0.5904542023293017,1,1
M,Hispanic,45–64,0.350960019490827,0,0
M,Hispanic,45–64,0.449327813674739,0,0
M,Hispanic,45–64,0.6252040157700236,1,1
M,Hispanic,45–64,0.7273884343141622,1,1
M,Hispanic,45–64,0.44047548805879577,0,0
M,Hispanic,45–64,0.4477789043342909,0,0
M,Hispanic,45–64,0.6664292374533709,1,1
M,Hispanic,45–64,0.5849392614509219,1,1
M,Hispanic,45–64,0.5386205097031401,1,1
M,Hispanic,45–64,0.6835315595030618,1,1
M,Hispanic,45–64,0.2196612250591239,0,0
M,Hispanic,45–64,0.6078182465489437,0,1
M,Hispanic,45–64,0.25880968063432785,0,0
M,Hispanic,45–64,0.40403120834049633,1,0
M,Hispanic,45–64,0.34010006251557373,1,0
M,Hispanic,45–64,0.38983420138743846,1,0
M,Hispanic,45–64,0.7582477020100696,1,1
M,Hispanic,45–64,0.4281502538316883,0,0
M,Hispanic,45–64,0.739206833805871,1,1
M,Hispanic,45–64,0.34774564567058325,0,0
M,Hispanic,45–64,0.3008215046517231,0,0
M,Hispanic,45–64,0.5004305210491091,1,1
M,Hispanic,45–64,0.7253540296508032,1,1
M,Hispanic,45–64,0.6682158137354532,1,1
M,Hispanic,45–64,0.545968170831296,1,1
M,Hispanic,45–64,0.7758391295642916,1,1
M,Hispanic,45–64,0.4020892935369643,0,0
M,Hispanic,45–64,0.6999174303510304,1,1
M,Hispanic,45–64,0.7128710205756476,1,1
M,Hispanic,45–64,0.5418457637926193,0,1
M,Hispanic,45–64,0.3881903353313882,0,0
M,Hispanic,45–64,0.5140767780471684,1,1
M,Hispanic,45–64,0.6002613971759281,1,1
M,Hispanic,45–64,0.4212423149036703,0,0
M,Hispanic,45–64,0.5921296850089017,0,1
M,Hispanic,45–64,0.5343658702493076,0,1
M,Hispanic,45–64,0.6979373557358384,1,1
M,Hispanic,45–64,0.7113410766193033,1,1
M,Hispanic,45–64,0.7252096596813571,1,1
M,Hispanic,45–64,0.5793520075614444,0,1
M,Hispanic,45–64,0.7169350343396397,1,1
M,Hispanic,45–64,0.6457867288366813,1,1
M,Hispanic,45–64,0.48130348449145965,1,0
M,Hispanic,45–64,0.4836159294849499,0,0
M,Hispanic,45–64,0.45226621050779575,0,0
M,Hispanic,45–64,0.5849961064785842,0,1
M,Hispanic,45–64,0.5772527160908567,1,1
M,Hispanic,45–64,0.42209817446493936,0,0
M,Hispanic,45–64,0.5010206765441235,1,1
M,Hispanic,45–64,0.46007291822839746,0,0
M,Hispanic,45–64,0.8331668182361629,1,1
M,Hispanic,45–64,0.4181061637102676,0,0
M,Hispanic,45–64,0.733630627132954,1,1
M,Hispanic,45–64,0.5002345645246226,1,1
M,Hispanic,45–64,0.6756506951064947,0,1
M,Hispanic,45–64,0.39463522861317146,0,0
M,Hispanic,45–64,0.3437934507687016,0,0
M,Hispanic,45–64,0.7585192078779389,1,1
M,Hispanic,45–64,0.3802366432187166,0,0
M,Hispanic,45–64,0.3583786209535731,0,0
M,Hispanic,45–64,0.6509328950803108,1,1
M,Hispanic,45–64,0.5515944761401264,1,1
M,Hispanic,45–64,0.3411684028521087,0,0
M,Hispanic,45–64,0.8674540179812062,1,1
M,Hispanic,45–64,0.3056905899496886,0,0
M,Hispanic,45–64,0.5069330087733799,1,1
M,Hispanic,45–64,0.3495184469262946,0,0
M,Hispanic,45–64,0.6899196430651331,1,1
M,Hispanic,45–64,0.4840297130395168,1,0
M,Hispanic,45–64,0.7449432993822395,1,1
M,Hispanic,45–64,0.382533829850659,0,0
M,Hispanic,45–64,0.7045683572923374,1,1
M,Hispanic,45–64,0.544010814645123,0,1
M,Hispanic,45–64,0.5379783821269277,1,1
M,Hispanic,45–64,0.5397773032550293,1,1
M,Hispanic,45–64,0.8530213415709803,1,1
M,Hispanic,45–64,0.29126680821791145,0,0
M,Hispanic,45–64,0.5389814714938522,0,1
M,Hispanic,45–64,0.47424931697438777,0,0
M,Hispanic,45–64,0.6550444140117495,1,1
M,Hispanic,45–64,0.24238202936627143,0,0
M,Hispanic,45–64,0.46986834171554204,0,0
M,Hispanic,45–64,0.38602697005782544,0,0
M,Hispanic,45–64,0.5292185585696014,1,1
M,Hispanic,45–64,0.4224567673865617,0,0
M,Hispanic,45–64,0.3971713848522558,0,0
M,Hispanic,45–64,0.6853420189642941,1,1
M,Hispanic,45–64,0.45845166950317595,0,0
M,Hispanic,45–64,0.8448908866156227,1,1
M,Hispanic,45–64,0.8677145474476209,1,1
M,Hispanic,45–64,0.6948255109993842,0,1
M,Hispanic,45–64,0.8337793915738743,1,1
M,Hispanic,45–64,0.67940230041468,1,1
M,Hispanic,45–64,0.8804688188399039,1,1
M,Hispanic,45–64,0.4254617694894645,0,0
M,Hispanic,45–64,0.5679548022840251,1,1
M,Hispanic,45–64,0.3087057300521965,0,0
M,Hispanic,45–64,0.3368776333024553,0,0
M,Hispanic,45–64,0.7406350317212862,1,1
M,Hispanic,45–64,0.519638284733869,1,1
M,Hispanic,45–64,0.6709561460383933,1,1
M,Hispanic,45–64,0.48863654429343256,0,0
M,Hispanic,45–64,0.4923606625534936,0,0
M,Hispanic,45–64,0.4813509114876861,0,0
M,Hispanic,45–64,0.5120744495807587,0,1
M,Hispanic,45–64,0.4815261118454742,1,0
M,Hispanic,45–64,0.5596968942155919,1,1
M,Hispanic,45–64,0.6597017823806043,1,1
M,Hispanic,45–64,0.1916979224420148,0,0
M,Hispanic,45–64,0.35287570660220846,0,0
M,Hispanic,45–64,0.7174538560067909,1,1
M,Hispanic,45–64,0.7488393889455474,1,1
M,Hispanic,45–64,0.589429558278298,1,1
M,Hispanic,45–64,0.8278587238136222,1,1
F,Hispanic,Under 25,0.634637250570917,1,1
F,Hispanic,Under 25,0.4258268435793777,1,0
F,Hispanic,Under 25,0.4190497270224058,1,0
F,Hispanic,Under 25,0.5341256136913075,1,1
F,Hispanic,Under 25,0.38501866170755134,0,0
F,Hispanic,Under 25,0.569712878277212,1,1
F,Hispanic,Under 25,0.5621908615913376,1,1
F,Hispanic,Under 25,0.2780011085824319,0,0
F,Hispanic,Under 25,0.49494030645731185,1,0
F,Hispanic,Under 25,0.5117791640314678,1,1
F,Hispanic,Under 25,0.5019537374697435,1,1
F,Hispanic,Under 25,0.5397669901521333,0,1
F,Hispanic,Under 25,0.30772483111032,0,0
F,Hispanic,Under 25,0.49344246476142284,1,0
F,Hispanic,Under 25,0.519251409303354,1,1
F,Hispanic,Under 25,0.43505690400091446,1,0
F,Hispanic,Under 25,0.6201237836024549,0,1
F,Hispanic,Under 25,0.5596314078840047,0,1
F,Hispanic,Under 25,0.47814882092691996,0,0
F,Hispanic,Under 25,0.8208070445766424,1,1
F,Hispanic,Under 25,0.5639827065837865,1,1
F,Hispanic,Under 25,0.5416773178702045,0,1
F,Hispanic,Under 25,0.3025456258652076,1,0
F,Hispanic,Under 25,0.31002570436890287,0,0
F,Hispanic,Under 25,0.36733873289456465,1,0
F,Hispanic,Under 25,0.5657295218621661,1,1
F,Hispanic,Under 25,0.6029652053942842,0,1
F,Hispanic,Under 25,0.6732939000717452,0,1
F,Hispanic,Under 25,0.6441655926274765,0,1
F,Hispanic,Under 25,0.397095102923471,0,0
F,Hispanic,Under 25,0.369757421573783,0,0
F,Hispanic,Under 25,0.42403203778005283,1,0
F,Hispanic,Under 25,0.3523280637800821,1,0
F,Hispanic,Under 25,0.47721302584305614,0,0
F,Hispanic,Under 25,0.45562046010170265,0,0
F,Hispanic,Under 25,0.2686944247519053,0,0
F,Hispanic,Under 25,0.49340671454269286,1,0
F,Hispanic,Under 25,0.37127936169422016,1,0
F,Hispanic,Under 25,0.43047851177539953,1,0
F,Hispanic,Under 25,0.7675501541847036,1,1
F,Hispanic,Under 25,0.44120517818669824,1,0
F,Hispanic,Under 25,0.6009399282878676,1,1
F,Hispanic,Under 25,0.3475097278738255,0,0
F,Hispanic,Under 25,0.22286491693124774,0,0
F,Hispanic,Under 25,0.39517887384275885,1,0
F,Hispanic,Under 25,0.2808417254298481,1,0
F,Hispanic,Under 25,0.36294667057989616,0,0
F,Hispanic,Under 25,0.29402599220682246,1,0
F,Hispanic,Under 25,0.4090951393109028,1,0
F,Hispanic,Under 25,0.6889917800995898,1,1
F,Hispanic,Under 25,0.3263890583357008,0,0
F,Hispanic,Under 25,0.31819403925110057,1,0
F,Hispanic,Under 25,0.5811997343626896,0,1
F,Hispanic,Under 25,0.2970990973103215,0,0
F,Hispanic,Under 25,0.7297390406629118,1,1
F,Hispanic,Under 25,0.5522300613169133,1,1
F,Hispanic,Under 25,0.4677854370940749,0,0
F,Hispanic,Under 25,0.6521747323314963,1,1
F,Hispanic,Under 25,0.5384923686396418,0,1
F,Hispanic,Under 25,0.7150832854054014,0,1
F,Hispanic,Under 25,0.6461250286316818,1,1
F,Hispanic,Under 25,0.6402822207900616,1,1
F,Hispanic,Under 25,0.5811661819590864,1,1
F,Hispanic,Under 25,0.6466485419063508,1,1
F,Hispanic,Under 25,0.4965252213891478,1,0
F,Hispanic,Under 25,0.5764377105169793,1,1
F,Hispanic,Under 25,0.15628693960012519,0,0
F,Hispanic,Under 25,0.5983253515381558,1,1
F,Hispanic,Under 25,0.3528551987998101,0,0
F,Hispanic,Under 25,0.38587752182097085,1,0
F,Hispanic,Under 25,0.6408217473184412,1,1
F,Hispanic,Under 25,0.23741327513507698,0,0
F,Hispanic,Under 25,0.6442590121273647,1,1
F,Hispanic,Under 25,0.5257631663697439,1,1
F,Hispanic,Under 25,0.5303034846383126,1,1
F,Hispanic,Under 25,0.3987328498460106,0,0
F,Hispanic,Under 25,0.5069642640974616,0,1
F,Hispanic,Under 25,0.4143134930365958,1,0
F,Hispanic,Under 25,0.6186505551967609,1,1
F,Hispanic,Under 25,0.41178749290066646,0,0
F,Hispanic,Under 25,0.5590724550005028,1,1
F,Hispanic,Under 25,0.414548735340369,0,0
F,Hispanic,Under 25,0.6322400962279227,1,1
F,Hispanic,Under 25,0.40902362172475804,0,0
F,Hispanic,Under 25,0.17841445049909935,0,0
F,Hispanic,Under 25,0.5503043192893945,1,1
F,Hispanic,Under 25,0.38464443578472246,0,0
F,Hispanic,Under 25,0.5305840106348183,1,1
F,Hispanic,Under 25,0.6543581378217591,0,1
F,Hispanic,Under 25,0.25652145501998164,0,0
F,Hispanic,Under 25,0.404866599497212,0,0
F,Hispanic,Under 25,0.4093068100400844,1,0
F,Hispanic,Under 25,0.4973699469365993,1,0
F,Hispanic,Under 25,0.4980149324810479,0,0
F,Hispanic,Under 25,0.5068483649388555,0,1
F,Hispanic,Under 25,0.6916138144396544,0,1
F,Hispanic,Under 25,0.6711304430215203,1,1
F,Hispanic,Under 25,0.39265602928229415,0,0
F,Hispanic,Under 25,0.7003440103487482,1,1
F,Hispanic,Under 25,0.4437842139157225,1,0
F,Hispanic,Under 25,0.3770335919300556,0,0
F,Hispanic,Under 25,0.698844917246387,1,1
F,Hispanic,Under 25,0.47944938519211777,0,0
F,Hispanic,Under 25,0.3138433027101843,1,0
F,Hispanic,Under 25,0.26813621892125983,1,0
F,Hispanic,Under 25,0.2840168495371842,0,0
F,Hispanic,Under 25,0.5973107845751439,1,1
F,Hispanic,Under 25,0.39501010796810304,0,0
F,Hispanic,Under 25,0.3788745695415815,1,0
F,Hispanic,Under 25,0.4396465628437034,0,0
F,Hispanic,Under 25,0.3506745533095129,0,0
F,Hispanic,Under 25,0.4551014759903867,1,0
F,Hispanic,Under 25,0.2898852328050492,0,0
F,Hispanic,Under 25,0.6438760241342029,1,1
F,Hispanic,Under 25,0.5034810643905154,0,1
F,Hispanic,Under 25,0.5446979647903368,1,1
F,Hispanic,Under 25,0.4481771233512095,0,0
F,Hispanic,Under 25,0.297242251123668,0,0
F,Hispanic,Under 25,0.469201995515567,1,0
F,Hispanic,Under 25,0.32291434263255436,1,0
F,Hispanic,25–44,0.3047385399296938,0,0
F,Hispanic,25–44,0.7375343963938621,1,1
F,Hispanic,25–44,0.520164745638491,1,1
F,Hispanic,25–44,0.47054398383998886,0,0
F,Hispanic,25–44,0.5183743701112183,0,1
F,Hispanic,25–44,0.4730750803645088,1,0
F,Hispanic,25–44,0.7203236558669905,0,1
F,Hispanic,25–44,0.5566248307281851,1,1
F,Hispanic,25–44,0.71225386357174,1,1
F,Hispanic,25–44,0.49458616905996916,0,0
F,Hispanic,25–44,0.18392059261139931,0,0
F,Hispanic,25–44,0.627496061518187,1,1
F,Hispanic,25–44,0.4345311717986421,1,0
F,Hispanic,25–44,0.2697005277460912,0,0
F,Hispanic,25–44,0.7343301571253013,1,1
F,Hispanic,25–44,0.4490275340040828,0,0
F,Hispanic,25–44,0.5908958794373166,1,1
F,Hispanic,25–44,0.411391465477104,0,0
F,Hispanic,25–44,0.06375243264558972,0,0
F,Hispanic,25–44,0.6578989111158334,1,1
F,Hispanic,25–44,0.5596384977815019,1,1
F,Hispanic,25–44,0.6834319317302369,1,1
F,Hispanic,25–44,0.4685152321592295,1,0
F,Hispanic,25–44,0.4719804630101391,0,0
F,Hispanic,25–44,0.7580647680534546,1,1
F,Hispanic,25–44,0.6025880975045295,1,1
F,Hispanic,25–44,0.40643926821012827,0,0
F,Hispanic,25–44,0.5035197999352392,1,1
F,Hispanic,25–44,0.4381661961512132,0,0
F,Hispanic,25–44,0.44353905128990073,0,0
F,Hispanic,25–44,0.7818172554206684,1,1
F,Hispanic,25–44,0.6436728704904413,1,1
F,Hispanic,25–44,0.49538759966233925,0,0
F,Hispanic,25–44,0.31315117637512035,0,0
F,Hispanic,25–44,0.2893586134534465,0,0
F,Hispanic,25–44,0.36563305171376126,1,0
F,Hispanic,25–44,0.4657078466002533,0,0
F,Hispanic,25–44,0.5938437185236879,1,1
F,Hispanic,25–44,0.3051026638586144,0,0
F,Hispanic,25–44,0.5718574615869517,1,1
F,Hispanic,25–44,0.3497599310580335,0,0
F,Hispanic,25–44,0.23223761672099671,0,0
F,Hispanic,25–44,0.5178618919696805,0,1
F,Hispanic,25–44,0.5465268499539833,0,1
F,Hispanic,25–44,0.705753027255674,1,1
F,Hispanic,25–44,0.621992855436293,1,1
F,Hispanic,25–44,0.3848112987432618,0,0
F,Hispanic,25–44,0.5271687452166316,1,1
F,Hispanic,25–44,0.26204480783557454,0,0
F,Hispanic,25–44,0.3448062285939931,0,0
F,Hispanic,25–44,0.3225683415660703,0,0
F,Hispanic,25–44,0.3553648212991065,0,0
F,Hispanic,25–44,0.5006031798185452,1,1
F,Hispanic,25–44,0.20975275768388968,0,0
F,Hispanic,25–44,0.3858875224992388,0,0
F,Hispanic,25–44,0.712142355967013,0,1
F,Hispanic,25–44,0.5433264551034036,0,1
F,Hispanic,25–44,0.7057417855015459,0,1
F,Hispanic,25–44,0.5348854586008067,1,1
F,Hispanic,25–44,0.8666577251349084,1,1
F,Hispanic,25–44,0.6442729402800939,1,1
F,Hispanic,25–44,0.6066522574970804,1,1
F,Hispanic,25–44,0.42966806630586485,0,0
F,Hispanic,25–44,0.33840268384467403,0,0
F,Hispanic,25–44,0.5342040868054508,1,1
F,Hispanic,25–44,0.49847964756107876,1,0
F,Hispanic,25–44,0.7048416701632745,1,1
F,Hispanic,25–44,0.3474758832475572,1,0
F,Hispanic,25–44,0.3735631545984067,1,0
F,Hispanic,25–44,0.5277993009903842,1,1
F,Hispanic,25–44,0.43006155069973134,0,0
F,Hispanic,25–44,0.5125171784507953,1,1
F,Hispanic,25–44,0.4614034161187003,1,0
F,Hispanic,25–44,0.6999288874303836,1,1
F,Hispanic,25–44,0.5244951654352141,1,1
F,Hispanic,25–44,0.6617878182278026,1,1
F,Hispanic,25–44,0.6263418820602755,1,1
F,Hispanic,25–44,0.4052315150171368,0,0
F,Hispanic,25–44,0.5192427837949735,0,1
F,Hispanic,25–44,0.3061090218685878,0,0
F,Hispanic,25–44,0.518491329217385,1,1
F,Hispanic,25–44,0.3566630336983756,0,0
F,Hispanic,25–44,0.2623976775902893,0,0
F,Hispanic,25–44,0.6374318718001625,1,1
F,Hispanic,25–44,0.7211779871905,1,1
F,Hispanic,25–44,0.6281696540202493,1,1
F,Hispanic,25–44,0.5518379189618743,0,1
F,Hispanic,25–44,0.6920022132778118,1,1
F,Hispanic,25–44,0.5641999784362743,1,1
F,Hispanic,25–44,0.6786476494550812,0,1
F,Hispanic,25–44,0.5303134703523713,0,1
F,Hispanic,25–44,0.43351818774854156,0,0
F,Hispanic,25–44,0.5066127343112116,1,1
F,Hispanic,25–44,0.3897350845722277,1,0
F,Hispanic,25–44,0.377787827368791,0,0
F,Hispanic,25–44,0.29578896950889016,0,0
F,Hispanic,25–44,0.6035833793702535,1,1
F,Hispanic,25–44,0.49033141027093197,1,0
F,Hispanic,25–44,0.6795202980170542,0,1
F,Hispanic,25–44,0.1707817406852462,0,0
F,Hispanic,25–44,0.33478987624807566,0,0
F,Hispanic,25–44,0.4877842349386067,0,0
F,Hispanic,25–44,0.6333273691033784,1,1
F,Hispanic,25–44,0.6497701003585218,0,1
F,Hispanic,25–44,0.42990518400435473,1,0
F,Hispanic,25–44,0.3565481536823983,0,0
F,Hispanic,25–44,0.3127748621786757,0,0
F,Hispanic,25–44,0.35358614839128594,0,0
F,Hispanic,25–44,0.22055151915425927,0,0
F,Hispanic,25–44,0.6529747415895867,1,1
F,Hispanic,25–44,0.42178193431674743,1,0
F,Hispanic,25–44,0.6369519343659984,1,1
F,Hispanic,25–44,0.7466827809820528,1,1
F,Hispanic,25–44,0.3432586077749631,0,0
F,Hispanic,25–44,0.5765219629996663,1,1
F,Hispanic,25–44,0.41507933250540524,0,0
F,Hispanic,25–44,0.6725743594148693,1,1
F,Hispanic,25–44,0.5434612124488474,1,1
F,Hispanic,25–44,0.7569459291864653,1,1
F,Hispanic,25–44,0.5239171480713141,0,1
F,Hispanic,25–44,0.3153238660412772,0,0
F,Hispanic,25–44,0.7487883407448618,1,1
F,Hispanic,25–44,0.3914459913779364,0,0
F,Hispanic,25–44,0.7750428457124475,1,1
F,Hispanic,25–44,0.6050844352216893,0,1
F,Hispanic,25–44,0.5574045471276095,0,1
F,Hispanic,25–44,0.566217549695224,1,1
F,Hispanic,25–44,0.4511020617796726,0,0
F,Hispanic,25–44,0.46729160391991903,0,0
F,Hispanic,25–44,0.21079281365953267,1,0
F,Hispanic,25–44,0.70475050128799,1,1
F,Hispanic,25–44,0.5162015615041358,1,1
F,Hispanic,25–44,0.5828798532656408,0,1
F,Hispanic,25–44,0.5155980352899342,1,1
F,Hispanic,25–44,0.5501031177900284,0,1
F,Hispanic,25–44,0.607127803560044,0,1
F,Hispanic,25–44,0.22119433589627469,0,0
F,Hispanic,25–44,0.6989066441854348,1,1
F,Hispanic,25–44,0.4645233638527375,0,0
F,Hispanic,25–44,0.6537148027895561,1,1
F,Hispanic,25–44,0.48589411400122245,1,0
F,Hispanic,25–44,0.738770735502223,1,1
F,Hispanic,25–44,0.6733191997420179,1,1
F,Hispanic,25–44,0.4602020269694652,1,0
F,Hispanic,25–44,0.32722008554585275,0,0
F,Hispanic,25–44,0.6142849521077935,1,1
F,Hispanic,25–44,0.7612240695889998,1,1
F,Hispanic,25–44,0.6062486707657597,1,1
F,Hispanic,25–44,0.5590580106071155,1,1
F,Hispanic,25–44,0.3959630436873874,0,0
F,Hispanic,25–44,0.6366565599784478,0,1
F,Hispanic,25–44,0.5386042881631102,0,1
F,Hispanic,25–44,0.39344860730064446,0,0
F,Hispanic,25–44,0.42875985963474533,0,0
F,Hispanic,25–44,0.4067097001151067,0,0
F,Hispanic,25–44,0.453183360262937,0,0
F,Hispanic,25–44,0.453503228765166,0,0
F,Hispanic,25–44,0.7418671062603698,1,1
F,Hispanic,25–44,0.4665857187436249,1,0
F,Hispanic,25–44,0.3702408265316634,0,0
F,Hispanic,25–44,0.4886580350349679,1,0
F,Hispanic,25–44,0.3393088070972511,0,0
F,Hispanic,25–44,0.6169901939659168,1,1
F,Hispanic,25–44,0.5262866089515971,0,1
F,Hispanic,25–44,0.4467006048328763,0,0
F,Hispanic,25–44,0.5199407003385969,1,1
F,Hispanic,25–44,0.5648037304839197,1,1
F,Hispanic,25–44,0.42465514759411976,0,0
F,Hispanic,25–44,0.5602954075043662,1,1
F,Hispanic,25–44,0.3996258853844402,0,0
F,Hispanic,25–44,0.6907481554788417,1,1
F,Hispanic,25–44,0.5117663987761186,1,1
F,Hispanic,25–44,0.4132055321490796,0,0
F,Hispanic,25–44,0.6443239983077534,1,1
F,Hispanic,25–44,0.7529526134056548,1,1
F,Hispanic,25–44,0.5762604868241745,0,1
F,Hispanic,25–44,0.538819170437597,1,1
F,Hispanic,25–44,0.5835847448432887,0,1
F,Hispanic,25–44,0.48744848033551696,0,0
F,Hispanic,25–44,0.570154529261543,1,1
F,Hispanic,25–44,0.6571725720437966,1,1
F,Hispanic,25–44,0.7108154103609825,1,1
F,Hispanic,25–44,0.5641192405829312,0,1
F,Hispanic,25–44,0.5135969360371386,1,1
F,Hispanic,25–44,0.32869448392872996,0,0
F,Hispanic,25–44,0.46781973140964106,0,0
F,Hispanic,25–44,0.580538588403661,1,1
F,Hispanic,25–44,0.7464396004486444,1,1
F,Hispanic,25–44,0.5928473208714307,1,1
F,Hispanic,25–44,0.619703522854149,1,1
F,Hispanic,25–44,0.6464819794527665,0,1
F,Hispanic,25–44,0.4411398690154772,0,0
F,Hispanic,25–44,0.516503078433572,1,1
F,Hispanic,25–44,0.7221658267528666,1,1
F,Hispanic,25–44,0.7251060527904731,1,1
F,Hispanic,25–44,0.4362697906457217,1,0
F,Hispanic,25–44,0.4295427497934589,0,0
F,Hispanic,25–44,0.3995428147915475,1,0
F,Hispanic,25–44,0.33489219443117113,0,0
F,Hispanic,25–44,0.34102860411803776,0,0
F,Hispanic,25–44,0.728344708464086,1,1
F,Hispanic,25–44,0.5676966876155635,1,1
F,Hispanic,25–44,0.5556124154903452,1,1
F,Hispanic,25–44,0.3126625679287616,1,0
F,Hispanic,25–44,0.5212916686369496,0,1
F,Hispanic,25–44,0.6512585584216148,0,1
F,Hispanic,25–44,0.4948698512502138,0,0
F,Hispanic,25–44,0.5799591749722592,1,1
F,Hispanic,25–44,0.5933902763768506,1,1
F,Hispanic,25–44,0.43626762609739733,0,0
F,Hispanic,25–44,0.40668423660943676,0,0
F,Hispanic,25–44,0.3515758090216081,0,0
F,Hispanic,25–44,0.2876748830756143,0,0
F,Hispanic,25–44,0.5953765327259494,1,1
F,Hispanic,25–44,0.46457681797602424,1,0
F,Hispanic,25–44,0.4818228019253773,0,0
F,Hispanic,25–44,0.6840821656766863,1,1
F,Hispanic,25–44,0.341944236099145,0,0
F,Hispanic,25–44,0.219315138497483,0,0
F,Hispanic,25–44,0.4989558282539208,0,0
F,Hispanic,25–44,0.4200452277778326,0,0
F,Hispanic,25–44,0.5097605371374079,1,1
F,Hispanic,25–44,0.4799783179006887,1,0
F,Hispanic,25–44,0.6401832946454423,1,1
F,Hispanic,25–44,0.6020991872034386,1,1
F,Hispanic,25–44,0.3945989084839442,0,0
F,Hispanic,25–44,0.563036784895935,1,1
F,Hispanic,25–44,0.47821720574121185,0,0
F,Hispanic,25–44,0.5410720187379602,0,1
F,Hispanic,25–44,0.6916640606535828,1,1
F,Hispanic,25–44,0.3629385153906664,0,0
F,Hispanic,25–44,0.4490023656013988,0,0
F,Hispanic,25–44,0.4173084403302114,0,0
F,Hispanic,25–44,0.4482967355528001,0,0
F,Hispanic,25–44,0.46915932705629165,0,0
F,Hispanic,25–44,0.31025611502114864,1,0
F,Hispanic,25–44,0.47985988836295546,1,0
F,Hispanic,25–44,0.5381588965657819,1,1
F,Hispanic,25–44,0.4865792774355221,0,0
F,Hispanic,25–44,0.4519882059161784,0,0
F,Hispanic,25–44,0.4895664466706577,1,0
F,Hispanic,25–44,0.6213743991633499,1,1
F,Hispanic,25–44,0.43360198562584007,1,0
F,Hispanic,25–44,0.4736409860656704,1,0
F,Hispanic,25–44,0.6880275760650603,1,1
F,Hispanic,25–44,0.5120858581271766,0,1
F,Hispanic,25–44,0.6220036245060137,1,1
F,Hispanic,25–44,0.3472711389322444,0,0
F,Hispanic,25–44,0.5660546803566517,1,1
F,Hispanic,25–44,0.7649035276101933,0,1
F,Hispanic,25–44,0.5000136960573313,1,1
F,Hispanic,25–44,0.5669028384392871,0,1
F,Hispanic,25–44,0.3907219481840882,0,0
F,Hispanic,25–44,0.5192241615534174,1,1
F,Hispanic,25–44,0.6138081827672917,1,1
F,Hispanic,25–44,0.6075320693267409,0,1
F,Hispanic,25–44,0.4434294939727637,0,0
F,Hispanic,25–44,0.2920893653112906,0,0
F,Hispanic,25–44,0.45117645095340003,0,0
F,Hispanic,25–44,0.8380416377272363,1,1
F,Hispanic,25–44,0.4767966703532969,0,0
F,Hispanic,25–44,0.3668144662093009,0,0
F,Hispanic,25–44,0.43299895819112866,1,0
F,Hispanic,25–44,0.7231795630129059,1,1
F,Hispanic,25–44,0.6794875500822706,1,1
F,Hispanic,25–44,0.6129568701561176,1,1
F,Hispanic,25–44,0.4209100936234034,0,0
F,Hispanic,25–44,0.4792465379996628,1,0
F,Hispanic,25–44,0.658025084562668,1,1
F,Hispanic,25–44,0.225005042882293,0,0
F,Hispanic,25–44,0.585042682147183,0,1
F,Hispanic,25–44,0.890171671954976,1,1
F,Hispanic,25–44,0.17277862603924066,0,0
F,Hispanic,25–44,0.5022781888907042,0,1
F,Hispanic,25–44,0.3915323130897696,0,0
F,Hispanic,25–44,0.34378935479719347,1,0
F,Hispanic,25–44,0.3853208492387731,0,0
F,Hispanic,25–44,0.6343049583520386,1,1
F,Hispanic,25–44,0.8121205975869519,1,1
F,Hispanic,25–44,0.3631439318492233,0,0
F,Hispanic,25–44,0.4985707554333692,0,0
F,Hispanic,25–44,0.38963929497976246,0,0
F,Hispanic,25–44,0.507217568525816,0,1
F,Hispanic,25–44,0.45533807380164804,1,0
F,Hispanic,25–44,0.46680028886884456,0,0
F,Hispanic,25–44,0.6994134650029729,1,1
F,Hispanic,25–44,0.7013264598589332,1,1
F,Hispanic,25–44,0.5648072135131195,0,1
F,Hispanic,25–44,0.6717514497009446,1,1
F,Hispanic,25–44,0.5746988847077171,1,1
F,Hispanic,25–44,0.587514614603515,1,1
F,Hispanic,25–44,0.5714468675808704,1,1
F,Hispanic,25–44,0.5832368358122519,1,1
F,Hispanic,25–44,0.3981210546521231,0,0
F,Hispanic,25–44,0.6091929442441189,0,1
F,Hispanic,25–44,0.41950302890908076,0,0
F,Hispanic,25–44,0.5069839324118395,1,1
F,Hispanic,25–44,0.5073548461651143,1,1
F,Hispanic,25–44,0.5102435752988979,1,1
F,Hispanic,25–44,0.47783849613544604,0,0
F,Hispanic,25–44,0.4420675287345946,0,0
F,Hispanic,25–44,0.5476773173162244,1,1
F,Hispanic,25–44,0.5714739194243567,0,1
F,Hispanic,25–44,0.541425061031326,0,1
F,Hispanic,25–44,0.5339738694296219,0,1
F,Hispanic,25–44,0.6523266030684541,1,1
F,Hispanic,25–44,0.4447056423310184,1,0
F,Hispanic,25–44,0.4592426281211914,0,0
F,Hispanic,25–44,0.42959850733011756,0,0
F,Hispanic,25–44,0.3583878214032007,0,0
F,Hispanic,25–44,0.237211274873273,0,0
F,Hispanic,25–44,0.2709190641982135,0,0
F,Hispanic,25–44,0.28744722185521343,0,0
F,Hispanic,25–44,0.44626617468542423,0,0
F,Hispanic,25–44,0.4470672261763182,0,0
F,Hispanic,25–44,0.5717495829383046,0,1
F,Hispanic,25–44,0.28764635043344033,0,0
F,Hispanic,25–44,0.5501197601774774,0,1
F,Hispanic,25–44,0.3532365855567821,0,0
F,Hispanic,25–44,0.4505894166128558,0,0
F,Hispanic,25–44,0.4867667835881634,1,0
F,Hispanic,25–44,0.38160065323727793,1,0
F,Hispanic,25–44,0.42869705661899005,0,0
F,Hispanic,25–44,0.8083073536831156,1,1
F,Hispanic,25–44,0.6566943763772033,1,1
F,Hispanic,25–44,0.4316370368531203,0,0
F,Hispanic,25–44,0.30216885680482447,0,0
F,Hispanic,25–44,0.5866119036809813,1,1
F,Hispanic,25–44,0.6418636632412547,1,1
F,Hispanic,25–44,0.8492159984133003,1,1
F,Hispanic,25–44,0.6489029945102065,1,1
F,Hispanic,25–44,0.6157011301862461,1,1
F,Hispanic,25–44,0.5423928747530448,0,1
F,Hispanic,25–44,0.5146027964285668,1,1
F,Hispanic,25–44,0.6184983603105372,1,1
F,Hispanic,25–44,0.3813290134537738,0,0
F,Hispanic,25–44,0.43820873566049645,1,0
F,Hispanic,25–44,0.4421083067553718,1,0
F,Hispanic,25–44,0.432649459358999,0,0
F,Hispanic,25–44,0.6392804973790551,0,1
F,Hispanic,25–44,0.8487360205483749,1,1
F,Hispanic,25–44,0.4071624308453049,1,0
F,Hispanic,25–44,0.5824524585226835,1,1
F,Hispanic,25–44,0.7327648128726255,1,1
F,Hispanic,25–44,0.6983127291178834,1,1
F,Hispanic,25–44,0.5895856006964247,1,1
F,Hispanic,25–44,0.7164561715250439,1,1
F,Hispanic,25–44,0.44130786421572615,0,0
F,Hispanic,25–44,0.5875968910176941,1,1
F,Hispanic,25–44,0.6441804900751914,1,1
F,Hispanic,25–44,0.5163526978895476,1,1
F,Hispanic,25–44,0.4961536197622115,0,0
F,Hispanic,25–44,0.618569309758514,0,1
F,Hispanic,25–44,0.5355582692510726,1,1
F,Hispanic,25–44,0.5923639177909704,1,1
F,Hispanic,25–44,0.4303764117924935,0,0
F,Hispanic,25–44,0.6574331007602,1,1
F,Hispanic,25–44,0.5276972806790519,0,1
F,Hispanic,25–44,0.6068149901081753,1,1
F,Hispanic,25–44,0.2722795146502643,0,0
F,Hispanic,25–44,0.5486241012003988,0,1
F,Hispanic,25–44,0.4300756980274396,1,0
F,Hispanic,25–44,0.5458215408890731,0,1
F,Hispanic,25–44,0.4488600143955823,1,0
F,Hispanic,25–44,0.5497021427712556,0,1
F,Hispanic,25–44,0.5834040914589027,1,1
F,Hispanic,25–44,0.5407163795481895,1,1
F,Hispanic,25–44,0.5499704426568806,1,1
F,Hispanic,25–44,0.4835438754341652,0,0
F,Hispanic,25–44,0.44857122600439064,1,0
F,Hispanic,25–44,0.6308966825633532,1,1
F,Hispanic,25–44,0.6267934464848122,0,1
F,Hispanic,25–44,0.7064710542599214,1,1
F,Hispanic,25–44,0.3837451205876257,0,0
F,Hispanic,25–44,0.376192617558493,1,0
F,Hispanic,25–44,0.5809712428552605,0,1
F,Hispanic,25–44,0.4241771436840961,0,0
F,Hispanic,25–44,0.4840562655141128,1,0
F,Hispanic,25–44,0.39886607560597165,1,0
F,Hispanic,25–44,0.6116834826456571,1,1
F,Hispanic,25–44,0.4481694200936656,0,0
F,Hispanic,25–44,0.745032259011383,1,1
F,Hispanic,25–44,0.39921047005380333,0,0
F,Hispanic,25–44,0.3849298921543953,1,0
F,Hispanic,25–44,0.5756586681716087,1,1
F,Hispanic,25–44,0.47529499090163974,1,0
F,Hispanic,25–44,0.683627097542353,1,1
F,Hispanic,25–44,0.2755771734773146,0,0
F,Hispanic,25–44,0.4332161644687682,1,0
F,Hispanic,25–44,0.6391602268801337,1,1
F,Hispanic,25–44,0.6204224920799927,1,1
F,Hispanic,25–44,0.6838901447526481,1,1
F,Hispanic,25–44,0.5924743457953384,1,1
F,Hispanic,25–44,0.5368132929025753,1,1
F,Hispanic,25–44,0.5477541585624823,1,1
F,Hispanic,25–44,0.6197602139107098,1,1
F,Hispanic,25–44,0.41769898270225136,0,0
F,Hispanic,25–44,0.4648833274044447,1,0
F,Hispanic,25–44,0.5779395762105064,1,1
F,Hispanic,25–44,0.3927672533097729,0,0
F,Hispanic,25–44,0.6851283487772457,1,1
F,Hispanic,25–44,0.5727896695686006,1,1
F,Hispanic,25–44,0.617114297655784,1,1
F,Hispanic,25–44,0.38487614874440657,0,0
F,Hispanic,25–44,0.8542291072537145,1,1
F,Hispanic,25–44,0.5617570913336268,0,1
F,Hispanic,25–44,0.8324322600661902,1,1
F,Hispanic,25–44,0.5128845651407133,0,1
F,Hispanic,25–44,0.4679051403846331,0,0
F,Hispanic,25–44,0.5161769802992477,0,1
F,Hispanic,25–44,0.4990419393781991,1,0
F,Hispanic,25–44,0.3539818066657789,1,0
F,Hispanic,25–44,0.7015835331875044,1,1
F,Hispanic,25–44,0.5620641634605252,1,1
F,Hispanic,25–44,0.6158610679183244,1,1
F,Hispanic,25–44,0.6926259918078523,0,1
F,Hispanic,25–44,0.4956272384724849,1,0
F,Hispanic,25–44,0.5740371776055948,0,1
F,Hispanic,25–44,0.7060893633475589,1,1
F,Hispanic,25–44,0.504742543362867,0,1
F,Hispanic,45–64,0.6755975254108216,1,1
F,Hispanic,45–64,0.2331206511946061,0,0
F,Hispanic,45–64,0.5229786809057726,1,1
F,Hispanic,45–64,0.6626594548111577,1,1
F,Hispanic,45–64,0.7745934154056188,1,1
F,Hispanic,45–64,0.30901596727840924,0,0
F,Hispanic,45–64,0.7099126774935348,1,1
F,Hispanic,45–64,0.6954964241112429,1,1
F,Hispanic,45–64,0.29153019668710406,0,0
F,Hispanic,45–64,0.27654350077167283,0,0
F,Hispanic,45–64,0.8545274918839105,1,1
F,Hispanic,45–64,0.7090642884346897,1,1
F,Hispanic,45–64,0.5888190471777645,1,1
F,Hispanic,45–64,0.7139880475690598,1,1
F,Hispanic,45–64,0.29292641261821134,0,0
F,Hispanic,45–64,0.5644859193701957,1,1
F,Hispanic,45–64,0.40443847078315553,0,0
F,Hispanic,45–64,0.5356119827996995,1,1
F,Hispanic,45–64,0.6750935774370118,1,1
F,Hispanic,45–64,0.3199981570149968,0,0
F,Hispanic,45–64,0.6955834044436079,1,1
F,Hispanic,45–64,0.6753283193472707,1,1
F,Hispanic,45–64,0.2472407707447543,0,0
F,Hispanic,45–64,0.36138454956295063,1,0
F,Hispanic,45–64,0.7411605619111502,1,1
F,Hispanic,45–64,0.579827421207726,1,1
F,Hispanic,45–64,0.5156902677189235,0,1
F,Hispanic,45–64,0.47133900352465685,0,0
F,Hispanic,45–64,0.5368374616670593,0,1
F,Hispanic,45–64,0.6274986403328622,0,1
F,Hispanic,45–64,0.36950446891356636,0,0
F,Hispanic,45–64,0.4146210065508258,0,0
F,Hispanic,45–64,0.4010511333778031,0,0
F,Hispanic,45–64,0.6687437309364289,1,1
F,Hispanic,45–64,0.4049738226584905,0,0
F,Hispanic,45–64,0.7073184026831424,1,1
F,Hispanic,45–64,0.5568205752333234,0,1
F,Hispanic,45–64,0.5263102936906705,1,1
F,Hispanic,45–64,0.4884668881913111,0,0
F,Hispanic,45–64,0.5873110939229017,1,1
F,Hispanic,45–64,0.6049030369679858,0,1
F,Hispanic,45–64,0.26394609253565343,0,0
F,Hispanic,45–64,0.25734080643302304,0,0
F,Hispanic,45–64,0.497921400535327,0,0
F,Hispanic,45–64,0.41484209177336284,0,0
F,Hispanic,45–64,0.36929113742707176,0,0
F,Hispanic,45–64,0.5916719480011347,1,1
F,Hispanic,45–64,0.7001083338052844,1,1
F,Hispanic,45–64,0.4746080323994226,0,0
F,Hispanic,45–64,0.6052463591575703,1,1
F,Hispanic,45–64,0.45418622411866927,1,0
F,Hispanic,45–64,0.6141134038715981,1,1
F,Hispanic,45–64,0.6820371177016759,1,1
F,Hispanic,45–64,0.6181892514244254,1,1
F,Hispanic,45–64,0.3337565098249221,0,0
F,Hispanic,45–64,0.5308482789350034,1,1
F,Hispanic,45–64,0.6865895128486312,1,1
F,Hispanic,45–64,0.6239389048585895,1,1
F,Hispanic,45–64,0.6986430444244847,1,1
F,Hispanic,45–64,0.628474956428617,1,1
F,Hispanic,45–64,0.2042552934355933,0,0
F,Hispanic,45–64,0.28101274542031623,0,0
F,Hispanic,45–64,0.5049280921292842,0,1
F,Hispanic,45–64,0.28269714067521856,0,0
F,Hispanic,45–64,0.5854129116772528,0,1
F,Hispanic,45–64,0.3064370012366315,0,0
F,Hispanic,45–64,0.531868649486777,1,1
F,Hispanic,45–64,0.43555436633729666,0,0
F,Hispanic,45–64,0.4111309470697172,1,0
F,Hispanic,45–64,0.4982785319271162,0,0
F,Hispanic,45–64,0.1826551633687655,0,0
F,Hispanic,45–64,0.3919123516586926,0,0
F,Hispanic,45–64,0.5535022363128157,1,1
F,Hispanic,45–64,0.45229780118464474,0,0
F,Hispanic,45–64,0.5458526975134883,0,1
F,Hispanic,45–64,0.5379323663003255,1,1
F,Hispanic,45–64,0.5963981828920997,1,1
F,Hispanic,45–64,0.3805583742552282,0,0
F,Hispanic,45–64,0.7128285380637838,1,1
F,Hispanic,45–64,0.6257401372754046,1,1
F,Hispanic,45–64,0.18027512531121817,0,0
F,Hispanic,45–64,0.6052238465941697,1,1
F,Hispanic,45–64,0.46097916224488755,0,0
F,Hispanic,45–64,0.5880874172012955,1,1
F,Hispanic,45–64,0.4575706890249415,1,0
F,Hispanic,45–64,0.5315663428439548,1,1
F,Hispanic,45–64,0.6210382822358109,0,1
F,Hispanic,45–64,0.6194546844504905,1,1
F,Hispanic,45–64,0.3171744410985589,0,0
F,Hispanic,45–64,0.41988759129722264,0,0
F,Hispanic,45–64,0.5410222905459788,1,1
F,Hispanic,45–64,0.7961166714111472,1,1
F,Hispanic,45–64,0.25931941199827246,0,0
F,Hispanic,45–64,0.4095523399005282,0,0
F,Hispanic,45–64,0.6392205834979331,1,1
F,Hispanic,45–64,0.42856603723487935,0,0
F,Hispanic,45–64,0.6623120086253351,1,1
F,Hispanic,45–64,0.646816313865347,1,1
F,Hispanic,45–64,0.5026998435068172,0,1
F,Hispanic,45–64,0.5886377879222408,0,1
F,Hispanic,45–64,0.61368871290852,1,1
F,Hispanic,45–64,0.6874630615957866,0,1
F,Hispanic,45–64,0.009157407350215141,0,0
F,Hispanic,45–64,0.5240680795803002,1,1
F,Hispanic,45–64,0.7665997528878098,1,1
F,Hispanic,45–64,0.3950145439338083,0,0
F,Hispanic,45–64,0.4844923211370273,0,0
F,Hispanic,45–64,0.43154650859244914,0,0
F,Hispanic,45–64,0.3206455375032947,0,0
F,Hispanic,45–64,0.548693672094538,1,1
F,Hispanic,45–64,0.5439849144857856,1,1
F,Hispanic,45–64,0.19928399335383454,0,0
F,Hispanic,45–64,0.674933155223808,1,1
F,Hispanic,45–64,0.5778956413738906,1,1
F,Hispanic,45–64,0.455858248174976,1,0
F,Hispanic,45–64,0.6657532720603103,1,1
F,Hispanic,45–64,0.5411788638497417,0,1
F,Hispanic,45–64,0.36720175399819904,0,0
F,Hispanic,45–64,0.5199404301604289,1,1
F,Hispanic,45–64,0.5098037120128148,1,1
F,Hispanic,45–64,0.7971032501938887,1,1
F,Hispanic,45–64,0.5306977269736608,1,1
F,Hispanic,45–64,0.512841848074499,1,1
F,Hispanic,45–64,0.32480500733041984,0,0
F,Hispanic,45–64,0.7253259842608064,1,1
F,Hispanic,45–64,0.664697138133062,1,1
F,Hispanic,45–64,0.3223937513235797,0,0
F,Hispanic,45–64,0.4880484579880303,0,0
F,Hispanic,45–64,0.8046467688215282,1,1
F,Hispanic,45–64,0.48040880327221835,0,0
F,Hispanic,45–64,0.613927338901471,1,1
F,Hispanic,45–64,0.37221161748374404,0,0
F,Hispanic,45–64,0.5008972502515527,0,1
F,Hispanic,45–64,0.5118578073961094,1,1
F,Hispanic,45–64,0.44523363346835304,0,0
F,Hispanic,45–64,0.40133855311445876,0,0
F,Hispanic,45–64,0.4383789771325132,0,0
F,Hispanic,45–64,0.7206026839609154,1,1
F,Hispanic,45–64,0.5931496092678006,0,1
F,Hispanic,45–64,0.16616213432700883,0,0
F,Hispanic,45–64,0.4734536726805202,1,0
F,Hispanic,45–64,0.4065524910997245,0,0
F,Hispanic,45–64,0.47817971723877317,1,0
F,Hispanic,45–64,0.3804343238101547,0,0
F,Hispanic,45–64,0.5435803689375888,0,1
F,Hispanic,45–64,0.5335553251810974,1,1
F,Hispanic,45–64,0.5183425963484154,1,1
F,Hispanic,45–64,0.6576108663807867,1,1
F,Hispanic,45–64,0.5208020108520552,1,1
F,Hispanic,45–64,0.6224256895283993,1,1
F,Hispanic,45–64,0.7122145202455361,1,1
F,Hispanic,45–64,0.38786887620667737,0,0
F,Hispanic,45–64,0.805575472183424,1,1
F,Hispanic,45–64,0.5400659501797745,0,1
F,Hispanic,45–64,0.5553355298276051,1,1
F,Hispanic,45–64,0.5922561090266119,1,1
F,Hispanic,45–64,0.5527188657661267,0,1
F,Hispanic,45–64,0.6321289391624733,1,1
F,Hispanic,45–64,0.6862245110711312,1,1
F,Hispanic,45–64,0.6405580431991563,1,1
F,Hispanic,45–64,0.6732794350794075,1,1
F,Hispanic,45–64,0.5312381932545083,1,1
F,Hispanic,45–64,0.4946181720468802,0,0
F,Hispanic,45–64,0.7279762418262324,1,1
F,Hispanic,45–64,0.5542985705336917,1,1
F,Hispanic,45–64,0.3088696407248425,0,0
F,Hispanic,45–64,0.32871058731432357,0,0
F,Hispanic,45–64,0.5285933677851635,1,1
F,Hispanic,45–64,0.568677912288397,1,1
F,Hispanic,45–64,0.39562356996609194,0,0
F,Hispanic,45–64,0.7139203760359945,1,1
F,Hispanic,45–64,0.348886358537721,0,0
F,Hispanic,45–64,0.28768039820747854,0,0
F,Hispanic,45–64,0.5716489850847231,1,1
F,Hispanic,45–64,0.8357595190852888,1,1
F,Hispanic,45–64,0.3064917690422085,0,0
F,Hispanic,45–64,0.41087414019362,0,0
F,Hispanic,45–64,0.7128843190731378,1,1
F,Hispanic,45–64,0.7798438544947979,1,1
F,Hispanic,45–64,0.5457680127006519,1,1
F,Hispanic,45–64,0.5867608880901737,1,1
F,Hispanic,45–64,0.4745286797143029,0,0
F,Hispanic,45–64,0.46499991135260094,0,0
F,Hispanic,45–64,0.3744640597051303,0,0
F,Hispanic,45–64,0.5712465926622887,0,1
F,Hispanic,45–64,0.4321023637038723,0,0
F,Hispanic,45–64,0.7349156089105018,1,1
F,Hispanic,45–64,0.5409231139621231,0,1
F,Hispanic,45–64,0.8333223476963835,1,1
F,Hispanic,45–64,0.3985614959296254,0,0
F,Hispanic,45–64,0.6522698950257929,1,1
F,Hispanic,45–64,0.6885477582465742,1,1
F,Hispanic,45–64,0.3645811985738113,0,0
F,Hispanic,45–64,0.45471828133596065,1,0
F,Hispanic,45–64,0.6242370439086085,1,1
F,Hispanic,45–64,0.4472750163041333,0,0
F,Hispanic,45–64,0.33880282780216814,0,0
F,Hispanic,45–64,0.8425480040727843,1,1
F,Hispanic,45–64,0.8394130561126496,1,1
F,Hispanic,45–64,0.4099456833886829,0,0
F,Hispanic,45–64,0.8141492362904946,1,1
F,Hispanic,45–64,0.7390212363579413,1,1
F,Hispanic,45–64,0.4090255030209842,0,0
F,Hispanic,45–64,0.2278301200682444,0,0
F,Hispanic,45–64,0.6559021421894842,1,1
F,Hispanic,45–64,0.651210769570592,1,1
F,Hispanic,45–64,0.5150360825189003,0,1
F,Hispanic,45–64,0.6805171897910773,1,1
F,Hispanic,45–64,0.83861928298964,1,1
F,Hispanic,45–64,0.6557740483973227,1,1
F,Hispanic,45–64,0.6134567413584792,1,1
F,Hispanic,45–64,0.658546136745866,1,1
F,Hispanic,45–64,0.47047967159069404,0,0
F,Hispanic,45–64,0.44419036948077206,0,0
F,Hispanic,45–64,0.864323174774333,1,1
F,Hispanic,45–64,0.4286823259059172,0,0
F,Hispanic,45–64,0.7513812408463301,1,1
F,Hispanic,45–64,0.43596322069145554,1,0
F,Hispanic,45–64,0.7198642196383005,1,1
F,Hispanic,45–64,0.32575719472246734,0,0
F,Hispanic,45–64,0.7227270449400545,1,1
F,Hispanic,45–64,0.6345161685242404,1,1
F,Hispanic,45–64,0.427038754927215,1,0
F,Hispanic,45–64,0.7625066687862133,1,1
F,Hispanic,45–64,0.4562134153333502,1,0
F,Hispanic,45–64,0.6948374705627733,1,1
F,Hispanic,45–64,0.2885524123736748,0,0
F,Hispanic,45–64,0.7211230930380652,1,1
F,Hispanic,45–64,0.6037803528134364,1,1
F,Hispanic,45–64,0.5198417461664167,1,1
F,Hispanic,45–64,0.5942767199113338,1,1
F,Hispanic,45–64,0.6053132292173696,1,1
F,Hispanic,45–64,0.5820249441397257,1,1
F,Hispanic,45–64,0.2055535975025673,0,0
F,Hispanic,45–64,0.5761684715660031,0,1
F,Hispanic,45–64,0.7020294792928314,1,1
F,Hispanic,45–64,0.5897052705034483,1,1
F,Hispanic,45–64,0.658225505668126,1,1
F,Hispanic,45–64,0.4241199680289932,1,0
F,Hispanic,45–64,0.5747510755116384,1,1
F,Hispanic,45–64,0.37408343449748743,0,0
F,Hispanic,45–64,0.5865140889533551,1,1
F,Hispanic,45–64,0.4071048243840239,0,0
F,Hispanic,45–64,0.5283386309496331,1,1
F,Hispanic,45–64,0.26192567524472526,0,0
F,Hispanic,45–64,0.6219163441852592,1,1
F,Hispanic,45–64,0.37676964120207646,0,0
F,Hispanic,45–64,0.522175715087597,0,1
F,Hispanic,45–64,0.6968861847457364,1,1
F,Hispanic,45–64,0.812738325785426,1,1
F,Hispanic,45–64,0.4134384220790277,0,0
F,Hispanic,45–64,0.4650254997853631,1,0
F,Hispanic,45–64,0.6563368938165185,1,1
F,Hispanic,45–64,0.38005377359416653,0,0
F,Hispanic,45–64,0.6387626927349397,1,1
F,Hispanic,45–64,0.6842410396200526,1,1
F,Hispanic,45–64,0.7918611333962255,1,1
F,Hispanic,45–64,0.504182634252611,0,1
F,Hispanic,45–64,0.2518251987846042,0,0
F,Hispanic,45–64,0.3652522307104015,0,0
F,Hispanic,45–64,0.6421072894918924,1,1
F,Hispanic,45–64,0.544581590649594,1,1
F,Hispanic,45–64,0.7218235002658069,1,1
F,Hispanic,45–64,0.3575092315731372,0,0
F,Hispanic,45–64,0.39653491823693077,1,0
F,Hispanic,45–64,0.4999762836244389,1,0
F,Hispanic,45–64,0.7007825885055253,1,1
F,Hispanic,45–64,0.8018249110060003,1,1
F,Hispanic,45–64,0.5603735529174185,1,1
F,Hispanic,45–64,0.5539448119286817,1,1
F,Hispanic,45–64,0.6987814594636682,1,1
F,Hispanic,45–64,0.4493469516110579,1,0
F,Hispanic,45–64,0.42260327334770315,0,0
F,Hispanic,45–64,0.3661037232233973,0,0
F,Hispanic,45–64,0.7613458892143288,1,1
F,Hispanic,45–64,0.4111839584837481,0,0
F,Hispanic,45–64,0.4739006412083672,0,0
F,Hispanic,45–64,0.4367049857789576,0,0
F,Hispanic,45–64,0.6558738458822193,1,1
F,Hispanic,45–64,0.6501173497081225,1,1
F,Hispanic,45–64,0.6367577954503072,1,1
F,Hispanic,45–64,0.4199891025195574,0,0
F,Hispanic,45–64,0.282385138402896,0,0
F,Hispanic,45–64,0.6785784608304104,1,1
F,Hispanic,45–64,0.23303449741028873,0,0
F,Hispanic,45–64,0.312631375432114,0,0
F,Hispanic,45–64,0.8216111735762164,1,1
F,Hispanic,45–64,0.59214394322666,1,1
F,Hispanic,45–64,0.4717033962093211,0,0
F,Hispanic,45–64,0.5243666357054915,1,1
F,Hispanic,45–64,0.4309539015098518,1,0
F,Hispanic,45–64,0.8100639545737942,1,1
F,Hispanic,45–64,0.6424593460677295,1,1
F,Hispanic,45–64,0.6399381116329643,1,1
F,Hispanic,45–64,0.4955926714013044,1,0
F,Hispanic,45–64,0.5697859550230745,0,1
F,Hispanic,45–64,0.7341140453292017,1,1
F,Hispanic,45–64,0.47548511902088486,0,0
F,Hispanic,45–64,0.41791687272567274,0,0
F,Hispanic,45–64,0.6122079172434391,1,1
F,Hispanic,45–64,0.5071690230522188,1,1
F,Hispanic,45–64,0.44078646173550456,0,0
F,Hispanic,45–64,0.6636616181593953,1,1
F,Hispanic,45–64,0.4955519342155794,0,0
F,Hispanic,45–64,0.4704418555397093,0,0
F,Hispanic,45–64,0.2964086396839807,0,0
F,Hispanic,45–64,0.403640419807591,1,0
F,Hispanic,45–64,0.2360608256995929,0,0
F,Hispanic,45–64,0.4063627129668719,1,0
F,Hispanic,45–64,0.413463290037265,1,0
F,Hispanic,45–64,0.6653503269215155,1,1
F,Hispanic,45–64,0.5893916196216167,1,1
F,Hispanic,45–64,0.5011480306176355,0,1
F,Hispanic,45–64,0.3677273720013042,0,0
F,Hispanic,45–64,0.716460082762992,1,1
F,Hispanic,45–64,0.6041949697139002,1,1
F,Hispanic,45–64,0.7086380063799385,1,1
F,Hispanic,45–64,0.6219034842498415,1,1
F,Hispanic,45–64,0.356351009111913,0,0
F,Hispanic,45–64,0.6872117305630642,1,1
F,Hispanic,45–64,0.6985483269302987,1,1
F,Hispanic,45–64,0.40823954657859796,0,0
F,Hispanic,45–64,0.3723222671127158,0,0
F,Hispanic,45–64,0.567918296431305,1,1
F,Hispanic,45–64,0.3739526422369848,0,0
F,Hispanic,45–64,0.5775485460354548,1,1
F,Hispanic,45–64,0.48360222486265436,0,0
F,Hispanic,45–64,0.7220113944401481,1,1
F,Hispanic,45–64,0.5778024604574575,1,1
F,Hispanic,45–64,0.44185698651760025,0,0
F,Hispanic,45–64,0.6102028508890852,1,1
F,Hispanic,45–64,0.6211266838929794,1,1
F,Hispanic,45–64,0.4665301197320508,0,0
F,Hispanic,45–64,0.29740506926934734,0,0
F,Hispanic,45–64,0.3662805746981035,0,0
F,Hispanic,45–64,0.6297436020241128,1,1
F,Hispanic,45–64,0.6690891517693542,1,1
F,Hispanic,45–64,0.6726830291011815,1,1
F,Hispanic,45–64,0.615197577382546,1,1
F,Hispanic,45–64,0.5533116599036464,0,1
F,Hispanic,45–64,0.8842779818977964,1,1
F,Hispanic,45–64,0.4365459111134778,0,0
F,Hispanic,45–64,0.6533296394330278,1,1
F,Hispanic,45–64,0.7084645964119106,1,1
F,Hispanic,45–64,0.4102487577670562,0,0
F,Hispanic,45–64,0.5416503437908576,0,1
F,Hispanic,45–64,0.39794311254060816,0,0
F,Hispanic,45–64,0.5578534577050577,1,1
F,Hispanic,45–64,0.6430353774057174,1,1
F,Hispanic,45–64,0.37857249298125556,0,0
F,Hispanic,45–64,0.8163786565953146,1,1
F,Hispanic,45–64,0.3343665959878001,0,0
F,Hispanic,45–64,0.13248893386323551,0,0
F,Hispanic,45–64,0.25163685856678586,0,0
F,Hispanic,45–64,0.5952931331514303,1,1
F,Hispanic,45–64,0.2848086294649719,0,0
F,Hispanic,45–64,0.6194201901317573,1,1
F,Hispanic,45–64,0.7344508601902514,1,1
F,Hispanic,45–64,0.41517091455175015,0,0
F,Hispanic,45–64,0.36220158815842074,0,0
F,Hispanic,45–64,0.31126074685006844,0,0
F,Hispanic,45–64,0.7671879761637727,1,1
F,Hispanic,45–64,0.2508383750675669,0,0
F,Hispanic,45–64,0.25038902434214244,1,0
F,Hispanic,45–64,0.6678325661146821,1,1
F,Hispanic,45–64,0.719169565799845,1,1
F,Hispanic,45–64,0.6948234392645634,1,1
F,Hispanic,45–64,0.8174616908910965,1,1
F,Hispanic,45–64,0.6303980396971134,1,1
F,Hispanic,45–64,0.5177947450337728,0,1
F,Hispanic,45–64,0.432258552318563,0,0
F,Hispanic,45–64,0.2926009555105825,0,0
F,Hispanic,45–64,0.3870741090873745,0,0
F,Hispanic,45–64,0.6513130947226086,1,1
F,Hispanic,45–64,0.42366126128390413,0,0
F,Hispanic,45–64,0.729526550997515,1,1
F,Hispanic,45–64,0.3053270141837782,0,0
F,Hispanic,45–64,0.5377103770730743,1,1
F,Hispanic,45–64,0.46019980117196396,0,0
F,Hispanic,45–64,0.3214850328385012,0,0
M,Asian,25–44,0.5741907950068432,0,1
M,Asian,25–44,0.31091621457041957,0,0
M,Asian,25–44,0.44340407316211744,0,0
M,Asian,25–44,0.8274684335538851,1,1
M,Asian,25–44,0.41202653772472925,0,0
M,Asian,25–44,0.24486481067768548,0,0
M,Asian,25–44,0.8223143194653756,1,1
M,Asian,25–44,0.25555813401460525,0,0
M,Asian,25–44,0.5954706700750404,1,1
M,Asian,25–44,0.47590783020421346,0,0
M,Asian,25–44,0.47085797145920494,0,0
M,Asian,25–44,0.49213791705089066,0,0
M,Asian,25–44,0.39279648071948997,0,0
M,Asian,25–44,0.5434237250055636,0,1
M,Asian,25–44,0.4032341026474557,0,0
M,Asian,25–44,0.38695861431064354,1,0
M,Asian,25–44,0.5076504584486404,0,1
M,Asian,25–44,0.6647034858648799,1,1
M,Asian,25–44,0.6776143441845134,1,1
M,Asian,25–44,0.672940096520604,1,1
M,Asian,25–44,0.7795247455537871,1,1
M,Asian,25–44,0.606852346783652,1,1
M,Asian,25–44,0.7564772334254297,1,1
M,Asian,25–44,0.9412186026859677,1,1
M,Asian,25–44,0.24996113920875188,0,0
M,Asian,25–44,0.7189766816792703,1,1
M,Asian,25–44,0.2672079457299813,0,0
M,Asian,25–44,0.40578802335071557,0,0
M,Asian,25–44,0.330299509814922,0,0
M,Asian,25–44,0.35780995022345286,0,0
M,Asian,25–44,0.8136389359471172,1,1
M,Asian,25–44,0.32860277274991057,0,0
M,Asian,25–44,0.7100293855957767,1,1
M,Asian,25–44,0.24561434813274036,0,0
M,Asian,25–44,0.7020927379537937,1,1
M,Asian,25–44,0.6052416710387685,1,1
M,Asian,25–44,0.42003161359278335,1,0
M,Asian,25–44,0.24094969085020088,0,0
M,Asian,25–44,0.7407481382926662,1,1
M,Asian,25–44,0.5176558914028304,0,1
M,Asian,25–44,0.6622162640249167,1,1
M,Asian,25–44,0.894996848351296,1,1
M,Asian,25–44,0.3997109557846377,0,0
M,Asian,25–44,0.5709539021637525,1,1
M,Asian,25–44,0.5181399022935983,1,1
M,Asian,25–44,0.7952858747643646,1,1
M,Asian,25–44,0.37099228956073577,0,0
M,Asian,25–44,0.4158429811134119,0,0
M,Asian,25–44,0.6097877159686295,1,1
M,Asian,25–44,0.7195755555358924,1,1
M,Asian,25–44,0.6539227900367269,1,1
M,Asian,25–44,0.21875495610603937,0,0
M,Asian,25–44,0.3298994024959344,0,0
M,Asian,25–44,0.6370718677331982,1,1
M,Asian,25–44,0.6630745059143864,1,1
M,Asian,25–44,0.40379904715887843,0,0
M,Asian,25–44,0.4941956486730732,1,0
M,Asian,25–44,0.7151092639251309,1,1
M,Asian,25–44,0.2902125379248863,0,0
M,Asian,25–44,0.6503358162069834,1,1
M,Asian,25–44,0.8331263397662364,1,1
M,Asian,25–44,0.6271218686246224,1,1
M,Asian,25–44,0.6874764445033378,1,1
M,Asian,25–44,0.29924331742052995,0,0
M,Asian,25–44,0.6022093957268136,1,1
M,Asian,25–44,0.4359841755340768,0,0
M,Asian,25–44,0.6095248470591135,1,1
M,Asian,25–44,0.784333008308156,1,1
M,Asian,25–44,0.44505629948619324,0,0
M,Asian,25–44,0.34751050177487197,0,0
M,Asian,25–44,0.22459692035511405,0,0
M,Asian,25–44,0.41356992760837413,0,0
M,Asian,25–44,0.2677922792383459,0,0
M,Asian,25–44,0.7812472688529724,1,1
M,Asian,25–44,0.40410360067209194,0,0
M,Asian,25–44,0.8528436975890186,1,1
M,Asian,25–44,0.7305853052353287,1,1
M,Asian,25–44,0.4634693456354378,0,0
M,Asian,25–44,0.44207299972643493,0,0
M,Asian,25–44,0.901529439888186,1,1
M,Asian,25–44,0.4065252184746374,0,0
M,Asian,25–44,0.9092912804685114,1,1
M,Asian,25–44,0.4704458005223329,0,0
M,Asian,25–44,0.5294613666950626,1,1
M,Asian,25–44,0.3813611232505362,0,0
M,Asian,25–44,0.7933123258337811,1,1
M,Asian,25–44,0.3782195265360396,0,0
M,Asian,25–44,0.31087435066295205,0,0
M,Asian,25–44,0.5519800772106338,1,1
M,Asian,25–44,0.779124332809968,1,1
M,Asian,25–44,0.7215915299386215,1,1
M,Asian,25–44,0.35328503143422524,0,0
M,Asian,25–44,0.48081568324844387,0,0
M,Asian,25–44,0.7386147179195004,1,1
M,Asian,25–44,0.1794040318043977,0,0
M,Asian,25–44,0.3695400775336001,0,0
M,Asian,25–44,0.7245208927351001,1,1
M,Asian,25–44,0.6493347268799907,1,1
M,Asian,25–44,0.683714366712155,1,1
M,Asian,25–44,0.3638752778837687,0,0
M,Asian,25–44,0.7986568643385447,1,1
M,Asian,25–44,0.46888435238405457,1,0
M,Asian,25–44,0.417732659204909,0,0
M,Asian,25–44,0.3668600942927073,0,0
M,Asian,25–44,0.35243920154352837,1,0
M,Asian,25–44,0.24673589481210775,0,0
M,Asian,25–44,1.0,1,1
M,Asian,25–44,0.7959599938388016,1,1
M,Asian,25–44,0.6921119960416406,1,1
M,Asian,25–44,0.39301206545034173,1,0
M,Asian,25–44,0.5788789660278831,0,1
M,Asian,25–44,0.8620276810792922,1,1
M,Asian,25–44,0.7449327051774984,1,1
M,Asian,25–44,0.5617822990666372,1,1
M,Asian,25–44,0.4625797213047359,1,0
M,Asian,25–44,0.6733953973392134,1,1
M,Asian,25–44,0.4485026983283473,1,0
M,Asian,25–44,0.7287472960386908,1,1
M,Asian,25–44,0.4628398890465123,0,0
M,Asian,25–44,0.8636560553740096,1,1
M,Asian,25–44,0.6683544621613229,1,1
M,Asian,25–44,0.6663253326637668,1,1
M,Asian,25–44,0.16292800622051434,0,0
M,Asian,25–44,0.31930285365901545,0,0
M,Asian,25–44,0.4796581458796849,0,0
M,Asian,25–44,0.7014024761144064,1,1
M,Asian,25–44,0.250987079787026,0,0
M,Asian,25–44,0.5652246523635246,1,1
M,Asian,25–44,0.275219756951859,0,0
M,Asian,25–44,0.6504794770212255,1,1
M,Asian,25–44,0.40829594343781367,0,0
M,Asian,25–44,0.5986344610157024,0,1
M,Asian,25–44,0.5116830256072271,1,1
M,Asian,25–44,0.5029264697924236,1,1
M,Asian,25–44,0.2302639403348293,0,0
M,Asian,25–44,0.2842045187008857,0,0
M,Asian,25–44,0.3311427321925988,0,0
M,Asian,25–44,0.2898600061636634,0,0
M,Asian,25–44,0.6477535436255234,1,1
M,Asian,25–44,0.26948634402889016,0,0
M,Asian,25–44,0.13639633900459075,0,0
M,Asian,25–44,0.5188903541541876,1,1
M,Asian,25–44,0.39891160314666163,0,0
M,Asian,25–44,0.6353141445586014,1,1
M,Asian,25–44,0.7780261651046717,1,1
M,Asian,25–44,0.3721664921266998,0,0
M,Asian,25–44,0.2684421567797546,0,0
M,Asian,25–44,0.29288823292457195,0,0
M,Asian,25–44,0.7733981469252275,1,1
M,Asian,25–44,0.6128113244737683,1,1
M,Asian,25–44,0.4121158475719048,0,0
M,Asian,25–44,0.40970905706774063,0,0
M,Asian,25–44,0.3178535618353881,0,0
M,Asian,25–44,0.8004911043416351,1,1
M,Asian,25–44,0.43628801262091044,0,0
M,Asian,25–44,0.48624520746723743,0,0
M,Asian,25–44,0.24439744936327865,0,0
M,Asian,25–44,0.3538343757627249,0,0
M,Asian,25–44,0.3992722553441172,0,0
M,Asian,25–44,0.556758612590706,0,1
M,Asian,25–44,0.29177685650526114,0,0
M,Asian,25–44,0.5661778671065483,1,1
M,Asian,25–44,0.4530178527679861,0,0
M,Asian,25–44,0.4748373116913535,1,0
M,Asian,25–44,0.8115876821661713,1,1
M,Asian,25–44,0.4723316460832744,0,0
M,Asian,25–44,0.845975426540779,1,1
M,Asian,25–44,0.687799729039435,1,1
M,Asian,25–44,0.6414741653785103,0,1
M,Asian,25–44,0.8245391705625666,1,1
M,Asian,25–44,0.6032065917670596,1,1
M,Asian,25–44,0.14651651963086937,0,0
M,Asian,25–44,0.7622705196771037,1,1
M,Asian,25–44,0.3779333894994782,0,0
M,Asian,25–44,0.765977310793602,1,1
M,Asian,25–44,0.7197851801570346,1,1
M,Asian,25–44,0.7391709696458478,1,1
M,Asian,25–44,0.6932442252278603,1,1
M,Asian,25–44,0.32983369284624603,0,0
M,Asian,25–44,0.6347858443920777,1,1
M,Asian,25–44,0.487503169099251,1,0
M,Asian,25–44,0.8141251338266233,1,1
M,Asian,25–44,0.4591029973779949,0,0
M,Asian,25–44,0.2827756305262721,0,0
M,Asian,25–44,0.5219182269686777,0,1
M,Asian,25–44,0.7993553735479276,1,1
M,Asian,25–44,0.8021521284865072,1,1
M,Asian,25–44,0.7221668528381815,1,1
M,Asian,25–44,0.526042079309881,0,1
M,Asian,25–44,0.21205809032690853,0,0
M,Asian,25–44,0.4882840675970069,0,0
M,Asian,25–44,0.3452645211008958,0,0
M,Asian,25–44,0.20904651407228153,0,0
M,Asian,25–44,0.7918586774653477,1,1
M,Asian,25–44,0.7574932340025198,1,1
M,Asian,25–44,0.45522986605073446,0,0
M,Asian,25–44,0.22894798267353186,0,0
M,Asian,25–44,0.6016817644703716,1,1
M,Asian,25–44,0.7970585113561465,1,1
M,Asian,25–44,0.22543680685037254,0,0
M,Asian,25–44,0.23413473471528365,0,0
M,Asian,25–44,0.8712973193418544,1,1
M,Asian,25–44,0.7217089619685019,1,1
M,Asian,25–44,0.4238562955440184,0,0
M,Asian,25–44,0.8131049148361772,1,1
M,Asian,25–44,0.8331646777233002,1,1
M,Asian,25–44,0.36215733956956936,0,0
M,Asian,25–44,0.44227459907966127,0,0
M,Asian,25–44,0.5508100956165916,0,1
M,Asian,25–44,0.392068000462611,0,0
M,Asian,25–44,0.4712287333784137,0,0
M,Asian,25–44,0.6685524650368526,1,1
M,Asian,25–44,0.36850248464032215,0,0
M,Asian,25–44,0.6669303131863166,1,1
M,Asian,25–44,0.7236189604982468,1,1
M,Asian,25–44,0.48922857049586316,0,0
M,Asian,25–44,0.49401308116055126,0,0
M,Asian,25–44,0.8850006791188353,1,1
M,Asian,25–44,0.28557343548800307,0,0
M,Asian,25–44,0.8245958526132516,1,1
M,Asian,25–44,0.5189483629860641,0,1
M,Asian,25–44,0.845925493134643,1,1
M,Asian,25–44,0.6019782531119956,0,1
M,Asian,25–44,0.5421309379531174,0,1
M,Asian,25–44,0.5481892245858212,0,1
M,Asian,25–44,0.7991267973078413,1,1
M,Asian,25–44,0.7225143413320064,1,1
M,Asian,25–44,0.6728657865354011,1,1
M,Asian,25–44,0.3635654622017121,0,0
M,Asian,25–44,0.6447883230747649,1,1
M,Asian,25–44,0.526961103857819,0,1
M,Asian,25–44,0.7569269481751676,1,1
M,Asian,25–44,0.7376677936993457,1,1
M,Asian,25–44,0.41947758354338516,0,0
M,Asian,25–44,0.8158499723031796,1,1
M,Asian,25–44,0.4106282327793555,0,0
M,Asian,25–44,0.681747402540046,1,1
M,Asian,25–44,0.709938498109159,1,1
M,Asian,25–44,0.17977006200902274,0,0
M,Asian,25–44,0.7400833513330485,1,1
M,Asian,25–44,0.12224546963727406,0,0
M,Asian,25–44,0.676849636122973,1,1
M,Asian,25–44,0.2703807963574685,0,0
M,Asian,25–44,0.3443454252250594,0,0
M,Asian,25–44,0.44539948975334115,0,0
M,Asian,25–44,0.28682805102420345,0,0
M,Asian,25–44,0.5144085923654754,0,1
M,Asian,25–44,0.3489259111990598,0,0
M,Asian,25–44,0.5815863061600278,0,1
M,Asian,25–44,0.6537311382701015,1,1
M,Asian,25–44,0.6044473292105176,0,1
M,Asian,25–44,0.6159355351655875,0,1
M,Asian,25–44,0.5942254249778255,1,1
M,Asian,25–44,0.28855498016576786,0,0
M,Asian,25–44,0.1826034382141929,0,0
M,Asian,25–44,0.3303657138931924,0,0
M,Asian,25–44,0.3414437123921394,0,0
M,Asian,25–44,0.5839454889302594,1,1
M,Asian,25–44,0.8512797066660821,1,1
M,Asian,25–44,0.5654055825118288,1,1
M,Asian,25–44,0.7735030772037754,0,1
M,Asian,25–44,0.792949330510329,1,1
M,Asian,25–44,0.6939264421708485,1,1
M,Asian,25–44,0.6534893151720974,1,1
M,Asian,25–44,0.5953969845266248,1,1
M,Asian,25–44,0.6839416179338619,1,1
M,Asian,25–44,0.7563267021130483,1,1
M,Asian,25–44,0.94702851062533,1,1
M,Asian,25–44,0.2213667701902214,0,0
M,Asian,25–44,0.303501693068828,0,0
M,Asian,25–44,0.6423181079616274,1,1
M,Asian,25–44,0.5860078568777868,1,1
M,Asian,25–44,0.6926759098043843,1,1
M,Asian,25–44,0.5098880699858443,0,1
M,Asian,25–44,0.43479248264485426,1,0
M,Asian,25–44,0.5566314441030324,1,1
M,Asian,25–44,0.5139189498495341,0,1
M,Asian,25–44,0.27877636296898545,0,0
M,Asian,25–44,0.5186550254268236,0,1
M,Asian,25–44,0.6320489391359466,1,1
M,Asian,25–44,0.22474012135311328,0,0
M,Asian,25–44,0.5738627998014244,1,1
M,Asian,25–44,0.447244958855453,0,0
M,Asian,25–44,0.1498438393263758,0,0
M,Asian,25–44,0.8577300201174736,1,1
M,Asian,25–44,0.3155491995420881,0,0
M,Asian,25–44,0.5722446739460337,1,1
M,Asian,25–44,0.24304897428998395,0,0
M,Asian,25–44,0.7220594007263296,1,1
M,Asian,25–44,0.5513476156017042,1,1
M,Asian,25–44,0.4788360535251205,0,0
M,Asian,25–44,0.7311878583537702,1,1
M,Asian,25–44,0.09545649523658345,0,0
M,Asian,25–44,0.4828736941134928,0,0
M,Asian,25–44,0.7830785135442804,1,1
M,Asian,25–44,0.7178421095107772,1,1
M,Asian,25–44,0.6921424607704111,1,1
M,Asian,25–44,0.7529107257979276,1,1
M,Asian,25–44,0.5718651954595034,1,1
M,Asian,25–44,0.8065819695368868,1,1
M,Asian,25–44,0.6976323435398148,1,1
M,Asian,25–44,0.6381699075986818,1,1
M,Asian,25–44,0.7894949788927945,1,1
M,Asian,25–44,0.6123683657650494,1,1
M,Asian,25–44,0.5827664720246485,1,1
M,Asian,25–44,0.4936715751829109,0,0
M,Asian,25–44,0.9517760854254931,1,1
M,Asian,25–44,0.9771863616929555,1,1
M,Asian,25–44,0.9259767063796108,1,1
M,Asian,25–44,0.4368708384069989,0,0
M,Asian,25–44,0.34428628171592507,0,0
M,Asian,25–44,0.3538554476342066,1,0
M,Asian,25–44,0.7700928900176004,1,1
M,Asian,25–44,0.5151742293709958,1,1
M,Asian,25–44,0.6945388812569765,1,1
M,Asian,25–44,0.8222179352040722,1,1
M,Asian,25–44,0.23226056354035274,0,0
M,Asian,25–44,0.36219424986972903,0,0
M,Asian,25–44,0.7240196882047488,1,1
M,Asian,25–44,0.4710600447259735,0,0
M,Asian,25–44,0.8212614395649314,1,1
M,Asian,25–44,0.7037317482643993,1,1
M,Asian,25–44,0.45872424164029807,0,0
M,Asian,25–44,0.7616538463076507,1,1
M,Asian,25–44,0.7576898635883202,1,1
M,Asian,25–44,0.29269143861051483,1,0
M,Asian,25–44,0.6926140915877835,1,1
M,Asian,25–44,0.7142456753127354,1,1
M,Asian,25–44,0.7538119645921838,1,1
M,Asian,25–44,0.35767087005764364,0,0
M,Asian,25–44,0.90197118044106,1,1
M,Asian,25–44,0.4198983298793557,0,0
M,Asian,25–44,0.41046973678199766,0,0
M,Asian,25–44,0.36019986406738225,0,0
M,Asian,25–44,0.8268879631782889,1,1
M,Asian,25–44,0.4246553071129337,0,0
M,Asian,25–44,0.8997831179275894,1,1
M,Asian,25–44,0.5032885453035199,0,1
M,Asian,25–44,0.7571056555806925,1,1
M,Asian,25–44,0.4318211899250969,1,0
M,Asian,25–44,0.4769949540160116,0,0
M,Asian,25–44,0.20601574936734307,0,0
M,Asian,25–44,0.6055612851343419,1,1
M,Asian,25–44,0.7298644144240565,1,1
M,Asian,25–44,0.41504380562957843,0,0
M,Asian,25–44,0.8465977448907596,1,1
M,Asian,25–44,0.5789247054705253,1,1
M,Asian,25–44,0.4525993940192419,1,0
M,Asian,25–44,0.39457610500688634,0,0
M,Asian,25–44,0.4232923572189726,0,0
M,Asian,25–44,0.28086125413628876,0,0
M,Asian,25–44,0.3574828615201962,0,0
M,Asian,25–44,0.6042060717453354,0,1
M,Asian,25–44,0.8256036539554624,1,1
M,Asian,25–44,0.6354259527611625,1,1
M,Asian,25–44,0.5147060891039804,1,1
M,Asian,25–44,0.4910138814706967,0,0
M,Asian,25–44,0.9103778926148898,1,1
M,Asian,25–44,0.6832434499741517,0,1
M,Asian,25–44,0.3915788234554509,0,0
M,Asian,25–44,0.6906457050202982,1,1
M,Asian,25–44,0.5430484828401717,1,1
M,Asian,25–44,0.8076331024259159,1,1
M,Asian,25–44,0.7908665460512361,1,1
M,Asian,25–44,0.748876769573122,1,1
M,Asian,25–44,0.6969350386060047,1,1
M,Asian,25–44,0.4064276387979414,0,0
M,Asian,25–44,0.6607140591013775,1,1
M,Asian,25–44,0.4213818497823014,0,0
M,Asian,25–44,0.7759128428830854,1,1
M,Asian,25–44,0.519452063507557,1,1
M,Asian,25–44,0.28077393701312525,0,0
M,Asian,25–44,0.4298594970476288,0,0
M,Asian,25–44,0.5919264655055009,1,1
M,Asian,25–44,0.7676059953345467,1,1
M,Asian,25–44,0.5964536051900372,1,1
M,Asian,25–44,0.22708684651374944,0,0
M,Asian,25–44,0.4105193129302678,0,0
M,Asian,25–44,0.24511489761270672,0,0
M,Asian,25–44,0.5489448156112,0,1
M,Asian,45–64,0.6648982692561495,1,1
M,Asian,45–64,0.1729458021738691,0,0
M,Asian,45–64,0.39843355352564563,0,0
M,Asian,45–64,0.7002052887858058,1,1
M,Asian,45–64,0.8505232762273371,1,1
M,Asian,45–64,0.4526702855689019,0,0
M,Asian,45–64,0.26914803311904767,0,0
M,Asian,45–64,0.7274683910905051,1,1
M,Asian,45–64,0.5194313464075259,1,1
M,Asian,45–64,0.8852949354447974,1,1
M,Asian,45–64,0.35492407972520146,0,0
M,Asian,45–64,0.35272872304274344,0,0
M,Asian,45–64,0.4147810448739097,0,0
M,Asian,45–64,0.805178433641654,1,1
M,Asian,45–64,0.756027133882249,1,1
M,Asian,45–64,0.770030102545675,1,1
M,Asian,45–64,0.6713169867073601,1,1
M,Asian,45–64,0.22195837419559838,0,0
M,Asian,45–64,0.4299563893896755,0,0
M,Asian,45–64,0.5525087945286018,1,1
M,Asian,45–64,0.804075227849401,1,1
M,Asian,45–64,0.793133729255146,1,1
M,Asian,45–64,0.399132708813901,0,0
M,Asian,45–64,0.623378128629996,0,1
M,Asian,45–64,0.4945895796784958,1,0
M,Asian,45–64,0.411159867455084,0,0
M,Asian,45–64,0.730003008323267,1,1
M,Asian,45–64,0.18760395396222967,0,0
M,Asian,45–64,0.5405303505200336,1,1
M,Asian,45–64,0.7506666340034397,1,1
M,Asian,45–64,0.35987748649273704,0,0
M,Asian,45–64,0.7203280745691043,1,1
M,Asian,45–64,0.686154319424144,1,1
M,Asian,45–64,0.8880578743268762,1,1
M,Asian,45–64,0.27246460406174844,0,0
M,Asian,45–64,0.9390460150789097,1,1
M,Asian,45–64,0.662300941464641,1,1
M,Asian,45–64,0.9038796466669647,1,1
M,Asian,45–64,0.28424304304470294,0,0
M,Asian,45–64,0.7565684498209563,1,1
M,Asian,45–64,0.25250150332624466,0,0
M,Asian,45–64,0.7921341115294471,1,1
M,Asian,45–64,0.4825304639941542,0,0
M,Asian,45–64,0.0,0,0
M,Asian,45–64,0.12176883281176815,0,0
M,Asian,45–64,0.6826354022884693,1,1
M,Asian,45–64,0.41861747276805056,0,0
M,Asian,45–64,0.5885898409420367,0,1
M,Asian,45–64,0.650387673585779,1,1
M,Asian,45–64,0.26495068593825455,0,0
M,Asian,45–64,0.8570842560349918,1,1
M,Asian,45–64,0.7835484785045154,1,1
M,Asian,45–64,0.32844940734285893,0,0
M,Asian,45–64,0.8099059477719353,1,1
M,Asian,45–64,0.4934393395840383,1,0
M,Asian,45–64,0.5217925583933575,0,1
M,Asian,45–64,0.5001828563696735,0,1
M,Asian,45–64,0.6183696104745416,1,1
M,Asian,45–64,0.6900470392464017,1,1
M,Asian,45–64,0.46496041965600443,0,0
M,Asian,45–64,0.5014714982224808,0,1
M,Asian,45–64,0.28863165592835244,0,0
M,Asian,45–64,0.42433615751879705,0,0
M,Asian,45–64,0.7676504115933399,1,1
M,Asian,45–64,0.23648348875756509,0,0
M,Asian,45–64,0.8504270184024432,1,1
M,Asian,45–64,0.35948905718295254,0,0
M,Asian,45–64,0.46154128790414034,0,0
M,Asian,45–64,0.22300531088270117,0,0
M,Asian,45–64,0.42461048377114113,0,0
M,Asian,45–64,0.40890245881573145,0,0
M,Asian,45–64,0.4143713001682137,0,0
M,Asian,45–64,0.505669942801025,1,1
M,Asian,45–64,0.7029058269426482,1,1
M,Asian,45–64,0.26258576277301454,0,0
M,Asian,45–64,0.8485573544242739,1,1
M,Asian,45–64,0.28530615484726046,0,0
M,Asian,45–64,0.37754426092501336,0,0
M,Asian,45–64,0.4082337896749893,0,0
M,Asian,45–64,0.6050256347210179,0,1
M,Asian,45–64,0.2564981177962914,0,0
M,Asian,45–64,0.6990383491614347,1,1
M,Asian,45–64,0.44103160170576405,0,0
M,Asian,45–64,0.6680818825341763,1,1
M,Asian,45–64,0.2688683429575831,0,0
M,Asian,45–64,0.7399291009756874,1,1
M,Asian,45–64,1.0,1,1
M,Asian,45–64,0.8820914935279507,1,1
M,Asian,45–64,0.7262329971901347,1,1
M,Asian,45–64,0.5794488615776905,1,1
M,Asian,45–64,0.7299670204339699,1,1
M,Asian,45–64,0.7419763715725821,1,1
M,Asian,45–64,0.5715205888261949,1,1
M,Asian,45–64,0.23456109168410794,0,0
M,Asian,45–64,0.7100957751837207,1,1
M,Asian,45–64,0.45955915012722376,0,0
M,Asian,45–64,0.412454275877049,0,0
M,Asian,45–64,0.8321134064411877,1,1
M,Asian,45–64,0.19505385314879228,0,0
M,Asian,45–64,0.6738956672845594,1,1
M,Asian,45–64,0.371969685061954,1,0
M,Asian,45–64,0.6251218772543987,1,1
M,Asian,45–64,0.8013871337953865,1,1
M,Asian,45–64,0.9418837302351519,1,1
M,Asian,45–64,0.8632201417661018,1,1
M,Asian,45–64,0.10175455553577772,0,0
M,Asian,45–64,0.3446680250456379,0,0
M,Asian,45–64,0.3291305142785222,0,0
M,Asian,45–64,0.5331296630249525,1,1
M,Asian,45–64,0.27102980860807907,0,0
M,Asian,45–64,0.5490721416152662,0,1
M,Asian,45–64,0.7087135417170602,1,1
M,Asian,45–64,0.7231250987299886,1,1
M,Asian,45–64,0.6182244132650275,1,1
M,Asian,45–64,0.1712568067007705,0,0
M,Asian,45–64,0.7857163177312245,1,1
M,Asian,45–64,0.7860851290923742,1,1
M,Asian,45–64,0.8362552297219729,1,1
M,Asian,45–64,0.26696221940021014,0,0
M,Asian,45–64,0.2696534395037186,0,0
M,Asian,45–64,0.41382963816288315,0,0
M,Asian,45–64,0.531279423028356,1,1
M,Asian,45–64,0.7004817800365037,1,1
M,Asian,45–64,0.3619978942886998,0,0
M,Asian,45–64,0.6670448250557411,1,1
M,Asian,45–64,0.4207156644867698,0,0
M,Asian,45–64,0.4233824610516221,0,0
M,Asian,45–64,0.6862309715395981,1,1
M,Asian,45–64,1.0,1,1
M,Asian,45–64,0.3576417025388603,0,0
M,Asian,45–64,0.5489279015308617,1,1
M,Asian,45–64,0.7749588383964533,1,1
M,Asian,45–64,0.7210173781677358,1,1
M,Asian,45–64,0.8390772884348365,1,1
M,Asian,45–64,0.33826757485989106,0,0
M,Asian,45–64,0.7724565102472694,1,1
M,Asian,45–64,0.48402584128922194,1,0
M,Asian,45–64,0.8118127306315702,1,1
M,Asian,45–64,0.42527842867212107,0,0
M,Asian,45–64,0.3665752148097334,0,0
M,Asian,45–64,0.6871305950378003,1,1
M,Asian,45–64,0.7862238872300913,1,1
M,Asian,45–64,0.7449732334237285,1,1
M,Asian,45–64,0.2399140676293266,0,0
M,Asian,45–64,0.8410541328444183,1,1
M,Asian,45–64,0.6664478295506345,1,1
M,Asian,45–64,0.6619256182148985,1,1
M,Asian,45–64,0.29537418461779397,0,0
M,Asian,45–64,0.18287170693339244,0,0
M,Asian,45–64,0.7576347792037504,1,1
M,Asian,45–64,0.6029429952326875,1,1
M,Asian,45–64,0.7439854856496132,1,1
M,Asian,45–64,0.39248209076761775,0,0
M,Asian,45–64,0.737254749626731,1,1
M,Asian,45–64,0.6252764058724718,1,1
M,Asian,45–64,0.8816270898648051,1,1
M,Asian,45–64,0.8306299299578259,1,1
M,Asian,45–64,0.31323021640190984,0,0
M,Asian,45–64,0.8141217143082751,1,1
M,Asian,45–64,0.20801370667914929,0,0
M,Asian,45–64,0.8540452996340447,1,1
M,Asian,45–64,0.5808395069223914,1,1
M,Asian,45–64,0.9016588516366095,1,1
M,Asian,45–64,0.5731362654584169,1,1
M,Asian,45–64,0.8636289537019778,1,1
M,Asian,45–64,0.7079972471187692,1,1
M,Asian,45–64,0.7869242433295073,1,1
M,Asian,45–64,0.7393208562349634,1,1
M,Asian,45–64,0.2409471177830352,0,0
M,Asian,45–64,0.36772301159604276,0,0
M,Asian,45–64,0.5548360110601848,0,1
M,Asian,45–64,0.39896589026304324,0,0
M,Asian,45–64,0.8477914803513538,1,1
M,Asian,45–64,0.5841092990329725,0,1
M,Asian,45–64,0.9236804585437339,1,1
M,Asian,45–64,0.8821088986116101,1,1
M,Asian,45–64,0.7174387658199605,1,1
M,Asian,45–64,0.830477417514182,1,1
M,Asian,45–64,0.3513121946550266,0,0
M,Asian,45–64,0.7984487816555129,1,1
M,Asian,45–64,0.5534187529832825,0,1
M,Asian,45–64,0.7227435722991781,1,1
M,Asian,45–64,0.8958678332344485,1,1
M,Asian,45–64,0.6142337540467919,0,1
M,Asian,45–64,0.745017127141027,1,1
M,Asian,45–64,0.25756436169388064,0,0
M,Asian,45–64,0.30731830416237416,0,0
M,Asian,45–64,0.8135313515637009,1,1
M,Asian,45–64,1.0,1,1
M,Asian,45–64,0.25520044033401823,0,0
M,Asian,45–64,0.6493287210761179,1,1
M,Asian,45–64,0.7147633654740594,1,1
M,Asian,45–64,0.7766702630141079,1,1
M,Asian,45–64,0.6310217349019343,0,1
M,Asian,45–64,0.7044141780803146,1,1
M,Asian,45–64,0.7488620919621983,1,1
M,Asian,45–64,0.2777012569147566,0,0
M,Asian,45–64,0.6963849357150371,1,1
M,Asian,45–64,0.8177445177466226,1,1
M,Asian,45–64,0.46395549552614523,0,0
M,Asian,45–64,0.4488045931250727,0,0
M,Asian,45–64,0.8609542648231308,1,1
M,Asian,45–64,0.824023716773464,1,1
M,Asian,45–64,0.8279632911741645,1,1
M,Asian,45–64,0.2987790949851039,0,0
M,Asian,45–64,0.36294956289419966,0,0
M,Asian,45–64,0.7774786646722643,1,1
M,Asian,45–64,0.3258253768812911,0,0
M,Asian,45–64,1.0,1,1
M,Asian,45–64,0.7716845792185034,1,1
M,Asian,45–64,0.2844872801199481,0,0
M,Asian,45–64,0.1371599933940551,0,0
M,Asian,45–64,0.7373939057239844,1,1
M,Asian,45–64,0.6911483761016961,1,1
M,Asian,45–64,0.5313746791065733,0,1
M,Asian,45–64,0.5017299101744368,1,1
M,Asian,45–64,0.7269000864518109,1,1
M,Asian,45–64,0.8590989342851201,1,1
M,Asian,45–64,0.9276616967265566,1,1
M,Asian,45–64,0.9118625412756965,1,1
M,Asian,45–64,0.8589638605539373,1,1
M,Asian,45–64,0.7055547783119479,1,1
M,Asian,45–64,0.7603508017500366,1,1
M,Asian,45–64,0.44159006093460373,0,0
M,Asian,45–64,0.8715317281397732,1,1
M,Asian,45–64,0.2362693891539,0,0
M,Asian,45–64,0.6546008504018777,1,1
M,Asian,45–64,0.742384165600953,1,1
M,Asian,45–64,0.39776667761030693,0,0
M,Asian,45–64,0.5402372313595343,0,1
M,Asian,45–64,0.34874470113387995,0,0
M,Asian,45–64,0.45503155018324015,0,0
M,Asian,45–64,0.382189308749751,0,0
M,Asian,45–64,0.46685711959599974,0,0
M,Asian,45–64,0.45806899367728926,0,0
M,Asian,45–64,0.32687092524029937,0,0
M,Asian,45–64,0.6933034150646851,1,1
M,Asian,45–64,0.5649791032100876,1,1
M,Asian,45–64,0.37650795501173495,0,0
M,Asian,45–64,0.7364368347268624,1,1
M,Asian,45–64,0.3421172354929132,0,0
M,Asian,45–64,0.38140810085213317,0,0
M,Asian,45–64,0.4120088705475683,0,0
M,Asian,45–64,0.8703614515079935,1,1
M,Asian,45–64,0.7250346545542881,1,1
M,Asian,45–64,0.42087306089567816,0,0
M,Asian,45–64,0.2360799073309761,0,0
M,Asian,45–64,0.5656993052459315,1,1
M,Asian,45–64,0.42875545601133946,0,0
M,Asian,45–64,0.9143483982242955,1,1
M,Asian,45–64,0.8643458407939857,1,1
M,Asian,45–64,0.3398787584917812,0,0
M,Asian,45–64,0.7863058735709205,1,1
M,Asian,45–64,0.3225320888519839,0,0
M,Asian,45–64,0.7230697757219777,1,1
M,Asian,45–64,0.6852148265862258,1,1
M,Asian,45–64,0.4989816611647322,1,0
M,Asian,45–64,0.7294219199611456,1,1
M,Asian,45–64,0.789411323298321,1,1
M,Asian,45–64,0.7134212747771045,1,1
M,Asian,45–64,0.36985702829177014,0,0
M,Asian,45–64,0.6714546045506837,1,1
M,Asian,45–64,0.519227112314461,0,1
M,Asian,45–64,0.6251227385158585,1,1
M,Asian,45–64,0.3254852258743781,0,0
M,Asian,45–64,0.648670987905312,1,1
M,Asian,45–64,0.3017684553425018,0,0
M,Asian,45–64,0.7798723406506519,1,1
M,Asian,45–64,0.3973760408671982,0,0
M,Asian,45–64,0.7587560804848814,1,1
M,Asian,45–64,0.6555152725560242,1,1
M,Asian,45–64,0.7885510476334463,1,1
M,Asian,45–64,0.5865958222164762,0,1
M,Asian,45–64,0.34794591445265377,0,0
M,Asian,45–64,0.2863299944330414,0,0
M,Asian,45–64,0.2506140006992107,0,0
M,Asian,45–64,0.5064823916256429,0,1
M,Asian,45–64,0.6104184252452947,1,1
M,Asian,45–64,0.554553033969658,0,1
M,Asian,45–64,0.22414958155951506,0,0
M,Asian,45–64,0.8305603792465278,1,1
M,Asian,45–64,0.710996354624243,1,1
M,Asian,45–64,0.8117180110669023,1,1
M,Asian,45–64,0.13957653775281542,0,0
M,Asian,45–64,0.4605975846259819,0,0
M,Asian,45–64,0.8033692802527681,1,1
M,Asian,45–64,0.3349883468809586,0,0
M,Asian,45–64,0.5842964449599574,1,1
M,Asian,45–64,0.7038925687639627,1,1
M,Asian,45–64,0.7071001731087628,1,1
M,Asian,45–64,0.3917920485380648,0,0
M,Asian,45–64,0.48193007826714074,0,0
M,Asian,45–64,0.882318652200067,1,1
M,Asian,45–64,0.5720964200555274,1,1
M,Asian,45–64,0.3993780939149558,0,0
M,Asian,45–64,0.6895861430373301,1,1
M,Asian,45–64,0.909802090270752,1,1
M,Asian,45–64,0.6938895835126639,1,1
M,Asian,45–64,0.4261648609763406,0,0
M,Asian,45–64,0.7318054882630156,1,1
M,Asian,45–64,0.4026792380679295,0,0
M,Asian,45–64,0.2775775576006267,0,0
M,Asian,45–64,0.9144076799989704,1,1
M,Asian,45–64,0.5252947468040565,0,1
M,Asian,45–64,0.5452832800403257,1,1
M,Asian,45–64,0.42039370734784215,0,0
M,Asian,45–64,0.5394756377601362,1,1
M,Asian,45–64,0.8939647030589277,1,1
M,Asian,45–64,0.4045072916768332,0,0
M,Asian,45–64,0.9148140803551907,1,1
M,Asian,45–64,0.7464745097552419,1,1
M,Asian,45–64,0.6809118573711761,1,1
M,Asian,45–64,0.6585574922438117,1,1
M,Asian,45–64,0.5623456138408572,1,1
M,Asian,45–64,0.4387466207250418,0,0
M,Asian,45–64,0.26038849307004525,0,0
M,Asian,45–64,0.6214249227820234,1,1
M,Asian,45–64,0.1407123253680597,0,0
M,Asian,45–64,0.5963647435830727,1,1
M,Asian,45–64,0.2724325776946315,0,0
M,Asian,45–64,0.3598600028220903,0,0
M,Asian,45–64,0.7844061583806863,1,1
M,Asian,45–64,0.2799944794162808,0,0
M,Asian,45–64,0.6551561537982629,1,1
M,Asian,45–64,0.7440365200321835,1,1
M,Asian,45–64,0.4147794800900103,0,0
M,Asian,45–64,0.6110604081149027,1,1
M,Asian,45–64,0.4976203899596691,0,0
M,Asian,45–64,0.7821520527115042,1,1
M,Asian,45–64,0.8813786251663231,1,1
M,Asian,45–64,0.8964722097243689,1,1
M,Asian,45–64,0.36650907421013706,0,0
M,Asian,45–64,0.8515550761315691,1,1
M,Asian,45–64,0.48297030692224246,0,0
M,Asian,45–64,0.33744874000743336,0,0
M,Asian,45–64,0.3965614005626261,0,0
M,Asian,45–64,0.8288679448776026,1,1
M,Asian,45–64,0.16506069176045665,0,0
M,Asian,45–64,0.7166544622206406,1,1
M,Asian,45–64,0.7190369230878242,1,1
F,Asian,25–44,0.6924743126855386,1,1
F,Asian,25–44,0.597791979576528,1,1
F,Asian,25–44,0.49814979472818643,0,0
F,Asian,25–44,0.49136464088175147,0,0
F,Asian,25–44,0.7026260128415585,1,1
F,Asian,25–44,0.5859948679674121,1,1
F,Asian,25–44,0.6089895845749169,1,1
F,Asian,25–44,0.7250648343979323,1,1
F,Asian,25–44,0.7410457545021328,1,1
F,Asian,25–44,0.6026750351336174,0,1
F,Asian,25–44,0.7896049020901739,1,1
F,Asian,25–44,0.47537154780666213,1,0
F,Asian,25–44,0.3650030884829718,0,0
F,Asian,25–44,0.6930061622030216,1,1
F,Asian,25–44,0.6852508147100989,1,1
F,Asian,25–44,0.3996465432522519,0,0
F,Asian,25–44,0.43188563652246365,0,0
F,Asian,25–44,0.49484044368654356,1,0
F,Asian,25–44,0.5027339646046187,1,1
F,Asian,25–44,0.6282273298831634,0,1
F,Asian,25–44,0.30303097554797853,0,0
F,Asian,25–44,0.5359458171133271,0,1
F,Asian,25–44,0.6512313284147563,1,1
F,Asian,25–44,0.41588907957208643,0,0
F,Asian,25–44,0.2960211423447594,0,0
F,Asian,25–44,0.37100983083104594,0,0
F,Asian,25–44,0.2976414458802325,0,0
F,Asian,25–44,0.3847257637951098,0,0
F,Asian,25–44,0.6070765800056432,1,1
F,Asian,25–44,0.4413079437664699,0,0
F,Asian,25–44,0.305835844650283,0,0
F,Asian,25–44,0.4630943024467341,0,0
F,Asian,25–44,0.5619051531670258,0,1
F,Asian,25–44,0.3529264752683687,0,0
F,Asian,25–44,0.7337346698836232,1,1
F,Asian,25–44,0.8187640899619877,1,1
F,Asian,25–44,0.5572267909127149,1,1
F,Asian,25–44,0.7955481573505285,1,1
F,Asian,25–44,0.577180832507963,1,1
F,Asian,25–44,0.7487684060968613,1,1
F,Asian,25–44,0.7853024093006181,1,1
F,Asian,25–44,0.7488780291638825,1,1
F,Asian,25–44,0.7094069495846416,1,1
F,Asian,25–44,0.5728497926341657,1,1
F,Asian,25–44,0.767044571494344,1,1
F,Asian,25–44,0.9358762174433913,1,1
F,Asian,25–44,0.4850166707582399,0,0
F,Asian,25–44,0.25042768511891844,0,0
F,Asian,25–44,0.9740699547623579,1,1
F,Asian,25–44,0.45406571714432997,0,0
F,Asian,25–44,0.6913605630691165,1,1
F,Asian,25–44,0.5405780887978677,1,1
F,Asian,25–44,0.5050396508013819,0,1
F,Asian,25–44,0.6929341686450703,1,1
F,Asian,25–44,0.6459751259198588,1,1
F,Asian,25–44,0.292206893799286,0,0
F,Asian,25–44,0.7219090075305186,1,1
F,Asian,25–44,0.4280259053128012,0,0
F,Asian,25–44,0.5543119453788701,0,1
F,Asian,25–44,0.07982855203755629,0,0
F,Asian,25–44,0.465857342935067,0,0
F,Asian,25–44,0.5998580680859071,1,1
F,Asian,25–44,0.7530007641247013,1,1
F,Asian,25–44,0.7583558230115479,1,1
F,Asian,25–44,0.4234063879702147,0,0
F,Asian,25–44,0.7034004126533494,1,1
F,Asian,25–44,0.7041755703465754,1,1
F,Asian,25–44,0.29713920899247354,0,0
F,Asian,25–44,0.6754098971403658,1,1
F,Asian,25–44,0.23429586832717636,0,0
F,Asian,25–44,0.42701461847656774,0,0
F,Asian,25–44,0.4370027824704941,0,0
F,Asian,25–44,0.3040998819862587,0,0
F,Asian,25–44,0.4691760518801543,0,0
F,Asian,25–44,0.6282978634722495,1,1
F,Asian,25–44,0.4866299921693678,0,0
F,Asian,25–44,0.6462775753627813,1,1
F,Asian,25–44,0.3101684776656166,0,0
F,Asian,25–44,0.5707569854818779,1,1
F,Asian,25–44,0.8826550605593684,1,1
F,Asian,25–44,0.719775397890981,1,1
F,Asian,25–44,0.7450451764249392,1,1
F,Asian,25–44,0.4394183288444425,1,0
F,Asian,25–44,0.27296662138079697,0,0
F,Asian,25–44,0.6917176229231167,1,1
F,Asian,25–44,0.2899765439337917,0,0
F,Asian,25–44,0.8808441347861992,1,1
F,Asian,25–44,0.17069265782092397,0,0
F,Asian,25–44,0.4323390100409608,0,0
F,Asian,25–44,0.6045999575647036,1,1
F,Asian,25–44,0.8362455601667724,1,1
F,Asian,25–44,0.484750535433038,1,0
F,Asian,25–44,0.6226811058397382,1,1
F,Asian,25–44,0.2723117871284412,0,0
F,Asian,25–44,0.5104773874782698,0,1
F,Asian,25–44,0.35721270674603156,0,0
F,Asian,25–44,0.6012592453604755,1,1
F,Asian,25–44,0.7542663905901141,1,1
F,Asian,25–44,0.22534504579050155,0,0
F,Asian,25–44,0.8740902705097833,1,1
F,Asian,25–44,0.5046948456250975,0,1
F,Asian,25–44,0.7118014775429268,1,1
F,Asian,25–44,0.5217891985289114,1,1
F,Asian,25–44,0.5906304687214721,1,1
F,Asian,25–44,0.29854183123052,0,0
F,Asian,25–44,0.4889416699955779,0,0
F,Asian,25–44,0.5614184113450987,0,1
F,Asian,25–44,0.25514061629778634,0,0
F,Asian,25–44,0.6019092132067538,0,1
F,Asian,25–44,0.6671804439917001,1,1
F,Asian,25–44,0.5534185764701081,1,1
F,Asian,25–44,0.3694088134828833,0,0
F,Asian,25–44,0.6685917324542907,1,1
F,Asian,25–44,0.781802157603246,1,1
F,Asian,25–44,0.5718912478635756,1,1
F,Asian,25–44,0.6694893498391131,1,1
F,Asian,25–44,0.5851305838415162,0,1
F,Asian,25–44,0.7077793674581223,1,1
F,Asian,25–44,0.5701477734511271,1,1
F,Asian,25–44,0.42971734972037107,0,0
F,Asian,25–44,0.283848118274066,0,0
F,Asian,25–44,0.7897244377573477,1,1
F,Asian,25–44,0.5838021829376938,1,1
F,Asian,25–44,0.5342958674818862,0,1
F,Asian,25–44,0.39776200445762483,0,0
F,Asian,25–44,0.8454354315942082,1,1
F,Asian,25–44,0.532136563191228,1,1
F,Asian,25–44,0.4626827069487338,0,0
F,Asian,25–44,0.8412187954702884,1,1
F,Asian,25–44,0.8414838445336177,1,1
F,Asian,25–44,0.7705460017948182,1,1
F,Asian,25–44,0.6601508840735639,1,1
F,Asian,25–44,0.7994014836359764,1,1
F,Asian,25–44,0.6124771193512325,1,1
F,Asian,25–44,0.9126380543163362,1,1
F,Asian,25–44,0.7678934781369302,1,1
F,Asian,25–44,0.5498143485570783,1,1
F,Asian,25–44,0.6052656742414789,0,1
F,Asian,25–44,0.33205354728722314,0,0
F,Asian,25–44,0.5332795875807212,1,1
F,Asian,25–44,0.3052330005309313,0,0
F,Asian,25–44,0.7035356735744115,1,1
F,Asian,25–44,0.8499571188098618,1,1
F,Asian,25–44,0.6519436179664663,1,1
F,Asian,25–44,0.3057953365272298,0,0
F,Asian,25–44,0.3089399627021212,0,0
F,Asian,25–44,0.5481124763072875,1,1
F,Asian,25–44,0.26662478688426455,0,0
F,Asian,25–44,0.3726350099663164,0,0
F,Asian,25–44,0.605556024834669,1,1
F,Asian,25–44,0.4553709088360985,0,0
F,Asian,25–44,0.5812830838561184,1,1
F,Asian,25–44,0.8413262754269238,1,1
F,Asian,25–44,0.40453023563252133,0,0
F,Asian,25–44,0.568779871710652,0,1
F,Asian,25–44,0.6853767050551222,1,1
F,Asian,25–44,0.5228775054545693,0,1
F,Asian,25–44,0.8371495397493202,1,1
F,Asian,25–44,0.38993880459978436,0,0
F,Asian,25–44,0.43714003916361444,0,0
F,Asian,25–44,0.7105084355614978,1,1
F,Asian,25–44,0.565615883440617,1,1
F,Asian,25–44,0.36579302266166974,0,0
F,Asian,25–44,0.5071964429660897,0,1
F,Asian,25–44,0.3851841382039475,0,0
F,Asian,25–44,0.2504125458727681,0,0
F,Asian,25–44,0.7620447092034317,1,1
F,Asian,25–44,0.2957160375630268,0,0
F,Asian,25–44,0.49515211452794533,0,0
F,Asian,25–44,0.650961637319152,0,1
F,Asian,25–44,0.35464610403505603,0,0
F,Asian,25–44,0.5338255586518467,1,1
F,Asian,25–44,0.4303742175420342,0,0
F,Asian,25–44,0.29999423098489664,0,0
F,Asian,25–44,0.5844603527774079,1,1
F,Asian,25–44,0.7270940389302374,1,1
F,Asian,25–44,0.8722221417221315,1,1
F,Asian,25–44,0.6721974437392276,1,1
F,Asian,25–44,0.9499348298629398,1,1
F,Asian,25–44,0.6402126862121129,1,1
F,Asian,25–44,0.741646635317259,1,1
F,Asian,25–44,0.37630297133609236,0,0
F,Asian,25–44,0.5504996100409139,0,1
F,Asian,25–44,0.2766367737541596,0,0
F,Asian,25–44,0.14793382304423824,0,0
F,Asian,25–44,0.2638188392018512,0,0
F,Asian,25–44,0.4523171019670733,0,0
F,Asian,25–44,0.22600066603190513,0,0
F,Asian,25–44,0.4340989958004671,0,0
F,Asian,25–44,0.7885103072332224,1,1
F,Asian,25–44,0.37077783152039906,0,0
F,Asian,25–44,0.39140612847043094,0,0
F,Asian,25–44,0.36953728684064446,0,0
F,Asian,25–44,0.5462868255312269,1,1
F,Asian,25–44,0.5157516992171021,0,1
F,Asian,25–44,0.3633985745119405,0,0
F,Asian,25–44,0.7277964457813431,1,1
F,Asian,25–44,0.7288842156214456,1,1
F,Asian,25–44,0.5820327477324146,1,1
F,Asian,25–44,0.47951488661563374,0,0
F,Asian,25–44,0.26945250845406854,0,0
F,Asian,25–44,0.5327860347360747,1,1
F,Asian,25–44,0.3227128533928399,0,0
F,Asian,25–44,0.7264009115240898,1,1
F,Asian,25–44,0.32794097495992014,0,0
F,Asian,25–44,0.23067730998636696,0,0
F,Asian,25–44,0.6046882441553416,1,1
F,Asian,25–44,0.45346941450349043,1,0
F,Asian,25–44,0.4558348164340439,0,0
F,Asian,25–44,0.20335177418737502,0,0
F,Asian,25–44,0.46765288748558065,0,0
F,Asian,25–44,0.887621714568833,1,1
F,Asian,25–44,0.5847409072821884,0,1
F,Asian,25–44,0.501099661782876,0,1
F,Asian,25–44,0.6622884096305877,1,1
F,Asian,25–44,0.550797582820236,1,1
F,Asian,25–44,0.2945736522089128,0,0
F,Asian,25–44,0.4289217098507154,0,0
F,Asian,25–44,0.17103964746126193,0,0
F,Asian,25–44,0.7701437497994884,1,1
F,Asian,25–44,0.3463845092884026,0,0
F,Asian,25–44,0.17856024554644995,0,0
F,Asian,25–44,0.11030488223925927,0,0
F,Asian,25–44,0.5057471228408871,1,1
F,Asian,25–44,0.6335498397953749,1,1
F,Asian,25–44,0.6038974406595314,1,1
F,Asian,25–44,0.5693917464362921,0,1
F,Asian,25–44,0.7319715046694986,1,1
F,Asian,25–44,0.7715172121019842,1,1
F,Asian,25–44,0.7723780608613524,1,1
F,Asian,25–44,0.3104750515840984,0,0
F,Asian,25–44,0.3005560187146772,0,0
F,Asian,25–44,0.8341781552376524,1,1
F,Asian,25–44,0.6070452705918244,1,1
F,Asian,25–44,0.38538095865925187,0,0
F,Asian,25–44,0.7663504952565432,1,1
F,Asian,25–44,0.7806141670053269,1,1
F,Asian,25–44,0.7641891900004407,1,1
F,Asian,25–44,0.5456107934328294,1,1
F,Asian,25–44,0.35737098785181415,0,0
F,Asian,25–44,0.7822352214388653,1,1
F,Asian,25–44,0.917567684503703,1,1
F,Asian,25–44,0.5010222284107299,1,1
F,Asian,25–44,0.26267091185240343,0,0
F,Asian,25–44,0.5197614649169713,1,1
F,Asian,25–44,0.7768745380993721,1,1
F,Asian,25–44,0.40106294587063157,0,0
F,Asian,25–44,0.6175882708149846,1,1
F,Asian,25–44,0.3229662299790629,0,0
F,Asian,25–44,0.5697336070728475,1,1
F,Asian,25–44,0.6935186681483893,1,1
F,Asian,25–44,0.2235867559180077,0,0
F,Asian,25–44,0.5553757985200701,1,1
F,Asian,25–44,0.1994405891058768,0,0
F,Asian,25–44,0.33057668451893263,0,0
F,Asian,25–44,0.6964382766664567,1,1
F,Asian,25–44,0.43858610685734994,0,0
F,Asian,25–44,0.7544899027955329,1,1
F,Asian,25–44,0.5997575578189401,1,1
F,Asian,25–44,0.5979349249833189,1,1
F,Asian,25–44,0.5167827637416204,0,1
F,Asian,25–44,0.3716587026575396,0,0
F,Asian,25–44,0.5863171245048275,1,1
F,Asian,25–44,0.7985014880241985,1,1
F,Asian,25–44,0.5862127838551512,1,1
F,Asian,25–44,0.43932059630799725,0,0
F,Asian,25–44,0.648450021264364,1,1
F,Asian,25–44,0.7897759086960229,1,1
F,Asian,25–44,0.5636511990948714,1,1
F,Asian,25–44,0.6653049490310339,1,1
F,Asian,25–44,0.3691648596742507,0,0
F,Asian,25–44,0.7906083789197266,1,1
F,Asian,25–44,0.2510180458804723,0,0
F,Asian,25–44,0.3861235070853203,0,0
F,Asian,25–44,0.4870313634035328,0,0
F,Asian,25–44,0.594481617663046,1,1
F,Asian,25–44,0.5457768335339556,1,1
F,Asian,25–44,0.6765704503503317,1,1
F,Asian,25–44,0.3689698627544916,0,0
F,Asian,25–44,0.23470178743322645,0,0
F,Asian,25–44,0.415376825974625,0,0
F,Asian,25–44,0.3054072720857792,0,0
F,Asian,25–44,0.5351549182964647,1,1
F,Asian,25–44,0.4588409054849652,0,0
F,Asian,25–44,0.2526586551286115,0,0
F,Asian,25–44,0.7574908969931257,1,1
F,Asian,25–44,0.8084385733685387,1,1
F,Asian,25–44,0.2685658552563212,0,0
F,Asian,25–44,0.5286024430930867,1,1
F,Asian,25–44,0.8306187844109696,1,1
F,Asian,25–44,0.6309218790126375,1,1
F,Asian,25–44,0.6133136398938015,1,1
F,Asian,25–44,0.7615691539266201,1,1
F,Asian,25–44,0.6975173025169609,1,1
F,Asian,25–44,0.7252105305052406,1,1
F,Asian,25–44,0.49107292557621046,1,0
F,Asian,25–44,0.6833642690139892,1,1
F,Asian,25–44,0.30989423751489054,0,0
F,Asian,25–44,0.6630838869577665,1,1
F,Asian,25–44,0.3892847039813647,0,0
F,Asian,25–44,0.4693643483715899,1,0
F,Asian,25–44,0.5093652494124713,1,1
F,Asian,25–44,0.4484016492985272,1,0
F,Asian,25–44,0.6946332245368864,1,1
F,Asian,25–44,0.48502279540923254,1,0
F,Asian,25–44,0.790282276786203,1,1
F,Asian,25–44,0.6374658639605845,1,1
F,Asian,25–44,0.33330044016091864,0,0
F,Asian,25–44,0.7030114101745495,1,1
F,Asian,25–44,0.3204692912830089,0,0
F,Asian,25–44,0.4126121890019109,0,0
F,Asian,25–44,0.553931879760216,1,1
F,Asian,25–44,0.6593777817838896,1,1
F,Asian,25–44,0.9067843481932456,1,1
F,Asian,25–44,0.44757645462020246,0,0
F,Asian,25–44,0.788448025770844,1,1
F,Asian,25–44,0.6673262827600456,1,1
F,Asian,25–44,0.5540660941499224,1,1
F,Asian,25–44,0.7542204206865732,1,1
F,Asian,25–44,0.5727863086302003,1,1
F,Asian,25–44,0.5311915837352339,0,1
F,Asian,25–44,0.4723644563559771,0,0
F,Asian,25–44,0.6451355013339979,1,1
F,Asian,25–44,0.3139649177511883,0,0
F,Asian,25–44,0.8203773482393033,1,1
F,Asian,25–44,0.7640312598943999,1,1
F,Asian,25–44,0.5032054621783251,0,1
F,Asian,25–44,0.23844232074571703,0,0
F,Asian,25–44,0.9360955070952255,1,1
F,Asian,25–44,0.3718992960075734,0,0
F,Asian,25–44,0.6971474627897809,1,1
F,Asian,25–44,0.937517888121333,1,1
F,Asian,25–44,0.6267898279207977,1,1
F,Asian,25–44,0.22014379512787566,0,0
F,Asian,25–44,0.7113203080009538,1,1
F,Asian,25–44,0.6790800088484564,1,1
F,Asian,25–44,0.4080075684076375,0,0
F,Asian,25–44,0.6743973129346567,1,1
F,Asian,25–44,0.4160308208696016,0,0
F,Asian,25–44,0.6849607338771964,1,1
F,Asian,25–44,0.13404677008927898,0,0
F,Asian,25–44,0.5493831924694675,1,1
F,Asian,25–44,0.528717619265353,1,1
F,Asian,25–44,0.4275202873666841,0,0
F,Asian,25–44,0.6873429136690931,1,1
F,Asian,25–44,0.5663842175997938,1,1
F,Asian,25–44,0.5569957077298034,1,1
F,Asian,25–44,0.38001378620593895,0,0
F,Asian,25–44,0.6700147920732513,1,1
F,Asian,25–44,0.7471465436890506,1,1
F,Asian,25–44,0.45162370351792014,0,0
F,Asian,25–44,0.6779680804533487,1,1
F,Asian,25–44,0.9353421886603801,1,1
F,Asian,25–44,0.3426417403987992,0,0
F,Asian,25–44,0.5682617410751045,1,1
F,Asian,25–44,0.6190577137593617,1,1
F,Asian,25–44,0.44469750460231844,1,0
F,Asian,25–44,0.2520564545789168,0,0
F,Asian,25–44,0.28781565145615395,0,0
F,Asian,25–44,0.5878563845275955,0,1
F,Asian,25–44,0.44246913150437867,1,0
F,Asian,25–44,0.2644510128403765,0,0
F,Asian,25–44,0.7664274717642652,1,1
F,Asian,25–44,0.5062624507747672,1,1
F,Asian,25–44,0.7358716130746439,1,1
F,Asian,25–44,0.4707187137880594,0,0
F,Asian,25–44,0.3182340934686961,0,0
F,Asian,25–44,0.40703670704598927,0,0
F,Asian,25–44,0.8231045863138098,1,1
F,Asian,25–44,0.6032666265737586,1,1
F,Asian,25–44,0.7035080262074785,1,1
F,Asian,25–44,0.3669516052845739,0,0
F,Asian,25–44,0.5633398566030328,1,1
F,Asian,25–44,0.44951226901362157,0,0
F,Asian,25–44,0.6885377953950241,1,1
F,Asian,25–44,0.40693818639127105,0,0
F,Asian,25–44,0.5785025474523495,1,1
F,Asian,25–44,0.21845230529810347,0,0
F,Asian,25–44,0.7925461018858628,1,1
F,Asian,25–44,0.567926239322078,1,1
F,Asian,25–44,0.7326267954443825,1,1
F,Asian,25–44,0.45977024396878396,0,0
F,Asian,25–44,0.33121188044456007,0,0
F,Asian,25–44,0.8208736412028659,1,1
F,Asian,25–44,0.6405266360370812,1,1
F,Asian,25–44,0.39706770908075534,0,0
F,Asian,25–44,0.5793187977025881,1,1
F,Asian,25–44,0.536684439850929,1,1
F,Asian,25–44,0.7995679067964289,1,1
F,Asian,25–44,0.5551897086448315,0,1
F,Asian,25–44,0.592158348001599,1,1
F,Asian,25–44,0.6422640686193221,1,1
F,Asian,25–44,0.7951168191758409,1,1
F,Asian,25–44,0.4174464892364205,0,0
F,Asian,25–44,0.4923152931642632,1,0
F,Asian,25–44,0.6206904248324486,1,1
F,Asian,25–44,0.7049821329882711,1,1
F,Asian,25–44,0.9691567019264518,1,1
F,Asian,25–44,0.7512578474359171,1,1
F,Asian,25–44,0.5008316411198519,0,1
F,Asian,45–64,0.4292506930545327,1,0
F,Asian,45–64,0.3694655696880943,0,0
F,Asian,45–64,0.7906623064282006,1,1
F,Asian,45–64,0.8233814768867121,1,1
F,Asian,45–64,0.7670561484890313,1,1
F,Asian,45–64,0.5811456423145014,1,1
F,Asian,45–64,0.7214155604124814,1,1
F,Asian,45–64,0.3503454968751101,0,0
F,Asian,45–64,0.9390342700045868,1,1
F,Asian,45–64,0.9994029641103896,1,1
F,Asian,45–64,0.8258207048235529,1,1
F,Asian,45–64,0.5658054356011768,1,1
F,Asian,45–64,0.7701295113420394,1,1
F,Asian,45–64,0.5263401514161791,0,1
F,Asian,45–64,0.6465876801212004,1,1
F,Asian,45–64,1.0,1,1
F,Asian,45–64,0.6478481088788147,1,1
F,Asian,45–64,0.0,0,0
F,Asian,45–64,0.3254749367007894,0,0
F,Asian,45–64,0.5283655813242911,0,1
F,Asian,45–64,0.6501468157553556,1,1
F,Asian,45–64,0.4221276726877165,0,0
F,Asian,45–64,0.854131682554945,1,1
F,Asian,45–64,0.4115727779373056,1,0
F,Asian,45–64,0.2343317499252923,0,0
F,Asian,45–64,0.6485234068778204,1,1
F,Asian,45–64,0.7504638780891848,1,1
F,Asian,45–64,0.40507078184016365,0,0
F,Asian,45–64,0.41831686522854034,0,0
F,Asian,45–64,1.0,1,1
F,Asian,45–64,0.9048970987574194,1,1
F,Asian,45–64,0.3530404903911676,0,0
F,Asian,45–64,0.8668815462881587,1,1
F,Asian,45–64,0.7764537272778118,1,1
F,Asian,45–64,0.570432794824846,1,1
F,Asian,45–64,0.7077512639012572,1,1
F,Asian,45–64,0.396952102033324,0,0
F,Asian,45–64,0.7271886455164209,1,1
F,Asian,45–64,0.45682814576449643,0,0
F,Asian,45–64,0.3247009832186532,0,0
F,Asian,45–64,0.6199321196840236,1,1
F,Asian,45–64,0.7525384007555259,1,1
F,Asian,45–64,0.6201633994808794,1,1
F,Asian,45–64,0.49518419139367087,0,0
F,Asian,45–64,0.2218342641861241,0,0
F,Asian,45–64,0.6600006252808387,1,1
F,Asian,45–64,0.8109868335991328,1,1
F,Asian,45–64,0.702530237962786,1,1
F,Asian,45–64,0.8753483296338187,1,1
F,Asian,45–64,0.6354659170882635,1,1
F,Asian,45–64,0.17726029542238225,0,0
F,Asian,45–64,0.8490282178576902,1,1
F,Asian,45–64,0.8434957263376455,1,1
F,Asian,45–64,0.0989179231268646,0,0
F,Asian,45–64,0.9875543378435947,1,1
F,Asian,45–64,0.2858804357931315,0,0
F,Asian,45–64,0.7713638982289994,1,1
F,Asian,45–64,0.2925471788250679,0,0
F,Asian,45–64,0.19391506495224597,0,0
F,Asian,45–64,0.9161046821599823,1,1
F,Asian,45–64,0.1189262464291009,0,0
F,Asian,45–64,0.8133925888913063,1,1
F,Asian,45–64,0.2885154675447923,0,0
F,Asian,45–64,0.7135955527828707,1,1
F,Asian,45–64,0.6557143587349258,1,1
F,Asian,45–64,0.6218875655257002,1,1
F,Asian,45–64,0.9988459781281692,1,1
F,Asian,45–64,0.543947641455322,0,1
F,Asian,45–64,0.34425453393981625,0,0
F,Asian,45–64,0.7496575172815846,1,1
F,Asian,45–64,0.6270274535201704,1,1
F,Asian,45–64,0.2046233723155448,0,0
F,Asian,45–64,0.3968782797569139,0,0
F,Asian,45–64,0.4810613056723013,0,0
F,Asian,45–64,0.4360132761344553,1,0
F,Asian,45–64,0.4154253046926175,0,0
F,Asian,45–64,0.6902447445825797,1,1
F,Asian,45–64,0.07216612273441841,0,0
F,Asian,45–64,0.3144398484095742,0,0
F,Asian,45–64,0.7430028854662811,1,1
F,Asian,45–64,0.5091711743558698,1,1
F,Asian,45–64,0.7698264800169349,1,1
F,Asian,45–64,0.7455294830634589,1,1
F,Asian,45–64,0.796280721488719,1,1
F,Asian,45–64,0.6125828442648412,1,1
F,Asian,45–64,0.768397651999814,1,1
F,Asian,45–64,0.8598742343867118,1,1
F,Asian,45–64,1.0,1,1
F,Asian,45–64,0.8331299735386872,1,1
F,Asian,45–64,0.47623559535144855,0,0
F,Asian,45–64,0.6485402127705211,1,1
F,Asian,45–64,0.7575017241404348,1,1
F,Asian,45–64,0.6450351247126491,1,1
F,Asian,45–64,0.7176840078971294,1,1
F,Asian,45–64,0.7112039221674579,1,1
F,Asian,45–64,0.9909906219137743,1,1
F,Asian,45–64,0.45507102615898887,0,0
F,Asian,45–64,0.6400613942161832,1,1
F,Asian,45–64,0.8242743383966047,1,1
F,Asian,45–64,0.7580276154834227,1,1
F,Asian,45–64,0.4783558390947331,0,0
F,Asian,45–64,0.3776125002382633,0,0
F,Asian,45–64,0.73580580505103,1,1
F,Asian,45–64,0.14792746068840404,0,0
F,Asian,45–64,0.5864823698576493,1,1
F,Asian,45–64,0.7940340471378354,1,1
F,Asian,45–64,0.37062653727480793,0,0
F,Asian,45–64,0.7391503905912966,1,1
F,Asian,45–64,0.7581647055669974,1,1
F,Asian,45–64,0.25293761538902404,0,0
F,Asian,45–64,0.7787629041828674,1,1
F,Asian,45–64,0.1173944319649303,0,0
F,Asian,45–64,0.8241923256708655,1,1
F,Asian,45–64,0.46435524358507885,1,0
F,Asian,45–64,0.7844198264020912,1,1
F,Asian,45–64,0.1841460090156555,0,0
F,Asian,45–64,0.5914910887036644,1,1
F,Asian,45–64,0.9288612523780969,1,1
F,Asian,45–64,0.43585814972409764,0,0
F,Asian,45–64,0.7817182961348508,1,1
F,Asian,45–64,0.9581280676333096,1,1
F,Asian,45–64,0.7610594126140908,1,1
F,Asian,45–64,0.5938714482131467,1,1
F,Asian,45–64,0.4954514799695469,0,0
F,Asian,45–64,0.4735298311495009,0,0
F,Asian,45–64,0.6703910717713474,1,1
F,Asian,45–64,0.6088254465696487,0,1
F,Asian,45–64,0.44776092798823175,0,0
F,Asian,45–64,0.3963474502166062,0,0
F,Asian,45–64,0.3754219207131928,0,0
F,Asian,45–64,0.5040591285407364,1,1
F,Asian,45–64,0.40642586834770555,0,0
F,Asian,45–64,0.8751325310400555,1,1
F,Asian,45–64,0.35036762733927324,0,0
F,Asian,45–64,0.34093361092442004,0,0
F,Asian,45–64,0.874592890458585,1,1
F,Asian,45–64,0.7953961055148369,1,1
F,Asian,45–64,0.6406780120262365,0,1
F,Asian,45–64,0.23412946934949266,0,0
F,Asian,45–64,0.7662745984055582,1,1
F,Asian,45–64,0.8282262177930886,1,1
F,Asian,45–64,0.20380185331943976,0,0
F,Asian,45–64,0.5689846428423622,1,1
F,Asian,45–64,0.7281203954123242,1,1
F,Asian,45–64,0.370527298888479,0,0
F,Asian,45–64,0.33603528249623277,0,0
F,Asian,45–64,0.7218535475149873,1,1
F,Asian,45–64,0.7284191568629635,1,1
F,Asian,45–64,0.36576953497783354,0,0
F,Asian,45–64,0.4020060780279116,0,0
F,Asian,45–64,0.805490839130226,1,1
F,Asian,45–64,0.5214348710386394,1,1
F,Asian,45–64,0.6091582439767141,0,1
F,Asian,45–64,0.6331049595983999,1,1
F,Asian,45–64,0.2935802818731805,0,0
F,Asian,45–64,0.32128527803136225,0,0
F,Asian,45–64,0.3485785148902541,0,0
F,Asian,45–64,0.6661570652966899,1,1
F,Asian,45–64,0.622341323924146,1,1
F,Asian,45–64,0.6364084891349674,1,1
F,Asian,45–64,0.37934483670098795,0,0
F,Asian,45–64,0.24771000074025895,0,0
F,Asian,45–64,0.8175222008279627,1,1
F,Asian,45–64,0.682419954732742,1,1
F,Asian,45–64,0.7111362842267647,1,1
F,Asian,45–64,0.3730208793726763,0,0
F,Asian,45–64,0.3929529867704219,0,0
F,Asian,45–64,0.7026551128752522,1,1
F,Asian,45–64,0.6292649444809566,1,1
F,Asian,45–64,0.5988972232321192,1,1
F,Asian,45–64,0.7455743644159737,1,1
F,Asian,45–64,0.3822692297754845,0,0
F,Asian,45–64,0.4778421170376007,1,0
F,Asian,45–64,0.7713102446099589,1,1
F,Asian,45–64,0.8842317776565887,1,1
F,Asian,45–64,0.25932343876998337,0,0
F,Asian,45–64,0.7270122894277792,1,1
F,Asian,45–64,0.3551027802329272,0,0
F,Asian,45–64,0.18141371497882505,0,0
F,Asian,45–64,0.7092557344898729,1,1
F,Asian,45–64,0.8810008218488609,1,1
F,Asian,45–64,0.2511089614070242,0,0
F,Asian,45–64,0.7081248927746842,1,1
F,Asian,45–64,0.5635653062562687,1,1
F,Asian,45–64,0.9029760249417835,1,1
F,Asian,45–64,0.4877619048563069,0,0
F,Asian,45–64,0.7265452707961847,1,1
F,Asian,45–64,0.31182831561377156,0,0
F,Asian,45–64,0.4645726095233661,0,0
F,Asian,45–64,0.6032809258202212,1,1
F,Asian,45–64,0.8247846995201668,1,1
F,Asian,45–64,0.5460006400458822,1,1
F,Asian,45–64,0.4733926867544747,0,0
F,Asian,45–64,0.7839215731682991,1,1
F,Asian,45–64,0.7281973058307061,1,1
F,Asian,45–64,0.27710333287146616,0,0
F,Asian,45–64,0.805376612476407,1,1
F,Asian,45–64,0.7579225365117133,1,1
F,Asian,45–64,0.8498550418700102,1,1
F,Asian,45–64,0.5638971897053685,1,1
F,Asian,45–64,0.9506359106581346,1,1
F,Asian,45–64,0.7854945455001024,1,1
F,Asian,45–64,0.44136976342241063,0,0
F,Asian,45–64,0.6991590637132514,1,1
F,Asian,45–64,0.6555624851232349,1,1
F,Asian,45–64,0.7810566020147965,1,1
F,Asian,45–64,0.3638240120883368,0,0
F,Asian,45–64,0.8119352703182253,1,1
F,Asian,45–64,0.7195671123160697,1,1
F,Asian,45–64,0.6760062145235708,1,1
F,Asian,45–64,0.8428238768814389,1,1
F,Asian,45–64,0.8300504158885282,1,1
F,Asian,45–64,0.269468532050905,0,0
F,Asian,45–64,0.5859127712531143,1,1
F,Asian,45–64,0.45014212044937185,0,0
F,Asian,45–64,0.20431793975024345,0,0
F,Asian,45–64,0.5173365913964986,0,1
F,Asian,45–64,0.8965761251542237,1,1
F,Asian,45–64,0.6036836192731778,1,1
F,Asian,45–64,0.7934522795037706,1,1
F,Asian,45–64,0.20842307837240706,0,0
F,Asian,45–64,0.4024883176276164,0,0
F,Asian,45–64,0.4685154933113623,1,0
F,Asian,45–64,0.34048417126865516,0,0
F,Asian,45–64,0.705296395124054,1,1
F,Asian,45–64,0.34721686138161484,0,0
F,Asian,45–64,0.5708397663631706,1,1
F,Asian,45–64,0.8264996842685322,1,1
F,Asian,45–64,0.5004111789214742,1,1
F,Asian,45–64,0.7344375593080068,1,1
F,Asian,45–64,0.8494657240719053,1,1
F,Asian,45–64,0.5394788810796474,0,1
F,Asian,45–64,0.36867197101927346,0,0
F,Asian,45–64,0.6613184190447362,1,1
F,Asian,45–64,0.4387083293324071,0,0
F,Asian,45–64,0.5898120656791965,1,1
F,Asian,45–64,0.24681405573410564,0,0
F,Asian,45–64,0.31983840215472276,0,0
F,Asian,45–64,0.4987757966571713,0,0
F,Asian,45–64,0.2944234152284997,0,0
F,Asian,45–64,0.43512938103448373,0,0
F,Asian,45–64,0.682965161835476,1,1
F,Asian,45–64,0.37838714563221754,0,0
F,Asian,45–64,0.5454299921206338,1,1
F,Asian,45–64,0.8184291694123175,1,1
F,Asian,45–64,0.3626851161308194,0,0
F,Asian,45–64,0.7204517796116615,1,1
F,Asian,45–64,0.6528418622201089,1,1
F,Asian,45–64,0.5596233986369616,0,1
F,Asian,45–64,0.7138698442619514,1,1
F,Asian,45–64,0.5957387158606302,1,1
F,Asian,45–64,0.6188750141688819,1,1
F,Asian,45–64,0.4575930538202867,0,0
F,Asian,45–64,0.9832836002793273,1,1
F,Asian,45–64,0.5891857920334681,1,1
F,Asian,45–64,0.6193877948784445,1,1
F,Asian,45–64,0.18839433856548102,0,0
F,Asian,45–64,0.31900525307719424,0,0
F,Asian,45–64,0.13186322895069058,0,0
F,Asian,45–64,0.4020393712217576,0,0
F,Asian,45–64,0.751384164361721,1,1
F,Asian,45–64,0.4065179798904938,0,0
F,Asian,45–64,0.6334165335640359,1,1
F,Asian,45–64,0.4690353643180968,0,0
F,Asian,45–64,0.7517082977976723,1,1
F,Asian,45–64,0.3204332745417332,0,0
F,Asian,45–64,0.5906413495325754,1,1
F,Asian,45–64,0.879794568614659,1,1
F,Asian,45–64,0.8409810156601242,1,1
F,Asian,45–64,0.2664273707025089,0,0
F,Asian,45–64,0.6889023939709126,1,1
F,Asian,45–64,0.3334717832388125,0,0
F,Asian,45–64,0.6385701998273509,1,1
F,Asian,45–64,0.8276451640322824,1,1
F,Asian,45–64,0.5032010966479334,0,1
F,Asian,45–64,0.7940631049943883,1,1
F,Asian,45–64,0.8050698601695313,1,1
F,Asian,45–64,0.5621198635417468,0,1
F,Asian,45–64,0.13433224579417138,0,0
F,Asian,45–64,0.6118644200695393,1,1
F,Asian,45–64,0.338007813279178,0,0
F,Asian,45–64,0.43163045314448667,0,0
F,Asian,45–64,0.8732517419320482,1,1
F,Asian,45–64,0.4195663686099805,0,0
F,Asian,45–64,0.7967419420106646,1,1
F,Asian,45–64,0.6804476201767685,1,1
F,Asian,45–64,0.6670402864990541,1,1
F,Asian,45–64,0.5017582682927197,0,1
F,Asian,45–64,0.9149291663319363,1,1
F,Asian,45–64,0.6985214006790342,1,1
F,Asian,45–64,0.8033307402272637,1,1
F,Asian,45–64,0.6840570572298954,1,1
F,Asian,45–64,0.13071946993674716,0,0
F,Asian,45–64,0.5906988298853038,1,1
F,Asian,45–64,0.29381134195616315,0,0
F,Asian,45–64,0.3156261980834365,0,0
F,Asian,45–64,0.6422199775672415,0,1
F,Asian,45–64,0.6690845254520187,1,1
F,Asian,45–64,0.4115300746898758,0,0
F,Asian,45–64,0.441740587111599,0,0
F,Asian,45–64,0.40053149088457357,0,0
F,Asian,45–64,0.47320039932202784,0,0
F,Asian,45–64,0.6015973080816452,1,1
F,Asian,45–64,0.3453904734136815,0,0
F,Asian,45–64,0.4016011973555177,0,0
F,Asian,45–64,0.3106571377633665,0,0
F,Asian,45–64,0.4320857519458924,0,0
F,Asian,45–64,0.7548909637683464,1,1
F,Asian,45–64,0.822392718527021,1,1
F,Asian,45–64,0.8388698801299211,1,1
F,Asian,45–64,0.26313493424962014,0,0
F,Asian,45–64,0.3338989516875609,0,0
F,Asian,45–64,0.5167461084949282,1,1
F,Asian,45–64,0.47271138757805764,0,0
F,Asian,45–64,0.39129717070340925,0,0
F,Asian,45–64,0.736170976310624,1,1
F,Asian,45–64,0.4855338537220423,0,0
F,Asian,45–64,0.19706011408085852,0,0
F,Asian,45–64,0.7978258944386168,1,1
F,Asian,45–64,0.7016441837437118,1,1
F,Asian,45–64,0.8926060393922239,1,1
F,Asian,45–64,0.3774023642413482,0,0
F,Asian,45–64,0.7786696274938882,1,1
F,Asian,45–64,0.7266973358325572,1,1
F,Asian,45–64,0.8550331082820908,1,1
F,Asian,45–64,0.13976811445997828,0,0
F,Asian,45–64,0.2653871157384746,0,0
F,Asian,45–64,0.3178243984899263,0,0
F,Asian,45–64,0.9952089101999297,1,1
F,Asian,45–64,0.1659482971068546,0,0
F,Asian,45–64,0.6134535488351464,1,1
F,Asian,45–64,0.21506506703613676,0,0
F,Asian,45–64,0.9278797926132939,1,1
F,Asian,45–64,0.10206599800973593,0,0
F,Asian,45–64,0.38008461008662014,0,0
F,Asian,45–64,0.9239194680506563,1,1
F,Asian,45–64,0.8220711735510879,1,1
F,Asian,45–64,0.7705308558610664,1,1
F,Asian,45–64,0.717065666543998,1,1
F,Asian,45–64,0.37573200146746655,0,0
F,Asian,45–64,0.8220050867664602,1,1
F,Asian,45–64,0.5896408045322996,1,1
F,Asian,45–64,0.9494378337735504,1,1
F,Asian,45–64,0.7192540529337994,1,1
F,Asian,45–64,0.13461154970269165,0,0
F,Asian,45–64,0.6398975799613008,1,1
F,Asian,45–64,0.6995849089329353,1,1
F,Asian,45–64,0.4528885049601094,0,0
F,Asian,45–64,0.840102643026237,1,1
F,Asian,45–64,0.6872194555582463,1,1
F,Asian,45–64,0.8590582414209563,1,1
F,Asian,45–64,0.6537537491297086,1,1
F,Asian,45–64,0.21416224694787286,0,0
F,Asian,45–64,0.32015261126525346,0,0
F,Asian,45–64,0.4480654301886174,0,0
F,Asian,45–64,0.742089814218966,1,1
F,Asian,45–64,0.2841375620106973,0,0
F,Asian,45–64,0.7590686821664742,1,1
F,Asian,45–64,0.7513580177378607,1,1
F,Asian,45–64,0.4490872166284552,0,0
