snapshot,debt_to_income,credit_age_years,recent_inquiries,utilization
baseline,0.44459627328942797,5.58397576378006,1,0.5059166622982919
baseline,0.3102305139640282,9.280185946997172,1,0.3619072465866326
baseline,0.33267527777640876,8.956121782549673,0,0.32584038258156733
baseline,0.4136462394642464,4.381858752435919,2,0.19399140451546357
baseline,0.3824243935767969,11.276765519637427,2,0.07873609727521061
baseline,0.35789565104448384,0.9056325286750289,1,0.4915223051107897
baseline,0.26208294162792695,10.1382811672377,1,0.11549344775487798
baseline,0.1981126449160136,6.642703826091846,2,0.5282979797958374
baseline,0.3376168896193268,5.920113442012589,5,0.5072407189608237
baseline,0.24880404904511483,3.838762708147825,2,0.597018036648034
baseline,0.38272348654990745,4.705226508775567,4,0.36573148066705047
baseline,0.32112544480507754,1.765742718496245,0,0.5015800273212713
baseline,0.22547056483368716,7.639058744160268,3,0.22993254524081036
baseline,0.326772526284116,3.666751549236757,2,0.4429495883054032
baseline,0.3709180474804462,9.475080100126306,1,0.17228207458430791
baseline,0.3177520116281365,8.31115301597623,0,0.24910359594692968
baseline,0.22174309020529204,6.499231237635339,2,0.2440748775629611
baseline,0.3262328999673103,4.914159050906254,1,0.36509580971579847
baseline,0.3357001704721309,8.627439213565331,0,0.1635911926049431
baseline,0.38242873759764423,8.591884960930246,3,0.5967323849042225
baseline,0.3722034422659204,8.724374038437546,5,0.2470164456609706
baseline,0.20917424870323273,11.190607671674355,4,0.7637223023891175
baseline,0.2502228643797041,7.2935273828585,4,0.17114122833637632
baseline,0.3605713127953333,8.80701405603192,2,0.18619139871043747
baseline,0.13023213979157403,7.908935626994609,2,0.37485300964302526
baseline,0.37772288109823665,7.421091031291315,4,0.13220972416134535
baseline,0.21605501116650022,8.438302841254432,1,0.4272305890843105
baseline,0.25782243561155666,6.736656583338933,1,0.20559554397229812
baseline,0.44433399342491564,4.01052195102614,0,0.2903282790540594
baseline,0.2935517112173108,6.654102885343679,3,0.3578230009161936
baseline,0.2698120854919035,9.181104674445185,1,0.27925150235994095
baseline,0.3281413103177203,12.296208467009546,1,0.32308116274245424
baseline,0.2906055099510677,5.495819340950206,3,0.15320833209404958
baseline,0.23740909790056416,10.653208117488886,0,0.25063999645375934
baseline,0.32498575453697526,9.085198180765643,2,0.1616174360813884
baseline,0.5136829833930069,11.176857689559325,3,0.33421587461009034
baseline,0.39196307357367627,5.346625701511651,3,0.06494265611065544
baseline,0.3437905733619228,7.8015588776573175,0,0.09774369271887681
baseline,0.32572842061504664,5.205699780104293,1,0.11502787571066078
baseline,0.3797789069779029,7.487460822449362,1,0.4933256871834678
baseline,0.3624088131783166,4.996154653110429,0,0.5609334913502552
baseline,0.21432644028694064,6.386000874631376,1,0.2599821986505625
baseline,0.35070579757016107,8.877418084899336,1,0.16605442814043908
baseline,0.3052237921489733,13.246845122916895,4,0.15637472186255688
baseline,0.4715856682043247,8.499158591462818,1,0.4780473601556493
baseline,0.27889239671500365,5.683592673570288,3,0.39962221383205543
baseline,0.4251761797751964,0.7800276904526093,2,0.14825313224857692
baseline,0.18443151588290843,3.8049355892728505,0,0.11370954036391795
baseline,0.3312912674926229,6.974844388584472,2,0.34098026911731394
baseline,0.22885592282376135,8.019444563450882,5,0.2580326062479391
baseline,0.21226211934594333,9.608550115584302,2,0.2639553183255619
baseline,0.378532272478865,3.8951840306543986,3,0.6267737075843413
baseline,0.20168571993848486,6.00625627997724,1,0.33811847432454084
baseline,0.2861890381666711,11.388919572269042,3,0.19648286504272092
baseline,0.22980160138028966,9.388042547791597,1,0.43166589033277647
baseline,0.33959208675416463,2.698784127583913,3,0.4203734729093788
baseline,0.32776186708645916,6.098255716375752,0,0.14968512427450262
baseline,0.08352189123268469,9.17419842305486,1,0.4971940457893087
baseline,0.37012876668716294,7.40593016087349,0,0.048723517074305465
baseline,0.23906118035732424,8.757391359474468,1,0.2824228711810889
baseline,0.5007804255918723,8.251958899781934,4,0.08601035359158292
baseline,0.38842422623131223,11.018369204124145,2,0.2438546654492518
baseline,0.39566515018847626,10.43472583183652,1,0.576472562429386
baseline,0.06474466907591941,5.038869245071281,1,0.30253005636959546
baseline,0.4753712794966784,7.079699598213695,3,0.4002252922289839
baseline,0.30670831092450657,7.865622823798224,7,0.044809809005514414
baseline,0.16996672530306345,4.26712221945982,1,0.10392103617692001
baseline,0.33322335760302557,7.12897845428682,2,0.1059401623775476
baseline,0.42986952624944874,13.07750715964019,3,0.0558010450117628
baseline,0.14576861380761952,4.202446051455268,1,0.2831798181727856
baseline,0.40691512188841283,6.796137168045993,1,0.3458048144367306
baseline,0.27058122092378734,10.399110389875249,2,0.14486468048161505
baseline,0.24689578861249456,6.950020095085531,4,0.46487161992311826
baseline,0.2610080340182793,7.5623967854295415,1,0.4281973653234824
baseline,0.22138694874267906,7.5350688896388665,1,0.2470964391150787
baseline,0.3219333004146946,5.564274784882665,3,0.3325700079748801
baseline,0.3267187473451647,9.684872768524434,2,0.4140237401146882
baseline,0.40407786232958903,0.8954680597590823,1,0.24547606592109592
baseline,0.4391122156978565,1.1879813534500059,0,0.3117384549070089
baseline,0.27074834037052997,5.002069639455054,1,0.4127969348075466
baseline,0.40738755335889276,7.16308543138167,3,0.4033534619629285
baseline,0.18852575763985047,2.0973895625565735,0,0.04829966666736309
baseline,0.3642837966698953,6.356374406723356,2,0.40347993977598823
baseline,0.19480380570688305,10.171216466412124,0,0.14310955320876423
baseline,0.24701348528198863,5.6318248187464865,4,0.19848952825064942
baseline,0.36092533496496615,0.8058539915337484,1,0.20662154185585557
baseline,0.22982183574317167,5.772241132742253,3,0.20355798297235195
baseline,0.34960965649559544,6.963513896046549,5,0.27792742689482225
baseline,0.1597464422063835,7.2018533096604,3,0.2777100438533367
baseline,0.23240042476681605,8.397259646783132,5,0.5940016175748924
baseline,0.3534899955605962,5.361591318487437,2,0.14272653678587202
baseline,0.4475908590181308,7.595298962692282,1,0.5383799280798431
baseline,0.1888065350570486,10.623188660388934,2,0.1213242475920573
baseline,0.4546072293208044,5.9790028885106645,0,0.43134795407770077
baseline,0.32682158780223614,6.321961351061364,0,0.07941128052414352
baseline,0.521137945931288,7.137699356802411,2,0.49265474743763177
baseline,0.27164852053531335,6.314798892319763,2,0.13064272055489023
baseline,0.25190157785585177,15.640961407688833,0,0.4752451417118552
baseline,0.33257771723584656,3.566678392870746,2,0.26394061901363364
baseline,0.19600322475982404,6.697101772219098,2,0.13256283832729457
baseline,0.31320008038849867,4.335247373915852,3,0.09108924420912279
baseline,0.2947245134389953,9.160282784721366,0,0.26454914796512463
baseline,0.4295870795096617,13.482165969827262,2,0.08711273507585843
baseline,0.33408624994283626,10.424047514348405,2,0.3641164670754927
baseline,0.17907169937490947,7.742582597915692,3,0.27578104657746144
baseline,0.17350830377432425,11.740962933926308,6,0.1983119733229062
baseline,0.20772227269527033,11.952036598843577,0,0.3879837389872595
baseline,0.10049049933749182,11.681770948466767,0,0.26066610038886195
baseline,0.09202654301015986,8.758298663985109,1,0.5270241710899372
baseline,0.5064893181474743,7.945656351624737,1,0.07617380534141958
baseline,0.21976204824177714,9.116597257263612,3,0.17311456799299027
baseline,0.42619389086536796,6.857861004078579,3,0.0050855385518603835
baseline,0.22851360985516034,10.12064606183557,3,0.1364594765987613
baseline,0.26125869511067595,6.8100108088584035,2,0.18589204144732271
baseline,0.13420303734823982,3.1329818528317874,1,0.32527941442677444
baseline,0.4242522241010262,4.650680370846559,2,0.10600929343849966
baseline,0.26254144590929007,10.016227153780664,2,0.19379880750802936
baseline,0.46389580354533577,5.712565463217413,1,0.1481795915919235
baseline,0.23233075721207253,4.21571329960372,0,0.2924239104592389
baseline,0.42672862543318457,3.1875685435823193,5,0.19773566621244337
baseline,0.44657032939292024,4.543682030086859,4,0.25098024431687077
baseline,0.15388692427520836,7.182678610928959,3,0.3337448928951625
baseline,0.3455106058243437,6.078202773418166,2,0.7038440317218873
baseline,0.19988911463909054,11.590446217672167,3,0.07123039003658789
baseline,0.18757828050775233,8.632911830275404,3,0.10998600537635965
baseline,0.312451012114052,11.214108658211952,2,0.10288203550410814
baseline,0.38027057266852976,8.894023956859863,2,0.26295350047227584
baseline,0.4331091921893474,5.780123623317107,2,0.22964206653912705
baseline,0.267002133924372,7.077672768759909,3,0.25747713681727413
baseline,0.39784733496202407,11.266510238246994,2,0.5311257388950725
baseline,0.35564865205794627,10.552553087586753,3,0.19703644564116035
baseline,0.299241595565349,8.461911695791592,4,0.377038039838658
baseline,0.20722721825228047,9.478357456518838,0,0.1285743025467116
baseline,0.3041363284513626,7.106118028952615,1,0.305198004310968
baseline,0.6463356541391143,10.639101416935993,2,0.2765089864319835
baseline,0.20808061408399553,8.437594178335846,1,0.1924354591211216
baseline,0.2831514822703192,8.865875878544932,2,0.3228333013794294
baseline,0.2118680457688965,6.398146904798587,2,0.24518663173011898
baseline,0.4353994564333953,9.758310557425443,4,0.4289718146378634
baseline,0.47780987332049485,6.810764045982111,1,0.08184198722676074
baseline,0.43192440527933196,8.805121363018138,1,0.1850722339439869
baseline,0.49523830722126183,9.70107933687774,3,0.47283228972819935
baseline,0.2920509786049864,8.070901951586231,0,0.4429556161293608
baseline,0.4650224383548569,5.203448176353958,3,0.6286769587434863
baseline,0.2180516069476185,0.8466001843535054,3,0.28873088339931086
baseline,0.45298065728231357,7.3559605163879676,1,0.2759217666495355
baseline,0.4465498114897705,7.0143597394895485,6,0.4222518083979505
baseline,0.23762758718124147,8.951854782113852,7,0.36087423752402853
baseline,0.39263575315836474,6.896280242477265,1,0.15779142748411762
baseline,0.19246639639553456,8.235864782889792,0,0.5240762711109918
baseline,0.1603595184996729,11.80386115307269,1,0.04070842335835962
baseline,0.16123120646808273,5.785849804842276,3,0.09240590793175096
baseline,0.1895777843804675,10.457645011482713,1,0.3597979244720542
baseline,0.18578383326734843,10.078660167580189,1,0.2246088254123051
baseline,0.28768340725431496,7.43034901394225,2,0.30124949996307065
baseline,0.4714113409803897,7.739572731987213,2,0.1841424389003167
baseline,0.2732315979682,5.353894003847797,5,0.6439276991813669
baseline,0.2141572929527188,10.924724225006742,3,0.21881001853220494
baseline,0.36594411137659605,4.0137545510703285,2,0.23225532661859027
baseline,0.2736877205694746,5.482662022827554,0,0.16021328106373034
baseline,0.3072984488751898,3.858842670806614,4,0.32897064956461447
baseline,0.337502912859073,13.40728805108385,1,0.4560102925510888
baseline,0.3415230165256807,6.080645219839026,1,0.29162558887221335
baseline,0.22986365642933065,7.1200766303382235,5,0.21853459850776882
baseline,0.27352115868408144,2.8433555955048977,3,0.21046618006673395
baseline,0.39082332596128,6.19249026128206,2,0.2212171106553319
baseline,0.26061261578668593,7.691001831675569,2,0.41061677302005484
baseline,0.27402037193708656,8.486674436255266,1,0.0924647885677537
baseline,0.3284624383791738,7.466377742542471,4,0.14090254311468764
baseline,0.3399321365942581,8.057518617101206,2,0.19233023335045454
baseline,0.2664110394805553,3.537534528556245,4,0.1726880273361606
baseline,0.3539778369435969,9.255476566626895,0,0.26148420368538444
baseline,0.29731804278067714,10.936274028349917,0,0.20233581810147264
baseline,0.16730585102615567,4.236102777094431,2,0.19565792399204485
baseline,0.36266022290049565,7.373420992882265,1,0.5600018402299421
baseline,0.211255724957836,8.739271925048655,0,0.30356140260230413
baseline,0.6038773719309798,10.769720527476046,0,0.3213637751666282
baseline,0.32708144873844036,5.850019618821084,1,0.14549424346966544
baseline,0.2701634374386237,8.383730306419295,1,0.12625262817079605
baseline,0.38324341776621096,6.434675540844783,1,0.5021665393349304
baseline,0.44462614580579396,10.91297740302236,3,0.09729214087847621
baseline,0.44972395040079416,8.136514646638599,2,0.24903312700341393
baseline,0.32892175906418175,10.960130971972774,1,0.3173576737527574
baseline,0.4056156695630309,6.208444866839859,0,0.6707710808640572
baseline,0.369128651572217,8.760427264845802,1,0.30083251830016444
baseline,0.30788306408615074,7.313654987240089,2,0.14353604086468633
baseline,0.14780860649827687,0.02951518421545174,5,0.11039377440284377
baseline,0.30125489703924246,4.581796141673826,2,0.662251306134665
baseline,0.0422512311078147,8.890612169357812,1,0.31783054427488694
baseline,0.21044093951083917,4.184026352463792,1,0.136025280646013
baseline,0.4351374655558481,4.466835874492553,3,0.7138334363022769
baseline,0.3169063607124235,6.747943912823925,4,0.5636982848929205
baseline,0.2947292328085174,8.103535204134966,1,0.30195345110223376
baseline,0.211775863166434,5.105728878224225,1,0.5484706949943056
baseline,0.21358939746124955,10.796436587692055,3,0.6356715415067783
baseline,0.23054177154715594,4.3338724067901575,0,0.3095532670638512
baseline,0.1599074599754848,5.529329808492338,2,0.6217617798136477
baseline,0.07188058769113462,4.1915903395321,2,0.3462701528509007
baseline,0.401965995528032,10.570556258476092,1,0.17038182497675716
baseline,0.4641890357884736,2.747675239086231,2,0.25637856064117626
baseline,0.23505261761642765,9.71293871006861,2,0.3662629970388232
baseline,0.3754887732902027,4.64731094946946,1,0.18665084090025233
baseline,0.1755357397058041,12.343921384953234,2,0.027254831511366314
baseline,0.33373709580905164,10.221249039106898,2,0.09576509238649838
baseline,0.16014615741304997,6.061445992099462,0,0.19056566995874247
baseline,0.38964575345835084,10.521344826552772,2,0.16673876377625269
baseline,0.3039384511462315,5.539968757451145,1,0.4031737140625128
baseline,0.17106974938384298,5.611224920309812,2,0.3778515630399723
baseline,0.35343761006641955,8.917635277927982,0,0.028214576399372384
baseline,0.4636531147084519,7.560926599815828,0,0.3364128282894879
baseline,0.2991117517414534,3.8081183690807503,1,0.5752185198339967
baseline,0.29443275868523133,5.263642450448589,3,0.4323499368703721
baseline,0.2995999323131782,15.010539773256104,2,0.056170071908566
baseline,0.31103933643899306,10.333147930007069,3,0.7424010266946727
baseline,0.4235090227839091,5.576758724190169,2,0.16154486421161995
baseline,0.42762603509575076,7.295948780840019,2,0.4756218955367721
baseline,0.08752527851015685,9.853165616984153,0,0.1930778406149699
baseline,0.4193207162026349,6.158772817732469,2,0.39412558284478133
baseline,0.2781100179293738,4.273682107522035,3,0.44727626834594164
baseline,0.46518254557419236,7.539234592974878,2,0.20939081807856777
baseline,0.34452762811664095,9.74953608114252,3,0.21289474234419672
baseline,0.3947607942912456,7.32278019949425,3,0.3316240727686549
baseline,0.24699694613783682,4.542900395339177,1,0.20817849892097295
baseline,0.16444076985179965,3.5444301545594854,2,0.31932798430771464
baseline,0.3224544299744569,1.75596333732849,1,0.10549228012556955
baseline,0.39491876969152584,3.5517750127520493,3,0.286450560427587
baseline,0.3720787987318917,6.284613314846519,4,0.08096563486968855
baseline,0.37674957620662913,1.6015773816520653,5,0.6084429831578021
baseline,0.3210001146109345,9.614246665191681,1,0.4354378990838574
baseline,0.3703213346207915,7.758855558019942,5,0.33740962996086066
baseline,0.21573208101873176,7.98543667281777,3,0.23698830287438788
baseline,0.28394804373962457,6.619301609557566,1,0.21692826743944968
baseline,0.1424274355376333,10.686486151336691,2,0.6943917226321639
baseline,0.2928323476536816,5.898009753923877,1,0.15837748823494852
baseline,0.2671681910173351,11.148280075570092,4,0.40979835391052316
baseline,0.3035631853164752,6.63331746195624,2,0.4323665199405134
baseline,0.4026473940062367,10.41129920087432,2,0.12728444835881317
baseline,0.3045460540023184,4.589209526718745,1,0.13735839481618717
baseline,0.007381486004686466,8.24620547965949,2,0.7433524967418935
baseline,0.4354761235212571,4.85010074220295,4,0.036672172114824014
baseline,0.31353232804292924,3.980632811784357,3,0.20406035284028556
baseline,0.375998961213459,10.517967469031426,4,0.0469468493268388
baseline,0.21889680542811638,10.061709301453703,0,0.5045563728962982
baseline,0.3810592025608153,4.719046648928292,1,0.09303977722193783
baseline,0.45179273709545664,5.551143684969831,5,0.41145446626456494
baseline,0.13621973662697073,5.580277673076248,1,0.3496930937605726
baseline,0.4213317553859102,9.908771402129457,5,0.3734314556518882
baseline,0.20451228709079838,9.503407348558952,2,0.18489768941420853
baseline,0.22106750490252225,11.000743677899617,3,0.04270968771567996
baseline,0.2983427468605472,8.892415342707771,4,0.08259783527985495
baseline,0.5072249804446184,6.961800694199295,4,0.543896488844682
baseline,0.11704677551405726,7.7229855502888105,2,0.16783083138073757
baseline,0.23416082055106885,6.25756164508262,2,0.09999151906892301
baseline,0.3023563070891085,7.2662690394089555,5,0.26455410381839567
baseline,0.36347467988673016,10.680676075538962,2,0.3056733312524764
baseline,0.28678917344533555,13.806628841643217,2,0.26617587638552614
baseline,0.3412232113313375,2.9801631264812967,2,0.18399813562498243
baseline,0.19439972225316315,9.784457907548457,1,0.2502335118156657
baseline,0.37566159556017475,8.686307819825338,1,0.1337178472837888
baseline,0.4039207157539586,9.33295057143979,4,0.38006735817222054
baseline,0.18766342591731977,7.975165946259187,6,0.03664279701741598
baseline,0.2191823512446397,10.116901729517945,1,0.12987636484668205
baseline,0.3380617162245088,9.817072760381503,2,0.382270791066243
baseline,0.3316869216991991,6.319767474432173,0,0.19612712781250885
baseline,0.3514117915352127,9.009138500564022,0,0.5716779236613863
baseline,0.17572407599164674,9.249060007153588,2,0.18756832008257085
baseline,0.2589088350545671,11.600268885203723,2,0.3857864434143186
baseline,0.2491329709508094,4.765665495135349,2,0.4128752501766668
baseline,0.4348274738997378,8.659952357349598,3,0.3770029728349958
baseline,0.2890100666485238,8.278741941576612,5,0.03822588184943397
baseline,0.2477792315671351,8.286700120001994,3,0.3537782935709548
baseline,0.2073403378652386,6.212457088826195,0,0.07815750493967277
baseline,0.29860865703664546,10.834702429874394,2,0.36321512338110584
baseline,0.41856298261305436,7.536077950121799,2,0.17495886949710263
baseline,0.1422987349864639,3.2945954698052358,1,0.18912323132338335
baseline,0.31017010369131875,9.499876377917134,5,0.5240057293477816
baseline,0.3498547080394389,9.275121411721733,2,0.04663082085008487
baseline,0.49902482228876155,6.042843914704525,6,0.09700320434098055
baseline,0.3671664271769026,8.60287556196161,4,0.36439354154288967
baseline,0.43500310203272097,5.35436913439092,2,0.43177323787477195
baseline,0.303090882347528,7.110737762945841,1,0.18082549215428068
baseline,0.1585251401987494,4.315057104064086,4,0.6425100925275922
baseline,0.15521667905233505,9.027717832719162,5,0.5529817177608046
baseline,0.22607603454010525,6.640782766507458,0,0.48702774535072235
baseline,0.31219456385447003,7.686961980513298,1,0.20994387818634197
baseline,0.2695374331091505,9.678321306965401,4,0.4799714993834071
baseline,0.2514044991181612,5.081860962669516,1,0.33198855973382363
baseline,0.48093504970198503,12.222196600162459,2,0.45565864797888783
baseline,0.05699010798922838,12.672164276686932,3,0.09832326147098219
baseline,0.19265067365058391,4.27853444187658,0,0.0544974858595618
baseline,0.5397816333318897,7.005302345605704,3,0.5409460691779608
baseline,0.32954752255603575,8.49459844458593,2,0.5183554668033218
baseline,0.23075703767018185,4.855775882722519,0,0.7261912346011126
baseline,0.18513693508597376,7.057179098896058,0,0.3793457276816038
baseline,0.3796450378533916,9.110008931610267,2,0.42570299141173273
baseline,0.368939486616236,11.74598525325133,1,0.2082071327027123
baseline,0.38018799457680197,10.093243914674073,4,0.1421346690387504
baseline,0.16763760790773022,2.4249509839528676,2,0.20384499949654375
baseline,0.31198920449877965,8.74816855750502,2,0.3804250117460853
baseline,0.2761370531675404,4.57912364456331,2,0.21488796565672974
baseline,0.34306426301520565,7.081812994666451,1,0.35428038258974526
baseline,0.13527281263757251,11.20864322729248,0,0.15336452123143093
baseline,0.3583562215324785,7.607806579504605,3,0.6185825171676751
baseline,0.45329379754245874,12.052854739807959,3,0.23874393084877366
baseline,0.16014267478904107,8.820231436403745,1,0.4475351944052917
baseline,0.38676246535660463,11.448495614237656,2,0.20399482274874892
baseline,0.46751707350307686,9.149082218204725,3,0.14421188445987163
baseline,0.38812288857628036,10.010907224306402,3,0.25865052914170744
baseline,0.29389869619481607,10.496988461915507,2,0.25681832814686856
baseline,0.3120190418817141,6.515238623454779,0,0.1696400887491171
baseline,0.24534161178650335,7.700205942642763,0,0.30292396089102375
baseline,0.3213076781264416,9.285436473437652,1,0.18583818587306686
baseline,0.1939357122030938,7.036830777330054,3,0.8023831692274628
baseline,0.30465001913807427,4.625485015354245,1,0.13560589315255123
baseline,0.21418674416795663,7.196828287566291,2,0.021304528721816915
baseline,0.15253789056359185,2.5005307426821695,0,0.37582834831248857
baseline,0.45099059145859416,4.876403473018783,1,0.46669360275678856
baseline,0.11181881534004029,5.852007211723921,3,0.2901443845358216
baseline,0.48008883045133544,9.2366825984785,1,0.4077413327968103
baseline,0.07897277363094007,11.277378533676837,3,0.24066891328823894
baseline,0.3942536715430621,4.314003170492839,2,0.18111678857743535
baseline,0.31858266196032964,13.448144782962718,1,0.271674231124982
baseline,0.13583199509268135,5.313329242964577,1,0.2195299881446755
baseline,0.24820290117149188,10.918103226249741,3,0.4455136549585857
baseline,0.19635406526995386,11.938033829565434,5,0.3662337098074489
baseline,0.20312291498187973,4.579390719824373,0,0.44203743726412414
baseline,0.3888900947668257,8.34410024897549,2,0.22630969703931766
baseline,0.1804817947760427,10.53900515760757,6,0.22766403440964572
baseline,0.10471163046083853,4.566988678012667,3,0.26741386571248
baseline,0.4126201121975648,9.432922700168081,4,0.19363423331161672
baseline,0.3391393076302959,10.726025001578913,1,0.15734969332232923
baseline,0.2998769358470055,12.104272990127056,0,0.3196447844615805
baseline,0.2709411350458317,5.502239848955314,1,0.2598927512806999
baseline,0.3702272958126639,5.850030582874044,2,0.3003791821265234
baseline,0.33737074201741046,8.264256495218582,3,0.06879314973515865
baseline,0.2881031556875982,3.4286451736256893,2,0.2942483545377395
baseline,0.23982948165443274,3.9473288506084563,1,0.1295591114320602
baseline,0.4090015771767025,3.9077472513683507,2,0.2580747596604141
baseline,0.44727092356123144,7.9871377528703364,3,0.13692841224071198
baseline,0.34749769564780336,8.533575688720328,2,0.3183567375900939
baseline,0.6035813081005779,9.505222681856768,1,0.23683582296181388
baseline,0.3229217663784607,10.851636866587036,4,0.4531296955945591
baseline,0.3188237966699072,12.40278445364756,4,0.39253358748297296
baseline,0.45416517052799765,9.22268165168413,1,0.1685578198788154
baseline,0.32995655665836654,8.143582360015971,0,0.23682176303111652
baseline,0.32662900934452405,6.788328395916643,3,0.2513724524856464
baseline,0.26386542274396324,6.768153355056599,2,0.07514464730538438
baseline,0.3487552545886335,13.525226000653333,2,0.2626325791193219
baseline,0.12929294959957965,7.9552590969483585,1,0.29869732488396733
baseline,0.2260169743222346,9.615018388441612,1,0.1555566773105706
baseline,0.19037049536707534,9.331658372511246,1,0.1013338385297816
baseline,0.07816828019232974,5.9852002562364,2,0.10925982144033258
baseline,0.41080602887979034,12.30173203442315,1,0.31934207360590416
baseline,0.26640319278680685,11.253600416139832,1,0.49249641676064054
baseline,0.2105681088122747,7.056121285617573,3,0.16083699858754524
baseline,0.33854220898956383,14.602348915239041,2,0.11972091560033592
baseline,0.1735719973703584,6.7477003486868545,2,0.13894143755727392
baseline,0.39120729437362495,5.916137468166193,1,0.2766177418357735
baseline,0.44303034556382104,7.151019301627685,3,0.2780464944726165
baseline,0.1547415289272375,11.412131498212576,2,0.49362310439595286
baseline,0.42068995773224205,8.314355650989953,1,0.37486682251886155
baseline,0.3208691211286086,4.662035705084819,6,0.4672371712200946
baseline,0.41528237962517767,10.31302363172339,4,0.38118158037161187
baseline,0.32028130116313674,8.231756423453932,1,0.4405199276258545
baseline,0.21433102473705065,10.214195261928449,0,0.10283760645861746
baseline,0.13806288246239606,9.588753459358628,3,0.16088799377087612
baseline,0.18723647801934687,6.508106604238393,0,0.14873642182314614
baseline,0.24915002422484742,5.963694138326298,2,0.4672490352171452
baseline,0.4072582909443953,12.322913505333707,1,0.2940085918530742
baseline,0.36474926814915093,5.571982739766346,2,0.4453120689349539
baseline,0.3309321523122678,9.93758872532114,3,0.22458720903134036
baseline,0.4492369951412877,9.98574376771554,2,0.1676219670750154
baseline,0.11335518738676084,6.304994953137532,1,0.252350072507112
baseline,0.1809914227167338,9.596190637548663,2,0.28947188341232094
baseline,0.1841251977297363,6.715364130293354,2,0.5302586713311502
baseline,0.30718555694422284,6.222299055422942,2,0.3962139680482641
baseline,0.1312806945594682,4.655750278199928,0,0.46099806742195437
baseline,0.24102451094111677,10.839259715070128,2,0.5540169696403346
baseline,0.43911088568473333,3.8907038611210343,1,0.6569681564777144
baseline,0.4018416095577032,7.789462293646779,1,0.12530442219234167
baseline,0.45760404449978054,4.4629016953155265,1,0.45281895513413173
baseline,0.2430584828260842,11.270208156965491,1,0.37747223084360193
baseline,0.19605262470076573,7.687490655397203,3,0.10118762064755918
baseline,0.3280058105852521,12.163504479054083,1,0.214368256993917
baseline,0.20699952482171968,6.0432925471793055,4,0.563114065377812
baseline,0.2916941558893854,8.402924530843798,2,0.41872509310784795
baseline,0.28709559064105244,5.124163403155453,2,0.3706086501050859
baseline,0.35512027784714484,8.378752794756918,2,0.36434297408771665
baseline,0.44688828394236924,8.781882897090602,6,0.38630404675014307
baseline,0.44172933701948724,8.14696132683658,2,0.30227209010657435
baseline,0.39609716282794893,5.190312752848045,4,0.22064476165823702
baseline,0.28036500198051006,7.189912874889919,0,0.13867315274743974
baseline,0.3682790102761363,10.466336202618177,3,0.4740593616523558
baseline,0.2627877698538511,2.1256180792165136,2,0.08693007936673385
baseline,0.20879744988826088,9.034518524047758,3,0.4564001439731683
baseline,0.14693332066638615,11.219270093751556,1,0.18827257415406182
baseline,0.2432041243877658,13.002464494569002,3,0.32861949551502817
baseline,0.35243195377689884,3.7607011695565458,1,0.40162317528282604
baseline,0.37116322775964966,11.93073273164599,3,0.6474436539276419
baseline,0.30603090997816296,10.393770811807725,1,0.14164909004043771
baseline,0.36081654009111425,8.019194352171363,2,0.5051927421377607
baseline,0.24461207940679813,4.527483165636612,2,0.1275731445380455
baseline,0.47096066893351396,12.436832198970784,1,0.2799213303091401
baseline,0.3174284325109735,7.844881179513334,5,0.2969165155376038
baseline,0.26976802284494655,10.161646919080408,3,0.35935383797015535
baseline,0.36973288760534384,10.156898562384757,2,0.5062874519508098
baseline,0.2867777924648688,4.922929201916903,1,0.0820308338743381
baseline,0.33659354981485967,11.375783620139938,3,0.3207020091911493
baseline,0.45313325215269384,0.0,2,0.05036603669052287
baseline,0.2209988999690346,7.00962449486986,1,0.20898075521225784
baseline,0.27491784821320997,5.4162250241992975,0,0.406063693923446
baseline,0.28515107856010435,7.894747529450078,1,0.28331395426650213
baseline,0.308332030819322,14.525512359911453,4,0.11703156794075589
baseline,0.49595614551677925,5.0572041296857275,2,0.31323956618542925
baseline,0.3961452947807372,5.972646618904731,0,0.1944403675299939
baseline,0.43692499562916687,9.398409242653756,2,0.20238993932248497
baseline,0.04589135281183049,4.5347203451640095,3,0.36611147256555615
baseline,0.3559696353714925,5.712099621676119,4,0.2197370410327767
baseline,0.33399477212263495,7.498764026534641,2,0.16900682976538486
baseline,0.3607577564870028,6.0733608158140004,1,0.044201461035281865
baseline,0.3083019171976318,10.037989809635295,4,0.22690074707501398
baseline,0.23923102977748037,7.252292733995055,2,0.6898049729517334
baseline,0.3784989403486542,10.473054510681344,1,0.60071979563907
baseline,0.28661005853689464,10.724678996029626,0,0.5495433756254539
baseline,0.30587461157004114,2.274344513380564,5,0.24945095069762818
baseline,0.24591409201164727,8.281837963277578,1,0.11154665315545506
baseline,0.28565929374886134,6.181691143578,2,0.4489429730287951
baseline,0.35974681759089466,10.855728681866669,3,0.12292710059041312
baseline,0.38880073807909143,8.903037791364186,3,0.1469289281178169
baseline,0.3026586857447164,7.439143654726311,1,0.08132892993925618
baseline,0.314702036197486,8.188385824343953,5,0.04517769063162172
baseline,0.28567575779850324,10.309595860617675,3,0.5428266768753026
baseline,0.39604353924180713,12.79654272180866,3,0.27516709391539534
baseline,0.2620668520866615,10.315862804248521,1,0.11842789840992349
baseline,0.27629594638937743,9.713348476909493,1,0.27075860598447843
baseline,0.3166438438477339,7.757981709852245,5,0.22959780707934266
baseline,0.26249282971283694,10.108652351419156,4,0.1233635031821778
baseline,0.33534311741421263,5.75004619273836,2,0.5439413503526913
baseline,0.4719378572271471,13.638114702973084,3,0.05952183137754672
baseline,0.3050204729953995,3.764874710902575,4,0.2394499177146247
baseline,0.4546643253254923,8.598698668161049,0,0.3713841335982512
baseline,0.40041838625474335,6.863281358158147,1,0.4235151105154691
baseline,0.3250230652323809,3.4058427436017213,1,0.2780404634210206
baseline,0.3769663818452311,3.7170017046263393,1,0.25271937078433493
baseline,0.4529596579038479,4.523971877054846,1,0.2935210330190071
baseline,0.22167277775394553,8.610829845187066,1,0.6086003017603832
baseline,0.378680483643167,9.624336262099485,3,0.26185440620695244
baseline,0.4328895604955201,11.444532394917314,1,0.21924705323354657
baseline,0.233016996140321,6.118671961976455,1,0.317630086185581
baseline,0.44334769986666855,10.601705244677834,0,0.3972194271076429
baseline,0.3745566591532366,7.66539226602793,4,0.26918605425064945
baseline,0.2263329410762318,8.977155966659387,1,0.43999973656224733
baseline,0.3542662395467616,10.049333963252971,3,0.3341650522246318
baseline,0.16483091895730934,6.313502340527383,4,0.43672561907376023
baseline,0.18413712236337357,7.5995522271768685,3,0.15252757683592072
baseline,0.15502075704344898,9.232087169703199,0,0.6043179157042099
baseline,0.3327569928981999,8.613071293042328,1,0.1574720726722699
baseline,0.2681078192891212,6.571740810168675,2,0.4347771108520853
baseline,0.22903766357939523,12.05995828115604,2,0.3889423328017236
baseline,0.25183509453904185,7.881837696308294,0,0.3506665778563542
baseline,0.29605487845845413,6.011848442149672,3,0.24673698343407077
baseline,0.27065755416444837,12.342888800408087,4,0.23949600268280644
baseline,0.25376626989543033,10.6664726588127,5,0.6989752577609067
baseline,0.3200126198116689,10.35914795069554,3,0.6106679428558479
baseline,0.20780354382752594,10.880962054259935,3,0.06318137636605624
baseline,0.24916029518305097,5.90052034904477,2,0.378091547793502
baseline,0.4204217514543494,8.7995445263048,0,0.27068870058370853
baseline,0.33865854096117926,7.996436215105637,3,0.32755219536452007
baseline,0.1215361359679207,7.317526882123221,1,0.3058488165600226
baseline,0.4597442191315159,7.820075444239389,2,0.08358214314197443
baseline,0.2175298079166526,9.227755248596408,3,0.3884184779905854
baseline,0.4701034400035863,5.563481707535322,0,0.10924865022385231
baseline,0.3135280424948231,4.807126446250273,2,0.3395054303248833
baseline,0.4010331595835546,7.7530578735302305,4,0.13775590612804664
baseline,0.12478693412769953,1.3741675961478084,2,0.21291796232240717
baseline,0.22489337685418476,13.281430734174265,0,0.08511838700922598
baseline,0.23757805052232042,8.047885571240936,1,0.20038794793762213
baseline,0.24549403856411167,11.35771026778752,0,0.21543129383304943
baseline,0.22297325396423961,1.7207663812636174,1,0.5658385558442015
baseline,0.2380285019344524,7.705191391550691,1,0.29244128114789536
baseline,0.2890872379202385,5.593615531063948,2,0.2165755185227812
baseline,0.23966624293123914,9.7910343179418,2,0.08231490227652272
baseline,0.28603757268177965,6.937834887407643,2,0.3483660933147183
baseline,0.3341278497437672,12.83925579530989,2,0.6429262043854354
baseline,0.12294581422895973,9.244337497462872,1,0.1909961533980599
baseline,0.27685825780233747,3.6275844488196416,1,0.04801095521313022
baseline,0.20312090841715347,9.150214332115667,0,0.1995170634809532
baseline,0.2905146773888712,2.297439721470141,4,0.44246292134932197
baseline,0.36130272312737377,6.751429181391838,5,0.26560617540512166
baseline,0.16019349194680102,11.680725384871241,2,0.4811943796962627
baseline,0.26146439140887945,9.045016702453072,2,0.31013678381594967
baseline,0.39222737144374226,7.800578373132252,4,0.14396534469977482
baseline,0.40494938146873716,9.396533040022753,2,0.12737728615745425
baseline,0.2474706150466653,13.514245192122706,1,0.19284067708873223
baseline,0.3895898221365012,6.432381895706901,2,0.14589983768849557
baseline,0.3298303318287087,10.644546493338666,3,0.4144618933696687
baseline,0.3058266571264564,12.704863049242613,2,0.3899570378621786
baseline,0.25009005495603875,10.677550461460509,2,0.27396948821356104
baseline,0.3275092285911283,13.443708885109514,2,0.3168524971855749
baseline,0.3681762667447759,11.608591053018747,2,0.32391071508483293
baseline,0.2339824532345292,10.034978468354495,5,0.5451710154975095
baseline,0.3471191450678384,5.6808207906206505,1,0.08053037406105645
baseline,0.1851168541861658,3.6189946639711295,3,0.012324857148761944
baseline,0.18241123567369535,11.372434062471543,1,0.20182626948402607
baseline,0.3550103516281526,7.653418752905962,0,0.886387291778237
baseline,0.2782673473997041,4.764150498437967,0,0.22239043493065844
baseline,0.21940025197158575,6.128935526670915,2,0.2842266410863589
baseline,0.3348903236600963,1.5043553533233442,3,0.5261798520318846
baseline,0.37085659729224046,9.333781822040613,3,0.21867062132354678
baseline,0.30517064394349985,4.416479835448912,0,0.485575560938175
baseline,0.4468460467378912,7.2735894763674285,3,0.644508662708504
baseline,0.2318928917128079,4.941954244877804,3,0.12981552220117307
baseline,0.23525598679632767,8.291410434849812,2,0.37083888983923785
baseline,0.3920350455735795,3.742654040171823,3,0.49721948495363244
baseline,0.20026599837435127,8.66621635344606,1,0.228235007423918
baseline,0.37129015408217736,10.6354744951335,2,0.23938562078869063
baseline,0.1398514070333231,10.035110843463084,3,0.13542164591266073
baseline,0.20134926200278197,9.448356999685231,1,0.5668700782506471
baseline,0.28281020943774293,6.020501974867432,2,0.3245853518682196
baseline,0.25972110304330365,10.156104699994621,5,0.01943520344818091
baseline,0.45202221202647463,9.48628867235594,3,0.26952638570811244
baseline,0.20505777060981212,10.385286614353504,0,0.5311959942886141
baseline,0.29689608750038127,10.730536819372812,4,0.016004090240651747
baseline,0.3156942803378101,2.3706476427900496,0,0.5953505339980553
baseline,0.2895826196612358,7.194553649662621,2,0.10282419408705182
baseline,0.4130648256050185,1.2885066871811466,4,0.15200219303516013
baseline,0.24360147749499897,9.38413816481773,1,0.05478170313987623
baseline,0.24880343605419603,9.836367230504024,0,0.48831335910134616
baseline,0.20212886084217196,10.855799733854411,5,0.10426757486516086
baseline,0.3874398300688619,5.1950032660979835,4,0.10980700138171827
baseline,0.32612464870445157,6.821717711510413,2,0.4921339618408459
baseline,0.32764520238965866,9.212258562759294,5,0.27393547117061234
baseline,0.3215268488463262,2.1477132593892865,1,0.3924373409821814
baseline,0.19003704226854456,9.738102847993794,1,0.49214079430384705
baseline,0.3498253872366483,9.624798157804424,1,0.1202927901129124
baseline,0.3321210771063526,5.104262272624673,3,0.019790998095039612
baseline,0.44248618141027984,10.83360148064287,2,0.29451815634435985
baseline,0.3425476313507828,8.778997102070893,2,0.12726278929024187
baseline,0.22297752253212488,6.203291024110144,1,0.5017567329892483
baseline,0.2705098862620705,6.9262808272919045,4,0.5131064479500749
baseline,0.4786642450823847,10.418556381544791,1,0.240366105578802
baseline,0.18217376080837017,11.655444172874274,1,0.014174832107141834
baseline,0.1664290767445302,8.404849496193988,1,0.14609444702886507
baseline,0.3245273771132904,8.066187558581417,2,0.28996338293220436
baseline,0.44377117935565935,12.312682276557949,0,0.3494758522436911
baseline,0.30815030722267395,17.06372742203093,3,0.07218813134790343
baseline,0.18544499708289908,4.562586807424138,0,0.10437848391882372
baseline,0.5175692811013826,8.290728201698792,2,0.16021933194391533
baseline,0.22581812806650142,5.211245990934927,1,0.11747834450868809
baseline,0.3824544770290232,6.449951094095227,1,0.22923975559075863
baseline,0.44398910334187436,6.087488588997344,3,0.5066734573189544
baseline,0.31063528708050325,6.300192469708784,3,0.2684736306129554
baseline,0.3609831157009335,7.51933486524056,3,0.37432144719825206
baseline,0.4474042810508356,7.492940440375071,2,0.17811503134815726
baseline,0.17446510604879342,7.168111388778306,1,0.24260932175657263
baseline,0.37903520601829965,6.725749009595441,2,0.5010222290821165
baseline,0.4181708656836185,11.605526328567072,0,0.6266511651554022
baseline,0.4255994114127568,9.487084830180565,2,0.23275931298294097
baseline,0.260215281039197,8.46154287525346,3,0.4640620629027716
baseline,0.34615668166115726,9.904458441655718,2,0.5094222651249726
baseline,0.24463121837278584,4.992964682595909,0,0.34039390289088434
baseline,0.24212813337762754,7.375363671388037,5,0.31130376961898115
baseline,0.2090860386624651,12.880197418183199,1,0.02318886959197293
baseline,0.36329964932629544,6.505601267977886,2,0.14596563175429322
baseline,0.3207747325630929,7.519342983832267,0,0.28877885828719696
baseline,0.41350186703526165,5.82293624175059,4,0.053386312234000484
baseline,0.06616278197063494,9.213566804848401,2,0.20601454663346047
baseline,0.2133852472039427,9.6586904370107,1,0.4634957874840433
baseline,0.33388873509794265,3.8430147754430877,0,0.3325873812841613
baseline,0.47300863394549647,11.509098075121146,1,0.26730385847972077
baseline,0.231079476102056,11.444544128220945,1,0.7345184151786832
baseline,0.1271682879668352,11.319219655362192,6,0.4900593089850691
baseline,0.2445870575498576,7.60697361404075,1,0.1015039612137352
baseline,0.2949893242115947,5.127562242838768,3,0.11669811958745176
baseline,0.3834683635192576,8.721454228118025,2,0.4156503406619927
baseline,0.414883167337463,6.606551577321904,0,0.40211241210674314
baseline,0.3740222036219852,9.754715251763049,4,0.5171258781497362
baseline,0.29435033350551226,12.841875902397728,0,0.2673546552291546
baseline,0.5106262199907065,8.840503267231528,3,0.302124889911867
baseline,0.235709719659087,7.723092907131228,1,0.16461275478569853
baseline,0.3040241739785937,8.383625189593694,2,0.4399430961338972
baseline,0.3626866020701285,12.239976208267766,1,0.2102827433636073
baseline,0.25371554487290016,6.204301850770816,2,0.2955035918083099
baseline,0.28188645561170844,7.5412800114342495,3,0.19326115084844986
baseline,0.36802978023810634,8.372247875277724,0,0.46337658909033624
baseline,0.21557026320988,7.531400395332058,2,0.2049527333618441
baseline,0.2864471646576914,8.257921332372828,4,0.33405355037654844
baseline,0.2897203409182993,8.0832900650969,4,0.3997750065946151
baseline,0.5292012224610991,9.645060693708583,2,0.4846194569503294
baseline,0.38676012620593403,7.590111012673844,4,0.4877974966394739
baseline,0.23845476174917477,6.3570493241068915,5,0.3346443879563609
baseline,0.38084449717184377,11.99380539600136,0,0.3222452184433821
baseline,0.2028085142958161,11.554096469174766,1,0.09719666696956836
baseline,0.34891649785297507,10.866386567061092,2,0.2082585944520105
baseline,0.14546983707262895,8.256135631263213,2,0.2258418128350819
baseline,0.37936566477937145,14.00063803015524,2,0.18700665111235545
baseline,0.2918905016982243,2.555889010544405,0,0.3229488407325413
baseline,0.17724806128953025,6.531311210660914,3,0.303096480215851
baseline,0.3493478755202946,11.612273155769483,0,0.1205400668067219
baseline,0.39142980825966334,2.3758531877306917,1,0.186083467784361
baseline,0.34663292926159434,8.995490304928245,3,0.11823381085117471
baseline,0.32580422082303645,10.258072037577472,2,0.05233924386845603
baseline,0.17971193453771084,4.667383825672708,3,0.403475263773243
baseline,0.3879586598688298,7.259562217160148,2,0.05448580760462757
baseline,0.09572722515636556,9.504570114192465,3,0.6281871981983472
baseline,0.2526100671516517,11.769523897419408,1,0.46238247693178297
baseline,0.5024067698171768,12.681937311313037,1,0.3850638725674872
baseline,0.17248016510758707,9.385561982514929,2,0.213130417158744
baseline,0.13362804548119106,7.886281334002742,2,0.22242555883945056
baseline,0.21697590022974816,9.994271417681997,3,0.007341580827988296
baseline,0.3445699505290122,14.293675496625688,1,0.4437695797315318
baseline,0.2992575769986861,1.681541928461348,3,0.2777924537346266
baseline,0.40489240660943676,11.769869600019156,1,0.6745688052955551
baseline,0.3118286790868802,3.1658210788881913,4,0.1065705033605872
baseline,0.20416024588773213,9.229343962135413,1,0.36173936784007693
baseline,0.397499173268933,7.839634133290351,2,0.5009680918246435
baseline,0.2514814749553461,11.815967329857179,0,0.10455479360124294
baseline,0.37205920606406917,5.715576823231017,1,0.06605868146328546
baseline,0.4427258919108633,4.382137415742318,3,0.08280265663264605
baseline,0.35644045440362915,0.07006820393230306,2,0.11307722503912562
baseline,0.43417021583103327,9.343760994450513,0,0.2517568090158401
baseline,0.18866462478528384,5.736693830899575,1,0.34169177581437526
baseline,0.2659342640426097,9.649317115897121,1,0.27457382378177275
baseline,0.32562485951598563,7.674843344452855,2,0.19492564630677095
baseline,0.19276223416155036,10.942620404698491,3,0.24192099133614353
baseline,0.4378205706516315,16.174036704500107,0,0.11607795776574106
baseline,0.42880690368099056,6.965818197254146,3,0.10814206672269562
baseline,0.35458056119785103,6.240714769810765,1,0.5265588485902695
baseline,0.3673142381729859,5.035410685356836,2,0.16749820445602165
baseline,0.29627997443925774,8.983073647280527,1,0.6664064200675691
baseline,0.20508522285367187,16.897882275878736,3,0.016165968602152025
baseline,0.24880810697823585,7.653585875869192,1,0.2092200179774051
baseline,0.2842956455728945,7.879590087504011,3,0.03821223571000847
baseline,0.33170583902390227,13.199685493750131,1,0.1726590436543058
baseline,0.2961893143206144,14.226783146710456,4,0.29718923900293986
baseline,0.33668545926496257,7.600107397602896,2,0.3637862080456131
baseline,0.18038023629334948,11.723915305243178,1,0.1881997169305982
baseline,0.2359279568296849,10.260022608070692,0,0.27782447090229123
baseline,0.3260744575791321,6.227222421016825,4,0.39095389965582195
baseline,0.4035526538399592,9.701404895899284,0,0.5545717741713921
baseline,0.15067050298915258,9.580929124356283,0,0.4203661973590727
baseline,0.34230289945150316,6.553556917117472,0,0.30331671148275524
baseline,0.3811074390033638,0.43972028081195713,3,0.1094687719578514
baseline,0.3035524769222333,9.221704128309868,3,0.1802626248050348
baseline,0.3177766842218579,13.781122570116588,2,0.36121304406141314
baseline,0.27073241695274275,8.633335275703066,1,0.30568547849820604
baseline,0.30612958117519423,7.96893811935171,2,0.3886281003729373
baseline,0.27348766700547933,7.300673518090971,3,0.03078300048654525
baseline,0.16312056041640424,8.148402755045582,1,0.3363001449997218
baseline,0.44203341833352183,9.722385518310231,4,0.19156694822054013
baseline,0.3411792050738522,1.627391259877129,0,0.4191123905438478
baseline,0.25907468817118845,8.257936749221265,3,0.3704471010012469
baseline,0.43926742792773904,11.087260230860473,2,0.10092623296248153
baseline,0.28336125218675967,12.120192596033935,2,0.3321716762676546
baseline,0.3726860101543642,4.648316809470112,3,0.3336560756875676
baseline,0.14766505200589536,2.4981815481254106,0,0.027155575838543063
baseline,0.2520709949478119,4.911483861377732,2,0.11001432529578119
baseline,0.41554216012713496,16.289378011270156,1,0.08237690091215187
baseline,0.4536395103509515,6.437574889294675,2,0.09586479897814021
baseline,0.49358431063698,7.218301902893542,4,0.37520248856126365
baseline,0.45005924854248935,13.179099203172083,1,0.30207179074376966
baseline,0.4864403929591822,6.835387512882251,0,0.6916234037649621
baseline,0.24387269239204903,12.324874218374841,2,0.5483496032916481
baseline,0.17377790929628706,9.117043422136359,4,0.46665285822518443
baseline,0.07590348137156464,5.6653686342487966,2,0.43612913146398247
baseline,0.32125186860653276,7.965204365572191,2,0.0491999009466878
baseline,0.2874589555798396,11.76573928701573,1,0.19713111150968615
baseline,0.46119949055466336,7.488534084138641,0,0.2444423938529255
baseline,0.2888798140553955,6.685284593724402,3,0.20041752564431753
baseline,0.47125427255248503,8.168309255127243,2,0.07942113579398287
baseline,0.1569561646908244,11.403955629048545,1,0.17970810640458373
baseline,0.48530679148149586,12.087504366156388,2,0.31085072455121043
baseline,0.3047075311563334,12.541890191091156,0,0.4141973270606644
baseline,0.4469086986978952,8.588921492185444,3,0.4048605566816593
baseline,0.40941330425858197,9.518439765386095,2,0.6279509355668119
baseline,0.2268100347049295,6.09574957238895,4,0.11331616158307033
baseline,0.4015391195951403,5.697529885196921,3,0.4322951711129012
baseline,0.2529570631901507,7.318317252109916,1,0.4035905530363988
baseline,0.4009659117530304,7.943789927948384,3,0.06191632795382224
baseline,0.3711634175582466,11.347124787599672,1,0.5139849770513096
baseline,0.3550322771287414,5.8295050618597966,3,0.33288087408933864
baseline,0.2973322881105142,11.336418584383825,1,0.5883074864218925
baseline,0.2892092533860141,14.146920694315662,3,0.3278521674997276
baseline,0.3195958121308382,9.355626773718592,3,0.40935347249058324
baseline,0.07535750705439787,14.219604124686752,2,0.15581342765165415
baseline,0.41055469328567096,7.312689301904303,3,0.2788873704625798
baseline,0.3057656902581019,2.1387174627940597,2,0.16587898960010916
baseline,0.3350393071457192,10.713394172607405,3,0.08026178288794378
baseline,0.22134914626679333,2.2870488918467204,6,0.06718067518553772
baseline,0.34351322482258334,10.032356955546167,2,0.39369640306986653
baseline,0.26735326378839536,10.90139958163914,3,0.31540892945627896
baseline,0.47048599727913476,7.890577633014614,3,0.22076048177564803
baseline,0.17342338572912763,11.568943375300442,0,0.3498547074118755
baseline,0.43690840239667705,9.983001613133005,0,0.40345086171337113
baseline,0.23353666200630924,11.505905059083563,1,0.39413750422079946
baseline,0.349107346044372,6.938560459509793,4,0.08790778778244582
baseline,0.2875131664300147,8.439523178081716,1,0.14150722262486043
baseline,0.21635799986654033,5.870810960160383,3,0.42928074186089465
baseline,0.10790523938774077,2.4752380966764527,2,0.3485047840767148
baseline,0.38616646210039296,12.561753128167577,4,0.17556599134878423
baseline,0.14112392540653085,10.977741599102067,1,0.13687391102752336
baseline,0.265800522081677,9.216491906434406,0,0.4159847310626675
baseline,0.4422776501103175,5.789815841910038,4,0.41029652706446545
baseline,0.44519586507668985,6.190616631614594,2,0.08946626318645037
baseline,0.340563714689994,10.098338355168233,1,0.0817026898919627
baseline,0.15015889321223425,7.081107884742979,1,0.3193078083779501
baseline,0.298462876990473,4.714457769627192,5,0.1728256189234308
baseline,0.3184370395435899,11.496965699119972,3,0.3990969647633037
baseline,0.2310059960591077,12.051293584673228,1,0.19687155947472396
baseline,0.4446042987394637,14.82422769845612,2,0.2815566756052454
baseline,0.33449761149938995,7.708575587825408,3,0.2669990593430364
baseline,0.34231929617827905,12.138047899654309,2,0.2784974088119578
baseline,0.30026067768836734,6.559475819457439,2,0.09889512799793908
baseline,0.17484785366777592,5.674281557382303,3,0.16413324041132468
baseline,0.21780436038913914,8.490427517080802,1,0.1415158151034792
baseline,0.21302940192503023,9.43157919813159,4,0.16612017894585368
baseline,0.43164927714451834,5.944600605957753,2,0.22344444584726775
baseline,0.31443709891741983,9.680481957748315,1,0.5749553920702674
baseline,0.3556580778409557,4.090677336625882,3,0.3283059546053716
baseline,0.3517510878536636,10.891020163642079,2,0.16746135787053817
baseline,0.3508058247800105,6.619401490090938,2,0.33497762821625143
baseline,0.47724681063125163,5.93916539527181,1,0.059687449550413454
baseline,0.3953015811591114,4.202944957929182,2,0.6827190271197723
baseline,0.34062062638064655,3.8617864943653313,1,0.3044229380545289
baseline,0.3257654703629174,8.369897994663363,3,0.1761480687294718
baseline,0.4562310113951364,7.093277877515421,2,0.211527998142656
baseline,0.13111351927471498,9.063290234135549,0,0.46917343145801865
baseline,0.4445176213067492,7.229814566666899,3,0.43874011311971367
baseline,0.2588541633061285,6.289267766770765,3,0.1530536930015738
baseline,0.35968271074023794,8.042493418991803,2,0.040240351166804286
baseline,0.28390364296412596,7.365383084727265,1,0.15291099173503922
baseline,0.3142476670053367,10.173647823384545,1,0.14568960345437437
baseline,0.28626405210406747,9.838886455932325,3,0.49412713144558934
baseline,0.0,8.113594838204012,3,0.2504820262929966
baseline,0.19630504632295914,1.8912779432903193,1,0.4888414359056334
baseline,0.22650149767133035,6.00843646332868,2,0.3081787653505646
baseline,0.17467067541603426,7.668626172408131,1,0.5225857887230118
baseline,0.11954305828399656,7.0078383055673275,2,0.2929408531145673
baseline,0.3578885962187206,3.647915632067445,1,0.46751956649722476
baseline,0.20290205255085197,8.285664702547948,2,0.14274916030547746
baseline,0.315448431459152,9.912001262296469,1,0.568381687334653
baseline,0.42419662104670325,5.908760503165156,2,0.21728742240091375
baseline,0.19642326746589772,1.740206051370956,1,0.4014731909887211
baseline,0.28629102245144605,6.7459293194821495,0,0.08785709732669912
baseline,0.4177241653947803,8.287676415542524,5,0.42325154513305335
baseline,0.2728671280271797,5.96942635968342,3,0.33534929677640707
baseline,0.2661261651926231,11.844119747889795,2,0.3336120298801994
baseline,0.0905903640225964,3.6363837983035303,3,0.2654286882931264
baseline,0.4374337255809492,9.988696779885121,3,0.5481546676268181
baseline,0.2775670404980919,5.470341272997262,0,0.3030172229118114
baseline,0.167495949472122,6.419196867026535,4,0.21380400647776027
baseline,0.3858913356792371,9.95830661510036,1,0.07803471518602985
baseline,0.25877989552173397,12.904243960346566,4,0.5295591240201681
baseline,0.29344238489221597,11.363472750724501,0,0.19462385869428042
baseline,0.23493015206779438,8.200254331150703,0,0.3839624483314943
baseline,0.37377262199539646,5.839816044708666,0,0.3191838868786323
baseline,0.36716946097290604,8.149951476302673,1,0.04839953774262093
baseline,0.2536197309877053,9.859115294995068,7,0.5167960438997361
baseline,0.3021472224529834,11.503626360748296,1,0.4391004649292449
baseline,0.45486030284131074,11.480985314374546,4,0.30888397155212993
baseline,0.3155399986620495,7.5612551307207365,5,0.29555512474364914
baseline,0.2544633158744679,6.153295475435885,4,0.039484531550387725
baseline,0.44042404797781387,2.8255458204393733,4,0.13092295114636887
baseline,0.23528237385647754,7.4546827329078225,2,0.44468629729361375
baseline,0.3074326856423141,6.018089718610243,3,0.16757944214759324
baseline,0.1791363647485012,4.162872953781318,2,0.3902495943654984
baseline,0.2123480112283475,6.1120975129123885,4,0.2529495139223194
baseline,0.24442749470106098,9.204919529925023,2,0.4266077944352521
baseline,0.3552321694946658,3.6116713556239235,4,0.22252827246697604
baseline,0.4037317971134961,10.916745960535778,2,0.37693275581263097
baseline,0.25568809883110905,10.27841710910382,0,0.6497638519788026
baseline,0.3750120510024427,4.088995582426528,4,0.5130113576367124
baseline,0.2907715084908022,8.81539725801024,1,0.3010770034183247
baseline,0.37021819919588866,13.12359918294576,4,0.5002366989338345
baseline,0.22147916035148993,8.41880155006164,1,0.3662381268112926
baseline,0.32745007834786477,8.746304591344304,1,0.37724551453256844
baseline,0.2850222826258565,5.674163927806653,2,0.32148329465732955
baseline,0.31381467980206845,13.415324185954951,1,0.6438474771292466
baseline,0.5500254008333795,8.464443458637868,2,0.1548712151452513
baseline,0.3300206321704553,9.554849162198073,2,0.24339115909515235
baseline,0.44165810317134124,10.023737513648,1,0.2992296924176859
baseline,0.40894488422999964,9.962194972601301,4,0.35965358626435073
baseline,0.14913091555568056,6.234155410874629,2,0.5554588820298788
baseline,0.3427323947734107,11.482577515261415,4,0.13855932193236223
baseline,0.40931433368494835,1.491474905046612,2,0.1821864513416331
baseline,0.14720437873894582,5.877433488756049,2,0.32399430235587423
baseline,0.22196502272545005,5.211037147421118,2,0.46108086847292157
baseline,0.6462222438259407,9.704654060099763,2,0.376023353863059
baseline,0.3120451240341486,6.620294167017505,0,0.13332448410330244
baseline,0.25942352953784226,8.738480963951263,4,0.3331636233550961
baseline,0.306925013081621,6.900613027288615,2,0.14908048893349363
baseline,0.21842226331171324,6.144868467744243,4,0.25250697455694165
baseline,0.31440119764235885,6.089424490378826,1,0.3226543020656952
baseline,0.3262099019314693,11.255368589279684,1,0.4466848861366561
baseline,0.2752613832112175,9.261344909434921,1,0.07480975908239154
baseline,0.4454324857254378,9.477977173549139,2,0.34650337531526715
baseline,0.47468803809078214,8.519059686478226,0,0.5188242356816389
baseline,0.4078912702578036,10.291170893162793,4,0.13579547152573945
baseline,0.22681216795145037,7.037206404255814,0,0.42629589709561705
baseline,0.2519212976919665,9.279197035845641,4,0.4042876496445473
baseline,0.1694924750376623,14.094659542403683,2,0.5456536641061105
baseline,0.3432609094309173,6.247656986489677,0,0.14484068845391512
baseline,0.2563684372887997,6.521471711653669,0,0.036050301546708054
baseline,0.24775246718574778,6.180520950334622,3,0.44586534831002217
baseline,0.2352201488668546,8.836066365388938,0,0.319209391481224
baseline,0.3269483634915719,6.504087097701229,4,0.353356591703204
baseline,0.3186546147615205,1.9244386100959403,5,0.35082921233300796
baseline,0.18791132495770063,8.802525214124358,3,0.32364512703000176
baseline,0.45526336988267846,11.256816569427064,3,0.08089922859064005
baseline,0.3203554854397412,6.911962424816104,2,0.49613923656288933
baseline,0.1666840432403421,7.539621542879518,3,0.16797714590409726
baseline,0.3880533267363091,5.487403005684593,0,0.4042846545770256
baseline,0.21721350661289068,1.8552035855745235,1,0.04546508159497521
baseline,0.4850586260914219,11.718673709789538,0,0.34541614919523
baseline,0.4375052216177129,1.8396752834858043,1,0.3313907289521431
baseline,0.3577428258719286,8.903058262345333,1,0.11040153007200293
baseline,0.5373942556082693,11.322798143366285,2,0.49745101217246906
baseline,0.21418842689468917,12.171422008050445,1,0.2711289079938298
baseline,0.3341222539788629,9.947037150549232,2,0.5952326349895827
baseline,0.2772349031672474,9.232424185586588,1,0.36437024492445774
baseline,0.21382074117839234,9.494597053999298,1,0.18050466767506632
baseline,0.1748887499748036,9.673912898569963,3,0.22935043003906821
baseline,0.41529823632192764,11.306271611733711,0,0.22501848326656754
baseline,0.279316000626333,6.46523026642206,2,0.17730443875468266
baseline,0.20771477811283,6.875272490263368,5,0.1639414968978367
baseline,0.2505785567038131,8.867637041498762,1,0.4302229126323658
baseline,0.6141308882773973,7.691866253599398,4,0.16050913779236575
baseline,0.30606593314557196,4.082222175536031,0,0.40797842736270895
baseline,0.23282703094149382,9.586515528708844,2,0.08192325925700142
baseline,0.2806602610594121,7.556847893627697,1,0.1437645580946003
baseline,0.4219615167406695,5.773033391695769,4,0.1146043175165164
baseline,0.29170512411163707,11.40899287823928,7,0.16234414552305307
baseline,0.28387560614923407,6.271685552860377,3,0.41792846763369634
baseline,0.2957247851477749,9.653946375848705,4,0.16064400308975077
baseline,0.2500678349600708,4.702198660255086,1,0.08635552094579461
baseline,0.27657482246015097,11.153188419121246,2,0.4146131656705752
baseline,0.44058557816047816,8.395750493719719,3,0.24183238261203066
baseline,0.2801542577886333,9.276064382199515,1,0.43623775864452535
baseline,0.2936641530999614,10.371746875369304,3,0.04485790169642119
baseline,0.011869102789207275,8.641391880961443,1,0.41242243338393236
baseline,0.37169833408218417,9.235385239763282,3,0.19406818116725105
baseline,0.4257467818065709,2.5482598891347523,3,0.3129595084681412
baseline,0.2332737680946263,5.791034550875838,2,0.03048056191678785
baseline,0.34909601744067653,10.650555974753015,4,0.3453157949727463
baseline,0.1927014078588158,7.97359032566393,0,0.36080669963810486
baseline,0.3332781197436244,8.658451085585865,2,0.1955689272820482
baseline,0.3372225916176902,12.856851249018522,4,0.20250524664784691
baseline,0.07751026552780738,16.12236601511477,2,0.31389885192292527
baseline,0.41011175211851114,10.514514510792855,3,0.035975810101413055
baseline,0.43288389859979837,6.10619177542741,3,0.3071701419809495
baseline,0.2864579679774627,9.486108853072407,2,0.31330101728009296
baseline,0.19142280130430114,8.707966901537514,1,0.6398393057384688
baseline,0.30012385934618035,9.382913053573567,0,0.09357403361451166
baseline,0.28610538731316526,12.937364207528303,1,0.06589965396904802
baseline,0.39436363185934226,3.6810835636183032,1,0.4915886300731637
baseline,0.2954760684764593,7.473658358884325,3,0.028635619192054245
baseline,0.28827839510300485,8.939870399008711,3,0.6234305855174767
baseline,0.4017682834841917,8.083961341135664,2,0.34901976122908684
baseline,0.36763530885334433,9.01025783481037,1,0.3444159475666231
baseline,0.31161575171802663,10.30729916978283,2,0.32093354167737465
baseline,0.2334967256501015,5.505273121859856,2,0.3541596877042634
baseline,0.2266726415229281,6.54077588574598,3,0.15985130530066438
baseline,0.23494203065358982,10.528202047996503,6,0.17293872566686122
baseline,0.22222435196704832,6.86602037546673,0,0.1805630936040535
baseline,0.2654606796782522,7.279545208446281,2,0.1599559684841886
baseline,0.4212843633461972,5.754702789193303,3,0.12226461155313291
baseline,0.26914052334420313,8.96606960225478,1,0.18435503709136294
baseline,0.278312008641669,7.419096930028651,2,0.10362712923576009
baseline,0.09789519453434051,3.7147711296202317,4,0.08217544693198325
baseline,0.4077975371855492,6.699217478886263,3,0.13752807998133684
baseline,0.26637793421095357,8.59128997140826,0,0.2773946482740534
baseline,0.36777802370144574,7.653743312879477,0,0.4522875614361481
baseline,0.35416760748442727,4.427277625998597,3,0.242519403654442
baseline,0.23858797023212827,6.553715605129918,1,0.6308554782513033
baseline,0.35351004897869875,9.254883525088042,3,0.08641640295336758
baseline,0.1550850766674744,14.763656301929322,3,0.5415298997325924
baseline,0.2345040905190512,2.860537017720347,1,0.5492398508668626
baseline,0.4547515389288578,7.93001439247006,2,0.19760062154970115
baseline,0.21040551792188777,12.246634498013279,1,0.5507196583533297
baseline,0.3476184753796298,7.428584324337065,3,0.1651415150997064
baseline,0.30635665885167945,8.473421537577002,4,0.06161216765696339
baseline,0.22472680334068412,5.195043529570866,2,0.203329800445221
baseline,0.45319134398506,11.75113496224369,1,0.297517683603141
baseline,0.291470573455252,12.29441889651964,1,0.12536338269769787
baseline,0.38065783324070096,9.177212078566406,1,0.33664091399790375
baseline,0.5119519479446056,13.59102308003776,1,0.4444030579518597
baseline,0.1533158518397519,2.290234075093121,3,0.1690206981320833
baseline,0.2949076495696651,9.864887860981302,2,0.1792795802128092
baseline,0.3956323830785164,6.405971950761074,3,0.3315382349732386
baseline,0.29350982339007486,7.220024811154312,1,0.2165114839919193
baseline,0.42123070438981214,12.007118439732263,3,0.14750392638701476
baseline,0.3668468643574335,4.948743792523367,2,0.35795403642091356
baseline,0.3259426538616268,2.1238275479588964,3,0.43203020582774837
baseline,0.35089551950235304,9.310843596396897,0,0.043126549941517364
baseline,0.2223030990699046,1.159179416096042,2,0.1254049476581731
baseline,0.14572941055703223,7.69381138470261,1,0.13763807117048116
baseline,0.11833863046547782,8.46046042079715,1,0.37874140285629154
baseline,0.3296667851265751,6.003970787666402,2,0.29670607050078907
baseline,0.20047897983125068,4.417770019394535,2,0.06914427368300785
baseline,0.4376563702343914,6.890097591766167,3,0.5132624428289695
baseline,0.17936024793873084,5.483224296674138,1,0.27671296366735454
baseline,0.12477446444357729,10.50287802570659,1,0.0670466642716283
baseline,0.09744746830369924,6.415203140591247,2,0.32490726412970494
baseline,0.4423323342841796,11.065549492186875,0,0.17783203185429278
baseline,0.3059677415767481,8.92070686925847,0,0.11613414505911095
baseline,0.3569300829028018,9.758187819513095,1,0.6292985459203138
baseline,0.17598975749193368,6.5107006106966345,1,0.18830463334631609
baseline,0.45620499437158496,8.354568175572734,5,0.13695602570673926
baseline,0.14906771990437814,9.504065986138546,1,0.18099243674120097
baseline,0.2959969816927671,6.65842506767202,0,0.465574944866919
baseline,0.2546293217979274,6.99718396821922,2,0.20568966028926258
baseline,0.4047278500763719,11.442606146961904,0,0.1335441980771443
baseline,0.18460194319314127,4.81580046832216,1,0.20667691796227383
baseline,0.2576175364231441,6.452853401540345,0,0.5955562404966743
baseline,0.26786895651027587,8.89055969945894,4,0.39306765323080806
baseline,0.292510470765509,8.174942777056179,2,0.3445041715475002
baseline,0.30082224279124786,8.937168686710308,0,0.145434864128252
baseline,0.3732323529877241,13.923020892578936,3,0.38061418443362316
baseline,0.39549948146883407,8.823361166651031,1,0.44299973787029545
baseline,0.26759135846944165,4.710186846951361,1,0.1289893331184262
baseline,0.28604133148133126,3.534213702657482,3,0.06202437165573234
baseline,0.3179151055421517,6.632511364348021,2,0.6638394281549388
baseline,0.3405598705662609,8.221553160963031,1,0.3665877906233736
baseline,0.2907637164440883,7.438932365238997,3,0.37905711196648234
baseline,0.3557883327498067,4.501006820344383,2,0.32506501919751674
baseline,0.3316207215219764,10.66205600996774,3,0.2840433469634998
baseline,0.383356413786593,9.133498968950958,1,0.4601097840680372
baseline,0.2391142173268415,5.742936720679579,0,0.2911003295220792
baseline,0.32345452097348054,10.921951235450686,3,0.26223240707137874
baseline,0.24463265727776143,9.92350234163665,4,0.3264395446169861
baseline,0.1229070640495255,3.968212168204471,0,0.36753062023101185
baseline,0.23121734343425948,8.16064246740574,1,0.2451982603440321
baseline,0.3179736781527521,6.877207690285424,3,0.18770736486986905
baseline,0.25073524341682757,8.945183593664606,1,0.2226867838714436
baseline,0.20234855817789177,7.914053133482013,2,0.19168582445780738
baseline,0.3698157281596686,11.094631448594198,2,0.31474929121805945
baseline,0.4251097126886274,8.77982105507752,2,0.35588030083042993
baseline,0.3700402015161098,8.18875235748137,1,0.41917646627266864
baseline,0.37160734113633276,7.339055254117546,2,0.273433242820351
baseline,0.16930887122482702,5.089265760598646,4,0.4900331514584705
baseline,0.3568000417281432,3.648421578435282,1,0.2061794199605874
baseline,0.4676661195915042,3.386159775116437,0,0.5384914945151442
baseline,0.43453296354173565,11.005277715509404,1,0.44784402504437776
baseline,0.3119875877711101,9.95625204038327,1,0.2547630297198592
baseline,0.42072077826086113,2.0808974958413664,3,0.16478623241002888
baseline,0.2786974020644305,5.72587328119018,0,0.2094704069132972
baseline,0.26945106908569516,12.581586543874383,2,0.15284174499069855
baseline,0.35013575045295436,5.753670303615099,1,0.18092316340468792
baseline,0.3466902774252103,7.653449117227733,1,0.22746983375325353
baseline,0.24159132688719503,10.145327606991286,3,0.14801120448216515
baseline,0.28426382239745385,10.683246653093159,2,0.28640948840882674
baseline,0.41104386981340957,6.285801316004055,2,0.2516901674066518
baseline,0.254344533376988,10.638417714765717,1,0.376487473978361
baseline,0.31932259956301334,6.885869325089188,0,0.07685715545807448
baseline,0.3362077078641436,12.251004642725713,1,0.1276321110524535
baseline,0.401652422427444,11.194849411094355,0,0.5672909359182478
baseline,0.29625826468627436,4.771295561041839,2,0.2943392126677069
baseline,0.33291606791578504,13.648973127055351,2,0.2840675151707529
baseline,0.4239141309189512,12.227739458947347,0,0.15851314418786056
baseline,0.256456894395385,4.596032942786324,3,0.6119961555657258
baseline,0.239558326436702,6.544632240873542,1,0.0721237208255748
baseline,0.16339898194630928,9.777196748218733,6,0.1235339002995444
baseline,0.37764241467496046,13.578303120422824,1,0.5442007304209344
baseline,0.2565003485460848,2.9615390603329157,2,0.22785470217731957
baseline,0.24865841679332434,7.990733646462708,2,0.4249790420192881
baseline,0.12403810438894666,5.051020694019529,2,0.4684607940769147
baseline,0.25892092015030443,2.688609897868549,0,0.23785061019135767
baseline,0.20666961656102098,6.925636757223539,3,0.5082242779112467
baseline,0.2715380683627954,7.8064121145777525,2,0.5376571413963521
baseline,0.2682892653257358,1.5952480182391113,0,0.1952002351317733
baseline,0.3053921314214016,9.880111325675388,0,0.44567692196391095
baseline,0.46473232522496,10.885874330214154,3,0.15532024557682061
baseline,0.19353029871584426,7.303258957875263,4,0.67276497598552
baseline,0.29445055328075465,11.509148952226798,3,0.02479426827335791
baseline,0.24649065482523355,3.1667599589511637,5,0.10491663680424611
baseline,0.2734589960145617,4.866773792632069,1,0.21377570331571322
baseline,0.3197113888464131,10.455010532913958,3,0.024143901397388454
baseline,0.39165949105584574,4.274129329729039,2,0.11014071165573286
baseline,0.31504076410770737,3.9510155252418926,1,0.726200386401925
baseline,0.32611939700521697,5.738316934445661,1,0.43909410913248986
baseline,0.3709325477833148,9.558988897573107,0,0.2532423171505619
baseline,0.32046792198354046,10.22073714496901,1,0.19543516850170398
baseline,0.2637184704657433,11.717675229206392,4,0.6441002036559049
baseline,0.30564443480347714,9.130204559454011,1,0.5500099105977431
baseline,0.3200932757487034,1.6604846509852873,1,0.20301894455885558
baseline,0.15055161912034493,11.35826725349107,3,0.3309127047649637
baseline,0.3841972726575758,12.981609973997447,0,0.5827891754780743
baseline,0.3259554849185457,6.248464075096487,0,0.6164218006608773
baseline,0.37923556564288385,6.869065452080321,2,0.16269323203413125
baseline,0.33169099258392304,8.389572325871423,2,0.1759280138217246
baseline,0.1883323453168378,10.464056817580369,6,0.16438424016568517
baseline,0.24511477272812554,9.037742132201432,1,0.050583839342220244
baseline,0.30897499527025435,6.244088381272755,1,0.36089963774112965
baseline,0.1901498894974682,8.210044077645406,2,0.14760007510533293
baseline,0.4272705027555995,9.002586932212374,3,0.12421223072343131
baseline,0.19272063143947785,12.241426367945692,1,0.19160174015848536
baseline,0.47178344090681745,7.912399433208478,1,0.4506633114051921
baseline,0.3387800450210248,0.14015258742368264,2,0.30524963537838706
baseline,0.3664887125074119,0.08454020042800714,1,0.3757933957664921
baseline,0.19454419352682809,8.520718303386376,2,0.06580365917649131
baseline,0.2827545011654987,4.121304994166222,0,0.28470704648778866
baseline,0.2753584441064452,8.903315062072759,2,0.43750657359016787
baseline,0.44777264331627964,7.365591235762279,0,0.04572395659622851
baseline,0.50768743306375,10.659770295328716,2,0.12514041166050544
baseline,0.4907790406731698,7.617610783131112,0,0.17871985215802924
baseline,0.07599613983853659,8.970940576755343,2,0.30071238508948617
baseline,0.32024894164730905,7.401269039045862,1,0.13918551249110575
baseline,0.19237880807642288,7.24892018070759,2,0.13121441943720705
baseline,0.3085356320730393,3.104268442168787,3,0.43278408693512155
baseline,0.27334925956461814,12.190213435015766,3,0.1761589235999326
baseline,0.15539745713633094,8.382432127318733,1,0.03432438138845698
baseline,0.20033828085475608,7.619527368562689,2,0.23745159544521852
baseline,0.3787704968855593,11.568262704966951,3,0.8056198377293209
baseline,0.3025777074075867,1.5387318975587014,3,0.5143471940337497
baseline,0.2549860323429846,7.919065082703158,2,0.08200366112358078
baseline,0.3266473661285919,6.142694088654363,3,0.13158824938189595
baseline,0.21185590914976615,13.140388909852494,2,0.23383574940635513
baseline,0.3756946082607378,7.316696060358277,2,0.4022961059816936
baseline,0.2803772326517229,10.672201027064563,0,0.18092437852773277
baseline,0.41846110435416023,4.028789200001602,2,0.6276682335137871
baseline,0.12222286751357092,9.714386720896464,1,0.14168702455916582
baseline,0.34842918493307506,9.405929847326213,0,0.11461266454951954
baseline,0.2743096435557762,13.88990013093327,1,0.5085617649440574
baseline,0.18193305564531498,13.21469689536675,2,0.2828952392432687
baseline,0.2201287240794889,6.161612722207163,0,0.3557469116702289
baseline,0.32112323320914277,12.78444871783968,1,0.027021415398147973
baseline,0.37345635446497416,8.05235412936245,0,0.2131023917557816
baseline,0.2728748167612785,12.186746772354846,1,0.06221520235103907
baseline,0.29683115637661667,8.472134010729695,2,0.23489309090073246
baseline,0.26827011412066626,8.327089686327273,1,0.138704458794778
baseline,0.26478663551629,8.62511870242652,2,0.26760379108662824
baseline,0.5001472802069176,9.209887197643075,2,0.3388310984061961
baseline,0.3844777143452436,9.435161105223969,2,0.20309765015021317
baseline,0.4665281566112469,9.666112844399173,0,0.16648080618767114
baseline,0.2765253055681764,14.258843636709708,3,0.18449839426805104
baseline,0.35412660609143776,10.68642355946883,2,0.6005601572194155
baseline,0.30299355119124266,7.644250398670543,2,0.3691302644968661
baseline,0.4164233390738893,8.291901097988802,1,0.4949895095407288
baseline,0.34053355385397593,11.795517440534232,0,0.14848779052411232
baseline,0.4713623589051034,12.109091988197154,2,0.602855470685001
baseline,0.33285097686234216,2.127180841622801,2,0.20599316324649924
baseline,0.27813588907869197,10.968703708484112,4,0.5849441390676886
baseline,0.2195509314165432,10.451996786424493,2,0.22577092292407908
baseline,0.2568663432917332,8.293393364749317,2,0.4244369378494995
baseline,0.38796439417393397,6.716408591013202,3,0.7330343746829316
baseline,0.2653449403670743,16.21174821441204,2,0.20755239209223403
baseline,0.32126724549110636,10.259718162093293,0,0.08537919698414494
baseline,0.3885272497997779,14.199616523943272,1,0.36128798045661337
baseline,0.434636516662834,3.310236631827051,1,0.31262381699910885
baseline,0.20759799748768204,5.691268573723127,2,0.47449391860588463
baseline,0.2852304539785366,9.9899960936034,3,0.42349712184724503
baseline,0.19056252021576542,10.322492121372546,2,0.3532044061350571
baseline,0.3258989133973768,8.471510309788233,1,0.28958045585471914
baseline,0.3038233604903417,6.899807410345155,2,0.4698016316335197
baseline,0.32747703236070275,6.635759243070671,0,0.11523496967227154
baseline,0.18617249734577251,7.54649423415391,1,0.12848125324915197
baseline,0.2649251220312909,6.8351958135613415,1,0.2757493608965109
baseline,0.14358010712154862,2.1256525391852783,0,0.38369072088418066
baseline,0.36697941782917914,1.4348579412032656,2,0.1631918968651065
baseline,0.25718824029074455,7.130887789785777,2,0.4100339356152909
baseline,0.24241432051506,8.182396582090771,3,0.32360000448223225
baseline,0.33334362095131176,10.656250687690068,1,0.38248023010182997
baseline,0.37068976379653823,11.53293319685568,3,0.2579843709233057
baseline,0.25308198920662855,12.438778305083613,1,0.44701692351388916
baseline,0.30746893873423203,5.395257911486963,0,0.2940462241230057
baseline,0.331197886034933,8.682084634149566,3,0.3079131896063822
baseline,0.27454670073491894,11.203221751037105,3,0.3328366848152023
baseline,0.21255472751199356,7.607908785543175,2,0.07092909987173053
baseline,0.23533930293011834,10.030709333029801,1,0.39519784613686937
baseline,0.3739897048442155,12.190309366150316,4,0.508269492273943
baseline,0.32102538882593545,7.023075536499182,2,0.1708798130043421
baseline,0.19162349534664025,3.8975748557053462,4,0.23310179453321372
baseline,0.25331524790892773,4.476671234445927,4,0.14644805415731169
baseline,0.36516942925072876,3.887853621135644,1,0.4360245786964672
baseline,0.3010712235844925,13.551656323431043,3,0.4397239080620385
baseline,0.22335982222694906,3.6206931670538207,4,0.3459446195301807
baseline,0.1865580290188789,7.015561118579924,1,0.5032728898549019
baseline,0.3158240470502027,10.05949156426367,0,0.3109169667834376
baseline,0.45901296694524873,5.066190622188018,2,0.257393050302946
baseline,0.2821996492216299,9.723279708470402,4,0.16319950675573341
baseline,0.2165885171483261,11.306444566671093,0,0.23348761309846763
baseline,0.21363197347391027,6.8968742041541065,1,0.09629879122527045
baseline,0.3926120399887447,8.406780169776553,2,0.1892754964383003
baseline,0.1072457417773825,12.863591845750552,1,0.3581565620660969
baseline,0.24803083482094973,8.583913674807354,2,0.25886860411433643
baseline,0.28730149688764034,9.54866657464697,2,0.45073749492552717
baseline,0.23495895015414947,9.454787330810023,1,0.2999780458030873
baseline,0.4919282532919017,6.648367588184293,0,0.5825766851583524
baseline,0.31477986089976023,10.094613125370927,4,0.08796787316258146
baseline,0.30860742009282965,10.239053267454572,1,0.591166695487603
baseline,0.3940944392619449,8.312932924512037,2,0.474860398320843
baseline,0.29035607142943415,4.27666030839605,4,0.06964830868963333
baseline,0.13201121866519216,7.012170556751575,2,0.1139896646764971
baseline,0.3181347570231354,8.887501944451557,6,0.24315597869304692
baseline,0.24815684175980812,13.232925543648161,1,0.12033641637803437
baseline,0.23962775697696498,6.312321510610337,3,0.09761143200534247
baseline,0.41460232264050567,4.570822733796961,1,0.5137177616929085
baseline,0.21179168640633778,6.323404820537581,2,0.23256521927751253
baseline,0.2980715890991824,8.964899783718568,3,0.19440030343151404
baseline,0.2954472224291851,5.765010068658443,3,0.15558780485218593
baseline,0.3241342459268081,17.335045993958744,0,0.13372554820370686
baseline,0.49374510365839497,9.769162742623163,1,0.22133880899184977
baseline,0.21084588883145017,10.61308628164396,1,0.16500212200282047
baseline,0.29064346223197995,4.064535653051249,2,0.07661667717223321
baseline,0.40107069909538284,5.863467743595633,3,0.347615206648983
baseline,0.30076360265807084,8.138231617127518,2,0.1273825043145429
baseline,0.22724972905607416,5.882154682276724,2,0.4063358161041191
baseline,0.2510261064407685,9.81607002280638,2,0.5226102012058118
baseline,0.40612092745222184,3.675828061740944,1,0.12391452044161384
baseline,0.17493463058089567,5.958307953056885,2,0.2776623493089084
baseline,0.460111866172189,2.163367796860948,1,0.173257816846488
baseline,0.47027142204097744,11.65952202311875,3,0.3054995385666743
baseline,0.3071317768276287,10.743513353329385,3,0.15826749824090577
baseline,0.3345356090061717,5.38590289111105,2,0.14623214537637924
baseline,0.3427204428257339,11.910905782261427,3,0.17271872838832866
baseline,0.2675297909040279,6.187974295624434,1,0.21421407960815386
baseline,0.33229567423929485,6.439854589072954,2,0.11796058400990413
baseline,0.09934062687459583,11.577424985560295,2,0.5369027393771899
baseline,0.1390225173540522,12.12275695700761,3,0.25520855170748874
baseline,0.2098557305752966,15.744452512792018,1,0.4646886074796262
baseline,0.22932955881903178,10.432854202186526,0,0.5810958691594763
baseline,0.3445816525341423,0.0,1,0.16220517648998953
baseline,0.31568173483453343,10.880902883471803,1,0.3167685158017848
baseline,0.3723483763499141,9.674417152686265,2,0.16324153450046397
baseline,0.2968465054179711,10.001017633521265,2,0.055271939894400955
baseline,0.297922900201704,10.14044868929338,4,0.44701206394418674
baseline,0.3404732171508008,9.415789290651512,1,0.14161706766382828
baseline,0.21905977108400554,5.60972145484063,1,0.4145114694892111
baseline,0.21183567719170743,7.3250094429546895,3,0.5215896831897626
baseline,0.23806341382640747,10.45735650010215,4,0.12662350579519357
baseline,0.1630173600743052,10.67463447781466,1,0.027314092191914024
baseline,0.24613955847050492,2.5255015762573487,4,0.3705277534725948
baseline,0.27280915709534653,0.47975154447080826,2,0.7184671415720145
baseline,0.19605477038581415,7.127512267668788,2,0.08592152928666168
baseline,0.21297787628619005,6.511699047003692,5,0.40131918428666563
baseline,0.23763552971898597,5.201108731398945,1,0.21959696715462604
baseline,0.4003366121563636,12.032376765081889,3,0.13952671540768635
baseline,0.42126509393856576,8.689439882376506,3,0.6109235226042674
baseline,0.21781063941188694,10.326617156795649,1,0.2586666348787695
baseline,0.39643015862983116,6.622306346224044,3,0.11955476171125046
baseline,0.2885304857139087,5.4797397075275915,2,0.09359232958792096
baseline,0.19736534839721098,0.43647804300737825,4,0.3699415616433271
baseline,0.2706439477033532,3.883354763594145,1,0.11526725523030913
baseline,0.2262440040000981,8.288517609705993,2,0.25438187284852765
baseline,0.2217362478752754,9.578820638957067,3,0.11692485832437742
baseline,0.16113970534048216,11.573941517120021,5,0.5550597659060613
baseline,0.3048942143587928,5.530919688912488,4,0.03583971309243921
baseline,0.1438786166833598,4.2553536227775,3,0.36814699233343623
baseline,0.22848892886884742,11.025116809567452,3,0.10463738131837122
baseline,0.3403113936929366,11.696402949974381,3,0.1829817065831088
baseline,0.4551846818165174,2.463894500250076,2,0.12745350644867393
baseline,0.2770257769357696,2.1641532441089,0,0.3372844856931966
baseline,0.29747471732606184,3.003397159471435,0,0.44677911597918585
baseline,0.35767473408064243,5.21832998910625,1,0.1980498070502431
baseline,0.2714798735217061,9.82739946157111,0,0.12173476055415616
baseline,0.4108317491658907,7.218620500564835,1,0.4464983326834365
baseline,0.07227527973334683,8.742964843397038,0,0.2164031888684265
baseline,0.31749563362257266,5.341808356298988,3,0.4807038174024796
baseline,0.2046552290923881,12.170583614112697,2,0.4130393247345862
baseline,0.2991600795785633,5.729211963543464,5,0.08076679267152223
baseline,0.4069684051747884,10.18747850468737,0,0.16493065887171754
baseline,0.2876961476002392,6.077698387313532,0,0.2403910485166977
baseline,0.24318979127061796,6.809226735086769,4,0.09130195197695601
baseline,0.29216572042343486,9.498177964832221,3,0.18407994319678314
baseline,0.24101260037358002,7.292976162117654,3,0.6465612321600309
baseline,0.2914688686489988,13.56549353880463,3,0.16821419008176766
baseline,0.2458911543565997,3.83246785473575,4,0.46710882693104444
baseline,0.2110369211846107,6.6744163776532375,3,0.7842697672372843
baseline,0.15173119511468383,4.265240009321069,2,0.024526874240572274
baseline,0.33620917236335024,12.093287700125904,0,0.3040182133479769
baseline,0.2505098771287694,13.104854772705401,1,0.18635071320083307
baseline,0.15855223457080422,8.755572185491513,1,0.49253625171725884
baseline,0.1649419104973154,4.697490129762983,2,0.3482426294405129
baseline,0.28594326772116885,11.317629577930383,0,0.35067815966243215
baseline,0.19643315003167844,10.629679804815943,1,0.2715273856936349
baseline,0.29590791428735486,1.7645148240433874,0,0.2996345652347704
baseline,0.38152476615331493,7.509474379909456,1,0.5664932422120363
baseline,0.577184357998598,8.336878518699773,1,0.2915032511995769
baseline,0.3120989154394203,6.599215252907294,3,0.22591965844168843
baseline,0.4275969163781714,9.298405086140098,4,0.24620281565295182
baseline,0.13410733508930553,10.14502428709305,5,0.15985113675097495
baseline,0.2197975073619843,11.683279308313514,1,0.19107926721301127
baseline,0.29767071980417065,12.536325173741032,0,0.1563312998055681
baseline,0.3220179776764843,6.0339433530541395,4,0.2835011591943977
baseline,0.13510833862378643,3.430526214038478,4,0.03417189801745903
baseline,0.37775788769654156,10.572764738590093,1,0.20721452392314918
baseline,0.33300331179153553,3.5482565928351217,2,0.17987772905058327
baseline,0.3147075002817752,12.010580644815157,1,0.41028651718727527
baseline,0.32545395320597226,9.30087972033662,3,0.3403634132192952
baseline,0.23388469589658056,10.950589765895518,2,0.31687025117725437
baseline,0.374148105351319,10.750088369287338,1,0.29932176446489184
baseline,0.29994898152249355,11.52882164842664,0,0.18262356356177603
baseline,0.24901978423401874,9.801039756043318,2,0.1520339260889728
baseline,0.33208164661739714,11.33460395543145,0,0.1839255553232877
baseline,0.18299839406665588,5.653207918448493,2,0.20353193965174624
baseline,0.24279786495845002,4.232498650111856,1,0.5236579664750681
baseline,0.24168906404401236,8.120383637852433,1,0.36630889729392035
baseline,0.30278453190226134,9.627570122506613,1,0.31597261296047874
baseline,0.24877976622832082,1.8277940730691764,1,0.39497218054123934
baseline,0.3009815296911745,6.072664264338826,4,0.3260432787554347
baseline,0.15667288670275845,7.785953307059382,0,0.3000157073273266
baseline,0.16877190089814323,8.627451631193615,3,0.23397443485471497
baseline,0.32457505399347675,9.678667976320837,0,0.4538690571799266
baseline,0.27936614437309576,5.65178126536895,3,0.15862126123671802
baseline,0.21257269306222448,11.210437986881091,3,0.27592911190300573
baseline,0.30828292306913563,8.570626132569299,1,0.6145336639781468
baseline,0.3139557929921906,8.032088743502948,0,0.3136652544318743
baseline,0.3777475821402876,0.6590522731716177,1,0.06275860320388436
baseline,0.32483450812674003,7.4509721612000614,3,0.4050448521189985
baseline,0.21638752331115407,6.868793582276469,5,0.12343439382388662
baseline,0.29222819510746745,12.048420666386402,2,0.20075648261666718
baseline,0.3849219680047332,7.678203422428949,2,0.1279533795422978
baseline,0.34172018750989985,5.639764402474786,2,0.4182870660019033
baseline,0.2291154849531824,9.182288390384834,4,0.28151675130428755
baseline,0.39846911503624766,7.968321150901476,1,0.4087929615504289
baseline,0.22107939510790114,10.65039539726003,1,0.14959477104294988
baseline,0.2695402538314471,7.125877251509587,0,0.2732662342521262
baseline,0.11877614925614116,11.454871476667277,1,0.270817297705238
baseline,0.2949286295275415,4.01852637924504,1,0.09057487234609407
baseline,0.3164775878615026,9.74326198712851,1,0.22978938067757565
baseline,0.26727701544487364,9.881811514631861,2,0.4157946600566652
baseline,0.285920138237438,7.433374130972922,1,0.11716592444319684
baseline,0.21976245048628948,12.951396261835352,1,0.052798503419744444
baseline,0.33467356152071526,11.204115544262425,0,0.2572531375938194
baseline,0.23782545604024713,10.92410995810961,3,0.3653057732593523
baseline,0.34051188400652427,6.363815424191559,2,0.2937524072200331
baseline,0.3269548367231757,7.5491285076396455,2,0.061593237455822264
baseline,0.29597855212691876,13.571029294181471,0,0.4743618155658807
baseline,0.3193482608572722,6.8752594770649,3,0.4261097065107722
baseline,0.3172118521156993,6.009827209834167,3,0.5133061650451413
baseline,0.2761596212658672,8.874881189808608,3,0.13885649120726304
baseline,0.15132012590694308,8.759459497903691,4,0.039238069728856434
baseline,0.4441368401046544,10.603491063556957,2,0.27095389825439387
baseline,0.5049914952906065,11.285212611487118,1,0.3736135264163934
baseline,0.3205559280963147,14.94056421613661,1,0.20395426953298382
baseline,0.22658796718626772,5.919175944278952,2,0.42496488968964874
baseline,0.31954577727212324,10.577095164088313,1,0.11751535388124931
baseline,0.1725409746081907,8.577446070261527,2,0.09353098949834049
baseline,0.3501634343673042,11.812840873428112,2,0.509956710828665
baseline,0.4507080554519658,5.063058283274052,2,0.3597775085074928
baseline,0.3455289685155339,7.067534082189175,3,0.42064164018196626
baseline,0.35063225293488504,6.32849724961531,0,0.4157190314198005
baseline,0.11868698748525158,6.530481044756724,2,0.07329470116958907
baseline,0.2695998408273577,6.894186785048937,2,0.5880418688912724
baseline,0.18102739871921028,5.787562951627743,2,0.2790229324777803
baseline,0.45789046880294737,11.599214499823617,2,0.06859145750602763
baseline,0.2931051072222865,13.661520903468489,0,0.18644056024617703
baseline,0.2735217219525118,14.535278702493414,1,0.5131716411158921
baseline,0.353456388049734,13.014095403411126,3,0.44074703654433006
baseline,0.40257233578311286,6.543948184191434,2,0.6147220131447503
baseline,0.363415749630415,10.8560996338983,2,0.31726441265900934
baseline,0.23620477694072783,10.441656580542801,0,0.22144939751548998
baseline,0.3391271859142756,9.245135316924403,3,0.3986650191414706
baseline,0.3563501326677545,8.687528654944622,4,0.3109048098776903
baseline,0.27771280293319345,11.768017171798542,3,0.7702965514601517
baseline,0.37289320408981863,9.59783021309843,3,0.22882015301050193
baseline,0.23815567618764932,7.468998952709747,2,0.09671576079168633
baseline,0.36034503664702466,4.452807397701687,0,0.2344461966560421
baseline,0.4143077461831051,5.992130021784442,1,0.4948182551866675
baseline,0.349650334665736,10.77091544003071,4,0.09525845671020267
baseline,0.22629629174645344,10.065639672103414,3,0.21813002238307097
baseline,0.35426303805713677,3.063513504376367,3,0.2966673619455893
baseline,0.3907964225262334,7.727244969648942,2,0.21582161916040518
baseline,0.3780195588603462,7.1311464358700976,3,0.26999218919906237
baseline,0.22402267607750304,8.143179021984919,1,0.08769629251478406
baseline,0.3082125219196946,8.769257966944876,1,0.20471369296903094
baseline,0.31922353132842785,4.798613099482844,3,0.07522188666105384
baseline,0.6016109835407171,11.164997927454909,1,0.15373742822959222
baseline,0.37920688885913795,7.618377357020558,2,0.09254535698352936
baseline,0.29261194264423973,12.131426654909761,1,0.21105950490117345
baseline,0.42525493982908547,8.694754061933956,0,0.24197060119534552
baseline,0.29442924815541976,9.136861205620916,3,0.585627239617104
baseline,0.3151307596440125,8.929158634920798,3,0.3815955132477955
baseline,0.46931369786521,7.686697052742285,4,0.2301042526703998
baseline,0.4380627878910467,14.176529503725842,1,0.18861735169494082
baseline,0.3469078679965001,7.896267582561243,2,0.19571335862447994
baseline,0.24584021383203256,12.333757536319172,1,0.3551292316519511
baseline,0.033860057928668585,8.662474004031194,0,0.3112328678734733
baseline,0.32773082489835764,4.9901447012257485,2,0.6007199998801415
baseline,0.22633761033372152,6.546556809309861,1,0.09108744477945789
baseline,0.417702356538199,9.664597197546046,0,0.22228089000619097
baseline,0.42461763059001767,11.837343901753338,1,0.4965110746114037
baseline,0.19492568725893222,3.7364029130858087,3,0.508668084022443
baseline,0.1912209642603438,9.352789454104979,3,0.07298013214493998
baseline,0.27374111116143013,7.394952182012208,1,0.275793184588444
baseline,0.3241084016840984,4.75293256091391,3,0.4495975235098993
baseline,0.4022897185750932,8.460022896188308,4,0.08573148472410601
baseline,0.18755574232104755,7.538841313802979,0,0.22582733325339815
baseline,0.10911169400106821,3.255699834986986,0,0.5477258968633544
baseline,0.27839735267964316,9.92912817245461,3,0.5501447542420694
baseline,0.25744543418288013,6.503686296333038,2,0.11593995018881492
baseline,0.2930425066348502,6.412858779451506,2,0.3034918416808686
baseline,0.4401865976576863,11.024101634119502,7,0.13518261467379775
baseline,0.253422687932887,10.70863052099293,3,0.039375060540878366
baseline,0.40054884940097757,3.7585032272358623,1,0.2660504674646002
baseline,0.28154428577855817,17.016720639451304,1,0.4428504027772027
baseline,0.3487691379285818,7.941877197163038,3,0.12226003674924957
baseline,0.3853006581752466,11.564330151845754,0,0.3758381002198671
baseline,0.29209448632137136,3.4362583823363,2,0.09889423790289034
baseline,0.14772488295228364,4.643529843718019,2,0.2832922456590499
baseline,0.20440434330880464,9.554514631010704,2,0.3910936715402961
baseline,0.28284777888889845,13.903121179954653,0,0.18829706606454322
baseline,0.15326072383268868,9.251142267453476,1,0.5580605589892524
baseline,0.16845176950495463,5.823409427071796,1,0.12226944479065137
baseline,0.24730397314930347,6.650903655412381,0,0.07504007570971992
baseline,0.20044680204640336,6.720310695890155,2,0.2772604555726845
baseline,0.3685487643454376,11.389068578967981,3,0.5277903715426425
baseline,0.3656657823757337,7.768387366912534,1,0.3190160203606277
baseline,0.05172090645944427,10.890576137236316,3,0.21519421821913282
baseline,0.35362436254771434,8.421883981693563,4,0.5211252432659047
baseline,0.22541556376346739,7.838896131323955,6,0.3246082143086918
baseline,0.27720416794802805,8.1700446190656,2,0.22814305494408646
baseline,0.43179936454988443,7.888577088908383,0,0.39517186602379734
baseline,0.31124825408311807,7.884837422065223,2,0.5580178984449369
baseline,0.27183432972535543,7.069334138850915,1,0.48341199222101905
baseline,0.21604023589766305,1.729320621045864,0,0.07384542353556582
baseline,0.3127143462093136,10.226307137894228,0,0.21713651220485283
baseline,0.35504225078441165,5.854953844144105,1,0.6629055025948246
baseline,0.38123203883368845,10.633531947886684,1,0.3184351305233499
baseline,0.25444348900271235,4.259235050848847,1,0.35570828562567175
baseline,0.4918801295478261,9.544856860884302,2,0.1934666584254252
baseline,0.29349470431647107,3.8847089396212144,4,0.21544041354856056
baseline,0.4789469577417824,10.14911673144736,1,0.14389359405728847
baseline,0.3140229554826188,10.319234470908821,4,0.14790362600089665
baseline,0.4693067189264201,0.8942682599892402,0,0.8142404929091347
baseline,0.46439462505975,2.146388175420393,1,0.47967478211110726
baseline,0.2288540859272163,7.937352603980371,1,0.342567930647543
baseline,0.2918083793249072,5.171598394453401,1,0.26212099321266896
baseline,0.29029026164952426,13.67589911612104,1,0.19447187947794659
baseline,0.3786696004540438,3.6416137152118564,2,0.1130173728550031
baseline,0.22257204679895504,7.821570449714368,1,0.42958707852671163
baseline,0.19586843715495394,8.249213856614787,2,0.29916742702819327
baseline,0.6025482944474763,11.18488830245958,2,0.4456179924548249
baseline,0.38174977709160807,2.7213287933725567,3,0.286752357654062
baseline,0.4248060226723425,9.068296706231099,3,0.25214800674999355
baseline,0.3308343634061505,10.994487988106965,3,0.4781714315834005
baseline,0.3457622388766565,11.058123094737551,2,0.24002559842107482
baseline,0.3864451162073287,8.742888345568556,2,0.3256323813342247
baseline,0.34197931515135677,7.70250847952588,2,0.25138426417594634
baseline,0.29132519611580776,7.472411505221158,2,0.21834601107745075
baseline,0.2838490131112622,11.608664280337438,2,0.23258445456209367
baseline,0.45084559449499034,9.425927643606236,0,0.11934207562922339
baseline,0.244724268545923,4.2518264876808995,2,0.5400706153669859
baseline,0.37807336535655134,8.591401471275383,0,0.46074673497717095
baseline,0.3213557814348933,9.504471450574265,3,0.17478746371424697
baseline,0.28969066217651657,6.7453822701506105,1,0.148923004645874
baseline,0.39478395098960445,4.521098977229021,2,0.593589830074088
baseline,0.2690883120297091,10.256934088530086,4,0.1276194071975083
baseline,0.10273472452715807,1.3703304718055183,1,0.13273858842137617
baseline,0.3957689014299437,4.367888492273635,2,0.40754419380359247
baseline,0.32672980650284983,0.9621378054330698,0,0.1975186857051164
baseline,0.3462936465369039,5.86212095985753,4,0.13889079519052616
baseline,0.41851285480226075,13.041329951639543,2,0.07893242343830617
baseline,0.2986900308926636,3.291750842261873,3,0.041791603362297765
baseline,0.43504390049743813,9.21341694541351,1,0.11608481640554505
baseline,0.28187527648805777,8.667158287235948,3,0.17385012311495524
baseline,0.5239588700253514,5.855684363233612,1,0.35024961465735477
baseline,0.18631599425455347,4.635199033769492,2,0.3922637788716421
baseline,0.30150959959004026,9.890412447887755,1,0.10818676526574401
baseline,0.2735390404822553,0.6910988186855054,1,0.4400831401218779
baseline,0.17626087393654635,9.630358381709375,2,0.14197766773876982
baseline,0.20110696618522456,7.295410612287342,0,0.45440426935479655
baseline,0.2981129974584065,11.830416163717128,1,0.15472275382877065
baseline,0.12430909109340174,0.2772409490784007,1,0.03947885021771731
baseline,0.29197208093657917,11.740550611069999,2,0.47978006333796325
baseline,0.36699851749359375,7.302075739837305,4,0.24850377337606686
baseline,0.18121919410201753,6.368663215113572,1,0.12045231599275438
baseline,0.21232128516243948,4.133295396219138,2,0.21518447020492643
baseline,0.14607117299405878,11.905749583252803,1,0.164769164991821
baseline,0.242505077646494,6.6313421664706205,7,0.4355644905033246
baseline,0.2706583847225143,9.307276671061635,0,0.1422067111208685
baseline,0.2070639221995667,8.251603949366446,2,0.19535858381360735
baseline,0.21601194148908354,5.621228174232047,3,0.19270092555008303
baseline,0.30360727776282315,10.952433740005844,3,0.5415356411797718
baseline,0.32432874524959604,11.999299939579004,1,0.5828876251415074
baseline,0.16941852626332868,9.343158062825639,2,0.4302909886876994
baseline,0.23641479530320075,6.982035942155928,3,0.22592510835929863
baseline,0.21788204171877007,13.365503860631868,3,0.2191012327167251
baseline,0.12856314880756176,4.1745919973398475,0,0.3413257589256834
baseline,0.2823099878192726,5.895411922606334,3,0.3195992996375924
baseline,0.32947388478326156,6.329722287584394,2,0.14252539335050987
baseline,0.3117330203488058,12.799803424982542,2,0.3824816099642669
baseline,0.20203905551339293,8.055612337127018,4,0.24497165868395324
baseline,0.3962760999791682,6.2010740282529095,0,0.24948705747567174
baseline,0.37052342716866216,7.41004978516103,2,0.2740352829376295
baseline,0.21977324018263877,8.88170651798145,4,0.3963122347310249
baseline,0.2561842360762261,5.650368067220384,2,0.1371497983880505
baseline,0.3754027211486262,10.1023449422109,3,0.33156812768362687
baseline,0.24068700643100077,5.8863525152968705,2,0.23127965652631516
baseline,0.40162413744767755,7.163258732615661,3,0.24527714577807816
baseline,0.4399413455334635,6.967916376597605,3,0.053578606795546796
baseline,0.283797020340547,6.9663478319386165,3,0.1459519989445952
baseline,0.2963911305183642,10.226904917313545,2,0.26403786483580993
baseline,0.2948800371434866,10.514783068436092,0,0.386132103769642
baseline,0.42101040796032646,7.422929300093844,3,0.21012656411523983
baseline,0.3767828781046398,8.600590299880734,1,0.2427243903600681
baseline,0.1921062293003531,7.778699496675997,2,0.6352733982900478
baseline,0.15857070365463447,8.842953925397344,3,0.10732902430659833
baseline,0.2301781615856062,6.697257389998021,1,0.2552125356769222
baseline,0.25895375659816877,10.319353108989503,4,0.4210093420738191
baseline,0.1926041504346404,7.200108500083983,1,0.37529627814891386
baseline,0.37827885170689846,10.192866871217298,1,0.3461525781247185
baseline,0.30035226416250815,7.046743959824215,3,0.2819225723742034
baseline,0.38160746555766156,10.084544413665437,1,0.14878953689125116
baseline,0.39094141090443224,7.887816251393744,2,0.22662787720084884
baseline,0.204086213278537,6.648192129407208,2,0.5664606700358189
baseline,0.4925536349680947,7.481567300449339,4,0.3641041083503476
baseline,0.45174038083365603,7.247086153225687,2,0.03475369591788411
baseline,0.27309151569437085,10.613589616503738,2,0.1914909907555613
baseline,0.20860934178400953,6.84560889824751,2,0.16269049969132254
baseline,0.21225780297124147,9.887792701852533,1,0.22919262340939933
baseline,0.34403636851389857,9.204333188301058,1,0.3283895569833968
baseline,0.2395874784786187,13.605788813166807,3,0.1881558137187406
baseline,0.32194891999634245,5.657539000884643,1,0.5915093700229449
baseline,0.46840931451524515,10.16722256790726,1,0.22811805696484347
baseline,0.2844633548689119,9.069923126785719,3,0.18760887578026572
baseline,0.2578091099038798,9.792797294523226,0,0.7240809578421363
baseline,0.33439990100483147,4.258043313536775,6,0.4032358432352213
baseline,0.3224263963293884,4.158142203451709,1,0.25470433488972366
baseline,0.19121371325059758,6.690237128494324,3,0.48111613860200336
baseline,0.11643177623581141,10.489336278852583,2,0.23528707511385047
baseline,0.2717656058510431,7.463233274547436,1,0.33387940261901683
baseline,0.24915317947251614,5.75792407017781,1,0.15199124387860233
baseline,0.24105918343953633,9.482963725592723,3,0.36510515101505153
baseline,0.2938883245138168,0.9267290036468534,4,0.09797978137164162
baseline,0.33633165390534087,12.653247047200253,2,0.4701730059265266
baseline,0.2069243697816806,7.426043856810393,2,0.7103516534846225
baseline,0.36364894253193497,6.8764981865617525,2,0.03451491205074981
baseline,0.20747864749379588,8.11340427615364,1,0.29411867607829867
baseline,0.2746515452497968,7.51656301712134,1,0.27044790442780436
baseline,0.3120838204970915,7.533960799180406,1,0.09838401097219052
baseline,0.3651643783970942,9.63183541720538,1,0.20620784781213117
baseline,0.4152162497763124,14.477468757394547,4,0.09237695855188333
baseline,0.3356676849646758,14.630578212099039,0,0.2973556126064605
baseline,0.28746398348369645,5.299083699207818,1,0.34967286726084923
baseline,0.33393556240357675,5.414180783911411,0,0.1444693367090789
baseline,0.3321404721622407,5.470816126063678,2,0.30611228445806654
baseline,0.22944933561299144,9.825936864540077,1,0.07671525653085896
baseline,0.2940469152588402,13.164632578564985,2,0.23537850360821097
baseline,0.26275767692572943,10.796317133169834,1,0.1928239592546971
baseline,0.32159469588139195,9.253899012042405,1,0.43377046674690295
baseline,0.12866148048361403,9.68716389851033,2,0.32083390562633574
baseline,0.15324032261674134,6.805746787703242,4,0.41238598764020645
baseline,0.07591671888880647,10.091771843586434,0,0.15395565278920273
baseline,0.3722458787526282,7.023349065734245,1,0.15995886831608733
baseline,0.2526555728682332,11.58428004932554,3,0.25973539614382307
baseline,0.2919338352149232,4.751709903644441,2,0.19860165517470035
baseline,0.10109560796578149,0.38026755438391646,0,0.28726898870598894
baseline,0.3474330397168797,9.949959568672693,1,0.04608585746462366
baseline,0.31687405957155934,9.997556214265055,3,0.05382709867655155
baseline,0.4256945333254135,11.237289169838544,2,0.20199413465312185
baseline,0.4435552086321878,8.041670728841558,3,0.21735470076250152
baseline,0.3339539429643538,4.570479432883842,0,0.0675415202712999
baseline,0.30672123059843587,14.08427604161294,2,0.5174320463264716
baseline,0.3270695746358859,7.00977175163246,1,0.41070495885169495
baseline,0.28522786940111694,6.528977580059532,2,0.489298470507823
baseline,0.2660866127290431,7.51651473168492,1,0.4619106318642413
baseline,0.29415456820871166,9.463796797206061,1,0.211560876122004
baseline,0.3152979882180639,6.21431699351917,2,0.12071176641302152
baseline,0.2184991174239827,9.744961117920212,3,0.3721709787299859
baseline,0.26212055662634975,5.900404963952026,2,0.08257196226106191
baseline,0.4783331146646332,9.552270067046805,0,0.23840923230066324
baseline,0.24316201997795367,5.489836992031666,2,0.04509780202470702
baseline,0.2535586468424474,9.783091136483213,3,0.8408320334071664
baseline,0.33855942491667995,7.635916323247931,2,0.49596018539923165
baseline,0.20311370586264058,8.334054931521502,0,0.10711445108356021
baseline,0.25542084922724406,4.297887436856427,3,0.04882493153301555
baseline,0.14923623839867334,8.852278701276457,0,0.39560387660734025
baseline,0.2857684986990625,5.76957445546441,3,0.26654434714795994
baseline,0.19980569319708885,8.005402725691342,6,0.15506461876612201
baseline,0.08818326337265686,12.660091377080787,1,0.43394519330338177
baseline,0.33127902514186514,10.865453179096125,0,0.11224658573117252
baseline,0.36598696680968407,9.425474749194233,2,0.5478222413600842
baseline,0.27040432241189344,8.065658954078609,2,0.03583914596073204
baseline,0.47733192931459734,9.491479109523473,1,0.4746283819994367
baseline,0.12289795518785263,12.397130362464209,6,0.20285212222715246
baseline,0.13825101093293812,2.5082471624895932,0,0.12250226870021527
baseline,0.3007532537196204,13.34096843610056,2,0.29222124302263996
baseline,0.38654523823408826,8.39269194926582,3,0.5558443888930509
baseline,0.2788323257505375,11.303330317082846,1,0.28929405451272255
baseline,0.24927641731872885,7.883804984969496,2,0.6256314352093886
baseline,0.18494126642394532,6.417507635368305,1,0.513285772731584
baseline,0.4760272392628726,4.5914641280404185,3,0.043386550872704856
baseline,0.23530924241311563,7.618741891835003,3,0.38551469831733254
baseline,0.35677735227077123,0.0,5,0.2115909194284276
baseline,0.316111807834957,7.13738455870282,2,0.20122898639173786
baseline,0.1499183168324022,7.902172545841794,1,0.3762066675738674
baseline,0.377554938418891,9.56580934245022,3,0.2019461293977931
baseline,0.22813898970700994,8.094544334204988,3,0.16458108486507392
baseline,0.334314202832303,16.47020648660228,7,0.18382431132565386
baseline,0.34662917029969326,8.321674098464163,2,0.19513648027708952
baseline,0.27439594726960415,9.932739010712886,4,0.13580317664956845
baseline,0.4657257354346932,10.284398198259204,6,0.18717052223607286
baseline,0.4335749405991369,8.534508743438515,2,0.26232485892218654
baseline,0.287455825398997,9.842373570652093,0,0.15633475856337906
baseline,0.37899095660645027,7.7297278381386505,4,0.13710564405656256
baseline,0.4221654444611909,6.229731135238136,2,0.3208007058521252
baseline,0.47611102427754626,5.313765121891848,2,0.49416280889708036
baseline,0.2652985440153174,4.286731889181524,1,0.38336619581758785
baseline,0.5027735779360933,6.2508838483444364,2,0.12952147769730316
baseline,0.20587931603420984,7.683382260368832,2,0.356216277852754
baseline,0.17546751813250733,7.273609312382118,1,0.42085011135983696
baseline,0.36292224915937515,11.727165876364356,3,0.13520231763480547
baseline,0.19885301704052974,10.304300298537107,4,0.1652436819230803
baseline,0.46780887254138387,7.99784109145904,1,0.34159838081165805
baseline,0.10564158435855006,11.0817130895057,4,0.3649852378629743
baseline,0.29517468667033736,7.373070865621445,2,0.4365821604526188
baseline,0.3593810366754602,9.388274664453059,1,0.028276051763765495
baseline,0.12605128905438084,3.5662748191412215,1,0.09377584738600384
baseline,0.40107643247797586,4.7550583832116,3,0.11014348210634545
baseline,0.148047699521464,4.776445630689528,1,0.3426890744587776
baseline,0.32825921754721726,7.874078525343226,4,0.15826218474713302
baseline,0.3166825370839495,10.456604749448523,4,0.09064290861137535
baseline,0.3178707988145379,7.121283546622941,0,0.31829043027224657
baseline,0.37952259771822766,10.548321122173398,3,0.22873431868235222
baseline,0.37726137308129754,13.874051523861642,2,0.21078383314169552
baseline,0.2118158739274143,6.6595271894605075,2,0.31264697038110506
baseline,0.20039484504433341,9.359648872989531,3,0.030054692589503402
baseline,0.30404627993048505,11.236918334323544,1,0.16179618582347846
baseline,0.12627814272918564,10.53088935077773,2,0.3215552413127204
baseline,0.4280523948027547,7.979964088526388,0,0.3231189468337305
baseline,0.2758259717657288,9.860397099890548,1,0.13280160178323827
baseline,0.5310263473625889,5.990602117148191,2,0.13898400472093592
baseline,0.35172124782580333,2.4717537201819413,4,0.39078228192568926
baseline,0.23278594464019947,11.06790141621358,2,0.3764556104100345
baseline,0.19188412769695543,9.835549568744081,2,0.09818599585967948
baseline,0.424048770177538,8.847970245881374,1,0.050448129737237536
baseline,0.0,8.79302415380121,4,0.3375915077172144
baseline,0.24989928166239833,7.001323155856797,2,0.18749051209095605
baseline,0.507427385606444,7.176524395175137,0,0.28055901951763307
baseline,0.2877723912510568,13.026070142012564,0,0.181946003091022
baseline,0.3631160236354679,4.748371295591757,0,0.17931597439064093
baseline,0.2937434926630397,12.829967864121098,1,0.455968097996988
baseline,0.351024672474341,3.9095858523055913,2,0.28843434086358466
baseline,0.21156359358339683,8.577843185492144,0,0.20236981226220707
baseline,0.303278071371533,3.399157494004151,1,0.4709257373485819
baseline,0.4205714708229692,14.675560669121161,3,0.04746443430947563
baseline,0.2947621131135515,11.579243501130204,2,0.09149540957924378
baseline,0.3084808500735431,6.083193206403315,1,0.14152524950832046
baseline,0.41843205182805543,4.33461447560021,0,0.06676249986989685
baseline,0.4018219556992868,5.020454654239421,0,0.1278676583143437
baseline,0.3160304251421326,12.941592248220521,3,0.33625278829407546
baseline,0.21483391371547794,7.267877851118077,4,0.0657351434539935
baseline,0.18636211917104412,6.850586413581826,1,0.16096030222343186
baseline,0.31754073213759176,8.8699675606546,1,0.3372217974141834
baseline,0.2987151767380992,5.549760520856601,1,0.10954961274483842
baseline,0.4713233453801869,9.14309085377224,5,0.14804916767404172
baseline,0.6154036900057349,8.862741442520363,0,0.11990361868541406
baseline,0.4628712549322704,7.198099879896137,0,0.4280460579580573
baseline,0.24711331074892945,7.520704609108182,5,0.5376864570913203
baseline,0.2681483921838006,12.568055191799422,4,0.2447017331467057
baseline,0.13525346944508526,9.340600012392594,1,0.1507730842662415
baseline,0.32457244481511377,9.637162151931856,4,0.4123037511528011
baseline,0.32363440969790924,10.754581407205993,1,0.4580220942826513
baseline,0.3917894386312847,3.9217740404041024,1,0.09743955079170391
baseline,0.20203498298779404,4.533511105915944,1,0.14217079586453327
baseline,0.3273321685619364,6.680788712397985,4,0.22809507018717265
baseline,0.2962117537228671,7.419664559528749,2,0.06852932217848855
baseline,0.3955086727038357,4.852129824208542,1,0.1960907051270836
baseline,0.15154931468686078,11.415244409369727,5,0.1342508481352784
baseline,0.4278028294338202,10.162652505095199,6,0.508500913633235
baseline,0.29887830036348034,8.571149652123315,2,0.21851533393250358
baseline,0.29003159367499387,10.161793467718077,2,0.19314391646953777
baseline,0.17164715464603833,9.725371538864323,2,0.11504984880795856
baseline,0.2732996775952529,13.466099499003025,6,0.4159495710947306
baseline,0.32350623613878077,4.952954993900489,2,0.3432499356596991
baseline,0.26665795469832093,10.586498352674257,1,0.29540150852062474
baseline,0.31118896054483797,11.197691206291516,3,0.2116121137415795
baseline,0.17544495782855002,9.209163828195855,2,0.48625381064799217
baseline,0.2904745620290667,5.682998893996949,2,0.2909658973438162
baseline,0.1976753879899629,5.471945158167697,2,0.25769647123535155
baseline,0.10323526925481388,2.927651090374451,4,0.56880788592761
baseline,0.15132021393295805,7.339329055790576,3,0.06916891712926063
baseline,0.2626414996875628,5.895288480298541,2,0.21445253493484695
baseline,0.32860506998020206,13.673821445971994,0,0.15878999778294867
baseline,0.3002304597887252,11.211598277818613,1,0.1662567205825909
baseline,0.4303393800324953,6.405041812658457,6,0.40050957411826976
baseline,0.3272522860579645,10.640094449167634,3,0.5378437906422127
baseline,0.2999638281142985,3.094934843859127,1,0.4203989860821147
baseline,0.24260271795352834,8.568031361204422,1,0.2965695675466568
baseline,0.34795530658461865,5.610582073410562,1,0.3353399076895924
baseline,0.28631609957405035,7.587211725972169,0,0.5615505561383491
baseline,0.10425159444338689,10.554526467879286,3,0.11650811887469047
baseline,0.2879946873602166,9.786128894861026,1,0.13293365733639145
baseline,0.2914862319536631,4.159802391471343,2,0.2275299492274018
baseline,0.2814973728054791,2.3658427391501036,1,0.392013274534799
baseline,0.5726224621034237,10.241235920120685,3,0.27786014353616945
baseline,0.3581753466392518,10.243159013738856,2,0.19801695233213482
baseline,0.38103418491239277,12.11624711457923,2,0.4879271062030345
baseline,0.3598638674092544,10.455597994393646,1,0.22020232144876156
baseline,0.2501223373583671,6.340559104122574,4,0.0731053413957365
baseline,0.32114667885196896,9.758339546278979,6,0.5249489190790358
baseline,0.32313094211369636,6.192068547611404,2,0.22613086409764244
baseline,0.32558573234564825,10.073237767517204,0,0.18233361537963166
baseline,0.22294904015918282,8.301893029180452,4,0.4469967921432369
baseline,0.3300825562446396,10.699137549893438,1,0.3412993535175404
baseline,0.2635768960214826,4.1866375555986135,3,0.36964118283197456
baseline,0.17468686508724493,5.489441230320821,0,0.346154475142869
baseline,0.19187076574684084,8.526441233868225,0,0.16481864435102156
baseline,0.25387538377849633,7.814005175146087,3,0.4855108130664168
baseline,0.2871763228021761,8.5101840780697,1,0.2646625716759072
baseline,0.16264129580575581,10.268752162722016,2,0.347218019605242
baseline,0.13574128269094143,3.844685851232194,1,0.6662723383430118
baseline,0.19304847084372462,8.163275242836022,2,0.11658997128037693
baseline,0.23867376911421584,10.642260259830795,1,0.123872177902769
baseline,0.4469681617365019,3.538852238255344,6,0.30562458045463636
baseline,0.3420208443544006,9.224926365315664,3,0.1355070539789592
baseline,0.06556294613133382,7.999177095425183,4,0.35278724822751584
baseline,0.2389430099578976,10.484760707378598,3,0.21423941372234592
baseline,0.306602771754512,8.17492818194244,1,0.2599643529723309
baseline,0.3986296601499329,7.288274665397578,2,0.14461004695596547
baseline,0.2820471535458662,6.564044552471453,1,0.24853765194697214
baseline,0.4733287618530145,5.490892569918965,4,0.296947822497589
baseline,0.2225862412225774,5.062002271794666,1,0.21028332203200503
baseline,0.5032750509342045,7.902800692733364,1,0.2506718808726764
baseline,0.259427755292587,7.334319875143388,1,0.21444294764805125
baseline,0.28834528110074736,7.541061711535348,4,0.45853203568629075
baseline,0.3336718396857517,12.741717870211664,2,0.2534734221460413
baseline,0.24261627685623618,5.679633505789003,2,0.022147426222380435
baseline,0.1859240389574857,9.35887038521521,4,0.26850222019586306
baseline,0.33985451828309443,4.826996041269949,1,0.020638629957055198
baseline,0.3193321126240024,13.543048405541533,4,0.026308237078841903
baseline,0.45598909118420966,5.642304075129339,1,0.39195329279589264
baseline,0.3853180759776723,10.535566875560638,2,0.20270169930773155
baseline,0.23573201360328153,6.888423510124525,1,0.22908947870101098
baseline,0.35434346023567714,5.798472076276324,1,0.03067372563308486
baseline,0.215585453139137,15.613054562557753,2,0.6687113783985184
baseline,0.13076988036769227,8.705875476300479,3,0.1398987455450013
baseline,0.2698883991403753,13.089454103397433,2,0.2855195422702584
baseline,0.2340401342781367,9.599977309679101,1,0.34165682695262434
baseline,0.2217607537222005,7.112401288264822,2,0.30481328118506984
baseline,0.38755204229656404,6.807782399775433,2,0.09682959418478995
baseline,0.28504037381690883,3.6307357105995965,1,0.11934461974436579
baseline,0.19577466784699699,4.842062491307358,0,0.3430931913045074
baseline,0.23892047684296971,3.8019841446722094,0,0.1749896267174373
baseline,0.3137601041320198,6.574770575706174,3,0.2935032131858685
baseline,0.07905298272837566,7.935500349501359,0,0.4743757006504997
baseline,0.3347520006305853,6.621647190544412,3,0.27737247055268
baseline,0.30967988075795616,7.20603679621567,1,0.26298843117088927
baseline,0.33448052516148347,8.404768195500381,3,0.5465776734777862
baseline,0.42048559402822916,9.2989180871368,2,0.36832381452542456
baseline,0.41605514637574226,9.802523135294486,2,0.3460382034053974
baseline,0.2415586981843607,7.817979594589653,2,0.5439346634661739
baseline,0.39965323008425335,5.416583762790546,1,0.21300197179505986
baseline,0.30818619893846944,4.102537986021408,3,0.19102795653292245
baseline,0.1694847501511787,6.664250955468177,4,0.28670357592846096
baseline,0.28570039288206306,7.692728010680145,0,0.19828600510041103
baseline,0.2726807930765246,8.693925457107497,1,0.14256681186264625
baseline,0.33702951369730944,10.949267968022097,0,0.3270630484838494
baseline,0.20860956423842203,4.052018771362889,2,0.0892506368041585
baseline,0.20564407329643497,4.505273425175938,0,0.5925571346782039
baseline,0.3208336461287419,6.436563811399866,4,0.45857116065551523
baseline,0.21688915609742315,11.874781419554479,0,0.44164458470941953
baseline,0.24325846689072217,1.1822074803397085,2,0.7011810906824343
baseline,0.2210775098133535,6.033433814001151,2,0.3064240260964025
baseline,0.3247911837712856,10.721295757188686,1,0.3613245883390255
baseline,0.31058543188183674,5.588256583777389,0,0.2845428699158995
baseline,0.2457027944816885,10.476711649314023,1,0.0996127085205536
baseline,0.0011105989765969881,8.107268853328575,2,0.22641880785357102
baseline,0.35680694425184095,10.475206051199944,1,0.4476637034487561
baseline,0.19495670755616196,4.962715698708925,3,0.19960752642458143
baseline,0.30108398321079893,11.224793666603535,5,0.2557658187980205
baseline,0.2379215972166343,8.622252729135063,4,0.2699782657074366
baseline,0.10431383468122576,3.859873724022111,2,0.288041687160479
baseline,0.3399202002467784,5.865322478072867,0,0.20093053420061857
baseline,0.23449899330028068,7.52789644184338,1,0.19861224515871118
baseline,0.27795998925522514,11.219495595962226,2,0.2009914665187499
baseline,0.2983330155857553,10.781173159839692,4,0.05906225131656447
baseline,0.5184104673537357,8.034542013439514,1,0.21167457241731003
baseline,0.2367040811538672,5.875149613933314,2,0.28202008350611346
baseline,0.2555681015740549,4.020685626767898,2,0.36240339801344984
baseline,0.22027974129655897,6.344927448915927,4,0.17413303127365096
baseline,0.25667743211770183,3.7982793051472354,3,0.11845343704256274
baseline,0.3147079934970952,6.740043058111236,1,0.17286084123826137
baseline,0.26030465927067936,5.470216620958787,3,0.11804502500814563
baseline,0.3039978435213386,9.843323412000029,3,0.5097193270816767
baseline,0.28370994291870255,14.84867124180375,2,0.13250720412829797
baseline,0.27542005445245427,11.54122166434007,3,0.1764151396193866
baseline,0.2700765932797055,5.929905489853978,2,0.20986878665220202
baseline,0.5353187779441932,2.5920411700972146,1,0.14919985116659065
baseline,0.20869196013893715,8.742432241855209,4,0.3363077195012817
baseline,0.29160704880859806,9.333808290209992,2,0.26438133534577557
baseline,0.19306014125231402,11.011402683418543,1,0.12029235221655755
baseline,0.35575169928679895,13.215444491091375,2,0.24049726213807157
baseline,0.3564577328856384,5.063233364361757,5,0.29055769329972353
baseline,0.27595698296900445,13.41055095181482,2,0.21651931948299863
baseline,0.1918993024415659,8.566697255045062,2,0.3827450390648476
baseline,0.362885609852193,7.329877309465673,0,0.14605529085714264
baseline,0.4158198215266291,9.584540400234854,3,0.20967270799707163
baseline,0.12901439480192736,10.41589615768919,2,0.3300971933185309
baseline,0.21222994531798273,8.425493826799604,3,0.2268853454059432
baseline,0.27762287907572375,6.338847779853822,3,0.37356956073639525
baseline,0.2863623362452512,8.884196284745705,1,0.2068515611464937
baseline,0.2943564771210517,0.0,2,0.38826031948177014
baseline,0.3586296727118671,16.213745547327637,3,0.31053752379819144
baseline,0.26028918348926094,5.067863573253057,2,0.3251591213505528
baseline,0.2880265431991547,6.6595183515151515,0,0.2445885360627357
baseline,0.3603114280059452,6.822159566799472,1,0.5143303061620179
baseline,0.2632638942324665,12.601759913010682,2,0.32092831135503963
baseline,0.44186053103893586,8.422625928813783,3,0.4274516046006073
baseline,0.3146130707187633,7.722784198048858,3,0.07933770980545533
baseline,0.40191537106599307,8.560375413153066,0,0.5783762905871803
baseline,0.333673761387751,8.847337685191226,1,0.09422149331331385
baseline,0.3839526008275562,4.761068395783848,1,0.2344127639327876
baseline,0.31414749076386894,10.320592407093686,0,0.3267299011374658
baseline,0.3265840976543786,6.039608456428923,3,0.021968641072859053
baseline,0.3573884026545378,10.92477052998164,2,0.12370695341188462
baseline,0.2697507774608755,8.40277162399955,1,0.07817237814591829
baseline,0.4711719255199491,3.2521991548311346,1,0.40645386314123
baseline,0.24746834843627352,7.890591657630831,3,0.31626287363876565
baseline,0.4370067904311312,6.528277616325251,2,0.4212065153850483
baseline,0.2833944110379612,11.519376076460965,2,0.3935826808953265
baseline,0.4080515555860012,8.771792700100455,4,0.04000214064101002
baseline,0.3679667766938959,6.763984069383088,1,0.3722559490373132
baseline,0.44426675342562666,13.476932774527308,3,0.20281194902758937
baseline,0.6124639160380624,12.972328959239473,2,0.31048461028234253
baseline,0.570381799652347,4.661085417915564,0,0.5235764152600687
baseline,0.2833940063816183,7.520062712243169,4,0.11543536269955412
baseline,0.3319667030117428,8.243151708209798,5,0.13518358111985707
baseline,0.24803526966548556,7.5102682007991355,0,0.33029322780518544
baseline,0.34361254355144893,9.595197806324844,5,0.38349558891342994
baseline,0.19808180192884545,6.235802419429202,2,0.11742012889432958
baseline,0.3612673193230817,11.083674643849532,3,0.09525523461302524
baseline,0.1767445759890286,8.150173925807916,0,0.45872103573618056
baseline,0.4704653841138948,5.842141132429619,0,0.35702656331995125
baseline,0.28156496295532685,7.227567759672312,2,0.04634745816575082
baseline,0.19429671779773786,11.67216155396251,2,0.4677611068175495
baseline,0.2643024891188629,6.865244289350347,0,0.13584887597668016
baseline,0.3260917286167993,7.473609226357575,1,0.1840192399207347
baseline,0.1992147965353112,4.032182222290418,1,0.23842706706824254
baseline,0.4742005437515166,11.119172264676177,3,0.30364893475064203
baseline,0.3524847979487683,1.218778968102331,1,0.11232069734873076
baseline,0.254665348148779,12.725848850146946,2,0.16563136742515697
baseline,0.18472739023417206,6.978952004347474,4,0.1290546633759827
baseline,0.33003393611464793,12.707108547548952,4,0.24053458599227073
baseline,0.3491919945699083,8.58989913279371,4,0.2718676532795563
baseline,0.381604810196258,3.5330503580124013,1,0.48533014322664714
baseline,0.29652207027411337,10.27954678504321,3,0.11398433284736938
baseline,0.21874678339780612,6.969369397914809,1,0.1887780918130477
baseline,0.3887117416714055,9.91796073331225,2,0.23761846933024813
baseline,0.2923260666655259,3.7251409826461472,0,0.49969426250443155
baseline,0.20659231486789187,5.798330777397023,1,0.5737312955214994
baseline,0.30469683036056233,7.304545667684626,1,0.11079413762133433
baseline,0.28447939666536726,7.218941259693915,1,0.263016538090638
baseline,0.2568279223675922,5.58572460941899,2,0.29528971515984787
baseline,0.37343517899683876,8.638679166018226,1,0.2081953874161639
baseline,0.03958270603341302,13.306709575742108,2,0.09702521510643608
baseline,0.3770939624243346,11.423416572328627,3,0.5462604303814592
baseline,0.2571091029280287,6.661549760788745,2,0.20948168805511372
baseline,0.24736870268833744,8.913390178959666,1,0.21239172440637108
baseline,0.25999966908884414,8.495514689849745,3,0.6359853526651401
baseline,0.32933016212572197,11.179367113530914,1,0.327989432409432
baseline,0.1766573037705077,3.677612662543753,0,0.08635625839793673
baseline,0.2878057376835398,4.033620931098521,2,0.5227174624163333
baseline,0.3970530588633471,7.367037975287028,3,0.2980166443539255
baseline,0.37612145135700803,8.93470646673466,2,0.3034131304248748
baseline,0.19199085933787177,6.9460051994425935,2,0.03871999237889549
baseline,0.21723050233974855,7.233297187350059,3,0.3021541167849689
baseline,0.15113428960415143,6.560423717257662,3,0.20841075299184697
baseline,0.15555489298870895,13.545581700132464,2,0.26543011843885655
baseline,0.38175893230334434,3.7172851284217376,2,0.11168758326583308
baseline,0.3909389493088841,9.762928730054558,5,0.09568113312167288
baseline,0.17452522860111408,9.820702077514397,0,0.12814629280489578
baseline,0.48710302047620724,7.027039756951268,1,0.2915166946980415
baseline,0.43346185864736597,9.220867824990254,2,0.4064591422411371
baseline,0.3581102253605298,7.138995281024543,2,0.24151952157726478
baseline,0.2568013072754691,7.36961804938786,2,0.09934426343918328
baseline,0.24706464695679062,8.392800650246798,3,0.11444383696440495
baseline,0.3806136159100548,2.3416352722384453,2,0.2706518820110876
baseline,0.353556119209166,12.685393939949794,5,0.13380529762525875
baseline,0.1522975870616413,8.518982492325588,3,0.344872522166644
baseline,0.3229880322466092,6.270096677617181,2,0.28404010273988356
baseline,0.3207779550131603,7.911650625452114,0,0.17292239908443774
baseline,0.43867915079804287,7.1212473563105245,1,0.13041613282766695
baseline,0.21486301229992533,10.95270063285875,2,0.2215627371181537
baseline,0.2664856781022511,12.33587503325083,0,0.21592388956916578
baseline,0.281455308413205,4.789679273411878,2,0.3748338485299065
baseline,0.2808770734504465,10.300318328170292,0,0.17982526983711888
baseline,0.23992844669533894,6.643278523132719,2,0.39442556307257415
baseline,0.4348647838976139,7.150142993991737,2,0.30962841413982256
baseline,0.2126754318723833,9.438729540476006,1,0.34716314789819563
baseline,0.24738613958405917,7.5562343333811,1,0.35359042867814355
baseline,0.20241244159203425,7.984632148244367,4,0.19435392497751444
baseline,0.27176816184158464,6.851204422246838,2,0.08362924847235037
baseline,0.4040453555843095,7.599591067881082,1,0.4125961450568958
baseline,0.31787383602331704,10.739188381457645,2,0.18840775446429134
baseline,0.3741235263929021,6.770126091568546,1,0.09767906497735322
baseline,0.35855472596469384,8.507262380410195,1,0.23522820366094999
baseline,0.2817138007259688,5.1766118287328995,3,0.7281739893055028
baseline,0.11915673227392115,11.608365736488707,3,0.4872453885669792
baseline,0.3194544851486836,5.493035830467527,2,0.49035951937422234
baseline,0.29586693705161526,5.867075562900298,1,0.331767393041615
baseline,0.2748034498180676,2.8780061716095036,1,0.17544503546258053
baseline,0.2539101786254125,5.333709772235897,2,0.3372881258510485
baseline,0.27719090935936475,6.024218410264984,3,0.28442015482427746
baseline,0.22839774104036376,5.438684605482855,4,0.4179696654448321
baseline,0.2202280926482565,7.099412207586118,3,0.10455058179500452
baseline,0.23554221119121405,10.151918693518342,3,0.374168154803327
baseline,0.32142975637369653,3.775558136928968,0,0.3846565732134486
baseline,0.4697245274743114,9.32701687316639,1,0.27401871791496196
baseline,0.3620862148899944,8.857862508705116,1,0.33382827887805705
baseline,0.110342056170255,5.707509598708781,2,0.3186709408788639
baseline,0.3146482559353204,7.372544028298699,4,0.23508115532905138
baseline,0.35266044992959344,11.153219657917878,1,0.09545113389715952
baseline,0.3846632964596968,11.389340429116038,2,0.16734846300840914
baseline,0.24347691422344103,4.971766201970993,5,0.16070606409237628
baseline,0.14500402671438972,0.3199221211048755,4,0.19743507237011296
baseline,0.3848893438850306,11.97746698557406,1,0.26998950105534125
baseline,0.2565544523195207,14.103667766196732,1,0.18984264989810068
baseline,0.4868574050040411,8.060542691469383,4,0.4524847137113966
baseline,0.18589151036049528,5.919592140957726,3,0.5916276286270495
baseline,0.5005745696187023,8.635993847423826,4,0.12936445921476306
baseline,0.18248456354154435,4.535674858081165,4,0.1348045103350711
baseline,0.496255654772835,10.805939285531133,2,0.06278055573827776
baseline,0.3249194005605541,6.541753220695913,5,0.4566376901212684
baseline,0.40170348945045775,10.115389487670075,1,0.3020569854576526
baseline,0.3648082170830026,11.044167660629835,2,0.05562853002923822
baseline,0.41691052861435673,7.257705779393388,1,0.23087147934109925
baseline,0.3417622027178975,7.6780311432449935,0,0.29465202546410574
baseline,0.3938231962873824,7.2457113667234365,4,0.029132105575891173
baseline,0.19561699904446117,10.18687291492354,1,0.4113798325348124
baseline,0.30124939737498574,5.854336970415527,0,0.1944917147995742
baseline,0.18556245732737126,4.819736122177054,4,0.15880899863778405
baseline,0.3039541764631457,10.47841191189849,0,0.04615053028825019
baseline,0.33299922843293495,5.5053092790971085,3,0.13904825802333504
baseline,0.30059374805858474,4.649125503207731,0,0.17823349820367035
baseline,0.41861166910002645,14.471701769057665,3,0.28104216707450824
baseline,0.39478272586440705,7.091339340069892,4,0.17891019511347653
baseline,0.3742204800845106,5.347557899338251,4,0.2648645440012036
baseline,0.40759247211863175,7.339327499711072,1,0.27806676145960857
baseline,0.45998070484698506,3.5740556808727373,3,0.40023062333947446
baseline,0.2327008064260589,5.890222691090088,1,0.31080452760000404
baseline,0.2743072342693736,2.4052684762033403,5,0.22700512575141624
baseline,0.31643258169997,6.593549597774088,1,0.5351963526331232
baseline,0.21402621861468202,9.421206191498705,2,0.1198605021312849
baseline,0.26012443783859207,16.497499181294536,3,0.23197828916905186
baseline,0.15483348867402577,6.819927611608852,1,0.23949406258096922
baseline,0.18836871076479306,8.082319188776806,5,0.33652663827903295
baseline,0.44389823110017856,8.980433930132085,4,0.13658532304333706
baseline,0.2819016089964344,6.259385203412428,3,0.33587971298727143
baseline,0.11580680914185038,6.541266553641375,3,0.2583304676599441
baseline,0.3305004758439642,6.594884654320228,0,0.25911415012002514
baseline,0.2665814229607463,9.767277748094296,1,0.3593488035113037
baseline,0.11029314116482791,11.449130316621723,1,0.24647568184059893
baseline,0.22648620797794544,8.086671227698684,3,0.30045113860313694
baseline,0.2735767673196649,6.788597845948521,3,0.43192862209826505
baseline,0.32508373838292093,2.497639536105628,1,0.338981191382622
baseline,0.24250614601188336,2.9420052754981496,1,0.26836868678206516
baseline,0.4149560919641597,5.10968412167519,2,0.2132406650018807
baseline,0.27898977126102725,1.7431484511381026,1,0.07450725508509065
baseline,0.5369903012098265,5.347365602443746,4,0.10806505601881831
baseline,0.40043275703323916,8.242678480875503,1,0.03834243065145079
baseline,0.45287935667021206,7.258301349737807,2,0.1916886557812962
baseline,0.4341618280259719,5.768514559290632,3,0.19160957356633995
baseline,0.18197204679844906,11.342922135504594,3,0.14666630515643594
baseline,0.4326314210413033,9.87524295843347,2,0.18735853081895432
baseline,0.5700184008461356,9.718183839845864,2,0.11097893024528889
baseline,0.48043483522399144,8.510757886504535,1,0.29438689719919325
baseline,0.3417032304550942,5.341888563328423,3,0.2614061415586718
baseline,0.20200817066560778,7.637421976720952,0,0.06275154159633031
baseline,0.41957961501131324,4.501823467963572,3,0.7161204442381417
baseline,0.2590585179942391,8.356078079317246,1,0.6418415243670159
baseline,0.33245051846851054,0.5805188441664395,3,0.0798836811547421
baseline,0.39739164496244317,11.948112991663866,3,0.12046206433955028
baseline,0.4221683734501931,7.770600977818875,2,0.297693889921718
baseline,0.224064751535812,8.75493438890224,5,0.3168292359098086
baseline,0.40245914057332255,4.700473153477459,2,0.013544963353786021
baseline,0.3584951342422782,5.540327011101244,4,0.2750651936679452
baseline,0.27839802981314776,8.31903440565785,3,0.2687553019074852
baseline,0.2745899068792104,14.04268121275015,1,0.45976479292653843
baseline,0.3448573768990983,7.609332359839173,0,0.3036863213623419
baseline,0.4771187222379072,8.851330618150431,1,0.5500950192798245
baseline,0.2679068181360326,2.976692063998062,4,0.14575137106654826
baseline,0.39700615812231255,3.3087027649398397,1,0.0880577574716262
baseline,0.22322259957356078,9.558289786681588,3,0.3743620432659302
baseline,0.2530019617420003,0.0,1,0.2503154966665331
baseline,0.30180617185789105,6.993022621279524,3,0.13558622280846958
baseline,0.29307653239077974,5.107735468659642,0,0.2733344153816634
baseline,0.2909085032500075,9.892528360007386,3,0.1891702552451467
baseline,0.22912882943238194,6.10035212607286,2,0.2866908721829037
baseline,0.24160958797986543,5.680308212205439,5,0.2083811364879153
baseline,0.2615698060749688,6.26237821916766,1,0.12977869179742435
baseline,0.3692520692134869,11.800517712347308,2,0.40496324959549745
baseline,0.33827379020606,13.015569840660783,4,0.030795168598927124
baseline,0.3806472917016414,9.808630862287616,1,0.35625125931653195
baseline,0.4173371716102115,8.195842778249537,2,0.4857886159747437
baseline,0.29621565573863157,8.95771232698846,9,0.37897744434086406
baseline,0.23759295303671685,7.504486402558943,0,0.576280883297436
baseline,0.2291209576801766,8.32364874250071,2,0.20907113159127777
baseline,0.46491215486713955,5.4889899411937435,1,0.34667642528792164
baseline,0.3908785742608105,9.412441781248246,2,0.23036913012273982
baseline,0.45494936133659963,9.077877197407762,4,0.6307905625242424
baseline,0.4192735401481677,10.312645134069488,0,0.4085714802307903
baseline,0.28972415277076385,2.561989056979332,4,0.2183890713854971
baseline,0.3550713947964908,8.133265709506784,3,0.46639624047221534
baseline,0.31662366339770903,7.42693084079354,1,0.21531706087966532
baseline,0.524273626189632,9.736413496159495,0,0.3324211726471185
baseline,0.36144259945045587,11.0647500001741,3,0.32612692946770033
baseline,0.4629030581481544,7.448951811668691,1,0.28493835668042466
baseline,0.3171500015422408,7.4063531669764355,1,0.2906223249507952
baseline,0.43648672331810634,8.781877509928547,1,0.29009041831783117
baseline,0.33149269788951213,2.7839324244336705,0,0.5718687489842222
baseline,0.24396958692730306,8.560885976574864,0,0.14544228039756943
baseline,0.437680978297112,8.485554924549042,4,0.043563833070137406
baseline,0.23659934893520235,7.063538915287696,1,0.1008249629448698
baseline,0.2787074565435096,3.2820333596651894,3,0.18623357138628155
baseline,0.3839311598245393,9.902509580959297,2,0.6783545925087036
baseline,0.34662916785183817,7.382526165214511,1,0.4121046342794109
baseline,0.2659148145036226,14.93581250044704,2,0.32296741208847196
baseline,0.31204595405566576,12.273422049452536,1,0.31175293424370804
baseline,0.4390497554188144,5.876500422285028,5,0.44533553011117183
baseline,0.23632584327823772,3.618592347752058,1,0.1764373100521412
baseline,0.05225208898178099,7.129045083180671,1,0.29082772087478026
baseline,0.41098685006049934,4.914668462617915,4,0.6030554069275573
baseline,0.25448755810943363,3.377726816232986,4,0.6211194411872809
baseline,0.2747616901976454,6.996135932427573,3,0.3480382853339766
baseline,0.3825075924794695,8.872659861654508,1,0.40505191683759845
baseline,0.26078055047299525,7.392838202197327,2,0.40804207960344674
baseline,0.28246609520985017,7.1171778944575195,1,0.14693449317948326
baseline,0.41780989815217423,9.301516611189765,2,0.4044242932458522
baseline,0.3690231649629683,8.84341609662533,6,0.2517134951694382
baseline,0.2991000470881243,8.059070828122552,3,0.17235285246810003
baseline,0.2215121229087314,10.41566337596646,2,0.10173999463625241
baseline,0.20827697520435878,3.828208453072227,0,0.15165177683277944
baseline,0.39605001524993344,11.784567792654181,4,0.2867059727687935
baseline,0.36133138769171547,11.0431534804658,2,0.15826181960082153
baseline,0.20850895925447238,5.583441562226977,1,0.07877666785841675
baseline,0.3284183795287408,9.737298993527094,1,0.5149755226982108
baseline,0.09305313047487068,6.100774837186431,0,0.16267208328285665
baseline,0.3690823291516492,6.850523954513356,2,0.533769084686688
baseline,0.3307133669320992,5.06841400662724,1,0.12696142926412599
baseline,0.2290121477052265,7.110155246067079,2,0.16006314197366708
baseline,0.4142373339222455,9.828274362097932,2,0.18719525556769656
baseline,0.3390729438172584,10.507371661018286,3,0.3019252711917723
baseline,0.2678430361407493,1.4735742120722595,1,0.07048326460235804
baseline,0.2667110293701239,9.459886302197496,6,0.25857375259877946
baseline,0.27134337112798124,5.919187514750075,1,0.03442276810594814
baseline,0.3827755891041165,11.602080982579132,3,0.3637913217684858
baseline,0.3623224598320036,5.286897904576649,4,0.23109855688115885
baseline,0.2559145332882164,5.970167785546806,2,0.19525515015404532
baseline,0.17792956775385504,12.381815779959824,3,0.1675261958146797
baseline,0.2771780843504475,6.158040322423199,2,0.2553516896128912
baseline,0.3362484656976882,4.830061622812412,2,0.346434412435612
baseline,0.21710886440132832,4.520817879995642,1,0.13483157288081643
baseline,0.22081396932627112,6.6165124747833115,2,0.6850920670613121
baseline,0.2815820994611523,4.6716873979250675,2,0.2959020200731704
baseline,0.3293267467066119,5.398267046648116,2,0.1327865363833866
baseline,0.3620893975285841,8.179684154404276,3,0.05953054568829971
baseline,0.4058609761529364,10.475056585703344,1,0.17415058653186224
baseline,0.11550693486153638,7.715680944159689,3,0.08191557848321403
baseline,0.40047175348006503,3.6600776831973416,3,0.38671244680854533
baseline,0.3346809101156886,10.856221637738377,4,0.491075622752773
baseline,0.24296425531223814,5.867797473309381,2,0.2782203170448884
baseline,0.3800094689846552,5.515292754606922,5,0.17445759643542413
baseline,0.09427724383565189,6.250246333887832,4,0.07828813014179146
baseline,0.11119528108387053,6.879582102511636,1,0.5142777683173755
baseline,0.4938050430826179,7.624759501142544,2,0.4917507249117645
baseline,0.16467885732876775,3.8420424091529846,0,0.3466063042987622
baseline,0.31852156075159194,8.803874957806153,2,0.45714610577277903
baseline,0.18533753456508528,9.006193533565982,1,0.2195200265344223
baseline,0.24870794144537908,8.117917163862414,1,0.2862685334525204
baseline,0.19239499340426913,8.683414178369757,2,0.24155448529347812
baseline,0.39649842766079274,8.611970807329621,0,0.19882069846673942
baseline,0.0932307996863338,2.8752358052238582,1,0.21486648254710716
baseline,0.2928786233943416,10.398522649111346,1,0.4346453415214207
baseline,0.19207926873036807,1.741824487040466,4,0.18142215415967486
baseline,0.18757608926271435,11.951674171226815,3,0.23490140534947496
baseline,0.374309679582708,5.64348613054312,1,0.29653922180021675
baseline,0.20149297829242457,9.14407445853907,2,0.07641519037470451
baseline,0.28197189317532345,10.92345479635459,1,0.11483970292555964
baseline,0.3406806150349606,14.697326467197644,2,0.1997319559932652
baseline,0.3016502353417285,5.793569714801548,1,0.7776586364349
baseline,0.3591984121387833,9.13781746760149,2,0.2850193711022392
baseline,0.40022780795915314,11.159535838844555,5,0.3855870150171725
baseline,0.31999274148975726,5.157756316045306,2,0.2686542150884803
baseline,0.26239930613652696,11.695931860594403,3,0.35622186360227215
baseline,0.2885619096184465,9.187777242948812,3,0.5151992175304998
baseline,0.2528090119031326,14.872700596839957,2,0.2986768501958836
baseline,0.3920622082054728,7.128185947979743,1,0.19077975858402754
baseline,0.2242637435347415,7.217877612827118,2,0.40251760539956616
baseline,0.3296019428356926,5.9623657816414815,3,0.35334962993659375
baseline,0.3607773768461172,2.869532510344512,2,0.174009625924495
baseline,0.2243180566971522,11.022074297749093,5,0.30158658705774893
baseline,0.14078179901041268,6.974079824626575,3,0.010356295381197141
baseline,0.3794989782179717,8.743391134971231,0,0.3548644951072148
baseline,0.30493495868364046,8.485766091579652,2,0.5015221563248491
baseline,0.28531899779250536,2.8580800285351504,1,0.24196040812251207
baseline,0.29351463755589113,7.802474034471486,2,0.28345454723171565
baseline,0.3129839176241008,8.292675058863129,3,0.19156405569682558
baseline,0.33417109081081087,10.658335639182429,2,0.398393879635858
baseline,0.2850702999725228,3.984965114143664,3,0.14293675252832172
baseline,0.23224478125051867,7.547265168516911,4,0.4133954832588577
baseline,0.34557736826344304,5.936291212303047,4,0.24748434759747565
baseline,0.365844329165573,12.416392296782545,0,0.07086702770391692
baseline,0.231039818633897,15.641782745764807,2,0.035312193691574574
baseline,0.10279508911191682,5.738949382313218,1,0.14722455550751104
baseline,0.3996218772833864,10.68732232428364,2,0.12769127052049853
baseline,0.3826327721822374,9.262231955637727,3,0.3156731485130289
baseline,0.3733577730478165,7.509639988275699,0,0.6540512739984697
baseline,0.2516508505940857,13.899498391595923,4,0.411569094758798
baseline,0.41278022569214595,17.539802602677728,0,0.5277715989295291
baseline,0.3413064029875825,11.310303633890545,1,0.21061369686962397
baseline,0.2655779800519577,5.058244505091235,2,0.42573092257335693
baseline,0.22324939743269445,8.634260288827454,1,0.2860151423258063
baseline,0.46393900264055765,7.1968227929207655,1,0.5331727415031371
baseline,0.3146780307768732,10.825742848702276,1,0.18125032297308744
baseline,0.2963300314774053,8.661249777899942,4,0.6042560246966572
baseline,0.20287169302197056,13.354872951827216,3,0.35674187830677456
baseline,0.3729590713498431,9.739988226415722,4,0.20961847148464635
baseline,0.27687754901781503,11.655708930542005,4,0.6780896336644932
baseline,0.472252592445712,5.437213110426471,2,0.09788340638729122
baseline,0.31519829841925867,15.772398586664776,5,0.3246763314980112
baseline,0.3489133851128772,7.439251629459661,3,0.3811448379112295
baseline,0.21517530230574342,7.5816816090904755,2,0.3413392720503598
baseline,0.17778216488639945,11.474243379611345,1,0.042360286974716506
baseline,0.20468541455092354,11.250765479504153,2,0.45097409067208216
baseline,0.24654217502226383,9.546819971505231,3,0.29604599870349935
baseline,0.16544969852381017,11.987704099369491,2,0.11171893117057805
baseline,0.1874642841230142,0.21151761195878294,0,0.36631621177957757
baseline,0.16484567215708898,11.032211811393996,3,0.8170597457205327
baseline,0.3373201966810144,7.68651881366456,1,0.16038149616221142
baseline,0.3765781623497814,4.459534117196092,4,0.5239591141650796
baseline,0.2175178344662086,14.652299959727252,1,0.2534862094124513
baseline,0.4437887077860018,8.315798317370414,0,0.04448448008284671
baseline,0.3387110793402167,9.055966265706966,0,0.08413593237792893
baseline,0.3030491428038022,8.566176967427488,5,0.061294602687579046
baseline,0.3240547504730675,10.421381114555048,0,0.3766470219723314
baseline,0.4717607694023086,10.252213661481429,1,0.31675009546669713
baseline,0.365668131204584,8.257554335434516,1,0.029307573210337567
baseline,0.4096686184719104,7.74168706335325,0,0.35035003155329286
baseline,0.5999713748916008,2.855049194787025,3,0.3600396487906849
baseline,0.27414794554770877,7.860202011990153,2,0.6510616071848273
baseline,0.27771001358593783,5.227374312930603,1,0.08621435961070763
baseline,0.3447826860676243,2.9776580646070867,6,0.24652504007775572
baseline,0.202088929871042,4.594548133947065,0,0.3647011077214393
baseline,0.23313877857715767,11.074245654079546,2,0.23500851702803385
baseline,0.21608698091390244,7.555673163615231,2,0.14389384332272945
baseline,0.47656749016199307,8.959913478395087,1,0.6051557351138775
baseline,0.3508139004424851,7.560397108020829,2,0.22323768605836103
baseline,0.25461623843253023,9.264446180078629,3,0.07431434224708808
baseline,0.21452882024003536,8.290204495384643,2,0.4023675629663774
baseline,0.3688043031791926,11.389513100070655,3,0.3138190158025794
baseline,0.3930681299439326,8.995523116214601,2,0.16743885991007473
baseline,0.2604057665154793,9.860877973545794,2,0.11305111029721897
baseline,0.3929433539103021,3.1155192440366033,2,0.2054216527359108
baseline,0.2387698750499473,10.260321363921033,1,0.5899762323947132
baseline,0.4198613048304371,9.158898376624423,5,0.44452120886613045
baseline,0.3517459947267084,3.612392034439023,3,0.32664409403112327
baseline,0.27333646268331097,7.94800780758588,3,0.30595471601892643
baseline,0.16382245871211265,3.622592239413861,1,0.24174556740808814
baseline,0.30708456585595434,8.971392882296838,1,0.07657443678386784
baseline,0.34815749345793706,9.141824492684156,3,0.31024077588653903
baseline,0.48577447162637677,6.794423606536009,3,0.11143962791646705
baseline,0.253993337915702,10.54342592645326,3,0.2190257897441217
baseline,0.283932137363674,2.9560927687130265,2,0.5765768951543105
baseline,0.21309374349919072,3.563917347110963,2,0.44658073895916406
baseline,0.3475059344355688,4.758828818107164,0,0.18009359994669583
baseline,0.274901066066367,6.8648930474096765,0,0.4491021068893597
baseline,0.19903674965355347,6.412741121350782,4,0.4847697339650997
baseline,0.26578068535280236,5.677593673114949,2,0.2676964347439832
baseline,0.26895349800159746,3.109111673166554,2,0.18861625082097777
baseline,0.21110180143786092,7.13026301749824,1,0.4420672730172229
baseline,0.3239507421747087,6.851895380071759,1,0.3494438973861016
baseline,0.23367790816809697,7.738919782861386,4,0.2991802302163256
baseline,0.24663177918155202,3.7899695342610116,4,0.2577758755784528
baseline,0.2907781085666513,4.245591294711642,2,0.5454557243019867
baseline,0.1314264351304881,4.8628473427567975,1,0.11934934919940986
baseline,0.31191098875434337,2.8706075102903714,0,0.31751763438120234
baseline,0.2572464601482405,5.935659410242902,1,0.2698638330941813
baseline,0.21660848380345923,7.699949429654714,2,0.3479517476032453
baseline,0.4784634599806242,7.75020672104113,4,0.43319396664815885
baseline,0.3387271470310523,2.8264106598537184,3,0.425911608981808
baseline,0.21594835867340587,1.8533708776841777,0,0.2947874087511328
baseline,0.1453804875316274,3.9854237829170414,1,0.31333556030868287
baseline,0.22094809463500648,5.838033577140866,3,0.24305854343652877
baseline,0.4265705863182018,5.475892182310238,0,0.5286716790272286
baseline,0.07576116975999198,1.4123135714430664,1,0.15671181364194944
baseline,0.3364493979296324,9.085824984199917,1,0.24077945402470124
baseline,0.1832348363846767,8.580841924275912,1,0.6126609100495691
baseline,0.31589823949757645,8.297566378370977,2,0.43484210412629043
baseline,0.519135322486637,9.46199971133674,2,0.35874626051407743
baseline,0.4101708754830513,11.165979099872645,2,0.30758817612797185
baseline,0.33134115657032204,5.604737757867136,4,0.35386456843107794
baseline,0.2687550803810154,7.8357284508755605,3,0.5160693855484615
baseline,0.37159611078949817,8.657447526187013,4,0.3896389787093752
baseline,0.2079490779825534,9.935136246772633,1,0.10530235566830685
baseline,0.19269732210253115,3.2524479136464164,2,0.33313079566316106
baseline,0.3015368019111891,9.062048681758855,1,0.11794221141112705
baseline,0.47584829169051723,5.809767331522377,3,0.01435337422814508
baseline,0.3251472262120063,11.066106375223168,3,0.25095887323775024
baseline,0.41257881739201324,3.1739700497972763,2,0.18142296127413723
baseline,0.23574411464215916,3.282037088586029,4,0.49448815722705936
baseline,0.30843787192600847,11.930986909206464,3,0.24731429202891209
baseline,0.1515675329799147,6.642138611636834,1,0.20039964563375898
baseline,0.3125334887998567,8.313039403153159,4,0.1441190095928802
baseline,0.23192656175394263,9.674940009150044,2,0.31732619558364544
baseline,0.41757943876876624,6.380805778930266,3,0.39088816060829157
baseline,0.36357231563187564,5.996296602902914,3,0.4160298710561738
baseline,0.3578613871708326,5.373443361064112,4,0.16520035401273558
baseline,0.4177954065620928,5.087928669671491,2,0.30787767996945503
baseline,0.25818495229044897,5.198218324760997,0,0.15204341153645232
baseline,0.06584199523086942,6.869118530433974,0,0.32749757063016177
baseline,0.11801023211439637,5.830992993363128,1,0.2683928933402574
baseline,0.2919896423944656,5.476274430057613,2,0.38049653516149257
baseline,0.16259441368473063,10.0032048509731,3,0.0650753789903873
baseline,0.2123246704293762,14.51701375209171,1,0.2611979534005624
baseline,0.22659175152676653,8.080479164911532,1,0.10750624640340935
baseline,0.313601511089751,9.89426635502548,1,0.6690841276685352
baseline,0.01071252665402006,4.903294090220055,1,0.3097464570762976
baseline,0.35203160968911457,8.597567362738394,0,0.26796216440692916
baseline,0.3443298908065876,10.36446999450277,3,0.3053891644050966
baseline,0.2783753056832414,10.087135958203971,1,0.41063985828185995
baseline,0.2732927881254219,10.274613802211675,1,0.3602764160864066
baseline,0.4692148242792633,10.79853264277134,3,0.2321828801738735
baseline,0.2914098776448449,7.1006094980760155,0,0.129718493095211
baseline,0.03827598419280598,5.578922701995118,1,0.3924507583126439
baseline,0.41634157490518947,9.69201839529023,1,0.22539457958610518
baseline,0.16972722282945352,10.021841946348681,4,0.5535525117453639
baseline,0.2907897533229407,13.059023873437123,3,0.47131298928033044
baseline,0.448971406789462,9.925209138844787,2,0.1702571415076133
baseline,0.18805396644450012,11.927318341615944,1,0.3260155160926539
baseline,0.256228197637383,10.588666914542447,1,0.08328632815979953
baseline,0.35246556745275776,6.969027028685673,2,0.2945375760537122
baseline,0.26616985793189607,8.959797783594741,3,0.15588437642419362
baseline,0.3613869534374633,6.948245638494341,1,0.44331706273471816
baseline,0.23628973912459778,8.929714606447275,0,0.21819892376330516
baseline,0.24287954231495687,14.182339559916565,0,0.33382001403246536
baseline,0.28197102585463535,8.688641230961743,3,0.0746808142953328
baseline,0.27425205156770804,13.25028917687955,1,0.043983046482261305
baseline,0.3322744775985379,2.2307134565711983,1,0.2607454205455027
baseline,0.3836065180188581,7.765781485722,1,0.29289276183543306
baseline,0.4237392540190365,5.37612322223606,1,0.004841230533093212
baseline,0.1594795945625568,9.821918755132291,2,0.26026954921277784
baseline,0.25412015549342076,10.090148749927945,3,0.18450451427285364
baseline,0.29571862638616864,5.747946845417273,1,0.12139230208962615
baseline,0.3952622355386336,11.355928435083396,1,0.21860109241800457
baseline,0.37969889720188504,10.87857431407555,0,0.43771708644829604
baseline,0.19399008243383015,13.720828411260708,0,0.14219569948845937
baseline,0.494404834948331,8.371952117588304,2,0.11454807366746034
baseline,0.2777615572605181,7.293104433659941,0,0.22690762701820386
baseline,0.5311875459047755,7.956452475681833,0,0.28863487341148486
baseline,0.21520609841293137,11.036332335826621,2,0.24330617749077763
baseline,0.2371638045889536,12.590030292546999,1,0.5299943462093646
baseline,0.4513072779674928,7.765452384606904,2,0.34624100802885843
baseline,0.2526630906941669,8.67236990829498,1,0.13130082033673726
baseline,0.30439485636275604,12.239620603905633,2,0.08457581717491558
baseline,0.41248625077590406,4.435011242788527,1,0.48207778639087734
baseline,0.35367963975797584,1.5200071145538558,2,0.1377463948686409
baseline,0.5041125496363491,3.3999622168243,0,0.3313626168122886
baseline,0.23383927065157706,14.790396413603192,4,0.57381266935921
baseline,0.32037762139004483,8.742159729657317,1,0.4289369331957504
baseline,0.22875012290391294,12.027097690521494,3,0.13434865275533986
baseline,0.37400803541707583,11.337249714401533,1,0.38602621405676685
baseline,0.3955100210180935,7.50716091166915,1,0.3272779171590535
baseline,0.3514679726911293,7.792362655377847,0,0.4162234935445195
baseline,0.19189638084564464,6.125974584098838,2,0.1269005202701299
baseline,0.349845542060406,3.2170367467939265,2,0.1202354441413795
baseline,0.2006485008576404,12.086041143433029,3,0.2415037699154061
baseline,0.22533109592401313,10.388605332710274,2,0.19847073809644047
baseline,0.25447831632242623,5.908773812841421,3,0.32161801163247966
baseline,0.31027732921126094,7.852026573044179,4,0.4812920825491397
baseline,0.34433157546879184,7.690582477707103,2,0.35856687935267867
baseline,0.22319496038445197,9.578113880156465,2,0.30836098659247024
baseline,0.2725270840244253,8.82051956765129,1,0.6384844687335584
baseline,0.4868361161864252,4.126066771538749,1,0.5504175769138748
baseline,0.2790089933807342,6.673085444991272,2,0.10850953751728486
baseline,0.33540471137534855,5.494285971015778,2,0.14595679388362354
baseline,0.22904348873101985,7.390218126157517,2,0.15831716115748073
baseline,0.5202112653443431,6.924467506597226,0,0.14505020557096265
baseline,0.22565618948778698,6.798365244768425,3,0.6307685305005183
baseline,0.27504868408947214,9.857829926258207,5,0.3587261690662042
baseline,0.2645598313389921,8.715219955509793,2,0.47700354255841165
baseline,0.26660817256966673,7.78148047719845,1,0.5439221449791871
baseline,0.37433612671444083,9.310481113268947,1,0.18372697955564435
baseline,0.263286310921502,8.771776589406075,0,0.21757776231563494
baseline,0.3539058253215793,8.549621282388731,1,0.2600799419312047
baseline,0.4832052974824988,8.632981912778142,0,0.37400363333450426
baseline,0.18117349556432355,5.413549628996574,2,0.500834022711808
baseline,0.24415013038220085,8.301435712946606,4,0.12398217673166644
baseline,0.19083851933896062,6.616442719939202,4,0.14617362030457712
baseline,0.2919204866983574,5.87989030779262,1,0.3000141254509287
baseline,0.23454086510003774,7.424678366560702,5,0.27064169396659
baseline,0.3388086981113045,7.944255591136585,1,0.3193623301558078
baseline,0.0,8.564754731575913,1,0.23942246309901827
baseline,0.3799337249843803,6.922013024840935,1,0.5356315024003199
baseline,0.21737556288180462,5.43642723955505,3,0.38821064155612606
baseline,0.3076392126513626,7.639151018514716,4,0.25622037945245235
baseline,0.07632142666476077,10.557626677347482,2,0.2678647484416917
baseline,0.4013321738924702,10.366800926017477,3,0.337229355660831
baseline,0.07439032341113644,7.266508924778627,3,0.3962717358881319
baseline,0.14643947531595672,7.743884066784682,4,0.6149931953206713
baseline,0.29849071820652495,8.177208238117949,2,0.36916383524839186
baseline,0.17418448762745461,3.770904431614351,1,0.18894113366558146
baseline,0.20094794062640872,7.632212493057842,4,0.12481932701560636
baseline,0.48106945090821995,9.679449484510066,0,0.3736930347563792
baseline,0.3193218665478066,12.006586580756156,1,0.2793854172112109
baseline,0.23423024271510656,1.5538680756663954,0,0.3403968814071534
baseline,0.21554322311074745,4.156196490022746,0,0.5265201095044725
baseline,0.34680700914705787,7.834674971306035,1,0.6655361467892283
baseline,0.3463770540557212,14.916334112258465,4,0.46314617787179513
baseline,0.23916410395272641,13.357565493078381,5,0.20932208842539152
baseline,0.07304463240013542,7.440329966369103,3,0.2857118899471488
baseline,0.2013995505190923,6.069961364495307,2,0.1725534054381917
baseline,0.0193716922249072,9.230846502278391,1,0.16173747755557166
baseline,0.16233711014417843,6.345435582909087,3,0.16424950695788018
baseline,0.323994906644182,12.76291023031197,3,0.5201139047120453
baseline,0.40892430639721555,7.314583579951208,2,0.10685814563889953
baseline,0.39548012029882396,7.347026644002552,1,0.5716683673236299
baseline,0.3256495933126472,9.533352225731264,0,0.2835338268919915
baseline,0.3669646183768241,4.844538778036927,2,0.4097959537183319
baseline,0.11993282077604447,7.2174013374845325,1,0.2034813753980274
baseline,0.331092346934536,11.603812167426334,4,0.17768613657949264
baseline,0.09221869783969769,9.1875970446934,1,0.10103506952318661
baseline,0.16943216783110893,8.363435521051123,3,0.36333142866754387
baseline,0.29083941000769375,5.243676554025263,0,0.4009019013268487
baseline,0.48676782721194745,4.506544065103564,1,0.4537108941928669
baseline,0.21832067287759577,5.207942583333817,0,0.09564400206159991
baseline,0.18361274684044976,3.179193709598282,1,0.2779146632229559
baseline,0.3364154096991651,7.121512833685318,2,0.290272867061819
baseline,0.35439566115507143,12.630559651089452,2,0.3537762003355759
baseline,0.1631929611751554,8.856269650367285,1,0.5536370408274995
baseline,0.29635779328213113,10.911496704380195,3,0.30462712839279776
baseline,0.2055228215135697,7.4765460356321505,4,0.2785709743357589
baseline,0.352882291265143,4.246450323665533,0,0.27307502208106776
baseline,0.32351286065366414,10.415893856497156,1,0.18861931816259783
baseline,0.29593061934981846,13.643634900410236,0,0.18361715673800016
baseline,0.27184925145077915,10.37840504949603,1,0.16743485296987937
baseline,0.3270329047146639,5.249554612083317,1,0.5104878068248558
baseline,0.1981538792679808,9.38949127382555,3,0.30128829938910423
baseline,0.455420807744215,9.835909411623746,5,0.2943526920303685
baseline,0.4956563966540133,12.608377418555959,4,0.47767711766204635
baseline,0.37811715771061294,11.702824634876567,3,0.09208998601036755
baseline,0.185526656286445,8.536717188100278,4,0.2388031304524851
baseline,0.4689040969971119,11.206092231971729,1,0.44956862315351487
baseline,0.15280099769183642,10.726192773416694,5,0.20141816193890053
baseline,0.3682163090016406,7.212000770677552,1,0.2893461257719558
baseline,0.3740626013072247,13.860939248027805,2,0.34849839214280026
baseline,0.3201820096015718,9.24074168458176,1,0.17375269140754962
baseline,0.3972145402017297,10.9162877683669,1,0.21776368130319818
baseline,0.44814524501173836,11.072838727003198,3,0.42165024627214026
baseline,0.17843226613884966,5.931960093544543,1,0.4822609879390407
baseline,0.4133096660471268,3.9083387352998997,0,0.529958109724684
baseline,0.2279553526607996,3.1321892535296474,2,0.2960359355367864
baseline,0.2973514779569211,3.826464823644189,3,0.3438434561406872
baseline,0.19189339806616257,9.991886918307792,2,0.0899612195655262
baseline,0.2610173227326171,11.332824206695683,1,0.16708081865165786
baseline,0.30001220891931407,8.07078748540509,1,0.09279362392920208
baseline,0.25198537223404344,7.713670489160336,0,0.2716280763414732
baseline,0.3163100677545118,13.96595612713878,2,0.0681009674994756
baseline,0.2659664997310322,10.105208088841431,2,0.2061418383735545
baseline,0.2662784380333079,10.28603406560527,1,0.3653093642854618
baseline,0.2774464302023266,11.535665249761092,1,0.2502341686752075
baseline,0.2439587650412911,4.8362206748839975,2,0.12753188741426355
baseline,0.4443800785142028,9.55286565557494,3,0.15762726530454116
baseline,0.17680351443083586,5.530924438479447,4,0.09729732728966169
baseline,0.4650062359047735,12.960923588761782,2,0.8491046330813954
baseline,0.2610314272644204,4.54973176879382,2,0.26091129238152944
baseline,0.1696882137080634,4.108233165619928,2,0.28686467776872177
baseline,0.14625398588235766,6.351377379841463,2,0.1208948743039483
baseline,0.2416440302522791,6.515115037193155,1,0.3108693432742039
baseline,0.2836556876722276,8.755287819412302,0,0.07273844650672397
baseline,0.33033236628363777,9.144217127595756,2,0.5093539860398497
baseline,0.47335906569460073,9.97513691830947,2,0.23596632530838305
baseline,0.164463699447549,12.2959338265757,1,0.38460986457793583
baseline,0.36738268030633486,9.544141603036982,1,0.302826094027556
baseline,0.374264576366908,5.6144705503795675,1,0.009569471031899198
baseline,0.19943440512652383,10.503438104161013,3,0.45783896009444386
baseline,0.3446012374608795,9.268344375440185,1,0.24445839397631952
baseline,0.4541889728839462,10.11747400999173,2,0.06474324587005521
baseline,0.41765883245129176,8.03820203133571,0,0.4293141538951108
baseline,0.23264296307186777,8.185693225467055,1,0.20137927828980595
baseline,0.44101161905339425,6.88367303764593,3,0.12660279402992475
baseline,0.3159040574769083,10.627217436863727,0,0.16487068255908155
baseline,0.2812730674981285,11.510450373449077,0,0.06979364889739877
baseline,0.26027790825450914,7.6700064533162156,0,0.206671169503046
baseline,0.37925787582380943,7.587956013133971,0,0.3582835278611084
baseline,0.29927500590706624,8.8594813409805,0,0.22770083982502246
baseline,0.3554873345063514,9.354747889117938,0,0.07030212235339496
baseline,0.2694288947101928,4.726875149191965,5,0.315645905283665
baseline,0.28948993656570116,7.650978302813892,4,0.04067650171255224
baseline,0.33838968994876156,15.471332357121343,3,0.17409850074755076
baseline,0.33489812845241035,8.586357923311715,0,0.024432783259840735
baseline,0.2643636732557877,4.149178855384946,2,0.1351982858909672
baseline,0.29959014202580103,5.514940073052488,1,0.061501612029551955
baseline,0.25907992474398867,13.217305789370968,0,0.2132107347464748
baseline,0.308817364915573,14.55106063933572,3,0.42535957834757715
baseline,0.1604091247647153,6.864395744552936,5,0.13893803921423312
baseline,0.23815565779328313,9.06803915493481,1,0.1702232660750702
baseline,0.407315001580971,6.583381009976959,4,0.13346375434801502
baseline,0.3220421165628841,10.831161731770965,1,0.04571376301452087
baseline,0.29783836208377984,8.746356818686666,3,0.16650579278094907
baseline,0.17941820735833464,1.7563557440604356,3,0.2936453681429825
baseline,0.3110266892448564,10.137174774321682,1,0.31896768321247365
baseline,0.2731213286469624,7.051049652214625,2,0.27802346961211427
baseline,0.24499004505432603,9.826000406660782,1,0.20612646468306212
baseline,0.44568592790499134,5.9183279153143165,1,0.44384064996730194
baseline,0.11192927149627457,4.051637239196254,2,0.2648607383844275
baseline,0.31343820823112656,12.906591444191822,2,0.47153102362097715
baseline,0.40669553779972256,8.567533126064964,2,0.3855765779588548
baseline,0.40657634798381154,8.54674178440627,4,0.41848993837606635
baseline,0.3553960553236736,12.213927863332096,0,0.24278984614547047
baseline,0.32015289066619235,8.975143385721461,1,0.15518136034900776
baseline,0.2806206099082963,6.518753926422846,5,0.261595938918507
baseline,0.3317370133293823,13.873243578056776,2,0.18581976720159846
baseline,0.3003175319560201,6.110717904605848,7,0.5080356278938434
baseline,0.29334661377712684,9.308280424679026,1,0.19588230588972586
baseline,0.3056100447768993,6.96160901324651,2,0.40767566603080624
baseline,0.410691193506272,8.601422204910406,2,0.11994933772776278
baseline,0.299319989674431,7.681787256279173,2,0.7263427382743539
baseline,0.22939394691849035,9.55950402541212,2,0.2757820028247262
baseline,0.1882080468723089,6.1961506500083505,1,0.4801264832834259
baseline,0.32309204629509675,3.848368402068415,4,0.13443103743289508
baseline,0.10900599773949443,5.063605201389819,2,0.19731842840291614
baseline,0.40810172105007314,8.032663665619731,2,0.39374534710965026
baseline,0.2141071599688924,8.643484074841052,1,0.23853647140801088
baseline,0.3403844549259759,7.160181300423844,2,0.14793987845342094
baseline,0.4361308710556515,5.880410636739692,1,0.37027820815752405
baseline,0.3649841762288625,7.274909781050832,3,0.2865393035668052
baseline,0.4470538414227041,11.288957392089305,3,0.1369112111144628
baseline,0.5440241403972323,5.708946802560433,0,0.5074853718486023
baseline,0.38682421554568286,5.772948055906207,3,0.0741800951320697
baseline,0.18423676194978555,6.497318097920708,2,0.4146759672774935
baseline,0.4505910228985508,6.3487588858811215,3,0.25132918393150894
baseline,0.3448672308316451,1.9997212362708208,1,0.6411510584591972
baseline,0.422673438256162,9.701812115050835,2,0.09791654453295158
baseline,0.41114601309292564,4.6769284150645785,3,0.6105022283382798
baseline,0.1929697096858828,3.8159159889300067,2,0.30941784204895845
baseline,0.4283319343606711,6.573816188526703,2,0.40223126604417997
baseline,0.20631895881383094,11.06131777066612,2,0.19329970720119036
baseline,0.2701575584657268,10.24292448009831,3,0.2507008636758018
baseline,0.14949336370361638,4.972865016570978,3,0.3531748286135237
baseline,0.4427390347125255,8.298649638688493,3,0.19278507396468592
baseline,0.272904853749906,7.9097244627586765,0,0.3370719040916388
baseline,0.3316109969103415,10.505993527832608,2,0.25064811520686064
baseline,0.10498301311968833,7.833193133136403,2,0.23564387252561145
baseline,0.2053977705422665,9.740898633975249,1,0.3219026254285321
baseline,0.36542579563887345,2.2211308656021735,3,0.4797878457946065
baseline,0.41777116048941887,13.988545511184086,1,0.06770652593005669
baseline,0.2813748853561412,6.284195120493579,1,0.31249042582095726
baseline,0.2024683603175228,7.658977198825477,2,0.1924572716611316
baseline,0.2736922434253647,5.045786900818332,0,0.20860295519324018
baseline,0.299371320013343,13.687409814541388,4,0.1355369541648243
baseline,0.3237559076444023,10.285198051703045,5,0.3026714615382032
baseline,0.2796714248128511,7.893550812988548,3,0.3210849333233773
baseline,0.4229573387557969,11.595829946282311,1,0.6002079035836738
baseline,0.20990305238889218,5.753609647658466,1,0.09819570006164048
baseline,0.34690759650117814,6.698855221903541,1,0.3510325725030935
baseline,0.3253206730784232,9.11874664415914,2,0.537397164609013
baseline,0.3885064445236612,9.182208074232202,4,0.22364788478518005
baseline,0.15610380904067786,2.985877132700854,2,0.020908679599887046
baseline,0.2712147874937426,6.7268731623337565,2,0.3604811378387374
baseline,0.3249311993840306,10.691393956387635,3,0.14092869126887259
baseline,0.38425405254829365,7.055776836754811,1,0.5789187116655223
baseline,0.3109195875216944,12.088238426703045,1,0.4929798027461718
baseline,0.38330880860142374,9.178914063002921,2,0.29903062908739636
baseline,0.29156530997790764,8.765925307940801,2,0.5697652767851048
baseline,0.2573071243530919,6.995490650078385,3,0.4470486501769286
baseline,0.1631626829697936,9.967240706133474,1,0.171140420773879
baseline,0.39444115494690046,6.056557111452445,1,0.20154653757271765
baseline,0.6222791013940092,2.5205104078458103,4,0.26096644569872673
baseline,0.13469996273150936,8.977032706469489,2,0.33030599501305724
baseline,0.25402527565588495,7.344993919347587,2,0.4369793540730342
baseline,0.20035520133567586,6.913554412095707,3,0.2693071750222418
baseline,0.3184807011148548,9.220580457218524,3,0.29484784822211063
baseline,0.4929921469519038,9.967299924452298,4,0.37927112259367207
baseline,0.25841701049139726,6.978668640043562,4,0.28499179144917247
baseline,0.41950754742242313,8.121962861841403,1,0.20152192813898676
baseline,0.30672074392386706,18.254585561043246,0,0.26883604106280073
baseline,0.19151584611795924,5.540869305591288,1,0.4550356633705941
baseline,0.19897845773729084,4.250546366212248,1,0.5720528068058174
baseline,0.40205829602793697,3.694792385588106,3,0.2135441442466084
baseline,0.2668652962369046,8.709112373048772,3,0.28862051509771736
baseline,0.44207773325247635,12.189951786316113,1,0.4852327711943294
baseline,0.3405702832732926,6.006577920203164,2,0.13619218593990723
baseline,0.3342301485990681,8.853615174268658,1,0.09383539030618598
baseline,0.18248855019908472,7.323529973032471,4,0.3018058276181243
baseline,0.2611588687908136,3.8891249028197192,3,0.09348171938346622
baseline,0.11260092793162765,10.566736923596832,1,0.34011458251737964
baseline,0.34921129682681584,9.259495878694814,2,0.35760856060430746
baseline,0.28289185919849674,1.8826508864434555,3,0.37493747093101315
baseline,0.4422478374098724,7.743451484961589,1,0.5813315707792067
baseline,0.23719892446081464,10.221021306967634,3,0.32121490075031794
baseline,0.32387389611047895,1.967911522541801,1,0.23706248517062448
baseline,0.24784954883982752,4.468107598585755,1,0.20823883298586585
baseline,0.3906797767687703,7.766931137863127,3,0.2482575287753263
baseline,0.17760903159511976,5.0274031888281385,0,0.5406428456156293
baseline,0.3021262508751874,7.975000439278838,5,0.4916213050566597
baseline,0.2538707987922572,5.845426800167927,3,0.07100776594341712
baseline,0.07606712004500074,7.069846261249431,1,0.4171185236818665
baseline,0.2064059856685725,10.672467711294603,1,0.07448332203865528
baseline,0.42904659892734853,10.300973217222321,1,0.2195040481352553
baseline,0.4048580205223302,6.760608782157755,2,0.39904453072945184
baseline,0.28396022487541855,8.640332465462803,4,0.047627693135417544
baseline,0.448672263818507,7.926907206221624,3,0.5218074280037095
baseline,0.34333275249976686,13.798962831350522,0,0.16454353412105963
baseline,0.37073654324572713,6.461451507134072,0,0.36348490298476654
baseline,0.29874045721399883,11.894146581893159,2,0.5027454539854568
baseline,0.21924696920143738,6.25320195141448,2,0.5086597233929948
baseline,0.2882429666097709,6.5490079418432225,0,0.19606750770048598
baseline,0.438011552615258,10.973829123514578,2,0.3144512926470983
baseline,0.27118970313935065,8.155899008258263,0,0.09218034309585571
baseline,0.030479728292746755,8.312348929492861,3,0.31285465477720764
baseline,0.3330066311177249,9.688202094905105,2,0.5708465784576203
baseline,0.245355791511516,11.181305810914273,5,0.08036517615913821
baseline,0.03709034057200489,6.629570846494969,2,0.2518078051635177
baseline,0.2673364224462253,10.732086769566394,2,0.3951989749206119
baseline,0.266523957870687,6.986560089671366,3,0.2421883119906092
baseline,0.289354881526233,5.023828233007457,0,0.26155570751900814
baseline,0.3446389787227846,11.753277128195348,0,0.4510151663579451
baseline,0.2641806151529736,11.413359520825484,1,0.3761045774647075
baseline,0.30503238314108616,11.097444097146342,3,0.17656877008335572
baseline,0.20748662613826563,5.651725519307722,2,0.5636348111068761
baseline,0.17981840988323886,3.178753116079145,0,0.10731977660430587
baseline,0.29914550911904714,11.618014943388857,2,0.3407789792057516
baseline,0.24389496420224874,10.504510997676352,1,0.06263242418488987
baseline,0.23474974439397084,7.270277534395741,1,0.6213975765977926
baseline,0.20474017973749575,3.025242679004255,1,0.6151911487766637
baseline,0.29364497858616984,4.035197818889084,3,0.05663231641175593
baseline,0.1504093691803541,7.681256222502622,3,0.26999242679469276
baseline,0.2204919106805443,5.8711047781218095,2,0.12489486858491107
baseline,0.20500172229675573,4.545907838732691,2,0.04856852560468328
baseline,0.44360429688502695,8.23441934577842,2,0.018247607845851024
baseline,0.33941532761015114,7.467325764967248,2,0.20339880709634506
baseline,0.3070318678734406,5.837473955739016,3,0.6176814861927076
baseline,0.46964806185256164,6.23927787371473,0,0.596382560915681
baseline,0.1505481729883572,5.699946201858624,2,0.14373426301671774
baseline,0.33491990643944425,9.622793233578502,2,0.19995667919619373
baseline,0.41130947938060614,7.188506640868438,2,0.20912638479314738
baseline,0.2794625425884683,14.130910127252012,4,0.216980180204257
baseline,0.2531404009012551,8.426077498352388,5,0.15359376967000002
baseline,0.2541882732781716,8.367457283123763,0,0.1993193474443146
baseline,0.3269542868956098,13.481783400879456,2,0.05707008052085119
baseline,0.3188424126757299,1.5264894422878736,2,0.4098382236462335
baseline,0.2557796526697095,11.283844482016542,5,0.04489961571830685
baseline,0.41190470305419197,10.114825425449467,1,0.3494607905588098
baseline,0.41644545911356023,5.682061905504828,1,0.29468735039644167
baseline,0.36368463434700815,7.861519507165346,0,0.5503790227879513
baseline,0.11750029514551555,4.981202336655529,2,0.46112255454327117
baseline,0.30457885480059915,10.548600890962742,3,0.2907317315978819
baseline,0.27988683934665,6.91629866842382,2,0.11975406047351843
baseline,0.17692232124829982,7.992794128039811,2,0.2959736604651133
baseline,0.34012560660550645,13.378734802832629,1,0.500589346234293
baseline,0.18383909615003252,10.827748307269463,1,0.4403745019554351
baseline,0.3768055689630776,8.452789269265175,1,0.10902203119096211
baseline,0.39092868375314405,11.936664487567263,0,0.07608198352396846
baseline,0.28577502057635706,5.500483718334497,2,0.30764389594745656
baseline,0.4573970816675721,9.420192882700276,1,0.30362945274277314
baseline,0.1740808742185089,9.039343848544805,2,0.1271065908632675
baseline,0.46161209967245703,9.125678630771574,2,0.40436596060388663
baseline,0.32108744321270793,15.15382732025248,2,0.1585927003123509
baseline,0.279355659568414,3.3868417222891516,2,0.3483626266379244
baseline,0.2771191861739384,11.495248431112087,1,0.028087685521514052
baseline,0.458486897945279,9.672156096884795,3,0.35714389103767485
baseline,0.30505733538575325,3.848616982614308,2,0.24008938708375094
baseline,0.2671522702275225,6.377657021380266,2,0.03970598915685811
baseline,0.5284249390768563,7.792440068012604,2,0.12354116769162085
baseline,0.31527675739904165,10.7474410489083,3,0.39245189544513276
baseline,0.5268150063924788,6.543144718640074,2,0.3193146230288032
baseline,0.28360007022130607,9.64440340761827,1,0.15275734450459116
baseline,0.351266684025027,5.060918643584856,3,0.1320662840168996
baseline,0.20388843780426819,7.606031008331662,1,0.46253514247023475
baseline,0.2206089840334527,8.064198790893817,2,0.1441772832500303
baseline,0.283844282868888,11.824962006275292,3,0.41288173692862273
baseline,0.14138611988772082,5.692684854897145,1,0.1851389690825242
baseline,0.24303482060379988,6.610768899206425,0,0.3206380889554985
baseline,0.19917140989499177,6.702363328894556,1,0.18681144977336422
baseline,0.24753675082768264,6.833023524348997,1,0.44636762260727103
baseline,0.4000146225357095,7.801295551701429,2,0.2551892775553085
baseline,0.2749792440590752,2.539486003925905,1,0.4987801117981043
baseline,0.26079467304748716,13.623040671383347,0,0.21926624246637627
baseline,0.2033895450032241,9.30435293017834,0,0.16725594506648764
baseline,0.34328142828024255,11.163733398109546,1,0.18904571998359448
baseline,0.3201257351621618,4.982526720874054,1,0.22675034312744424
baseline,0.4426172558402215,4.7137320622072405,2,0.2935919960354153
baseline,0.3412599731644244,12.388465843729929,8,0.22815432238136193
baseline,0.38858590098295637,7.281901230874253,4,0.2818997721885728
baseline,0.32778568397123964,7.28766287450596,2,0.4025436598362194
baseline,0.4508899680551268,5.084609977852297,2,0.39848560577867265
baseline,0.15702209362935898,8.6862288062595,2,0.24812483762683388
baseline,0.3395378643116381,4.103088147942046,4,0.495989007917829
baseline,0.20085961880233041,10.211438027365336,3,0.4815289854863263
baseline,0.1438559578264968,5.5778838798080566,2,0.422624919843278
baseline,0.283687847263264,4.244355389636088,4,0.3260284083570416
baseline,0.1985667512552555,10.158592245267785,2,0.2688323814604997
baseline,0.37963689762495373,12.622281836519695,2,0.643468245174688
baseline,0.31775049269585587,5.4178019623799285,1,0.18968329632360612
baseline,0.220708883005652,2.6118815598337033,4,0.37007059831087213
baseline,0.2225184004806629,7.177934156362119,3,0.3474567063591881
baseline,0.3704660088775501,6.287449957090035,0,0.1927098508358576
baseline,0.30998684117846614,7.037555047083624,0,0.23020923390930098
baseline,0.4216082157890636,8.701909369275501,2,0.44353821277509364
baseline,0.2288868035255349,2.6666372024432743,1,0.30820468897234204
baseline,0.527963439487491,4.310865027346351,2,0.09708473616397878
baseline,0.22924696958765223,5.072283041061627,3,0.4554401865982621
baseline,0.081463948711196,11.715558476492765,2,0.3373097009967169
baseline,0.31143490768259713,5.012741596173946,4,0.09940669250751095
baseline,0.4651026685444236,3.4973340773689046,1,0.18284348206987178
baseline,0.22553703671940956,11.292852770626476,3,0.5703774868320896
baseline,0.16485149349085376,5.554803485113313,5,0.32510144530365825
baseline,0.07085099956907998,10.892756799472702,0,0.2843247846698191
baseline,0.17829072519967087,6.548094904719346,2,0.2207467185778004
baseline,0.2720034699711815,5.004344523963267,3,0.04708527189938175
baseline,0.2959240401204294,3.0791161388053414,4,0.6092989962264133
baseline,0.32958588589362653,3.9541564739379798,2,0.15779388497069385
baseline,0.43654842762813334,2.609525475965895,2,0.16736303594210783
baseline,0.19954266150603683,5.497889711771176,2,0.42279126097733016
baseline,0.37506591545298784,7.322611086102506,2,0.23425035581544457
baseline,0.2828284007224048,9.383414789696044,1,0.2743116644908818
baseline,0.4480988106192218,8.117922455978045,3,0.30072101880699303
baseline,0.3272540589806012,12.093431524715928,2,0.18989260840532682
baseline,0.3351433652423314,8.834973730487675,1,0.1960245072360664
baseline,0.3325358963108573,3.085109159464145,3,0.3409856488503693
baseline,0.22734645913032148,6.887817753362924,4,0.15799586216961203
baseline,0.201996384138527,5.657350613964148,2,0.4083250928445756
baseline,0.2953887595443333,7.100264727686302,0,0.5233772674307546
baseline,0.19556038661729996,6.0208716462725995,5,0.6676058615964973
baseline,0.4498204189968317,7.215586117137269,1,0.6583989531371264
baseline,0.15918069532073323,4.229850000912127,0,0.18878193885436897
baseline,0.31830523412663536,8.835577533071234,6,0.08251672905368178
baseline,0.322539043097011,6.178225449405578,1,0.08898586399950795
baseline,0.2453726407204971,6.8394714513549895,1,0.431678145212206
baseline,0.26196680108078746,13.275600248010841,1,0.13205044934706606
baseline,0.3158609666271313,8.278256924893643,4,0.04460229901592269
baseline,0.38876214912103013,7.56400406710251,1,0.12192661704163593
baseline,0.31314991106283535,1.9510914159614519,1,0.40415411139490504
baseline,0.3323562436392912,9.618341438263302,3,0.30804814718647683
baseline,0.3027238371191216,5.501558449150992,2,0.16548747823615842
baseline,0.5656651253761183,11.079499875939533,4,0.633643550751145
baseline,0.1791238014403343,3.219778204044233,2,0.2189954210588211
baseline,0.06551225870168242,8.328590938378996,1,0.35643475995061874
baseline,0.43832601791101455,10.548866446129923,0,0.07372598213179908
baseline,0.42024399618036806,12.386322360235066,3,0.2626728680449793
baseline,0.3318924697167526,8.048873663013437,2,0.05208406449648522
baseline,0.15979845881031904,8.254949826190025,3,0.14485743608030074
baseline,0.43527903485521346,9.55441723775565,1,0.05268290681514855
baseline,0.38427392956579703,6.658480978839163,0,0.5161341338573842
baseline,0.37025761843068583,2.45924955093262,3,0.14867194237709905
baseline,0.43113789246115186,9.120332345616657,3,0.3872001392986971
baseline,0.24327306588319583,8.387431912019128,2,0.4281695175940239
baseline,0.19166607708143862,8.976027942852532,2,0.1720752804192455
baseline,0.31404730262578445,14.562911533104872,5,0.18841665051016676
baseline,0.286835636542783,10.473280493557152,1,0.40257529542542647
baseline,0.2321879337948609,8.51133031214202,2,0.4663175965536586
baseline,0.3084196059323248,9.421760335077401,2,0.14024582963190368
baseline,0.17724602034160003,11.033036239957461,3,0.07313478307059368
baseline,0.28414124429881793,6.05135620114499,1,0.13382354944885866
baseline,0.391014852980747,7.366273625923719,0,0.4377830037292493
baseline,0.15516019462368308,9.640184235357994,0,0.308679669528914
baseline,0.21122955027883877,10.085166796529652,1,0.2565147598952656
baseline,0.19516139934780885,6.402235024352856,0,0.19968506976623804
baseline,0.12394116205009637,5.830468773330418,2,0.07152583020063459
baseline,0.31902048977689523,14.219044495078219,1,0.14351257119952016
baseline,0.2760539461780033,4.010802187170692,4,0.35684380345187927
baseline,0.19138652952386587,9.605622346467765,3,0.17478727653376955
baseline,0.3441724579508313,1.719000018491057,3,0.46849496168421717
baseline,0.23454233762844842,11.353491132911179,1,0.5746610253390516
baseline,0.3030956553511705,7.354972877813747,2,0.3460696007505467
baseline,0.24001902615443937,9.338650648380774,3,0.3912159814170858
baseline,0.32338881658014523,16.399377091941027,4,0.2611397088385102
baseline,0.39379217340480466,9.997161477630627,2,0.28732555697591483
baseline,0.16404247762595242,12.689195197407582,3,0.1986810742158558
baseline,0.2995665944925277,8.736571658905781,2,0.3353294556733082
baseline,0.2581867650423676,9.169823965874647,0,0.20552648851449148
baseline,0.237269292909841,6.409721943027152,0,0.1843309258158011
baseline,0.27517567800767795,5.5122214927741915,3,0.686940952513143
baseline,0.23716154970380265,7.91845808069162,1,0.2112501730564302
baseline,0.4038473848597123,5.4564771656048086,5,0.360908072184774
baseline,0.27122377079341453,13.360432104933075,3,0.22308161711184363
baseline,0.2655333823658586,7.593378485152886,1,0.4476087861121013
baseline,0.45275512985831834,7.328531472456159,0,0.3228822661286189
baseline,0.3567814679219776,9.777624842337506,2,0.16584998151825212
baseline,0.23476770494524957,15.062321222678271,1,0.1682877640155518
baseline,0.25802388408689375,10.379321277483289,2,0.41446562549883686
baseline,0.30835590229514415,6.11228776041324,4,0.12186756861076774
baseline,0.26495637683004947,2.068718639639753,1,0.17944358696772153
baseline,0.2326993576945613,9.573537480835347,1,0.4018656016083135
baseline,0.27675773648305657,11.831433590476026,0,0.5760737898591317
baseline,0.21061112832750228,11.316334283643256,2,0.4346628532793848
baseline,0.4396406324000032,9.18749741149447,2,0.440179151912866
baseline,0.4147548607203447,8.128662832017053,2,0.23434869488326557
baseline,0.2133893928854137,11.183885487303717,1,0.24208699695407104
baseline,0.37681029052609555,5.957868781777576,2,0.28232584534194705
baseline,0.25800857683908984,6.499803718088906,1,0.396174420479062
baseline,0.181341496937783,3.7041384704183704,0,0.37007993161945735
baseline,0.27904047614637584,9.855850079062886,3,0.15272046613188633
baseline,0.3680758066926868,8.418481522486232,1,0.5323760350807256
baseline,0.41962626765012984,7.670174684525346,0,0.5153357172957888
baseline,0.28010759578197075,9.160274608670893,2,0.09165026069660771
baseline,0.28430253655138493,8.689777757316397,2,0.37336310286626606
baseline,0.3731592526526719,6.639387666947455,1,0.151391787547655
baseline,0.39906302183282216,8.951915804491874,2,0.6717970633688884
baseline,0.13111128735143526,9.95891628041526,2,0.3887106158618336
baseline,0.4098463530363216,8.205218502345692,2,0.2009602009545219
baseline,0.18434496298994524,9.891812175391076,1,0.06294328131860363
baseline,0.3997882691213881,8.617146438782445,3,0.3134305079986895
baseline,0.4449785728955933,16.498958204720278,3,0.28918741860774166
baseline,0.3024626627688136,7.489788020967969,1,0.36766743778256616
baseline,0.22339388668573046,9.539802776385088,1,0.1717162789326634
baseline,0.2645217178853758,8.554812486665533,2,0.5905426075262059
baseline,0.41048507678752616,11.263206206945252,1,0.18334434795373436
baseline,0.21526681352080612,10.978514962169095,1,0.3747230156935072
baseline,0.12765041604440366,7.496102256329755,2,0.30958262582497575
baseline,0.34337907267670414,4.624618463941921,4,0.1980179178583868
baseline,0.2953438290874223,6.999529217606336,0,0.2608075390491424
baseline,0.23278614023936162,8.027698157077067,1,0.25579889179793563
baseline,0.3869692913802335,11.207208844087395,0,0.44221024100705525
baseline,0.37976865737465226,6.5156071763798815,2,0.3744623761474739
baseline,0.3035845659289726,10.236665987562018,3,0.7399745868918686
baseline,0.27741013004421866,7.392591733249081,6,0.5499957172034344
baseline,0.22262905479943695,3.4048396275684087,2,0.5153655104939582
baseline,0.27883405483618856,8.089495982554853,1,0.4733866802491196
baseline,0.07547567196925728,8.999549178914863,3,0.5450301273324938
baseline,0.15069199489481933,4.997251470819771,0,0.4222493773692594
baseline,0.22176508776069503,12.788389514485797,3,0.28901752874486447
baseline,0.3320194829216358,12.561833336440866,5,0.08766370307226619
baseline,0.08483241333366143,2.223115569359207,0,0.579127607714836
baseline,0.2587922516237494,8.039225843191895,3,0.06736738402456038
baseline,0.37331996593610123,11.721897659243712,2,0.321375501698948
baseline,0.2922321396337691,9.74314001355954,0,0.3899852079279289
baseline,0.2123740361739301,2.13934233766439,0,0.37498242485140965
baseline,0.41376512347052735,6.865704042767399,3,0.4188926079462347
baseline,0.3914232375476713,8.882187261046658,0,0.267964103181144
baseline,0.4069025856249339,8.281900559943661,4,0.44500622658996525
baseline,0.28474924425615256,2.855534280830711,3,0.30926955480292473
baseline,0.2426251068763276,12.743842838341926,2,0.16336483318236256
baseline,0.16916132993680497,7.409539698671002,2,0.07926815889389088
baseline,0.24996271253279698,12.01386505899162,3,0.18417435545658994
baseline,0.2664226524117521,7.70033427576794,1,0.45754368661340256
baseline,0.29509505175646067,4.838419532964015,3,0.4221815076131808
baseline,0.4061737632233494,9.580965998870013,1,0.29854463131461995
baseline,0.315002331532988,8.364816975515888,1,0.1866835245251166
baseline,0.30392685336290437,9.997746939750975,1,0.46679938308545266
baseline,0.19450415773581664,3.6202799458253976,1,0.2676301405855369
baseline,0.20500122397175174,14.776097831842932,3,0.037163115415411486
baseline,0.28308949046580023,6.513858140007922,2,0.34019281604057006
baseline,0.33980481358717995,13.653560909965147,5,0.1886084217796695
baseline,0.3388489098289849,2.6991340501011525,2,0.4268274745267552
baseline,0.2635583651626151,7.603198648006804,4,0.02769129091422242
baseline,0.26330842737282373,12.24117749946426,1,0.17106344374711124
baseline,0.08443719196272739,12.663074242030142,1,0.448797533487868
baseline,0.5012733954267526,10.200289667806093,4,0.22283677262985038
baseline,0.28373757852935755,7.414260093990395,1,0.3559729844388934
baseline,0.1754630871392137,6.199748078656446,2,0.3619419932054891
baseline,0.18000580379640685,9.843121596014868,0,0.2910701049028214
baseline,0.2945104982234237,6.963959748376178,2,0.39552723525861105
baseline,0.23512940353568848,8.03062514177136,2,0.2983574850594709
baseline,0.3067898903456509,11.948215921482173,1,0.20887064167588026
baseline,0.1509353775044489,8.519214155532694,1,0.1872197124406362
baseline,0.2815769696521322,5.257315088142656,8,0.30114879054629823
baseline,0.4197451991773216,4.623779892398639,3,0.11485984671113261
baseline,0.23418810503494158,4.423218208699623,4,0.3189430515335185
baseline,0.1963599405818987,12.501859850368527,1,0.1111164442186486
baseline,0.1897993672357035,5.794544066357792,0,0.14970894182497893
baseline,0.21426201835355252,5.2950378633276465,4,0.10396568828279747
baseline,0.2636916590544578,5.362963643986933,3,0.45330311933101475
baseline,0.4113120904888976,4.911788675530501,0,0.3407963359448753
baseline,0.3981318949615216,8.723614306804159,1,0.1472119301845371
baseline,0.1396228424471302,10.680699734400768,2,0.20110645773597452
baseline,0.2718665355442921,7.712489609612963,1,0.1459773858371142
baseline,0.17536316373001407,11.0292039077016,1,0.13379837542919504
baseline,0.2718553785997447,3.2524123029779037,1,0.17939155424721312
baseline,0.21322500539670478,6.555431392679227,0,0.06855789996505139
baseline,0.3521468054949379,6.4584064258015035,3,0.13475113734816427
baseline,0.2791822934994671,14.837580906677541,2,0.5526250679626384
baseline,0.4169634804863052,7.617749396054561,1,0.6914038134874019
baseline,0.3154931380426283,7.248904423018475,0,0.22791001816518155
baseline,0.45463299887306974,3.240288564541209,2,0.3975860401056222
baseline,0.30657829917848356,6.942993147539278,3,0.4765522716173778
baseline,0.20940592229579985,3.0683876495260023,0,0.18843776862043526
baseline,0.4493233083653866,11.088224904356903,3,0.3982464395614948
baseline,0.27636306155588247,5.366118884114115,2,0.15973191112390003
baseline,0.10217764046967248,1.8971775163497897,3,0.07504969893999851
baseline,0.33910677238596476,8.269314293388913,2,0.3061042854093183
baseline,0.41100113905699487,6.770167974610852,2,0.36890718518316945
baseline,0.21525803814969519,4.535662434062633,0,0.45589576011922467
baseline,0.27177660789726266,11.62378672124574,3,0.3367434786111231
baseline,0.3608006457754537,7.257961798369781,1,0.6306746041057117
baseline,0.29985495641673393,0.8632288420375733,2,0.3599105177936382
baseline,0.29737590316836277,9.057939160194145,2,0.06204441247568255
baseline,0.1360066158540181,6.923577704384798,2,0.2967162051386379
baseline,0.1816788514215757,5.0604259203843505,3,0.3337698626263016
baseline,0.15760615791180652,4.448209976683265,3,0.5292784534107019
baseline,0.3836708538664569,9.622156900887306,2,0.3168377636464484
baseline,0.32174244564274035,6.296423665655656,1,0.25552029341470855
baseline,0.28430272073692364,6.757740282685624,2,0.4708993977225715
baseline,0.3964860854998171,12.318512200155894,2,0.12455875519338422
baseline,0.4596379287438908,7.702702139172982,1,0.28301962533898156
baseline,0.31527663793088856,9.19784303141787,5,0.25091423512663125
baseline,0.17678839403533142,10.090613457894207,1,0.31114565788924364
baseline,0.2801624150666293,2.6867309896358895,1,0.005430594669385774
baseline,0.07982170730369814,14.628360563660689,0,0.17979929338852024
baseline,0.22876011014906425,11.074241469553694,3,0.12109624848250049
baseline,0.2864350936564701,8.107033718567655,0,0.20894979256445229
baseline,0.1309928022342335,6.3877224275240625,1,0.22721307417075165
baseline,0.3163713689578307,8.056523071136711,3,0.6174223546628619
baseline,0.3754526333706571,9.587169692729955,1,0.031248889595487234
baseline,0.23206323950998897,3.6311490097721393,2,0.25646979653206015
baseline,0.237251564010286,5.166537071123729,1,0.6475404345786948
baseline,0.37962337236233884,10.71127581931375,0,0.3274509438594481
baseline,0.34464927713666077,6.349032048772191,2,0.29629915955486547
baseline,0.42569085084210967,13.307404820433394,0,0.0435670293158611
baseline,0.4125088744657223,0.619286665947774,1,0.1754711639483259
baseline,0.16233493037195587,10.678796563539098,1,0.10915420850693167
baseline,0.23359772154510208,7.32109183058114,5,0.26602432736522585
baseline,0.1895690788482398,0.0,2,0.39027902499907896
baseline,0.268663578090354,9.483323044291144,4,0.34790316255275494
baseline,0.13725751644944795,9.577686327691007,1,0.022186377707356913
baseline,0.28278619752038464,5.7882541170271065,3,0.1539938396927736
baseline,0.26802343000740686,11.996369718524353,2,0.3140895551997868
baseline,0.3636821999748897,6.852727560531907,3,0.15644576484163797
baseline,0.44681202323866986,10.59669370103119,1,0.5254420666407105
baseline,0.46261908287489933,7.056831465810507,1,0.239867219155744
baseline,0.07244506868884024,11.768009236432032,2,0.38763413812751224
baseline,0.32102841615540423,9.394976077885449,1,0.39546301032371184
baseline,0.29887969578254775,8.07125746730488,1,0.06462836777958876
baseline,0.15469573613814686,9.56554593021294,3,0.3026101570222291
baseline,0.45086432355394074,11.714578346213475,2,0.4579714513478514
baseline,0.25576459854146916,6.346144930947323,1,0.309351476341022
baseline,0.35883216118572486,13.647629805652175,3,0.17808762302595157
baseline,0.4048672135936515,12.86860333484579,2,0.32966307648124915
baseline,0.27779192890677745,9.773191757920936,1,0.16073843871478918
baseline,0.4640288694182149,10.608267505990742,2,0.06758646474995586
baseline,0.09462774010210956,7.40342418760899,0,0.4769054282958895
baseline,0.41996393789056885,14.288806365331707,3,0.1528044598727276
baseline,0.16902253716913643,5.705691907451515,1,0.43511612624558466
baseline,0.3874219309835595,9.749434637040023,3,0.11192433271168639
baseline,0.20143455831297302,15.826235882896453,5,0.09321521299364843
baseline,0.26499751099723895,3.7158197128014407,2,0.0598942276406287
baseline,0.38177687326387194,5.9680257656655975,0,0.30238894961619445
baseline,0.3895202940680702,7.53583121118173,0,0.28895709533364
baseline,0.4821441548092639,4.329284619751833,0,0.13011863287002615
baseline,0.45911976979459396,6.149124711973033,1,0.1372120300404152
baseline,0.20615754083474377,11.096275994914427,2,0.31383634799721777
baseline,0.27198492357227894,8.431144750278838,1,0.12081633298589481
baseline,0.3855959091449256,11.170076018523176,2,0.03683541525944069
baseline,0.3196873998990901,6.625397366684322,3,0.5857044224853577
baseline,0.23425459722283912,4.68015262877919,3,0.3266475656790846
baseline,0.32210693083949316,11.077055577152567,4,0.23615179571733802
baseline,0.37934182394259636,10.042155746307209,0,0.72614628794708
baseline,0.3924115965685244,6.447379441490388,1,0.11028323142387647
baseline,0.45299035478973754,6.869439406143375,0,0.11752012166255468
baseline,0.22289060832309587,5.234105172617944,1,0.4993853397945295
baseline,0.2983684995145764,2.676229531024357,3,0.14126095457357063
baseline,0.34982777977147067,9.614167392254357,2,0.542707975090603
baseline,0.16550269449789667,7.1607707849997535,3,0.2635561579956239
baseline,0.2404282444510767,10.297558986750719,3,0.4115724323444641
baseline,0.2644904455128565,6.70307565131627,2,0.11852581736812226
baseline,0.18244284829595803,9.197722199750142,2,0.1018478183826797
baseline,0.16018018559521585,8.782361903953689,3,0.08471176089787323
baseline,0.42714081049634145,8.73714171272221,2,0.27795263835777106
baseline,0.15060330165537558,10.001305028881307,3,0.07471217295904194
baseline,0.40593246630580976,4.310225850951714,1,0.04669867940176364
baseline,0.36698354792405025,8.893581564812822,0,0.044699547670792955
baseline,0.21839480786533289,5.344294602393537,0,0.5089889333783713
baseline,0.3776589754151392,6.360547907892739,2,0.14053285802385534
baseline,0.23114388378490636,12.425227487164898,2,0.3104692792123921
baseline,0.2644775010912065,12.061690266710265,0,0.3611699096782083
baseline,0.24558903657448983,9.249238332916379,2,0.38270339384184116
baseline,0.23421455709946265,6.647172825736603,3,0.3347937904252583
baseline,0.40223869886935526,10.620501621739367,2,0.3177130132876766
baseline,0.31796422569166755,10.756144722426676,2,0.35794785567390747
baseline,0.3610311583389541,4.459388372344006,1,0.11103464560947107
baseline,0.3309640181778455,13.237910941403081,1,0.5445453837407435
baseline,0.6120260487770177,5.457380008163854,1,0.22267758968744558
baseline,0.19634442872304617,10.175940844454566,1,0.477095124068415
baseline,0.3573940579379253,11.422889463628575,4,0.1315511117390199
baseline,0.4645296819796353,15.447563514058142,3,0.09100085035502593
baseline,0.23724141260626425,5.803557582825393,1,0.5295113343076454
baseline,0.3023480302297433,9.035774959724773,3,0.4304398806161388
baseline,0.47006811008165267,2.001263969312342,5,0.20455568032906002
baseline,0.5144585626221725,8.090456970910646,4,0.2936539293483884
baseline,0.45897800980979386,5.73313687723746,1,0.3641564492441822
baseline,0.5370524017766419,8.174457212070516,4,0.5899227418697006
baseline,0.3538721893556587,6.167103117901892,2,0.24352424318499855
baseline,0.3278901043135084,4.5065612553838665,3,0.37625078174636817
baseline,0.4317875395203076,9.159610307472615,2,0.31726680675640234
baseline,0.4845094595298681,4.605655364149244,1,0.286340758904256
baseline,0.2412188927291158,5.530448490773326,3,0.19072297251728387
baseline,0.5224327799876708,5.06927770468861,1,0.24757013881524859
baseline,0.34082780886192166,10.766105290462038,0,0.4661751153829176
baseline,0.21656879892049724,7.962916342190572,2,0.04676715595925724
baseline,0.4747946371122628,6.05639927703535,1,0.004182287531522517
baseline,0.2930789920436615,2.468406063459378,2,0.43121605070802455
baseline,0.22760716588400398,6.798329615560443,2,0.07601752274745335
baseline,0.39632809628667387,7.676612551303519,2,0.023070333735088416
baseline,0.26142213451410384,4.3915304004822495,1,0.197510322984444
baseline,0.2138077837822259,4.789079640395311,3,0.41870380479844316
baseline,0.4526808674479865,7.594638592092848,1,0.16836284364854862
baseline,0.176899195115695,7.974812141137214,2,0.38560600547494933
baseline,0.3086147634287377,9.323651955145216,3,0.3052440194231222
baseline,0.426919356313085,6.294634840762799,5,0.37847290343367346
baseline,0.3530207569530403,6.824779110486285,2,0.5459913089107215
baseline,0.19607333667772409,6.669825426053604,2,0.057629113917505956
baseline,0.25476864173162744,3.4184143161008267,2,0.25122352131454456
baseline,0.2394635566397993,9.079185638105585,3,0.3417571335200022
baseline,0.3918605548713692,12.753588109739916,0,0.34647348050774157
baseline,0.18408886302053667,7.4010018310339,2,0.18747224512837762
baseline,0.5391037725948196,8.586440613502775,3,0.285691052242326
baseline,0.27476585597172015,9.529137830109804,1,0.3971064136288664
baseline,0.2935134068898751,1.1577932965777542,4,0.09982150403391267
baseline,0.17155300161605125,8.850784803646793,6,0.2435532801053414
baseline,0.3318503639657142,8.102998636999068,2,0.2957234169702441
baseline,0.25906532063138404,9.907653631954444,1,0.32106732361290896
baseline,0.24351241938102813,8.623217329050101,1,0.4049565974391876
baseline,0.13361944966074604,10.320368654216578,2,0.1572134600485011
baseline,0.449382450633504,5.88629347042174,2,0.5425080856607513
baseline,0.3103126868718127,9.678576405059696,2,0.5422333098753932
baseline,0.1811204366301345,8.331284635994997,1,0.3530084029911894
baseline,0.2360776519275949,10.544940125826596,0,0.25241340043210275
baseline,0.38161088387061465,11.091330104461314,1,0.20192452558620183
baseline,0.29385664142663687,5.900942705617977,3,0.09296289264399271
baseline,0.3456372341666489,3.641587887072479,3,0.03957392329251966
baseline,0.18743300829494514,10.517924159326137,1,0.15848655525560432
baseline,0.40382932027762697,9.333876440928297,0,0.44194329223874596
baseline,0.1407259579974552,2.457441687692876,1,0.19485749406431846
baseline,0.2878886126291399,10.165879457850323,0,0.30064395891940093
baseline,0.11161233845137619,7.865233440439593,2,0.5328801879876175
baseline,0.34075884778467874,8.879971439628157,3,0.1356423707102046
baseline,0.34682050252219765,13.025494382627114,2,0.299013329583342
baseline,0.29662072605805856,8.76281214964193,3,0.02209937151771739
baseline,0.35193628179320285,12.076003078689492,3,0.19376419511636533
baseline,0.3876714671624407,3.8093543229212674,4,0.17130590684974686
baseline,0.1903702446220707,5.811778225547675,1,0.6322436590745963
baseline,0.2551274473352597,8.745163896234947,2,0.6023113477779514
baseline,0.19818538480706172,7.455486854421894,1,0.16671342464582115
baseline,0.412660327058315,4.6602885456902206,4,0.3893528781704652
baseline,0.09317469080452495,5.795770845727112,2,0.4884125042182814
baseline,0.17897694676768322,6.902350103690053,1,0.24008488276253165
baseline,0.22225607272592,10.482212170567658,3,0.35728615587749557
baseline,0.25222092116914324,7.278788811194569,2,0.07538644521754438
baseline,0.4396965822626784,4.70173637031665,2,0.12198751612913439
baseline,0.19172661290686294,4.289754838775789,2,0.3016989413275815
baseline,0.27173453012580684,5.313609619338855,1,0.6708137055490629
baseline,0.3020095867623319,4.833530171075545,8,0.3684113951973705
baseline,0.36573614500712853,12.387834439851826,2,0.3619681607867254
baseline,0.2902336959781612,6.6285281903140865,1,0.44389851481350245
baseline,0.32275468189861417,6.7140568588518095,2,0.293352791882252
baseline,0.30248964510973825,2.061323527781939,3,0.43853913132090216
baseline,0.32591034920660333,12.59766781758813,2,0.21653423063030536
baseline,0.3169710964381557,9.111057559110728,2,0.32169519980922373
baseline,0.13292738647142716,10.34896914669503,1,0.3735323259892572
baseline,0.3208754326715868,6.431091678776969,2,0.1312528547200692
baseline,0.2838978540668099,9.345163021208846,1,0.20358894547076978
baseline,0.2741751746131694,3.4395341776709474,3,0.25683498824928735
baseline,0.3509381802626101,10.024257913309828,1,0.012066340883423336
baseline,0.3963230497023875,13.403774213457934,1,0.2418936700191827
baseline,0.4383819217136472,7.893735349482379,4,0.2319310404517037
baseline,0.32187154594648937,7.801395367115571,4,0.6091172739870596
baseline,0.29520000410572417,5.244291170644603,1,0.3629416825854079
baseline,0.3263125284420672,9.164991479802628,4,0.013946710390027579
baseline,0.15863101757991335,12.182745322191428,0,0.042281053071359216
baseline,0.2644974733807423,4.924871249973639,3,0.32616902686797555
baseline,0.18683365515228584,16.42865732684468,2,0.13104616240257233
baseline,0.5092625888856054,8.349576032962725,1,0.37985250947431504
baseline,0.394924738404552,9.081224827495761,2,0.27616912452020215
baseline,0.3354130208893634,11.319273530210761,3,0.5050961750420148
baseline,0.4388900846025192,6.056677059083958,4,0.23448565978480554
baseline,0.42967863817789487,2.704485297397909,1,0.35516033941862896
baseline,0.3360828106256885,7.234069367165485,5,0.2629631969045812
baseline,0.40774320969955924,9.992164817336509,1,0.6825762434700062
baseline,0.3432037926966869,14.695805768295898,3,0.3163501971116999
baseline,0.42598668452934274,13.306130165325603,3,0.06382517328885748
baseline,0.27338163908695695,8.062856237997387,3,0.2635191633438939
baseline,0.3165040551171047,4.501096748655317,1,0.194614925136929
baseline,0.3435566133890794,13.19639826036933,1,0.22943586426915755
baseline,0.3880167114784449,8.891382416506971,3,0.07744292442331001
baseline,0.23171922830362046,7.970862810206566,2,0.16664162180287384
baseline,0.3355636141068175,8.02995395236997,0,0.29612190917614195
baseline,0.2288353741909041,11.237075600308257,3,0.4919159485408447
baseline,0.3082018953409689,11.925439759904126,0,0.2035410429478234
baseline,0.11680321747402042,12.267197613079773,5,0.5708830688209167
baseline,0.07688961622281701,6.842877756680508,1,0.3871879300881212
baseline,0.25162394675538924,10.309706138712073,1,0.4581024685514374
baseline,0.3025400409731739,6.574403995510282,4,0.0444430494324729
baseline,0.18922255031593632,5.53456227253869,2,0.13313792424908413
baseline,0.5214654210309148,5.994297181373258,2,0.12074448670213678
baseline,0.19164728029843175,8.900466554431935,3,0.35887634261630513
baseline,0.19097658119930705,6.9715380218018135,3,0.22755149761387855
baseline,0.2887955471763222,11.029166511429993,2,0.5628504173353972
baseline,0.24043094268906662,5.900756171842625,1,0.29221141582730886
baseline,0.3292973322896087,8.096234596309836,2,0.34890239486090047
baseline,0.19279419008479362,7.457389306847688,0,0.4960408449744703
baseline,0.37412312997267316,8.415753250253442,3,0.11428845726788432
baseline,0.15606079390718564,5.033098790504544,3,0.12880017000318048
baseline,0.22105248036622838,9.23901846226386,2,0.4315953097673039
baseline,0.26445600646937273,4.5706530611147915,2,0.22522119399645024
baseline,0.18887769392478565,12.906147941272785,1,0.4658406293987891
baseline,0.3350761822138062,12.019336008380275,4,0.29650468557709586
baseline,0.29503648784726605,12.619120947048305,4,0.5030327320009665
baseline,0.36139467976758993,10.849148545238233,2,0.35263924023982046
baseline,0.18267129410020388,2.8995192737932394,1,0.08624532003879157
baseline,0.2609553482108976,5.494938352201607,1,0.25957069495772295
baseline,0.2792220749805663,5.882553146493015,3,0.3679022435728297
baseline,0.3731552405925661,6.250734554140113,4,0.5381465303489537
baseline,0.30389471126769624,10.550859428429971,1,0.1593681975462321
baseline,0.34567067719970607,7.635078728885393,4,0.5551834745245201
baseline,0.3533699990380429,10.907773617937275,0,0.2957944606630597
baseline,0.42065672232905926,4.922541169711799,3,0.34026330341985345
baseline,0.31850292291235216,8.787342252970042,1,0.4164936633492508
baseline,0.11921674764280721,11.298012280976643,2,0.14659010942768183
baseline,0.2480434332653513,9.089071617828552,2,0.4920797995775827
baseline,0.4657159188473702,3.3691273973267686,1,0.5643383327765449
baseline,0.2614660537876972,10.28433470731775,2,0.07682783839873157
baseline,0.3654900967449053,12.882336688975943,2,0.05830578460111716
baseline,0.4878715292463844,8.151487346420353,1,0.45762361022748177
baseline,0.2748616751498393,11.85356933057723,4,0.2584101543809566
baseline,0.2866562762865921,10.932566749777664,1,0.09211887368327569
baseline,0.24870616988329886,8.121750693536743,4,0.331010123126549
baseline,0.42357508181332104,9.386327643593052,4,0.18411269776904549
baseline,0.31117274924390886,11.153636565948439,6,0.4826487497322671
baseline,0.2164139599742223,3.3880931872168514,1,0.42819835692633595
baseline,0.2523538025384988,8.052117096651063,1,0.5837103451529462
baseline,0.2311300148060264,0.6023570189785712,4,0.18111789327193534
baseline,0.16397426987833916,9.479466607828861,3,0.7345293513102051
baseline,0.3720314881974326,7.133686308330652,2,0.3877351953226458
baseline,0.4116332571738451,6.740838468688017,4,0.24706830987222167
baseline,0.4783265556154167,4.367953674828544,0,0.19979783873749735
baseline,0.25679749254694956,5.482867096798787,2,0.03963550698182853
baseline,0.40405685418560444,9.717158591749048,2,0.08654247663715403
baseline,0.5495409949360301,10.18799229662477,1,0.17804004534041956
baseline,0.09574179662216295,10.060604129863405,2,0.13312431943810638
baseline,0.1984321341027695,6.068186501253555,4,0.5016983603196865
baseline,0.2085285380300509,10.92833960863149,0,0.43490299838278956
baseline,0.5048707115703289,5.121775375132295,3,0.35227711302871306
baseline,0.3520604783248249,10.601413993845206,3,0.31302905504516226
baseline,0.3050977764836403,9.080158370154143,1,0.38360078312010654
baseline,0.2813063473326083,8.226881261741518,2,0.37563147270660635
baseline,0.24715480963175776,8.820707828379847,3,0.34709108413003636
baseline,0.19312992438722387,7.552970115431586,4,0.44804477664002995
baseline,0.27059706403339,13.70838144627426,3,0.21162909165449323
baseline,0.1724736361940244,14.190181753175327,1,0.3227854722202447
baseline,0.36593308595855,8.763297250487556,5,0.4500275802998327
baseline,0.3206297860934763,5.2021783175707625,2,0.2642206480031023
baseline,0.33507040550997613,7.412427772002255,1,0.2502894386634318
baseline,0.49415819893797275,9.13870768243955,1,0.18994064126568025
baseline,0.4231166267739969,10.398789472443664,2,0.30978195248390344
baseline,0.3795385474732176,7.712941568925544,3,0.3182910255900281
baseline,0.37216912777921946,15.765763820866665,2,0.2821676087838991
baseline,0.28722479865814055,7.889740824390358,4,0.3963818763698096
baseline,0.4258232760721431,0.0,3,0.2658796621349327
baseline,0.34141058842485705,6.511680676076823,0,0.18172625803178016
baseline,0.27479960065535025,3.794383452800986,2,0.4742895684497997
baseline,0.3025906313472927,4.003362719765524,1,0.44812073994627255
baseline,0.3431360776733436,12.89379207083947,3,0.2696610776806301
baseline,0.24536412377013522,8.960162269726364,1,0.39942358022961044
baseline,0.3974134171104148,4.910064718853057,0,0.44337039893974645
baseline,0.5775086595092389,4.662408007790754,2,0.472978621266635
baseline,0.19257929039737648,5.424446730253539,3,0.5112218565677824
baseline,0.24249304461761026,11.24519837520991,2,0.21851129176621556
baseline,0.2815789733677653,8.083550021662383,4,0.5045622157380417
baseline,0.3193758751191631,9.404370915340166,2,0.1785409704378515
baseline,0.23213412673281214,8.124723475849999,1,0.18151593874617136
baseline,0.41773017689690806,4.438979811416395,6,0.05859454793848607
baseline,0.28930245062943455,10.615350725119896,4,0.30539069462830404
baseline,0.410184921244978,7.395064860020193,2,0.09345134566972021
baseline,0.3855129890816869,9.250055814576017,0,0.2259667120918787
baseline,0.2684350973926847,4.087545013250275,0,0.3969182237942122
baseline,0.35768387082954306,7.453409800381064,3,0.05317412320890628
baseline,0.5422791692715185,8.939669053992805,3,0.4441714443223346
baseline,0.2681444998171533,2.4436625036274613,3,0.5874465011543712
baseline,0.2307539824699092,8.567863080842812,2,0.2803076342336105
baseline,0.5235110492957289,13.648373546392062,1,0.42841187827015514
baseline,0.28561464395371133,7.880490582967795,0,0.5805139659848761
baseline,0.20802041535032637,9.310559123817908,1,0.18887390902391293
baseline,0.10150118034672279,5.40863689577013,4,0.11441150353897847
baseline,0.3638478467182113,10.086701032965077,3,0.5418500240694605
baseline,0.3274200419171136,9.565786161149019,3,0.2991927065502672
baseline,0.12490287454489973,12.121096154544773,2,0.35508139030974767
baseline,0.3232767506014244,6.245494970761761,2,0.2231296675931947
baseline,0.1171582028519417,6.850849140383106,4,0.3217863822237744
baseline,0.36493647034222115,7.344075118080491,1,0.7400748232564474
baseline,0.42755534524014904,9.116865746942175,3,0.48555034335105457
baseline,0.3146764236643644,9.154660747345215,3,0.21644893911428373
baseline,0.44781102258831185,7.215783262010821,1,0.29844421064896925
baseline,0.1313453537936492,8.523133387901726,4,0.22136825828500153
baseline,0.0931246629671369,8.520328666650892,1,0.2161935107660813
baseline,0.39871404121160287,8.471016800218106,1,0.43208811109128237
baseline,0.1463386274605279,6.447112659778236,0,0.551120823633236
baseline,0.281907429646538,2.4908292265720764,1,0.12266116065685714
baseline,0.4792228333097778,9.82076323772015,3,0.14330195699683476
baseline,0.3651904341305222,14.281337674660048,3,0.10954146361286574
baseline,0.275439378780293,9.76728136620518,0,0.21021343691197997
baseline,0.2790291869188286,5.1733575095964754,3,0.4457052016262168
baseline,0.41283121194341565,7.038726442535454,5,0.23808330430227068
baseline,0.2127014833885535,10.219619648251784,2,0.3223952384501898
baseline,0.33037332355009214,3.388587903329908,2,0.1702433415978109
baseline,0.3127779879545748,5.834343151841846,3,0.5979319216021538
baseline,0.32383256452751047,4.625435502772776,0,0.554891545177227
baseline,0.2774258617253821,11.477025324590171,2,0.20486923250943195
baseline,0.21928055461203066,5.883488098826957,1,0.16510778912552965
baseline,0.1488288938339788,9.614937576950155,5,0.20874014419309744
baseline,0.400816038218945,10.387527849582078,2,0.11730449876487778
baseline,0.26671360240700626,8.941101377056086,1,0.12786722177313714
baseline,0.4053742638623639,10.198545694352722,0,0.13352329055843495
baseline,0.3574763377110002,5.939463401276026,2,0.2054240008340081
baseline,0.0781396758416468,7.604027546883327,2,0.08003636525304851
baseline,0.3569462551016156,5.669036530223055,1,0.2962266868148042
baseline,0.2673875373693689,13.341146308686959,2,0.43236153305251795
baseline,0.37751423057184985,3.5589568657201243,5,0.19460162862635214
baseline,0.1948383965558832,6.980613572440405,1,0.7614212491892149
baseline,0.3841397301909052,7.46827754366244,3,0.29622574015554426
baseline,0.48402185481788446,9.134867118185506,3,0.41718367816468904
baseline,0.10451601167227859,6.0129266138347255,0,0.39336685496837703
baseline,0.2785533745627527,9.602259159440717,1,0.5370997370307522
baseline,0.31526972354276733,9.170403271675866,0,0.10621625019415651
baseline,0.38272776795777586,5.938234669347268,0,0.29743804438754995
baseline,0.3802826090530046,12.252232465275764,1,0.15388085652488936
baseline,0.22709527523699147,7.277317829774448,2,0.6041748749403645
baseline,0.31595028908193107,6.439321372689542,3,0.5182955330833927
baseline,0.38761214927557375,8.43171407501206,1,0.5091382800335418
baseline,0.21923296456932576,13.082012528829948,2,0.440990587432893
baseline,0.3067512488108539,5.862140622907823,4,0.3565324039048006
baseline,0.27261206618145967,11.344635506227842,1,0.017648253940576456
baseline,0.2997110513153629,12.671952238049201,0,0.12597880015850477
baseline,0.10275082865948776,2.4361481323271903,2,0.10436108207686015
baseline,0.3669572950278388,8.804105188521879,2,0.08346236078011506
baseline,0.2873108499083155,13.78554181135857,3,0.3729560993024715
baseline,0.37908698792997825,10.127748389079192,0,0.2985842905454185
baseline,0.39405574490976275,14.770203138741731,3,0.267786568902307
baseline,0.3823253619681901,5.630487475207878,2,0.5092727435019979
baseline,0.385607503761615,7.286568564271778,3,0.18519103300775536
baseline,0.3880944764742386,11.340852497853778,0,0.05886554526581231
baseline,0.4535362642058669,11.592645199631344,2,0.21095517674611317
baseline,0.2612504312813987,6.389215108814949,1,0.11300416065260287
baseline,0.11979100195881062,5.523681097073234,3,0.08884103953438618
baseline,0.2989824402667429,6.767363942993363,2,0.4093735242290568
baseline,0.3105565693888271,4.5088563255219505,4,0.018248818418420465
baseline,0.3800000526568612,9.594854112584516,5,0.11688623828841553
baseline,0.33158395690537057,7.193750822978335,0,0.1396116631041318
baseline,0.2718371863839271,8.48474716267091,3,0.6384449429590814
baseline,0.4075085707858766,6.538233968256003,2,0.47352619210050667
baseline,0.2849934717304536,10.765084093371257,2,0.35183082166261814
baseline,0.1661794667895707,8.748854592265747,0,0.1393417480124159
baseline,0.09342167506290441,7.154655992990174,0,0.06975074997229762
baseline,0.2425350226969607,8.470809819377175,5,0.23302729463730024
baseline,0.5185676131264298,7.139469935111018,1,0.23108568980016456
baseline,0.2971845517520996,2.2871810606963017,2,0.24649640146344
baseline,0.24915940411626342,6.975817518052541,4,0.24383920096240283
baseline,0.3112353723021662,6.46491935342273,1,0.21597532183660112
baseline,0.1373474728258757,4.836249449257123,3,0.27051242187431723
baseline,0.46498821355946984,4.424486744443634,1,0.2946316994127851
baseline,0.18378893957105563,8.986571967250116,2,0.38733197339052367
baseline,0.19726433316783254,4.243734519624283,2,0.09372993722763077
baseline,0.2525798753551948,9.87391199187801,3,0.19134925354739302
baseline,0.4345815443736448,7.689325815229312,2,0.12757376868389453
baseline,0.4088403477067329,10.261096133254238,3,0.44490287614909296
baseline,0.3683204817126924,12.299070330922337,1,0.30839184000347314
baseline,0.3550382923907359,6.153798006592077,2,0.22826399003086703
baseline,0.10706452877302791,3.953071578227261,1,0.3757340409760114
baseline,0.4526106718639265,12.608344726265454,1,0.26488524054176166
baseline,0.34620155311631345,3.4733213934909646,2,0.23555719920703447
baseline,0.25007910833904595,10.707329431293095,2,0.20845991748800155
baseline,0.1991069151392913,13.55765021051287,3,0.41710031065301956
baseline,0.3538706590296058,8.424014881016097,0,0.4058646553704083
baseline,0.18372594729337882,14.230893623335435,4,0.04872635904571707
baseline,0.2607796954096206,3.03626456714849,1,0.17586544737546717
baseline,0.4940091306056632,8.203958836162956,1,0.24662370132760014
baseline,0.2507513993713797,11.895295070347679,1,0.210232097036414
baseline,0.32423642050424545,5.060092180933973,2,0.4879762127975001
baseline,0.29190137322263726,6.576878173339358,1,0.35871321980594817
baseline,0.4362079593125948,5.418895360443178,0,0.3897704254283686
baseline,0.24666774533702956,9.577006911525926,2,0.4834574904726832
baseline,0.40298493181090395,8.361725615625225,2,0.3707173100736066
baseline,0.4161624685315268,9.700108334736003,3,0.32847070079231244
baseline,0.365633181240041,8.981952398252252,1,0.23753374838191915
baseline,0.2801141914447323,5.879558199379699,1,0.3034785056132131
baseline,0.3909197139034617,9.214188231018824,3,0.2060960678751555
baseline,0.22883448186744704,5.7810910663902755,5,0.29247361443587705
baseline,0.07913543006089904,10.551004984889383,1,0.4912277700938486
baseline,0.36882580790119146,8.709595493383697,0,0.290189272584943
baseline,0.21346667783810377,6.215135993123061,1,0.3745418100822588
baseline,0.301020872711274,9.07840537137832,4,0.7051896903628341
baseline,0.3315841220862232,11.37320618203003,3,0.37142347115104796
baseline,0.44649894983322563,6.844152036865629,1,0.4973370996071934
baseline,0.17462585808498543,6.809059877261307,5,0.32984366980341945
baseline,0.4258222183159798,12.999317464203045,4,0.025613157442385834
baseline,0.33941553559312726,6.622584107835978,1,0.39626188776866184
baseline,0.2660119565528979,6.23467400501368,2,0.1318508445527185
baseline,0.27473301696329777,9.040081132961014,6,0.4964916980250471
baseline,0.30994593239929985,4.694972128440199,2,0.1201698871766034
baseline,0.4026225817243074,9.528205385769507,2,0.14869939633164694
baseline,0.34513888354257727,13.76086232599912,1,0.15242904797194784
baseline,0.21445872299061314,7.991363593417317,3,0.04367792886110368
baseline,0.21330007893479486,10.174300365756773,0,0.3386105213594568
baseline,0.30113770932166983,5.914261220941655,3,0.29093920047882627
baseline,0.16761714461514626,6.8767303503915755,3,0.09225252199129176
baseline,0.5065371437885646,4.703310540248906,1,0.11746256584756136
baseline,0.4812938564796952,11.909787023569889,1,0.11710478428081951
baseline,0.2892660315566544,8.468883967301045,2,0.2259457094274728
baseline,0.37767179762856407,11.35303051934141,0,0.17822436740165007
baseline,0.12247555595781714,11.858915280759879,2,0.3741151786943057
baseline,0.5812360748192653,0.0,1,0.2796028462775935
baseline,0.19046352338663264,5.081825734530179,1,0.4872171717697164
baseline,0.16979553758087115,10.472166468137944,3,0.08614111107339485
baseline,0.5950753969757209,10.472801919581753,4,0.6601230266687907
baseline,0.27638782365914105,9.002257232959646,5,0.430967366800747
baseline,0.39531275650080383,4.574242827508987,5,0.4163315179631636
baseline,0.21252497874928766,9.242952109093805,4,0.16371864254770702
baseline,0.3190725122729072,5.116062426935899,3,0.20933476728058262
baseline,0.3858133326790091,18.401714744216264,3,0.26072525781268524
baseline,0.3647011716205821,4.678425050988441,2,0.20015066825931382
baseline,0.3260731297267584,6.190025889656544,2,0.09696583070739602
baseline,0.3292354856224357,6.207637239810243,2,0.40020096782425807
baseline,0.34562323564416314,0.741354840468194,2,0.2655025535718428
baseline,0.38317254226269626,4.640729467161108,3,0.21926599714310135
baseline,0.47081926248330547,10.880737460351957,0,0.3414516356187327
baseline,0.2683111812995802,7.638831299992799,1,0.32343298739149606
baseline,0.2917949416268749,11.220336625529391,3,0.18876142974325416
baseline,0.25099754254429574,9.12483690156682,1,0.3477526139466172
baseline,0.2885829534234612,5.678232828534135,4,0.5287809548906062
baseline,0.29373188509380865,5.793289310854858,2,0.11823631902358053
baseline,0.34762206479622687,8.091387444759373,1,0.31019168129898744
baseline,0.2794916618508018,4.035602842405806,0,0.3128850127074254
baseline,0.5224924116087237,5.472416740756399,3,0.33360980036287824
baseline,0.383228693492046,14.36051185263895,2,0.2332664861506236
baseline,0.3566423194269768,9.313261770978274,1,0.1763419518333517
baseline,0.3994587502338956,5.152989437197866,3,0.23877525405018724
baseline,0.29832166812612493,11.417182944299894,1,0.09098312660706148
baseline,0.4703987221960343,8.472946351556546,2,0.16821258883412646
baseline,0.21208100639627264,7.746780914537196,1,0.11402475874395615
baseline,0.20617580569388644,9.919837848698485,3,0.31231291672384437
baseline,0.36124657382037717,10.36829185141976,2,0.23405384027319287
baseline,0.33167743869055655,4.438131166715578,2,0.13226420089928123
baseline,0.2817069274187171,7.027138465222519,2,0.3535695934818197
baseline,0.23639242476927297,7.047192252805189,2,0.33949079815201455
baseline,0.24792972593923696,5.712044172623502,1,0.35058954260259256
baseline,0.5203328884402298,9.485401039445252,1,0.2051311288763889
baseline,0.38756789591982016,0.0,1,0.33988559011860525
baseline,0.06123135620140868,15.052735575437755,2,0.360803883598477
baseline,0.37647708501206495,9.278437593598651,0,0.4264768310363096
baseline,0.4010438866806453,4.950581898056662,2,0.13244365325143756
baseline,0.4011110965682533,3.897574229232151,4,0.0654769748933244
baseline,0.2517190435486936,6.466175989943448,3,0.12556599405020183
baseline,0.35173544975318,6.662502192442653,2,0.21217623093827792
baseline,0.438330148154678,8.549930465382042,2,0.38423284124343093
baseline,0.33202799857213544,10.934936466072424,0,0.07597619119755442
baseline,0.26297256142259134,1.6446818389787303,2,0.39871838895180817
baseline,0.300637826356775,4.996484423641054,2,0.39008988952135426
baseline,0.3894953219937267,9.0819951473785,3,0.6105836695168462
baseline,0.20125306364959833,7.675055769452702,3,0.6178313479278074
baseline,0.3875164971972455,6.3754506884673745,0,0.03029206423432012
baseline,0.21976352790537806,11.878234068284776,2,0.34077240259903097
baseline,0.31197619453287007,5.041337789094171,0,0.11117959341769783
baseline,0.2515832977621452,10.218050148332944,3,0.41286922396226927
baseline,0.3169713966197491,4.504642965423985,2,0.15655517856437026
baseline,0.1989128063610609,9.050730805403756,2,0.43720397861831395
baseline,0.25893603166775203,5.837146344393016,2,0.36863666632357084
baseline,0.2995857256204211,4.45470035020608,1,0.11742601017471414
baseline,0.18798224949624168,10.481688431276599,0,0.3250217613248776
baseline,0.19785029389758518,7.359181879541503,2,0.4244375695184569
baseline,0.44093704205191797,8.1773090889615,2,0.13690005390318213
baseline,0.35696621633256387,9.542601657774382,1,0.1694950364836894
baseline,0.30382227571147585,6.96608475612859,3,0.3373774423975048
baseline,0.3171077828251234,9.32465418491218,3,0.0874220949707171
baseline,0.26348599124022387,2.150939701672934,0,0.25846224159010894
baseline,0.36433396539790547,11.887591462047597,1,0.6252338377679086
baseline,0.33265269882969406,7.908834586295779,2,0.18250904541520052
baseline,0.22591046981281387,5.61724492107643,3,0.21390641150110964
baseline,0.28390599649442566,5.766980282725641,2,0.46386238880408354
baseline,0.30348831720288816,5.050411687445253,2,0.505296470635391
baseline,0.321851305150961,7.6178761204024985,5,0.12115457207147753
baseline,0.16421979898193792,7.990381536091518,3,0.18303044761545167
baseline,0.37229060880407094,9.174764947178797,1,0.10033796506346516
baseline,0.28700261770570085,8.822507154147356,2,0.5450956348206477
baseline,0.3596790014912089,9.800584319046553,1,0.43550980654534593
baseline,0.256584873073603,9.181600193422497,1,0.28036111396013297
baseline,0.17496334693408608,10.176387622523428,3,0.25846520191258826
baseline,0.14347597185722788,7.5918838058466696,2,0.5847735574649763
baseline,0.09311422837731456,6.625154063540095,3,0.04923148317880136
baseline,0.21379602872107747,9.057488470767428,0,0.18338284537547186
baseline,0.34244357308429496,10.092656079081529,3,0.11307869350585036
baseline,0.46479256293524535,10.905679241110487,0,0.26929869359269903
baseline,0.2860647538932333,11.424781986012661,4,0.2740633263712849
baseline,0.17329247461676273,11.702776673028234,1,0.2539853731298815
baseline,0.32048167661883153,0.5854196391330104,4,0.2902460461307438
baseline,0.28900886605957155,6.4364410512740395,1,0.3710970024285148
baseline,0.35028355418851964,10.674454151523076,5,0.28279635053411234
baseline,0.1803553279628078,6.9846353976825135,2,0.280008223830815
baseline,0.3191140970518396,7.176387842553983,0,0.2613208187948415
baseline,0.23343347497925632,9.049234816298563,1,0.31786438489983576
baseline,0.39187634628948975,6.615536123239543,2,0.12925735316272285
baseline,0.23835333249188817,6.18085021694187,5,0.3463671609115164
baseline,0.3282163800490341,4.981285628996035,1,0.22162405150105352
baseline,0.34316975414735595,12.493760525192274,2,0.18885598197169995
baseline,0.4376821560275478,8.995302962757476,3,0.016701095208235588
baseline,0.2732562144962376,8.606499018803357,2,0.5771188929141257
baseline,0.25731138868567494,13.627112136681852,2,0.22280583766603365
baseline,0.19715491206058783,8.637348879624563,2,0.14848390301653555
baseline,0.1325811888202392,7.923082756868076,1,0.14170242094962493
baseline,0.32503495433192126,8.697234737756414,1,0.2556545131120025
baseline,0.3676046127746544,5.940043303996115,3,0.38881474064078664
baseline,0.4025873169575712,14.306090912165427,3,0.25077884863831934
baseline,0.34695733800966416,10.685512355867086,2,0.2820101475515316
baseline,0.5723417462701018,12.734971504146262,2,0.07750593639885886
baseline,0.4594445431761497,7.276406321703051,3,0.33299184188129116
baseline,0.376310730760283,2.7895348495332826,1,0.5552331385020252
baseline,0.3589857120168409,10.981716719619651,1,0.3977383514438757
baseline,0.38325943738307167,2.1318739333857204,2,0.16376736871227318
baseline,0.18996062279863302,5.875352631886001,5,0.21846476418497668
baseline,0.3327493102947034,8.091418590196307,1,0.34734859967083836
baseline,0.2684087929103522,13.142720766510521,3,0.15145196190299243
baseline,0.28783148253805524,13.325649908443628,2,0.24754241396483057
baseline,0.29874358654966804,9.30515992274652,1,0.1254339266295065
baseline,0.3337098761368602,6.909089359799461,2,0.568789664697811
baseline,0.2234754145403311,8.775695370351462,5,0.11788706337367574
baseline,0.2122130057407174,9.977456470595984,1,0.3638598528942031
baseline,0.21796134193834693,11.150816095843437,4,0.18489712700481367
baseline,0.40317806503408393,13.95853231891639,0,0.38599444518870835
baseline,0.26530960225943706,5.9439196995239385,6,0.25612483098248107
baseline,0.2101118377242804,7.491556904860868,2,0.5445738342385578
baseline,0.40884722349247266,11.489334304095843,3,0.07591631312994715
baseline,0.33012893825819994,5.222048718896472,3,0.47808179006809065
baseline,0.3149494373405243,8.03567961738714,2,0.05565267468569508
baseline,0.3153678507219989,7.0084237298249406,2,0.14512300891076127
baseline,0.13158343042067014,7.329565949067685,6,0.3002050029154747
baseline,0.22265757652164514,10.13526408920764,5,0.2707580337160715
baseline,0.18045569286764046,8.242755849695621,1,0.14784433625994542
baseline,0.20216222718026527,3.6297327720245525,2,0.4277303372963771
baseline,0.3224035280075541,6.808967767013083,3,0.2884839274063444
baseline,0.5605400102912628,7.780541908652095,2,0.2040610611649233
baseline,0.43026941509860284,11.182171357063442,1,0.1669772761337242
baseline,0.45095752098760633,0.0,1,0.205656064488616
baseline,0.18315562118271222,8.544397035514187,3,0.837063018957792
baseline,0.40834769873384186,10.590562886293528,2,0.4582042760784106
baseline,0.3037473146877385,11.000340969190834,1,0.3132165671466815
baseline,0.19872293155136583,9.167359980213012,2,0.04653830443807559
baseline,0.23668804920795572,9.65097948567554,0,0.3784284376740981
baseline,0.3754850119122504,9.609190692053687,4,0.2616398324556167
baseline,0.6186725802669937,10.023029767871998,1,0.14634867040631186
baseline,0.3004797356285852,10.946465410801196,0,0.14600516542030464
baseline,0.29015364095517343,11.987341369062952,2,0.2096728732239976
baseline,0.4091915470105676,11.21617446136721,3,0.5711464818900103
baseline,0.23557258859237296,10.948382880507392,2,0.5317719474306027
baseline,0.4000781625138542,5.415690047505462,2,0.064233053507403
baseline,0.41638150076663394,8.89761342820594,2,0.1760303898554968
baseline,0.45524416575536564,6.5894949260869495,2,0.3868870333815128
baseline,0.31606462875289637,2.5413469746040036,3,0.4653927771678499
baseline,0.2656409985821249,7.740105097847797,3,0.39017064360487175
baseline,0.1578657251654507,12.850744169959656,1,0.38901397249572245
baseline,0.496115289719659,6.123003959056647,1,0.2412486279258582
baseline,0.06325971703054284,2.9885498489824034,1,0.1639538967735535
baseline,0.33528855914702366,12.581525785727518,1,0.3388486661283382
baseline,0.3356158261499985,4.659422596015373,2,0.39489559147965225
baseline,0.2888128304702521,12.449069725150332,2,0.3078246194251917
baseline,0.42708586119563263,8.621225112585838,1,0.22774982997030693
baseline,0.5370666711912888,9.66528985777479,1,0.18367518187806417
baseline,0.31542922640150084,9.882076759667445,2,0.28676633460456585
baseline,0.3949852959936292,10.11332244038247,3,0.6250002911344561
baseline,0.3962926219035682,5.551614252838277,1,0.3550240558414855
baseline,0.2987851532562428,8.904565422613558,1,0.10085561425870959
baseline,0.3269488484561782,6.449443458583778,3,0.35611063324815573
baseline,0.3311363574734741,8.06088855657852,1,0.4055035013750055
baseline,0.2422183247145559,4.377355332464301,4,0.29327250680818673
baseline,0.3821400383181717,9.018139643777484,1,0.07713123605932483
baseline,0.391166323262579,9.05854393376428,2,0.5682517305870598
baseline,0.2916008020510191,5.024053008697811,0,0.45507537686481525
baseline,0.4335824154750455,9.04682718014552,3,0.24761799334867468
baseline,0.16638825552227618,10.165509945676224,1,0.35912861747402863
baseline,0.17936954340163394,7.11182309027681,1,0.21371392268948752
baseline,0.4678912305973636,6.5861778737611925,1,0.5335460446159842
baseline,0.19216103518122132,3.5669069038218675,3,0.15002143114354713
baseline,0.4160788728897101,6.316843112876269,2,0.21170029639350274
baseline,0.20474508880264913,5.281501410020569,1,0.27076976968437116
baseline,0.3670809035780343,11.354692914544776,0,0.223203249034134
baseline,0.33453089409200093,9.691063698896604,2,0.11610418492297764
baseline,0.28377593446400073,6.302623720650276,4,0.19949434550946593
baseline,0.30732446396975766,10.833723488973266,3,0.4660925802162811
baseline,0.2813430499009635,9.110329188701074,2,0.41901860030142973
baseline,0.1358623559389293,3.6409996143870957,1,0.5277800844032544
baseline,0.36943637720891986,13.900887296995108,2,0.38938788279787684
baseline,0.21021094274637214,12.295329865433644,1,0.23105021983251287
baseline,0.4417367344102909,8.535442105699595,2,0.17893339028023958
baseline,0.3974268614549127,7.752965635454888,3,0.3586242044234644
baseline,0.21087935093773405,8.387433355869844,2,0.303389149366254
baseline,0.4154010708553827,8.635048726457066,1,0.1803362981357283
baseline,0.2954167493239577,11.37163721762128,2,0.27451459309201287
baseline,0.0857879687270226,11.64892525716327,3,0.5913671728385415
baseline,0.3764219379224252,13.659474775224638,0,0.0920663084980521
baseline,0.2618274835785733,7.262279443604386,2,0.06378313908905239
baseline,0.24188726987278322,8.316039687921732,1,0.49512472128557256
baseline,0.34291414426205336,6.044049055577137,1,0.19258922421944447
baseline,0.39796137398174813,7.1869487333810955,3,0.6246288863064152
baseline,0.2935209260736519,6.738162755539852,0,0.15345886177254872
baseline,0.320432175306223,10.009873986797244,1,0.1518611067437833
baseline,0.11361711065579677,10.482745567870301,6,0.1990958863423144
baseline,0.2883893035278376,12.757654983196797,0,0.3235256405977328
baseline,0.2532855969561849,8.73880929045971,1,0.6013425299178514
baseline,0.28446245041539103,5.899339872448608,2,0.3293515240481368
baseline,0.39446192646680595,8.152128824395763,2,0.26958593688780613
baseline,0.3587884567908948,2.392174149678741,0,0.15063860299039858
baseline,0.41084957163270514,2.3877708037667276,2,0.15794967226760928
baseline,0.2017582036113144,9.721104647345943,2,0.2437569975482555
baseline,0.19242149998880514,5.84892953658388,1,0.2563538138427469
baseline,0.37191466131694983,5.094561379231029,2,0.20499885902006212
baseline,0.22909523900213846,10.7092036630364,4,0.8356232998540254
baseline,0.4201124229460206,5.021451537544329,2,0.2357951124536877
baseline,0.17450009628974877,5.628365297132974,1,0.32700058412406835
baseline,0.33255174173056384,5.511844010616684,1,0.481864664197129
baseline,0.32413014949919056,7.431770663059318,2,0.38707362643895465
baseline,0.03458360939974181,10.94750571547132,2,0.052064702038328005
baseline,0.3064214032295376,10.095352117041394,1,0.09796647371555929
baseline,0.4184599488404653,6.316655187991437,1,0.4495322483661067
baseline,0.3162855749251082,13.077171906998567,0,0.1699431048570225
baseline,0.33058796969633025,4.626793091293123,3,0.36748629362017665
baseline,0.329919562748403,6.957275763985376,4,0.48685056026434925
baseline,0.28974746039620475,8.605805199355173,1,0.22257454021510414
baseline,0.31873289653889497,6.118334570264574,4,0.43764781314006
baseline,0.21251661765829682,8.86078692873779,3,0.18480927088376956
baseline,0.3680657631893428,6.72383248420709,1,0.28944117811697606
baseline,0.3094625944685287,10.736026302344332,3,0.1468037350091906
baseline,0.24135771491345853,9.172995382264272,4,0.24378551176126143
baseline,0.22377818827202178,12.267278686833057,1,0.44700428332995595
baseline,0.28371313946140936,7.833881625558557,0,0.3332616284732598
baseline,0.29962571863631315,6.279379953064312,0,0.1155643938019304
baseline,0.17384161822468683,6.2552186524543885,3,0.025255384184220832
baseline,0.23932235703748272,9.168801620413884,0,0.03589668107772112
baseline,0.5690297789342513,6.573365141867555,1,0.5177981745489367
baseline,0.3587304382402229,14.615080894514518,2,0.12921309124879052
baseline,0.24683134123519207,8.096747029766227,1,0.08711436299051387
baseline,0.2327468337588392,2.1267532129996196,4,0.39653369871548877
baseline,0.20321083132809897,5.965620196517391,6,0.4084368915308382
baseline,0.26627887270004064,8.002520168910356,0,0.10422721018004949
baseline,0.3093923370435772,4.951331527530166,0,0.4013446369800749
baseline,0.35129871145238023,3.7986879378754708,2,0.07821911167010825
baseline,0.46025166893445113,10.222200186115927,4,0.3330183601440673
baseline,0.36966331693818794,9.64305247505849,1,0.1703886961013191
baseline,0.09010678182255238,4.86833795053936,1,0.5419043790485303
baseline,0.1411400037898812,11.77734446733216,1,0.3587395369528821
baseline,0.10777828169196615,12.16922599308481,6,0.11975227442206955
baseline,0.2394132397284901,7.571579853350474,1,0.4604560261283649
baseline,0.3200822439939087,7.9560532244166975,3,0.17095585364715551
baseline,0.30709664291505395,4.6569145657893865,1,0.15397433528737417
baseline,0.08434316052076735,11.309220498594787,1,0.10343882674468535
baseline,0.3175982291667791,3.7678729154151327,1,0.15681985172917412
baseline,0.07923309837968054,5.0621200887294755,0,0.2744049223945058
baseline,0.3042582261660856,8.763636550639413,0,0.3523380967950366
baseline,0.3607479549039289,6.648331678070843,2,0.26366358777759724
baseline,0.32253643240704705,8.712044696362549,2,0.32235492089552203
baseline,0.39017331423870283,7.735632260605561,1,0.6087166884213786
baseline,0.22140614834635708,12.026773965761139,1,0.2480028248930234
baseline,0.24258305275957526,8.52271850550568,0,0.1688231427423646
baseline,0.24339688198646214,7.0062675744846565,1,0.15691494983418636
baseline,0.2839490753114636,15.293556259340452,5,0.49882805032363053
baseline,0.1383688263126656,5.723950155071803,2,0.32326016706542415
baseline,0.35630114754920117,5.261162626086183,4,0.28661730986753275
baseline,0.4480537999137427,11.353085758597647,2,0.2845142469029792
baseline,0.30974584835166236,5.2270496587901745,2,0.02895156103118882
baseline,0.20935954427310335,8.63639184006158,1,0.30076824885569337
baseline,0.273026884989987,9.75611862377027,5,0.2466621364619597
baseline,0.18331119947981178,6.473867426508531,2,0.31435771550638003
baseline,0.29544244483788684,9.241991039836906,1,0.6121625505524169
baseline,0.1663117064304467,8.471249212055215,2,0.478246126647072
baseline,0.27260115511083477,7.975658918992205,3,0.3275558078667903
baseline,0.26730634082393917,6.2954657830222915,1,0.49345790182963073
baseline,0.04325629960776156,13.268650672426253,1,0.1358077205714146
baseline,0.46274533235980253,11.688659828455595,1,0.33885021914295427
baseline,0.47308494021461917,6.401377979627368,2,0.4276020030237219
baseline,0.26838586782156487,10.202119683663454,2,0.16067711986845168
baseline,0.43654944589108735,9.766086313519283,1,0.3240048208596482
baseline,0.3319178528088619,12.469562921706242,4,0.447729362914736
baseline,0.3608009563594186,8.559987348209082,3,0.12170995921222329
baseline,0.368417392557277,9.53614420711419,4,0.2594044994782284
baseline,0.13740767466492856,7.485626712100799,2,0.194439794366616
baseline,0.34861128727794766,9.264505571134391,1,0.1482096465825969
baseline,0.2997690167664051,7.141324283012082,1,0.5226114268842585
baseline,0.40320038283326987,6.134523862900993,4,0.09177294814972857
baseline,0.4466034775486417,7.682193827201256,3,0.3751950624159774
baseline,0.24371706696764758,4.356307246629698,3,0.26480023080570336
baseline,0.11105624992720742,12.258149578493734,3,0.41904491465995025
baseline,0.2592475459648735,14.606538453011785,4,0.6445184052380287
baseline,0.10825654906013635,8.380453701538645,1,0.6289275262130971
baseline,0.37574851541206983,9.336145478630907,0,0.2979785158796376
baseline,0.2667911338396481,11.129533549916236,0,0.26965626077677196
baseline,0.42741018526433694,7.622558541556176,1,0.3050862804776914
baseline,0.2566752645191495,10.460622129793384,3,0.16185397634076756
baseline,0.4825877025652657,8.069206455230649,2,0.055815668096678143
baseline,0.08486837383906598,4.730948725131933,1,0.23358638350954078
baseline,0.33524889559373916,7.666078617274345,3,0.10234862951264169
baseline,0.22873286678909105,5.395764684344369,1,0.13689559177719923
baseline,0.27699867906512193,9.683826518038824,3,0.16422010547519522
baseline,0.4787174506423953,8.417836169042529,1,0.24906476056055052
baseline,0.228189312627062,11.932296268168738,2,0.20065231193689906
baseline,0.3079206709072205,3.6041907294515134,1,0.7337087448682705
baseline,0.29987163331546,8.903740866484185,0,0.47595906212229233
baseline,0.4043018085032782,7.136557699232638,2,0.6366631798624872
baseline,0.24495786312365078,10.782052472465036,3,0.28785895937615136
baseline,0.23972647090958882,5.141014593116685,4,0.24629556489043605
baseline,0.1680263889795423,3.784069386481219,3,0.36578912232696553
baseline,0.34789691145886553,7.474483267991996,1,0.35490767396366224
baseline,0.35868497991484183,5.546940810724207,2,0.08122298154525591
baseline,0.03831582676981765,4.636438174080429,2,0.20642304071201073
baseline,0.23775656413996138,8.774209833970644,3,0.2390510510313866
baseline,0.33547242769565105,9.471987380935811,2,0.021089816064292752
baseline,0.26193755661305557,7.855305390143584,4,0.1007386989087458
baseline,0.2767847742885658,8.724003698774702,5,0.1575667602966768
baseline,0.2108206109494066,4.278926140055181,2,0.17923424968651558
baseline,0.394474995805131,13.835392480594788,4,0.04240096649134227
baseline,0.6039625630296548,8.904050424501829,2,0.5190957703597673
baseline,0.22541158685555893,8.743466580715427,2,0.7145972923912989
baseline,0.22996225359041378,8.891245422896542,1,0.47834903156220326
baseline,0.27200475115817124,11.417313225862486,1,0.2802330339992332
baseline,0.40230877272261567,11.652287720155758,2,0.28007570558120787
baseline,0.4449410798328789,4.774837121479582,1,0.18283851819651065
baseline,0.33195922160345437,8.767044923261107,1,0.20122303569473876
baseline,0.3172945363421604,11.723310796749821,3,0.4165935469691698
baseline,0.41031893418625437,11.521490011660664,1,0.26515688826985234
baseline,0.22883733134658846,13.032661037732591,1,0.6751914128706091
baseline,0.3689340035287397,9.475586513637628,0,0.6154721879039211
baseline,0.20185736774646462,5.803523101066795,1,0.32280054418882126
baseline,0.2799429174151326,8.404431432727284,4,0.2471095169914272
baseline,0.4231730289630859,6.877434169401349,0,0.05961023321424887
baseline,0.22898644268818924,5.350530394087419,4,0.29409364312773634
baseline,0.25440973319966703,7.227587449510038,2,0.1772214029968224
baseline,0.17106854147133413,8.114264618095195,1,0.17666336797806256
baseline,0.124710427958943,10.304589682203815,0,0.2141661379739251
baseline,0.37850131567928336,9.478338923611467,2,0.304587365646534
baseline,0.2243092952252304,6.557440124043227,5,0.2882882468903235
baseline,0.352697536941678,5.402243009773756,2,0.34832390608072455
baseline,0.26761182954867857,4.517510187191565,1,0.11600857646903362
baseline,0.2337741222445523,6.84799390413246,2,0.21790402498447395
baseline,0.4228550616052755,5.595834138846999,5,0.23577942300044816
baseline,0.20951257050090205,6.029623202235989,1,0.6111249317897118
baseline,0.3535145658820392,11.7664951678887,2,0.07215364052667504
baseline,0.15717596845687715,8.700572479249804,1,0.38060340120604996
baseline,0.2829806239965295,4.543584167058166,3,0.22149747198315625
baseline,0.3127788222443697,8.228167417837062,3,0.1377830152048462
baseline,0.4147820031116676,8.8295144465447,1,0.5046214557938039
baseline,0.29072529915762046,11.414228537928025,3,0.23658693997325156
baseline,0.3083170247622272,8.348624726553435,5,0.28435252977883124
baseline,0.43631867761906784,10.209046916037869,1,0.11758064524338552
baseline,0.2575055148594201,7.274300685878532,1,0.2600918649224294
baseline,0.410322484144747,6.9867932413760645,1,0.3345977569766688
baseline,0.4521002523364417,9.03614527058442,2,0.2445210764780685
baseline,0.3657631689281131,7.11473733519794,3,0.12307299508489714
baseline,0.33476633174345155,7.955148207321503,1,0.4597391259327424
baseline,0.3192225055081601,5.075187929642745,4,0.3896212397147244
baseline,0.3876413903174938,6.849253243513787,4,0.40840669197518054
baseline,0.22545017626274794,6.746487955221092,3,0.6043382892909164
baseline,0.22083282492467285,5.09588156036498,2,0.4059214652350138
baseline,0.18698569231027712,7.688826259340367,2,0.4685694398871299
baseline,0.2292410199383399,6.557285224365606,1,0.12965976695268092
baseline,0.2560008178733761,7.145033152813551,1,0.004120085749548855
baseline,0.4750146097615348,8.848385846740848,3,0.23184108895690783
baseline,0.3533010735747005,11.00150555609211,1,0.08935341583294813
baseline,0.34660661058053277,5.586622299108838,0,0.16647050262651616
baseline,0.23662916293518682,8.373083287350612,2,0.47641983986107145
baseline,0.40193544773575207,13.17498687752249,3,0.1385229429342313
baseline,0.3545509085468609,4.579240504089849,3,0.28899337965066557
baseline,0.3148662212497809,14.500980190611664,2,0.1775894162544506
baseline,0.2562849556167503,9.834728121112567,4,0.10565887630797548
baseline,0.1983527682238502,9.259360021094988,2,0.1100675513059815
baseline,0.3263585191328402,10.230525503503056,2,0.22259490396396206
baseline,0.29582842061240233,9.842931224729547,2,0.07507316935032694
baseline,0.2088398077748237,9.757298702803041,5,0.33242255995191133
baseline,0.30246487044141696,11.685723597010906,0,0.19126579825011236
baseline,0.28462505517233483,4.581642450506347,1,0.1962862831257877
baseline,0.393015290591363,9.642058771223146,3,0.4862937363057322
baseline,0.21363964392354834,4.818650831674992,2,0.21162937298804183
baseline,0.24616856529627132,9.842353358993924,8,0.06618919099679067
baseline,0.2321792608105261,8.05064789696528,3,0.46791945140070984
baseline,0.3459878770136728,7.691610615382968,1,0.5843975654597383
baseline,0.3492288747272066,10.898668846401689,3,0.371148230242506
baseline,0.17169667590231688,9.460192179214843,2,0.06877212189935664
baseline,0.28285340224578737,14.916495175407023,1,0.6393310655825307
baseline,0.26407708514470773,9.085239947449857,0,0.1575165807988123
baseline,0.3322525589918748,9.527975989481881,3,0.3740925998663324
baseline,0.196536614074435,10.22850711810429,4,0.4395022536425504
baseline,0.3411293885664022,6.31294010708419,5,0.374111293961345
baseline,0.33945580308951956,10.788981967063936,3,0.2006309477281686
baseline,0.2178927329115667,6.896140897367768,3,0.0793759654647976
baseline,0.47082754004906724,3.2680434974801233,1,0.43103702356116386
baseline,0.21904158362571197,8.534620569552565,0,0.2054976913687981
baseline,0.2927742702215382,13.052203845399031,4,0.3625103709023708
baseline,0.3709470500463294,6.1446489405814955,0,0.17759772720618452
baseline,0.3470440595470804,1.6291491380461274,0,0.1771484282548931
baseline,0.18382291658866917,5.440581849350523,2,0.29564420069234193
baseline,0.3117896907340523,8.647744983823685,1,0.5029661747461689
baseline,0.18397444146315672,5.822348945236193,2,0.18495984153928452
baseline,0.2782823141624049,5.089530323964592,1,0.23648938079255155
baseline,0.15537554817094215,9.576592921908452,3,0.3081273192176759
baseline,0.48910489723597506,12.525117458879993,3,0.3378052272543719
baseline,0.46572587953992106,9.198258591113872,5,0.20960501502666282
baseline,0.33759766119897466,6.893010851377561,1,0.14417754768447594
baseline,0.19002784262364927,9.372310498419926,3,0.2323167693425342
baseline,0.23224234953327577,6.065994274394393,3,0.05420058037943024
baseline,0.5753760713191833,11.07372987868656,2,0.16386483987858824
baseline,0.26766877199643907,10.966885898728222,1,0.18558448837749558
baseline,0.24373553037106807,5.734940609591147,1,0.13005495546942883
baseline,0.42699290262957734,8.03464557123211,0,0.6308862601951097
baseline,0.13076990917109677,6.472792288539795,0,0.05954571412382424
baseline,0.08916538429774004,11.811961010250336,3,0.16751214107087609
baseline,0.36639300044487555,6.263420105198408,6,0.10882325755702206
baseline,0.14358848630957904,7.8899795827890244,5,0.20758041804734478
baseline,0.3438619845081661,13.234578298939724,3,0.07603892091061437
baseline,0.40844439341829025,3.8490463793436778,1,0.1103894052007602
baseline,0.27156484638484374,9.12983645163078,1,0.10965793899776001
baseline,0.46029799935291943,10.002215555568343,2,0.33488404494587054
baseline,0.2306540582948986,0.0,1,0.5521792090481954
baseline,0.1641571342816985,1.5876878945926949,1,0.14475848333059396
baseline,0.2837751563336609,8.83809086730901,1,0.4202767642797089
baseline,0.30438159259674435,6.2915800115487786,4,0.5502083214301715
baseline,0.20501158643899675,8.636495812140938,3,0.3596141625210798
baseline,0.41487598860043334,5.623122481039699,3,0.09936853437017204
baseline,0.15975316236164125,9.8036748653651,2,0.34799303789400493
baseline,0.32964821463742516,6.191453003793843,1,0.25941456709710026
baseline,0.4806455785000613,10.8425857523386,4,0.2817802568412237
baseline,0.41240599287191787,15.69017092315075,2,0.22959353177712086
baseline,0.43831072226048606,4.5835975421422255,0,0.11898341886040058
baseline,0.4329154506490729,10.843664488282567,1,0.03750596741062926
baseline,0.3529787174456983,0.6161427160159452,5,0.47271961990806166
baseline,0.3956039438750553,2.3076222541970806,1,0.22384257656556783
baseline,0.31190959867416035,13.112476619230257,2,0.37277265261527004
baseline,0.0038959409348005014,6.068191678974084,2,0.1571523334566149
baseline,0.31817268965089696,10.143411223817184,3,0.15751887565861533
baseline,0.046617076378350886,8.377033095930157,1,0.3901411807087629
baseline,0.13498038117043656,9.26136222930502,2,0.34993254720071915
baseline,0.29030739805746286,8.172991106676315,1,0.2205047527218659
baseline,0.40379960754092786,9.64797157977454,4,0.20562224548053556
baseline,0.1587559820126717,8.659811710943504,1,0.18119562080954238
baseline,0.06538678151904537,2.044478107618838,2,0.3836452413394712
baseline,0.17545192607260934,4.189385054828958,1,0.5714418593225454
baseline,0.13153794164065227,12.0609589625637,1,0.3836121894799306
baseline,0.31282786561171017,13.132598511139673,3,0.05695499433634988
baseline,0.1369807075752481,3.122082904809587,3,0.584256586716401
baseline,0.32406368226380267,12.823708179818338,4,0.28077511632919994
baseline,0.417158598240801,6.701910966139019,4,0.4515193455757539
baseline,0.330764395748306,8.79174609294302,3,0.2480816697020516
baseline,0.2991507583425333,8.40383140295263,0,0.05471956096579235
baseline,0.4344596258964817,9.60104015922808,3,0.20272040222564155
baseline,0.3427660491714003,7.473618806484413,3,0.29834836852771046
baseline,0.35814798828527455,12.73702135807673,1,0.38421454970415153
baseline,0.3465791030426122,6.557446619405409,1,0.15413102409447166
baseline,0.025560753038128603,7.413879521997221,5,0.44581418187750105
baseline,0.22295856545554396,10.907542425752114,1,0.10143160785177156
baseline,0.4576200988796733,9.321040836250544,4,0.14347680659008072
baseline,0.20149730386713005,4.379788908996238,0,0.13696237486000057
baseline,0.37161833021829505,8.110917602012528,1,0.3772023832047521
baseline,0.23463758951867902,7.617661177373953,1,0.4371727471723051
baseline,0.3049346639444697,12.72648933216692,1,0.2940406294302963
baseline,0.13166887886422635,10.433225825411835,1,0.1264366598880071
baseline,0.18959965745069002,8.929047215685806,1,0.5414907938380155
baseline,0.29760096216148163,6.431338639360765,2,0.3825058178187494
baseline,0.31871841317895344,8.231895565718292,0,0.48677913055832883
baseline,0.16289211980148163,11.128070278714198,1,0.11945611590584321
baseline,0.12124016444235611,9.003981175469233,2,0.421942686101667
baseline,0.3686604629025595,6.862869251567774,2,0.4442408386068976
baseline,0.36500134713239224,5.772955895935835,1,0.5904374828141443
baseline,0.373295531906361,10.684471443569908,2,0.2399228996690777
baseline,0.4535791972009776,8.988088424679312,1,0.5991434983396705
baseline,0.4119565736332644,7.226010550202592,3,0.2053932334952375
baseline,0.3740136638031737,3.4999863993892735,1,0.2910471708586788
baseline,0.38023269730982384,7.207785262672413,3,0.1260986395832354
baseline,0.30168448099153883,4.371402794202117,1,0.23987028552218745
baseline,0.3064867314160494,10.590103415081868,1,0.14787482908551
baseline,0.3627733283734137,7.965981248029455,1,0.17004265280476666
baseline,0.39629103030682356,7.163979040598861,3,0.27843395930474507
baseline,0.4916731312963153,8.2572741014153,1,0.4549943415025189
baseline,0.3436373881711878,13.426705988987393,7,0.20953972704205018
baseline,0.36130069310446,4.018585509271022,3,0.31331104585191205
baseline,0.4251937044304841,6.2453553069970384,5,0.3003835666785556
baseline,0.33126772029014795,5.985026174727512,3,0.37275959894090904
baseline,0.23520292910322455,5.84685401249318,2,0.3791849196927355
baseline,0.28764013146604434,10.62442940469789,3,0.20655433020018624
baseline,0.3012945577374684,2.430917788972523,0,0.4563520577113687
baseline,0.2516142113627138,9.891465331128616,1,0.5231281386828616
baseline,0.20841774541688501,6.652635165260559,2,0.23287590747224893
baseline,0.40656775697778336,10.535492030027928,0,0.2030432215691171
baseline,0.4538754437187916,7.407538885728468,0,0.022876411686154244
baseline,0.2110695259799361,10.135864938858868,3,0.22497828254633828
baseline,0.5089490451747891,11.276362619433709,3,0.6660389243884669
baseline,0.14713096948004017,6.1066259887586085,0,0.15817507039909742
baseline,0.3522965592157709,5.4286736154676305,4,0.2076662950333697
baseline,0.3520046101460369,9.19291325513221,0,0.15519558710798356
baseline,0.2208936311694883,7.342061248987172,1,0.08028135401832248
baseline,0.4217811148047894,8.948106649915697,4,0.344621489378699
baseline,0.2980146591716325,6.7917260283432,3,0.08749969439704997
baseline,0.30798552815232794,2.4915121079804674,1,0.19596467330449913
baseline,0.1941375704204829,7.967589637586057,0,0.19617943076510055
baseline,0.08016749276653201,14.230798273705906,0,0.4078147111717503
baseline,0.18807935217309746,7.148483984548302,2,0.276456115466219
baseline,0.4130602477163573,9.580036010144182,3,0.38528269758569644
baseline,0.1379518390960023,5.881132370212825,1,0.2825605313807797
baseline,0.23933181163331377,5.191985875185852,3,0.40442892040519673
baseline,0.24377782856841806,8.114368782702769,4,0.08721451662425098
baseline,0.15972871107576164,11.531256891628505,3,0.41945364072081254
baseline,0.2795889802548785,10.267526604216597,3,0.4641458755201118
baseline,0.30778613579478475,3.820751742460306,4,0.22997872958584978
baseline,0.3051891200638781,7.6977292456972055,2,0.3556360441564047
baseline,0.3957537351937528,6.044031630436892,2,0.25215757492665797
baseline,0.34907994505932793,5.111723215031176,2,0.1644650205760998
baseline,0.5072733300094798,4.989339915848312,1,0.2970641942149829
baseline,0.4595639737178111,6.061166118178029,2,0.745954163941853
baseline,0.32985571940562236,8.126522056342344,1,0.2392859505692561
baseline,0.33738136748150394,9.714164396133008,1,0.23723499368171333
baseline,0.2935100878326597,6.278429299229474,2,0.11150799485618626
baseline,0.3681657665186187,5.066294415299414,1,0.08287278882544663
baseline,0.26537111603751085,11.393437210117709,3,0.672823732517803
baseline,0.32152463670436265,4.986604698158263,1,0.0889752260502594
baseline,0.4064872732817489,8.276411463443091,2,0.47285897651288156
baseline,0.43140665875245265,7.762690115180901,2,0.07934830127499777
baseline,0.40283815710477544,8.937773864068026,2,0.3419777780745238
baseline,0.27400918919153816,6.102034390475653,7,0.6622276325029404
baseline,0.3203134660084166,4.9639607916035,0,0.471014413779959
baseline,0.17666968965658236,5.650766667685042,4,0.19477595314620197
baseline,0.1166245206904079,6.769018209903478,3,0.4504528355828181
baseline,0.3162952679061637,3.8820726738497706,0,0.18570124281845832
baseline,0.4630564046533399,8.259285283885008,0,0.19754638508123196
baseline,0.05579716332808718,1.7047050957440089,4,0.21060043105678491
baseline,0.19124812332122942,8.396578404607048,3,0.40863189088916313
baseline,0.4110736099401875,4.246914841072371,0,0.1282300347774341
baseline,0.36032583037955795,5.560480016546284,2,0.34567717688451166
baseline,0.3496211466462602,14.048869321797879,3,0.40386782915088926
baseline,0.32887771167251106,1.4590004843615691,1,0.16219908744264697
baseline,0.449251201294054,2.0528473307402946,4,0.5910295301316294
baseline,0.27024069044449256,9.958163804054742,0,0.22719125591967795
baseline,0.2960353496178319,4.426832281186989,2,0.25764844809542226
baseline,0.24575084771500133,2.7541247147243917,3,0.40110136672365
baseline,0.18098730630436968,5.629996714369161,2,0.031791256014324885
baseline,0.5128105460341861,6.355028717146098,1,0.364238305964052
baseline,0.23932513354538604,8.603790346589088,5,0.5775288022395964
baseline,0.14383937926792587,6.678376759642654,1,0.5157265488826892
baseline,0.36606916675799006,5.821369386511738,3,0.32461160536903216
baseline,0.07577329587045248,5.481187739389764,0,0.3436061204710237
baseline,0.31809439509834003,6.411138059445938,2,0.3478270625259668
baseline,0.11586261457476496,7.662297346027547,2,0.39963484482829914
baseline,0.28932136625637617,5.087687371174754,2,0.14069920026570107
baseline,0.31878127810544127,10.630899834498843,3,0.5208654355317703
baseline,0.14064220800545932,6.695578235284193,3,0.09289822816832276
baseline,0.3614025316705791,9.783198156042639,2,0.49324186302077383
baseline,0.3800417579854438,10.969873501215663,2,0.48295990363446345
baseline,0.3502010652588956,8.625871899977529,3,0.5274262146262292
baseline,0.15638490305447594,3.699845118999743,2,0.05795957635084581
baseline,0.45584053242435063,8.260630935350376,3,0.23922527212459077
baseline,0.2908404222661633,9.049584393567095,2,0.3748674917482974
baseline,0.45716874814196057,8.041357735053184,2,0.21445424143158032
baseline,0.3315836926810116,12.008981042486177,3,0.33780133981185106
baseline,0.448428911101473,12.85113337437172,1,0.3692294661474861
baseline,0.37907004994248894,6.540309470529655,3,0.1301330067933002
baseline,0.20366067233740992,4.430830406123659,2,0.12365952912415425
baseline,0.4251987613722664,14.148142740445854,2,0.06398667328926233
baseline,0.23733467115433504,6.48557562392099,0,0.08641104309153894
baseline,0.23116603770815808,12.853816361663402,1,0.1292692755912819
baseline,0.18971524644371462,7.557793953755571,5,0.03267523346100731
baseline,0.3513714332267168,9.483935284262383,1,0.13848901197833274
baseline,0.3359635316501871,14.505111448513563,2,0.6927303989781499
baseline,0.33257150792572765,9.389871821736435,1,0.3734617057500311
baseline,0.1016927458892832,3.3509675399599548,1,0.2523993937934857
baseline,0.5031151822747646,8.892058143178463,0,0.455524342239533
baseline,0.3633299388790102,4.284160717350066,2,0.3669154168068848
baseline,0.34084183817938773,12.547126073351658,2,0.3732304101793528
baseline,0.30135883996195423,7.404244298037516,4,0.4697324472796391
baseline,0.2627933766536642,11.584253872218776,1,0.41406609931932037
baseline,0.3494346866564261,9.675437465403887,3,0.18802992919934705
baseline,0.4442865130417738,6.896531400724442,0,0.38065728090140843
baseline,0.1694712696502684,5.695822311406798,3,0.31977567361292697
baseline,0.33770161288481704,8.149655078598974,2,0.3734288556735731
baseline,0.2793658004955379,9.140990547650638,0,0.1173936092778256
baseline,0.34733682362640467,9.457813463317628,0,0.39609290571821926
baseline,0.16944065022168814,9.207068986252187,1,0.1351882073586194
baseline,0.28681246680440353,8.216324681861156,2,0.6473026561806371
baseline,0.3719341116566847,9.418368442210221,2,0.20513666509284137
baseline,0.45156689038789083,6.2222910871951305,3,0.2873198432433456
baseline,0.3362460340005934,11.444429255692867,1,0.06314459277349303
baseline,0.480926873096853,6.451034296508029,3,0.24695323927024992
baseline,0.2947708190595465,12.252040029739124,3,0.07467253746240052
baseline,0.34596139117573443,8.69403902648671,4,0.24445356814447952
baseline,0.18667136294595327,6.1411961630973515,1,0.5416837052466148
baseline,0.35331197067173253,4.454518530696403,2,0.11848086629281045
baseline,0.2452999070916877,7.882016424743744,1,0.15745825521896828
baseline,0.41938460642431585,9.698385723919673,2,0.2679332588337316
baseline,0.14203713013908428,9.809599960120588,5,0.23809783008275132
baseline,0.07513901747985768,13.691903633098109,3,0.2554432996451173
baseline,0.10823406030036481,8.151401374076567,1,0.18757240105403383
baseline,0.40528551699541804,12.55010671175613,1,0.026985016079358937
baseline,0.2677638943589082,9.520166412172594,1,0.1356357545891871
baseline,0.31710270528680057,10.971970153406321,2,0.24183737695644775
baseline,0.28438331297036834,1.4319220010389513,2,0.08772721813987747
baseline,0.4090221915857164,13.20389539099202,1,0.30941374486132345
baseline,0.1577201743074931,7.643461770257702,1,0.11020357770570702
baseline,0.22420970449436864,8.485839584571437,3,0.24201491605161635
baseline,0.2782484493157594,4.002880825662162,5,0.3130506848418657
baseline,0.3845567230024988,1.8988447691579555,2,0.15125358096813157
baseline,0.25434836899248287,7.335435046840063,4,0.5639339091843797
baseline,0.3415829740806323,4.389773686642525,1,0.23703469189861645
baseline,0.3956952094099892,12.758099891578128,1,0.2602791457463371
baseline,0.32710057411615956,10.229038642982584,3,0.26064283837879637
baseline,0.26714899199613495,10.53829738644896,3,0.12517895791488384
baseline,0.34445614270083275,10.366697202805046,5,0.34326444036026343
baseline,0.2811792314836203,6.582696247364355,2,0.11851433672476763
baseline,0.1699949115325766,1.9231519000680954,2,0.20743754268739656
baseline,0.26104640661160206,7.020655197327253,3,0.4369415523606914
baseline,0.174753229823926,5.888894791227143,2,0.38374749957543136
baseline,0.4177813351423536,7.540002252996196,2,0.25064919315162926
baseline,0.2517981921747684,5.750933721646206,2,0.693613701734101
baseline,0.10182047128368499,7.802957047973618,0,0.45023920137940254
baseline,0.3453819482529866,10.086711119774671,3,0.41779277641090545
baseline,0.47678825812381653,7.307810552579587,1,0.28606064325685016
baseline,0.20051760205404257,14.915944358426605,1,0.1645948546528626
baseline,0.3733974102858367,8.438139698440253,3,0.15050644351942286
baseline,0.13796226220156713,10.984057796073305,3,0.07954526414756734
baseline,0.25890813577072647,9.622989237099997,1,0.19811523407206275
baseline,0.29402274302612796,9.881770968353376,1,0.23783017207433657
baseline,0.2905726672379046,13.942747645593576,0,0.29652880142438653
baseline,0.3705679177664847,8.928908871805056,0,0.26042660815850804
baseline,0.3457937203560998,7.700539952676901,0,0.25289907332667977
baseline,0.3989814114037637,7.8296608778525645,1,0.13222432290834218
baseline,0.37619818782012066,6.602327420919167,3,0.23645172871166317
baseline,0.3677368220290093,9.739689713677047,3,0.4667449455152291
baseline,0.2361334881376188,4.419664365951458,2,0.3563393556900016
baseline,0.26094221731059314,8.092292734602834,5,0.5983912576517318
baseline,0.20109345649012966,5.492153136822729,1,0.7403763908042591
baseline,0.3623827237668388,6.554847438818134,1,0.3382758231086792
baseline,0.37398532919840677,5.513962009904195,3,0.4074850847506171
baseline,0.3328912655717391,6.080316347302201,3,0.14570008073069923
baseline,0.33528391905726496,3.569876173587774,3,0.7332736734524349
baseline,0.12480296109906902,4.79610469944108,2,0.2714491101629484
baseline,0.3660847546862108,9.396734003239583,3,0.549383141050495
baseline,0.24437546749421585,7.398017597676937,1,0.09776982293075873
baseline,0.3740568217903735,0.6498517958334551,4,0.1796561544283043
baseline,0.2976780286056059,8.531470289135914,1,0.4621033342281558
baseline,0.37552323519424585,10.306504910075288,0,0.1544007296756038
baseline,0.28649232662293384,9.748814129500428,2,0.21274581434839546
baseline,0.3476649042624823,7.339921562394805,1,0.09090171749868327
baseline,0.2561485919919524,8.638195546472337,2,0.5360785928256229
baseline,0.436946150865284,12.998975457200263,3,0.32642700282049075
baseline,0.21606533497592123,8.579362644998639,1,0.2503040681595387
baseline,0.22100014412950697,4.86667540242993,1,0.21657874441656916
baseline,0.1927159089057668,8.539193067577552,2,0.08872738356718765
baseline,0.3526762055684524,7.311131049175702,1,0.035503939585048105
baseline,0.2796550853772707,12.631419928409713,2,0.3104111507205203
baseline,0.28139089734989864,6.007185254722923,1,0.3659541753136577
baseline,0.38117231637977944,0.0,2,0.5914307396737987
baseline,0.31576981453987574,6.211358492840395,2,0.34929430922037946
baseline,0.3995058677381185,8.705586899470285,1,0.19564062367197496
baseline,0.27529479732568013,7.0655690003572165,5,0.24828238097530364
baseline,0.4297680985061956,7.508867221076715,3,0.2735319293604818
baseline,0.2807055437691815,2.495415011779044,2,0.31880721446803034
baseline,0.2926153808723668,13.942541614888412,1,0.15758527245402207
baseline,0.49934812346510393,4.695710868476016,1,0.05694954188737933
baseline,0.21660100966391024,5.676029332257638,1,0.3219551133810857
baseline,0.3338802936679521,7.217163509212581,4,0.22168974603339445
baseline,0.1579641265050071,5.124897666791051,1,0.5790267817078972
baseline,0.29847041990878165,3.4607736193924747,1,0.34228994718100914
baseline,0.20203344874362633,7.568412924623557,0,0.2620354344832788
baseline,0.4220937933405992,4.45883849285745,5,0.10043864908792821
baseline,0.3230281122943519,13.193824596783578,1,0.12279701854232919
baseline,0.2451856639097635,11.27653467029273,2,0.41302383286222
baseline,0.2825958514216432,7.67819888063117,1,0.1405991982781602
baseline,0.23208055520443555,3.4945206522715466,2,0.2578953038996263
baseline,0.38796650084567763,9.58455122779835,2,0.27885261708100584
baseline,0.27350577670140935,7.17247883128716,0,0.2852028244818475
baseline,0.3418247672842393,14.048216731262475,1,0.43165735449605463
baseline,0.32879985096154357,11.130666399650211,3,0.444719571247657
baseline,0.34132148152980857,8.745806252192116,3,0.3997185013413314
baseline,0.4905016873792026,4.325684496896493,1,0.1826666879957455
baseline,0.2372748389011352,12.68556330349631,1,0.3718047302641672
baseline,0.3138013800067619,9.934248890802165,3,0.1233639197147525
baseline,0.1418474709890783,7.298791269002302,1,0.273745806323974
baseline,0.3179501329087407,7.825513506468493,2,0.39593361133594596
baseline,0.2742572553699593,11.052599809775945,2,0.4734892586697539
baseline,0.43293844963896355,12.82291606884967,2,0.10462267801928654
baseline,0.3531359952688344,5.065399370558864,0,0.06035831601800704
baseline,0.2217649526857352,5.184982080704021,4,0.42050146060545335
baseline,0.21961599137355947,9.427485842984092,2,0.17561942522333435
baseline,0.4062732302121329,3.8782010262601396,2,0.32482671867281493
baseline,0.249011675489556,2.4791499888075847,0,0.4329974693939627
baseline,0.24035215845998997,11.529970843927805,2,0.1586072800967178
baseline,0.29343319714304555,7.533376088501501,3,0.4882322309455265
baseline,0.3493955241597067,8.423847545875109,4,0.7541664861029242
baseline,0.27268385902805403,2.5215982357052145,3,0.4940554866385258
baseline,0.30611060852285205,10.760523701339693,1,0.520001465475758
baseline,0.25678364154249184,7.03457787848167,2,0.3204130834974099
baseline,0.16086207156219032,8.923154883272629,3,0.5540830644480138
baseline,0.1416252408105116,8.70178989494052,3,0.17023761405114785
baseline,0.14014223120799607,7.99910645847324,1,0.24951597875285503
baseline,0.2186798595341196,0.9242125502796537,3,0.2504318969677227
baseline,0.31494889931437065,8.512702281380147,0,0.39517191260006146
baseline,0.3374706709633382,10.2946944792327,1,0.34661377607577504
baseline,0.27743425577155334,5.9889492998421545,1,0.28811498351633724
baseline,0.49827994092590633,10.784517814130574,3,0.5130436002953354
baseline,0.24697108866519982,10.982539084342053,1,0.4532547518647713
baseline,0.36946336696665205,7.499826575521004,1,0.5287201949554269
baseline,0.2193273207917241,6.378406260233832,1,0.36005178273891847
baseline,0.2501092273913389,8.475724645923295,4,0.3451534414388523
baseline,0.3375949531778244,6.273581049195327,5,0.16538111471026176
baseline,0.2260592948549316,6.96390583431722,3,0.15746733161854384
baseline,0.15508085781805586,11.6505170261855,2,0.374194805334293
baseline,0.11671188029390844,10.019344933186519,3,0.3609925423287665
baseline,0.14012547373773315,6.225806427134761,1,0.19127136965380567
baseline,0.3823974566718742,7.326689559681028,1,0.13906783351064286
baseline,0.296951585148369,8.2151388938493,5,0.41618755163481463
baseline,0.2375714364630446,8.923562267014882,4,0.4699463531551669
baseline,0.24206807779984513,7.029515528989695,2,0.4084064014726027
baseline,0.1598433427790033,14.96078303814232,1,0.27808250286323155
baseline,0.24795940067235944,3.4238046048565955,3,0.6562068718685041
baseline,0.2745003298536709,11.081767319050087,0,0.339189708378311
baseline,0.3604076755640535,11.973175737698979,0,0.2274248836671073
baseline,0.6146025692963824,9.900734052913341,1,0.363593619370613
baseline,0.3271136905046451,7.087490709821273,1,0.05982888078306327
baseline,0.23146607242817852,5.681982270764173,1,0.03266273104910234
baseline,0.34957343439453115,3.996788300545755,1,0.32389955274973314
baseline,0.33453022880772165,13.101978939617936,1,0.39222336954994025
baseline,0.1935316421089402,9.837622826658716,2,0.45151002398920387
baseline,0.25654159637963353,8.6667945332377,2,0.10262358014190767
baseline,0.2888885656656694,5.530025965640176,0,0.4123271003784259
baseline,0.22530938302445558,6.183155526056445,5,0.2049527283091931
baseline,0.2868654444515595,7.55797644337784,3,0.3259563471126963
baseline,0.41838885773565626,3.0995542901222715,2,0.3793064212725167
baseline,0.4108096960405251,13.313438286708319,3,0.5543089688722262
baseline,0.24053254907702268,5.326028202908486,0,0.5816811460250404
baseline,0.2876689571804384,7.41148758382888,1,0.11020839004258985
baseline,0.30198636139054486,4.551149394309576,2,0.12362713119178624
baseline,0.276070964798066,6.837673425837119,0,0.42973789170021287
baseline,0.3243979779567288,8.559305406942068,1,0.18951455230414846
baseline,0.1503442308166942,1.734917426182177,1,0.49121324221440205
baseline,0.3005285627928845,8.087710602404274,2,0.29806852657336064
baseline,0.20426666854646686,10.35074611503581,2,0.2649660491547206
baseline,0.3507555729998893,5.8549553424713885,1,0.26246534325421733
baseline,0.24733640069979415,7.303031625957987,4,0.067529902138577
baseline,0.1128044043311944,12.51424271599642,1,0.03761334502856001
baseline,0.3358820309195751,12.396749415591552,5,0.1270893891986697
baseline,0.18876532951162628,9.219727771231376,3,0.2270228809406116
baseline,0.3731001371114711,8.958566177117206,3,0.5206362599296536
baseline,0.14164991543222938,8.760354844498234,1,0.18970211916288718
baseline,0.38318840211649785,10.602267946919559,1,0.38753950486622923
baseline,0.20964783631743433,5.584043616316077,3,0.641709046212284
baseline,0.5601537862260478,7.572083127737549,4,0.5401789355831745
baseline,0.3460061335833049,5.494758610884658,5,0.30468476906874736
baseline,0.45956993390555545,10.90195845804418,2,0.23580981313980437
baseline,0.3822089052736893,6.68096815368937,2,0.19404073548157688
baseline,0.32986293131291605,6.4556849760692945,4,0.3516226234905882
baseline,0.14377218069257436,7.95092623458305,1,0.1275694517552966
baseline,0.42600339802536935,2.7793413915033938,5,0.4515045710867683
baseline,0.3513109964118006,5.213804033522423,0,0.4560988847569007
baseline,0.3049352016689082,5.774073108512804,1,0.19810964531767258
baseline,0.3515032396043954,10.001640105312656,3,0.2217385157467405
baseline,0.33077929573658726,8.13970524045214,3,0.5588935546303668
baseline,0.37256837130507126,16.081235440310756,8,0.1235972525991681
baseline,0.20445327368545785,5.698469615384213,1,0.2893058212777178
baseline,0.358183887577295,4.43161816754938,2,0.45980459845149274
baseline,0.23224840304735703,9.682910889972195,2,0.24824301126331502
baseline,0.19334533446287208,7.492683930690417,3,0.3943413252078253
baseline,0.30737558243542995,15.000603107344743,0,0.11226791962753904
baseline,0.15829001340599436,5.686510798282937,1,0.25684468441873204
baseline,0.26764305010949047,5.861183384154876,0,0.1533337423360009
baseline,0.21298775273225234,4.007068596477299,2,0.22637903354475736
baseline,0.2625276770132528,7.043951186044522,2,0.23907488807114122
baseline,0.3922198763901531,6.067425546027653,0,0.1646572132999891
baseline,0.32397192468815544,7.296543028696978,2,0.23599933274884477
baseline,0.2977506522223179,9.530419708741988,1,0.4080593786471129
baseline,0.3469031903792766,5.524303269670073,2,0.30797203895310904
baseline,0.2253072844142031,8.736438559739641,2,0.3554202362442838
baseline,0.3868375257621861,14.447198221846222,1,0.24810692558286632
baseline,0.36483484999003124,6.56409297149844,3,0.320012678594081
baseline,0.37613756899562667,9.60415297189925,3,0.03169438630657525
baseline,0.24477379437435298,11.563794889289376,3,0.05937482313369138
baseline,0.30056015733427394,9.730778547683471,3,0.33681194732261327
baseline,0.41430331022257927,10.499572999742167,0,0.09650355270445375
baseline,0.32178135838770056,10.486221956907823,2,0.13600024027092242
baseline,0.34758628210608333,13.86497035396524,2,0.28452503839296467
baseline,0.23024056223746941,6.125621254733393,2,0.30373704770857224
baseline,0.22793780008937864,4.172986492059254,2,0.442641206859902
baseline,0.24290484012896824,12.10700392499281,1,0.22539712576846715
baseline,0.17036878067574568,6.6288687123207914,0,0.4009777053402704
baseline,0.33824629105355525,4.780472834401413,1,0.34864732599391157
baseline,0.3181009972180347,11.782068840031982,2,0.2367910260161295
baseline,0.2543028624238775,8.0169491718142,0,0.26870559246493475
baseline,0.43408284940448116,10.968325292975123,1,0.3434914230094844
baseline,0.1400916044234895,6.238413274604775,1,0.3964950353171679
baseline,0.4538669934954431,1.4695299311687773,3,0.18337165730407026
baseline,0.36493258896790254,6.954568498713944,3,0.4634993243353407
baseline,0.29153131037255897,7.761563452520138,1,0.19151717041880645
baseline,0.3614963802139091,8.561474374445142,1,0.5349261241950921
baseline,0.48309748528605845,10.067814498404058,3,0.6458743070649139
baseline,0.2899157141393967,8.423769775593165,2,0.2871109097745012
baseline,0.5160595655955733,3.7945247054961415,3,0.3500980038041368
baseline,0.22452492688793874,9.801221555296095,1,0.14900653316006948
baseline,0.05295749115429074,1.8425006920418827,2,0.2380664493737561
baseline,0.22530105678080142,5.758715644715915,3,0.7602958009334594
baseline,0.49595829815002807,7.621706172040652,2,0.32163734858342113
baseline,0.43055148427207474,7.101150265604258,3,0.23201909195793693
baseline,0.27025254164946366,5.214834132245372,1,0.40301704336071625
baseline,0.14718649747418303,5.7878067251928496,1,0.44447872545183775
baseline,0.3035500301884442,4.495720966620803,5,0.12834801636101892
baseline,0.3093549352598579,7.926609559841536,1,0.20349807147812965
baseline,0.2901395254312763,4.501301714945978,2,0.26768189493623
baseline,0.07121839871969107,9.679988724773313,4,0.29570735537128967
baseline,0.2401232929078458,10.353333081054036,1,0.09066732455423068
baseline,0.33102103994490983,10.527584685968007,3,0.37438540651613395
baseline,0.36574431703752114,3.9373906074803173,4,0.2082415409336754
baseline,0.18000677124731157,5.778706222358806,2,0.28606076475807457
baseline,0.20539593152739746,8.732851262598938,0,0.33527050121045276
baseline,0.28696808347502223,2.679585430427416,5,0.24503000417574788
baseline,0.39319825688688387,4.100515715498768,0,0.2391157610262768
baseline,0.42882831309484126,5.074289691122994,5,0.09865181812496077
baseline,0.2266896342142695,6.866849844814601,1,0.007534761342707735
baseline,0.26478110078160144,8.751279507760609,2,0.5688556008237462
baseline,0.35473703680250707,5.756695488904409,1,0.7240383876958286
baseline,0.34065854428498854,0.702944463548226,3,0.30393647970813087
baseline,0.23684740676173982,6.762232868894998,2,0.2835510451628092
baseline,0.14505294961220636,4.086148845761837,0,0.06826104517367226
baseline,0.24091703497543004,8.895880874770768,1,0.4754972062640442
baseline,0.23288440371543345,9.935565108140421,1,0.4868617096955972
baseline,0.413949917984429,9.383432030495559,1,0.11177468407758397
baseline,0.25007371886078744,12.176555803351768,3,0.14970819537882452
baseline,0.17382380385022686,5.530458217645316,0,0.21240651320756365
baseline,0.36972941963036504,13.235000699486758,2,0.3574557591955671
baseline,0.38801204458541255,5.805528656560854,2,0.17041767060723925
baseline,0.4463682040669923,10.48975654891185,2,0.16946112367735558
baseline,0.30649437980851096,12.276493851124172,2,0.10020845361836207
baseline,0.24765958097492233,5.5842939607295135,5,0.19398450022999486
baseline,0.27154283699954573,11.17251922368289,3,0.23355628175904722
baseline,0.10681198506726078,7.345779594453994,2,0.34891692453201273
baseline,0.2988945014507399,11.977660465842842,2,0.2832276693596687
baseline,0.17148343915669675,9.548453938633296,1,0.14798108388149434
baseline,0.2654957273062356,6.4565391096775135,1,0.18156056126236408
baseline,0.2627494706059734,7.553312614158023,3,0.27629149735006603
baseline,0.11454357467653489,6.676172705442786,4,0.1914155824086254
baseline,0.35766898121200674,8.2272618715589,1,0.15716694199183243
baseline,0.20192984838919043,4.487177449966106,2,0.24973977805322062
baseline,0.32966429938780484,9.775848929384546,2,0.14527741831933452
baseline,0.25959453495007045,8.11018601419049,3,0.08138623354376429
baseline,0.366041329391135,5.770630699975842,1,0.4782224498884232
baseline,0.21310212948681795,7.128265538002399,4,0.38894484593648665
baseline,0.43901600629137694,3.7625900271120827,2,0.09684415262362299
baseline,0.26931810651497695,9.927303230879243,2,0.45486457678201697
baseline,0.39449744391335306,2.039927519986036,3,0.11499970564938067
baseline,0.4356818081013081,4.315633757721595,0,0.12067729179079324
baseline,0.21098851371905514,11.33590207859027,1,0.39447474441708597
baseline,0.3784048070138105,11.62018615202137,3,0.03748281444012349
baseline,0.19825917600062531,6.160872286698557,3,0.24320366624942608
baseline,0.2680611223153862,8.374903149168736,3,0.41163439339853114
baseline,0.3304921778373126,9.888410200492235,4,0.0650904484158988
baseline,0.32230433708075246,8.62393004995647,4,0.10904687075245675
baseline,0.259744509876214,10.915275970818719,2,0.39445633783335016
baseline,0.1750663074374561,7.266825265549853,7,0.21735237880033964
baseline,0.2976646638700303,6.297797145665539,1,0.6564372903587187
baseline,0.20012510262217809,5.2782409414036975,2,0.3431229954599077
baseline,0.4202884935271863,9.06151736784516,1,0.31486487452676915
baseline,0.21157368806008317,9.771344778260968,0,0.608379559938752
baseline,0.26122249847817147,6.27669249712913,1,0.4135289409292577
baseline,0.2967264723075842,12.142663197740887,1,0.16853158388875708
baseline,0.06694671647777611,10.776187798704203,2,0.6382586780904319
baseline,0.22656754156804676,6.838773737941048,3,0.2756279315136974
baseline,0.37230053708169913,8.394123638906846,6,0.1863221317037365
baseline,0.4145952499567478,4.431728306789109,1,0.3091088827539651
baseline,0.3307563245881245,3.041999749133681,3,0.524723660066077
baseline,0.31695627782185243,11.13379223277975,3,0.5432824167035918
baseline,0.29182941703571186,12.09259700457958,2,0.11369044896572388
baseline,0.24717443310625192,5.316302488291733,0,0.08502416385995737
baseline,0.4389554436731906,2.5013860815707147,1,0.26480037378780485
baseline,0.424714118948759,4.362183289591484,0,0.1323109288904982
baseline,0.20628951639571336,12.674986307060543,0,0.5767648394934104
baseline,0.2897989015842566,3.2978474231969077,3,0.13416999802843013
baseline,0.38822013454944376,7.573273372096999,0,0.19080637683192128
baseline,0.32081940868307635,5.338959828744567,0,0.23779259286387522
baseline,0.3255996559348101,7.126586502114513,3,0.4351887454397718
baseline,0.3768310137632296,3.1478133900282703,2,0.35815560916058076
baseline,0.33452244826048516,5.798622130234342,3,0.3087764645754069
baseline,0.20789615865220543,6.975218813154886,3,0.41608249911227124
baseline,0.3534663735519287,10.698896685760038,5,0.10753083758292266
baseline,0.3578603875674584,7.690192153741683,1,0.38291558462181674
baseline,0.318100083484031,7.5038180991180345,2,0.21432436614747924
baseline,0.2845457720936758,7.895214949385565,4,0.3127668202591758
baseline,0.27853589164859177,3.1589187095803037,2,0.4055170434209917
baseline,0.18079771115840143,5.9366753846763185,3,0.08485701506063388
baseline,0.20481156536826273,8.546364278490115,5,0.26148861499730136
baseline,0.22491089845100218,5.825273122104983,1,0.15004229903039323
baseline,0.49868098454952003,9.42168426249112,0,0.3680779448174889
baseline,0.36064074791621836,5.228377433327205,0,0.12559495162171452
baseline,0.2693364990775039,6.6918785458120595,2,0.1592912112116051
baseline,0.3863407089202043,7.957147486726187,2,0.12232923329227276
baseline,0.38325723440899606,8.289474864849156,3,0.15971916411195214
baseline,0.28007321198345225,8.646588691975754,0,0.5015209551726341
baseline,0.3848565975609817,4.988357992232123,3,0.278862556789299
baseline,0.25904352841449163,6.5994042106449555,1,0.6390020956670996
baseline,0.13125250006575348,2.7972900955196067,4,0.15449120613488837
baseline,0.2759402900136087,7.072730960607747,1,0.31838159193195875
baseline,0.3667264374142129,14.031068646242522,2,0.37596527269064206
baseline,0.4811531703210421,11.891534597262346,4,0.6410580005837501
baseline,0.12179628959632022,6.589581865581431,2,0.0821291230480191
baseline,0.11380799299773997,7.333807655451914,5,0.3897995526880797
baseline,0.15546684447491763,5.724015428171578,0,0.06308320312142712
baseline,0.24313222827015646,6.009660686740131,1,0.1049847623739743
baseline,0.38015890891376647,11.403847442428667,2,0.2231774462700501
baseline,0.4984200289481456,10.844572467173307,0,0.18781241104903038
baseline,0.43921389740120165,9.275879331906731,3,0.43669510551414276
baseline,0.12971526231137723,4.752361227384858,0,0.15665252684383554
baseline,0.19415896491153284,4.263945238181398,2,0.21598022175480205
baseline,0.38994331446033204,4.3596823770503494,3,0.38465800488896623
baseline,0.2806596661409704,13.764318911154277,0,0.6210317005507822
baseline,0.34179429660347815,5.768783576258071,3,0.5426065428613903
baseline,0.23749456773993693,5.137447262052829,2,0.1712533900008887
baseline,0.4275386768364129,6.61805210969311,2,0.38997833673241905
baseline,0.21564261012404407,6.653314683513143,1,0.21804668854622747
baseline,0.2755611664464008,8.763186275496674,2,0.474971949173793
baseline,0.20896331964067374,6.237107937737575,4,0.29773238573989974
baseline,0.4177278952458386,7.961567632269282,1,0.20189476893131042
baseline,0.2343090967195831,7.369614482555421,0,0.3610949517429879
baseline,0.35620434020861275,5.377344415403901,3,0.4281516906734511
baseline,0.42234459724195234,1.1351160831807174,1,0.5572204694011874
baseline,0.3177451915725681,6.335915777810063,1,0.051263271323858224
baseline,0.12745987539969567,7.502681472743923,2,0.7304422225478279
baseline,0.43601927501667637,7.411120113432767,4,0.10714498233983343
baseline,0.3533317803229211,7.792042347304512,0,0.42257641037140775
baseline,0.4237978812333825,9.353580639242494,1,0.09258659960123315
baseline,0.24111108540330073,6.390653632665252,0,0.2788900475975923
baseline,0.3394929467663993,6.347895690148928,2,0.10350086120707562
baseline,0.5383827055715215,0.2736084841157602,1,0.38082570223401685
baseline,0.05354756395596494,4.1276763886272905,1,0.05052339642664506
baseline,0.37016604305913914,8.611687250158441,3,0.3914879399348713
baseline,0.29452445505478286,4.3133240612475,0,0.23862080033093255
baseline,0.5322468571474231,4.681719649736441,1,0.11001391673679377
baseline,0.4531492862219643,8.16299188233592,1,0.11430699028617222
baseline,0.19388995958452437,8.922889387304487,3,0.31987317849660457
baseline,0.29010072358475314,5.232774935080059,2,0.3034086368765254
baseline,0.23310785816340063,6.851588255282053,2,0.08828845810099817
baseline,0.18807705136744585,6.681889087294535,0,0.31270750427621236
baseline,0.14477644051789362,4.986842020443473,5,0.06924580053704167
baseline,0.2268902115160077,2.921040993998023,3,0.2991745617365648
baseline,0.3871478410810009,4.732599717218074,2,0.4255750754213816
baseline,0.15129942811145852,7.478663511938944,0,0.2656358431592608
baseline,0.4143865850432957,2.61249277313905,2,0.554224785918598
baseline,0.06534648710393107,9.573553870776962,1,0.20434802390962978
baseline,0.1811894960739873,3.8566299832098387,1,0.09827418313914076
baseline,0.4281880525068699,11.37230990377157,0,0.24176564425777408
baseline,0.3884004222833142,7.079320687647543,1,0.21364706902411507
baseline,0.3522639097185527,14.423238123341712,0,0.5380458922850053
baseline,0.2647750287029035,9.517057003950622,1,0.08880582287661502
baseline,0.3028583105545052,2.122280081566063,3,0.3563065742014238
baseline,0.5776984220190371,6.663169455580846,1,0.24037974022848602
baseline,0.5422576980392744,9.001240909611283,4,0.28889350719645984
baseline,0.3935889262171315,12.803572179489153,1,0.0926528932644145
baseline,0.3699087527540943,2.1444699574689636,3,0.283976125424602
baseline,0.2446880441473318,13.947790256740294,3,0.13543634254434495
baseline,0.21186881682503633,10.803452850555521,0,0.17329583038090396
baseline,0.22683383643445398,4.019910960757596,2,0.14668249913981796
baseline,0.12733763836105907,6.389733632962211,0,0.24933917024577187
baseline,0.33492501064175056,5.713197174274447,3,0.3048754167473819
baseline,0.09504609331875324,5.109331974536952,3,0.35806857294875116
baseline,0.22761438854864063,2.7050008165374475,2,0.3861136818727811
baseline,0.12902197553812433,5.410626867293463,2,0.23698891612156436
baseline,0.3052270238588774,11.931919246419183,4,0.1850377176329135
baseline,0.34532716589763013,10.137663461855919,1,0.22501677688506067
baseline,0.21218614730257326,8.22084779882811,1,0.16778681632276843
baseline,0.22931415732333194,13.533757559663274,3,0.597552183599066
baseline,0.3319641507946042,12.809942208756805,3,0.2878811529610217
baseline,0.194585449597944,6.855097965664447,2,0.43093723520681154
baseline,0.19914816673581925,3.947608338527032,4,0.4608105893809306
baseline,0.31968260576034446,10.442407713942083,4,0.3581098361281482
baseline,0.3189640319540024,8.178238629824158,0,0.2662926250740795
baseline,0.286923799885564,9.493174410238755,1,0.08272631552727282
baseline,0.34915978329913827,8.358741940725471,1,0.28102498911633017
baseline,0.2583852032953884,5.951658871823193,1,0.39236194062986607
baseline,0.3500384195420166,6.578541352861919,1,0.22525821374555124
baseline,0.44292629034487174,7.539482461938527,1,0.5587004012000439
baseline,0.2591655770696284,3.93922143322294,2,0.14998986519835297
baseline,0.4128832280594398,5.121741590428938,3,0.42846764225821765
baseline,0.437504071662711,9.128129023689008,1,0.21607289303917268
baseline,0.1637625407193903,6.759057530202229,3,0.23302279615792446
baseline,0.3962757597037881,8.642279825068332,0,0.32219420381228536
baseline,0.23111774752935263,10.175527872664274,1,0.4195724239409967
baseline,0.43687876601732456,7.46426682161312,1,0.3287929354349224
baseline,0.39044909980739106,10.233781271089905,2,0.05574600488021552
baseline,0.24759206927404684,6.326731166033107,2,0.2012021094872558
baseline,0.2063245776840486,12.173731643858773,1,0.28047192129523535
baseline,0.25559469190083445,4.148911290788737,0,0.20789177853279445
baseline,0.40425379891017904,13.211351016875845,1,0.3064361697971163
baseline,0.3476022421754942,10.728930664296893,2,0.10959946916063731
baseline,0.39995310525154865,10.308447354365043,0,0.5273896108064134
baseline,0.31726788775345816,7.896231862055722,0,0.19866056131696402
baseline,0.22777821493953065,9.611949668653441,1,0.2377293183293401
baseline,0.2868685744526278,13.392161933765482,2,0.1112349007656708
baseline,0.3330309343318575,3.1088816621312123,4,0.5916090446085327
baseline,0.41729647414666926,10.94018397685303,3,0.5334816826359446
baseline,0.40396567642468967,8.08597068311817,1,0.019613871130802686
baseline,0.17838454397247872,6.102548133626348,6,0.3070131401862421
baseline,0.33629368331932524,6.361925559723829,0,0.07734709651678287
baseline,0.060732226044740684,9.677821468328714,1,0.08737309017746106
baseline,0.28231954665737513,12.101143268728354,2,0.6015120215503791
baseline,0.2953355420865175,7.334266217728902,0,0.1224188568810095
baseline,0.22822928162471157,4.2575736856809385,1,0.22909259328674314
baseline,0.3584633882441014,2.861688643269808,5,0.18302621797279972
baseline,0.18048086617341363,12.338879964920771,2,0.3100928325946669
baseline,0.25853991877971616,7.770506832852472,1,0.2891186386310852
baseline,0.306823445024929,11.201717240596134,2,0.1554102799740713
baseline,0.3911380220861598,2.9388683691151556,1,0.23103578373449357
baseline,0.3039737949175845,9.9739869176972,3,0.23300180643716967
baseline,0.47463851675682434,7.3927532240271265,1,0.26878847110487963
baseline,0.10808252857413783,6.633224766140033,4,0.08551903263825333
baseline,0.3137328374745385,6.962173334223314,0,0.14673128447899703
baseline,0.4222315564364493,11.867049976709811,0,0.18968191018221295
baseline,0.4111022902043905,1.2486295933309979,0,0.19491677381439107
baseline,0.31633537942212947,4.405646143018384,4,0.0014414843738440163
baseline,0.3333210228444188,11.567012642875413,2,0.28795482763725483
baseline,0.3076198985440301,3.6909417937968287,0,0.5094763421484874
baseline,0.2980211464805855,6.728924635700067,3,0.22931228335437417
baseline,0.3650091981046981,4.652877096307629,3,0.6498428908180734
baseline,0.41674730057607073,11.455870377180284,3,0.3853417364201124
baseline,0.1979367140557648,11.758556574786422,1,0.5211242926730372
baseline,0.401436292282993,12.045479859444256,1,0.4485657210326893
baseline,0.1908549534940135,12.123590697004097,2,0.2978355754645722
baseline,0.5190703309424434,5.102976093050638,0,0.21902364882907316
baseline,0.34221024700058766,8.330279938038343,3,0.14933899019118804
baseline,0.4395423984725695,8.185649298292361,0,0.09920139944249959
baseline,0.24956280410379644,10.157668007096294,0,0.09787044550430124
baseline,0.2514555460904513,11.55095031175855,2,0.1876780950042372
baseline,0.2925560510594622,8.923322219944577,2,0.5000862421187552
baseline,0.37362318295685915,4.001276384848186,2,0.6484686052804365
baseline,0.34510021420155806,5.749124340753996,1,0.39055369510187815
baseline,0.5186768704870509,8.137501770676547,2,0.16289697780676873
baseline,0.33753324025951187,5.466044443009777,3,0.5213063721395603
baseline,0.2813707015433609,5.231675923877525,2,0.1227906187140301
baseline,0.1889535931615272,5.022561729377074,3,0.8191461931709447
baseline,0.241076935851757,1.737847377699774,5,0.323114988472071
baseline,0.3238412932408346,5.482781717267566,2,0.31283020019048874
baseline,0.3201639105792962,8.38489383578054,2,0.1724246215065358
baseline,0.3531532148033386,10.71053036202461,2,0.22161791599425665
baseline,0.369795068068828,9.032989893321785,4,0.714652884368558
baseline,0.21093733067687181,11.404683807521797,0,0.6545950320024929
baseline,0.3211257909061082,8.465370012459038,2,0.4081356160792788
baseline,0.26100334461669905,13.013356383369704,1,0.3959991993521517
baseline,0.35553253131090495,4.46601265029343,0,0.27420209009722774
baseline,0.5287073413050174,6.8233087059320665,1,0.13232966516319902
baseline,0.2391852492358392,11.729572983834709,2,0.3128699309125623
baseline,0.47673005771947624,2.2520673331463126,4,0.25152598433770135
baseline,0.2823638519251756,6.973389508938789,1,0.395502589677546
baseline,0.2798809780878409,6.658288840438877,5,0.3677926925221882
baseline,0.4635481823439029,5.396677626530273,1,0.3319564413438455
baseline,0.10419545469436184,3.171785247036035,4,0.06994796515809026
baseline,0.5405885862750993,10.549064624238202,2,0.25012225024134005
baseline,0.3391914075429972,4.337374474829834,2,0.26602452207458643
baseline,0.13556948715570194,11.559397852850196,2,0.15993624719543323
baseline,0.3240363537021806,4.9424069811151385,1,0.35811164686383484
baseline,0.2317639633931997,4.486205500630435,2,0.3068847024316021
baseline,0.11528837926447671,13.793900673367753,2,0.3286716940262189
baseline,0.35776903949660555,11.272694147534834,3,0.4573319328467997
baseline,0.24325952622246902,18.382193718024258,2,0.5116009300359239
baseline,0.17367153021149187,12.163738001790339,2,0.35856178787810716
baseline,0.5027257697091458,8.207245230824018,3,0.5158733444736997
baseline,0.26241809801102634,10.001516625369923,0,0.13645558682635459
baseline,0.3210502834140907,4.764195913401641,2,0.42298474739905967
baseline,0.4355924141418538,10.284785339166937,3,0.7004589059896066
baseline,0.28951996613715786,9.699909058536184,1,0.47427546937525084
baseline,0.2631259631243149,10.614094511047181,0,0.12357221439236521
baseline,0.22897569271180906,12.726628127270853,2,0.548908780333307
baseline,0.44013187494087663,12.439975452038423,1,0.16425206104375142
baseline,0.33521692398765773,2.9704294364085335,4,0.3189513490782211
baseline,0.38849433856226656,6.930121564098156,3,0.15496369501105042
baseline,0.1756434251202479,10.884929565626521,1,0.32633539181346044
baseline,0.2640448331407061,9.796142785481276,0,0.15831471439621017
baseline,0.4304450121866016,3.8478359025119486,2,0.10632118798280588
baseline,0.36684239712225125,8.70339588399266,1,0.5186126026638536
baseline,0.3114384877148372,3.820238641176873,3,0.48952153668471127
baseline,0.2762849431985148,5.7952705267205555,0,0.6384378353374118
baseline,0.268604794977611,8.421131997000735,3,0.48664396889468275
baseline,0.4023353809904758,8.98859789284866,3,0.1892931458146865
baseline,0.186413584921083,6.60886630496897,0,0.678943156270567
baseline,0.2657887529599857,11.153747824976515,4,0.25462085716621913
baseline,0.29698934671909105,7.1584000273180415,2,0.1979523571563936
baseline,0.3579685682127949,5.861849388351123,1,0.372646011929983
baseline,0.4114786845123781,6.856519546467673,5,0.14156040791463947
baseline,0.38171880586696744,5.981182744773557,2,0.18190422128522163
baseline,0.4620834722962085,9.585205202924193,0,0.22351402149932528
baseline,0.3015025947644507,9.183123835420592,2,0.2078200048325295
baseline,0.17940536820295094,5.699885739872959,2,0.18862577855302634
baseline,0.4439316434957882,4.760435698642221,1,0.25442417062000827
baseline,0.2501959909880038,10.74772560286532,2,0.3321549416471634
baseline,0.3071311310098158,6.081723811844174,3,0.3591327496624627
baseline,0.2618501784321249,5.279447969616212,2,0.12489594271098609
baseline,0.42774592095214337,6.932231842309298,1,0.45640692881872225
baseline,0.30042303471061754,10.691779284205492,1,0.17152384640406923
baseline,0.26578916453639656,7.1892236818605335,2,0.591020597372908
baseline,0.320816071393714,9.9829215246994,1,0.12266567224622488
baseline,0.44526723193135487,8.391979522357497,0,0.21549863802448133
baseline,0.2075501157689444,7.959109942312369,2,0.4620062623286088
baseline,0.5542216911234563,12.436772358971458,0,0.25592016296193637
baseline,0.3633905584005823,5.270258910922872,5,0.49329391592931165
baseline,0.17498254072104977,7.972876612710202,2,0.3835613843768765
baseline,0.1658556969007698,6.885771904509438,6,0.18895401653457197
baseline,0.38609135198627803,7.017936431555962,2,0.016232003201352662
baseline,0.20133369852826383,8.787076386569874,3,0.31861238242938533
baseline,0.3716644062450027,3.835698925731432,1,0.12284472412495284
baseline,0.23632654927608301,8.960909004618758,1,0.1687241118993667
baseline,0.2806019334467737,11.356605268905158,2,0.1526741799727699
baseline,0.24024221893097342,9.321620134034202,1,0.30660893073608675
baseline,0.34150556290189055,5.601876186616481,1,0.2536345329116564
baseline,0.46107044602631264,4.482022406202109,4,0.3399446893834496
baseline,0.43413506806765173,11.432814247269896,2,0.2362310299174868
baseline,0.4711832155683165,10.198657412895209,4,0.3576646777815153
baseline,0.28085235933365343,6.652185056284594,3,0.23787244118797526
baseline,0.16344934694829746,6.9469687850683846,3,0.23626994738418175
baseline,0.21993494584440845,8.116270550436429,3,0.1586883052614888
baseline,0.342479364165667,7.8263928778019345,2,0.768223729434217
baseline,0.21649083050455764,7.245465825464674,3,0.019438766367648772
baseline,0.38173195363157103,10.616980708650788,4,0.2121024687976203
baseline,0.41408978941991353,12.822265952930653,2,0.16436068765266595
baseline,0.4699915064240031,9.620748991525822,4,0.16799728389006538
baseline,0.3305648398211327,12.05855801365659,3,0.21028698179079788
baseline,0.3466771454940731,8.764278911004757,1,0.2817472143246045
baseline,0.22264362228072984,5.1197662677448905,3,0.22764368050015762
baseline,0.21306642229078776,12.307713400123692,1,0.2365758112636372
baseline,0.35778989619833834,5.9316371655115585,0,0.12268749062975355
baseline,0.26383750594814387,7.811051861902565,5,0.5094353299131764
baseline,0.22556416746865285,6.220715894170343,5,0.4817951654965759
baseline,0.3373958601351745,8.64705754253655,1,0.20072344325358885
baseline,0.0684435522734429,7.906454238361222,4,0.2347615834965537
baseline,0.3103764904574739,7.2767909117405125,4,0.22068578372409356
baseline,0.4072556571771227,7.068537697217146,4,0.190483695278729
baseline,0.23238912394214628,7.549203815907344,3,0.4410016554639922
baseline,0.1980306731847702,11.216563915126908,4,0.20629196298638394
baseline,0.4010428267881113,10.301460793542343,2,0.126621628777151
baseline,0.32539498136405287,7.716645228728581,1,0.270958014821704
baseline,0.3902055371997208,9.655145956747376,1,0.4189996445017276
baseline,0.22826594567352276,7.263067747875094,4,0.3508438884035088
baseline,0.3955124578500293,8.259803674448145,1,0.053330477882034606
baseline,0.20940709805428154,8.64051322203407,2,0.42269594219731127
baseline,0.3202335964717197,7.279775327751593,5,0.3354966584595627
baseline,0.36689997623336407,9.370598666992402,4,0.34257437128289936
baseline,0.34313580195608306,5.85483430757417,3,0.4211452183696826
baseline,0.6528762978004745,8.687303798934643,1,0.36193191916474116
baseline,0.32108901585439037,5.842467577904877,4,0.25213888794543104
baseline,0.3509698969092658,4.992998443898319,3,0.3195291054258191
baseline,0.42222228958503966,8.026441684735623,1,0.20473846004004778
baseline,0.14019085283555535,7.232578678990394,4,0.19442568218267944
baseline,0.3961224420715916,6.300407662717326,0,0.16978686894607392
baseline,0.2738508215390746,12.169787774056914,3,0.3900937601532918
baseline,0.31165686798601233,8.686635210760405,0,0.29934799362065645
baseline,0.3412213826241731,11.021573441765105,1,0.11751954539193156
baseline,0.17823197417768627,13.651829060050918,2,0.06943419883014067
baseline,0.36769591080876746,17.87294868711342,4,0.08778167913499667
baseline,0.30688440138371764,3.6765732707525913,2,0.14066696139503965
baseline,0.3288762525205216,9.932083206321513,2,0.22472550427837268
baseline,0.43152354747606864,6.430900544199562,1,0.44790223321832917
baseline,0.2597156174694616,6.971331977599966,2,0.12180638634369854
baseline,0.345796033102917,6.39506791846354,1,0.4022147152476642
baseline,0.4173927610413728,8.628766641934961,3,0.2391010494662472
baseline,0.2931131452590718,10.678466045715648,5,0.10227505556631479
baseline,0.42612996338375986,6.838005643175582,1,0.1047860634209782
baseline,0.20922277165258701,6.775945459141099,1,0.049209254732548884
baseline,0.4219718554684194,2.547535737685865,3,0.2547552273040983
baseline,0.29339811533727184,3.9120710850376357,3,0.19953182424467208
baseline,0.3480378716239768,10.46129572754003,1,0.23400393906812644
baseline,0.19290727277366743,6.649127539854655,0,0.1451922114321525
baseline,0.3205820704043771,11.48613336871152,3,0.2630868421640278
baseline,0.3594220266415426,6.69888038738968,1,0.18208723299600113
baseline,0.19186537571222242,2.174719062976693,0,0.2597838998985665
baseline,0.0,9.5851589180227,3,0.3927475953578583
baseline,0.20355727579313154,10.001991654026874,0,0.20984703058261758
baseline,0.14347104167113564,7.021056584640032,0,0.2516865948986453
baseline,0.14049757438058352,9.657173911488819,3,0.10940672215344388
baseline,0.14918676840495163,8.545376466871913,2,0.30655152466743346
baseline,0.21554816011153843,7.319606233741249,0,0.14633288756823676
baseline,0.136934417087663,7.665540072038784,2,0.16445654438810176
baseline,0.4658450641114303,4.135516848842574,3,0.32096399649212126
baseline,0.22973013797392666,5.305190180299268,3,0.27055250357167837
baseline,0.28460296709868627,3.9272526040960862,1,0.32760556476552977
baseline,0.18283048189503642,4.243052838796219,2,0.3370540028113793
baseline,0.2731447126162283,8.22333775307802,6,0.3220669725835134
baseline,0.4155850416911535,8.590747546493276,0,0.2781394434740552
baseline,0.3374588069483234,10.63124351276734,4,0.19995874669863722
baseline,0.40156123563545787,8.97745370898357,4,0.0718032517092856
baseline,0.2981637405204926,8.694939286638718,2,0.25840076319408267
baseline,0.3237230285437422,11.489975061890949,2,0.5204366272441295
baseline,0.21959634469627592,13.202248783499485,5,0.3536847079864979
baseline,0.27654060474356645,12.410098448496345,2,0.0662122289877903
baseline,0.2695803486575358,8.171430685983768,4,0.1414592560911239
baseline,0.3694229728577381,6.337708359785381,3,0.49362043932548394
baseline,0.2749341480465539,8.181145593526645,3,0.1617649540797731
baseline,0.2503009665807319,8.131820582600264,2,0.2843142721625854
baseline,0.3033746175421065,5.551606114046001,2,0.4885068764382821
baseline,0.3309127574837033,0.0,0,0.3419819100438419
baseline,0.199537428979089,8.21109798415432,1,0.386841053986839
baseline,0.24036422050454548,8.874942757353066,3,0.3513004380871043
baseline,0.5234497951874457,12.677544989908226,2,0.5319637895400503
baseline,0.3950620653627537,6.792269903102014,2,0.08411538610563818
baseline,0.16676713039973043,6.548446752771411,2,0.09751827799271641
baseline,0.32480166190046555,8.342902991584822,7,0.3688066487524857
baseline,0.25431565720312244,10.258685236287658,3,0.3044567594919774
baseline,0.14077429002755595,10.609502418832738,2,0.14844972326877703
baseline,0.2519717623893961,9.629020519243808,2,0.12183751254296057
baseline,0.17826123285972373,6.700507164032512,3,0.5811414037986874
baseline,0.40514717512050924,2.7179680794577727,3,0.11213281835479347
baseline,0.3714455918924981,7.456243534229289,0,0.18685004769314972
baseline,0.38290550042473787,8.73781587546171,6,0.3639656090149708
baseline,0.26106265325149136,6.127227879533299,1,0.04093392741229088
baseline,0.1390388386704674,12.377465848100522,3,0.29964711066212235
baseline,0.20194162520934614,3.9448773359195695,2,0.08597593914682074
baseline,0.3765876879432317,9.705505944761997,2,0.296865453903545
baseline,0.3143216095088621,7.3404317054747175,3,0.504785250591899
baseline,0.26404348951135176,8.159025139504275,5,0.18448597176935497
baseline,0.24714449413301848,9.086120844716893,2,0.038295661442231836
baseline,0.30010864477271126,7.9803889240390875,0,0.13801505478650086
baseline,0.2113858566423395,7.670856749532571,5,0.24065631370093304
baseline,0.25420882515293713,11.750386729802454,1,0.3725982616352194
baseline,0.470565889924595,6.451392249531964,2,0.48651044560339013
baseline,0.5237406442590908,2.243154296855586,3,0.2941931252584721
baseline,0.34460082762285893,7.5281467800723725,2,0.19312399382588788
baseline,0.12026610286681788,4.342657408472933,1,0.16372187281192446
baseline,0.48901553374307855,11.414421540085389,3,0.5049385438485895
baseline,0.27314655317031833,7.847018593515383,2,0.38995393104709697
baseline,0.11499965461635231,7.523082911250955,4,0.37254220718743514
baseline,0.2379034465057957,5.935046624166414,2,0.2021387952456224
baseline,0.3891610347639959,12.838681606643513,2,0.212515975914218
baseline,0.2037656243278839,2.4164302450633643,1,0.4320389404080102
baseline,0.27695345002784016,6.556305708006289,1,0.34517236105173105
baseline,0.31122283822814634,7.081694266765655,1,0.18209115408325133
baseline,0.07907997445725676,13.077427583574533,0,0.47087658576754043
baseline,0.44450763726385223,9.374739123487956,0,0.18456835393605467
baseline,0.282228445339922,6.126819374546274,2,0.3673238260877223
baseline,0.27261676730942563,8.937832133315071,0,0.3797871003375836
baseline,0.40022201606716573,8.413940400274969,2,0.26662046229283776
baseline,0.06706041195689469,7.424805781893902,4,0.1416285726482838
baseline,0.35665713652799935,11.368763953486354,2,0.34593068616729467
baseline,0.3003972826749017,4.676673140486268,2,0.19364950129896502
baseline,0.2894551951426913,12.365602985832181,0,0.27706066590824974
baseline,0.25342323739095574,5.022709048310228,3,0.29248953114665177
baseline,0.3818806759189983,3.7065227470382425,1,0.37828815926295256
baseline,0.08025355505612725,4.940665728558636,2,0.39490825254470496
baseline,0.31035169977488464,7.89692901076002,3,0.3796958402385685
baseline,0.34703030586009503,7.8941450960202735,3,0.4771622890666424
baseline,0.41420460962277045,8.85709245749734,0,0.12649401146544692
baseline,0.5141402902313953,10.398319469341352,2,0.2641998458495588
baseline,0.14707890940082174,8.27319995057739,1,0.22306123378970846
baseline,0.17780297226930236,5.9779709603637246,2,0.6719738318154249
baseline,0.3511262798842742,6.264683512803354,1,0.13516895968058606
baseline,0.3930358263741408,14.289324060843196,0,0.2818606111970287
baseline,0.33839492444445674,10.091338167881128,2,0.5770863692683968
baseline,0.38654697048209635,7.5120724542689254,2,0.33206114677196524
baseline,0.22715080171607094,11.799634450093407,1,0.18458854893504964
baseline,0.3858418230136148,3.04679979240242,2,0.12838349425956608
baseline,0.24647654023500246,14.596663562887688,0,0.4822669258159883
baseline,0.22712158348673472,8.244817187598287,3,0.05629160151157212
baseline,0.3165745985214618,12.452487065289615,2,0.19980380947389917
baseline,0.1294251221961063,7.614938828457113,2,0.6509949337812557
baseline,0.4351242768763673,8.275402445310844,4,0.41670368756041065
baseline,0.39043573450467517,6.183760908815327,1,0.3156312532010331
baseline,0.4130336572638435,4.963797025666346,2,0.512803284227761
baseline,0.07186419437834177,2.178360249818234,2,0.16909599827878677
baseline,0.2640662954091994,11.451428332092174,1,0.2453489247986932
baseline,0.39668397486017515,5.976125539440256,2,0.40577242391792645
baseline,0.19642934067086293,7.522703806123862,3,0.21690741983763032
baseline,0.42406995009691223,2.653020451085716,1,0.25021612529827936
baseline,0.40012950340504666,6.3601929060628715,1,0.34461585883453977
baseline,0.5407491594844287,12.18453968096024,1,0.36713995206363376
baseline,0.1996672884309229,7.487172472129071,1,0.1628426803380801
baseline,0.3124613116611477,13.089030378953087,0,0.05380872511865826
baseline,0.19343024345728915,9.478380635056862,1,0.34145520072830965
baseline,0.26991400748594985,12.516842209602185,3,0.07369740662284989
baseline,0.254603240225028,4.827738416049927,1,0.2280562838774245
baseline,0.054530692443772705,12.160375028373185,1,0.2498886078294713
baseline,0.5242662201151304,6.784508082734903,3,0.1371309521455546
baseline,0.16566673639595494,7.49851259212745,0,0.16745519995905853
baseline,0.27088169286723585,13.48136693761018,1,0.2438611082768133
baseline,0.37780654930749,8.114143920428674,1,0.6324581055867787
baseline,0.22402187239053117,8.440484694135733,2,0.3000881921831196
baseline,0.35104076450094324,9.1575718236703,0,0.288888541226205
baseline,0.24791871750547137,1.7932457118296403,0,0.5037925900825112
baseline,0.275577594265521,5.509283285401557,4,0.3057805935150856
baseline,0.3391737041047827,6.506745021532239,3,0.3742106463469454
baseline,0.48947643757518866,5.752237201140616,2,0.40188288582214327
baseline,0.2762933499734777,5.393911533395977,2,0.12966291121858117
baseline,0.2476460525976555,6.328371848799274,0,0.1897963787177809
baseline,0.3032189783059061,6.793336868897121,1,0.26892611000548056
baseline,0.41198133952737853,12.444443622085101,3,0.15171265705063453
baseline,0.2965483518031694,8.375446905368307,0,0.3291848516635028
baseline,0.48128376853688365,4.8146161608387645,0,0.38542971879052673
baseline,0.22156751139884925,6.695736204027268,2,0.22616505070853996
baseline,0.28425884205946095,6.814980035321071,1,0.4192610527989672
baseline,0.16886272637250968,7.673793833194855,1,0.3177758100995066
baseline,0.20978079520652732,0.9140188698843499,3,0.3563881332450999
baseline,0.3403595217223543,7.317637623125339,2,0.15526387409245831
baseline,0.3465357567860613,4.108133987439229,7,0.3690676438922612
baseline,0.4073608887617899,5.937280910279999,3,0.2567238659900281
baseline,0.40792216654854485,9.928372438849536,1,0.1159643667194119
baseline,0.2773447439228854,7.637308671041817,0,0.32494097595934657
baseline,0.44562507525486367,9.464080660219132,3,0.2717419163079531
baseline,0.3988745852554245,6.7162580884725855,3,0.46874971978574803
baseline,0.3191454229889534,6.744916419981976,3,0.3086972807048815
baseline,0.17073354074746008,10.412844669781371,1,0.1234546029631864
baseline,0.3013243859773913,11.173501874351949,1,0.29989628090392584
baseline,0.3286774354660182,10.4445104393031,2,0.36008734897254
baseline,0.2431419985316311,11.962232649185392,2,0.3740203958129341
baseline,0.3786811709043165,6.458354910721735,1,0.5460173740298918
baseline,0.26157441377012597,6.744015478019028,1,0.20453419665411482
baseline,0.3060123064892059,5.0020226249059485,0,0.19985393995327624
baseline,0.36481935810145505,8.834299971304263,4,0.04476740726827341
baseline,0.3186341112912122,4.707365653695076,1,0.21443970692234293
baseline,0.19457063214154272,2.244869703817921,2,0.2859649868833398
baseline,0.2581992735822676,6.003501743162875,2,0.21617324893769196
baseline,0.26228561126753436,9.751826528910131,2,0.36844406472520397
baseline,0.20919595256218165,7.2874574237087515,2,0.2142572755431782
baseline,0.30551878446297764,7.747178355638895,0,0.49414908990521855
baseline,0.28361993063422647,9.18697607324212,1,0.12850447982420984
baseline,0.20165848156119529,7.621177972227612,1,0.247098978937333
baseline,0.4674481810879331,4.252443744386064,4,0.13994468000016658
baseline,0.3119718376679353,3.7388796634479604,1,0.3204326425824737
baseline,0.3051812469008106,0.0,4,0.15886519684171668
baseline,0.2502181566082579,4.448628933096055,1,0.4405333074221699
baseline,0.37409550978647776,8.869989819935236,3,0.07143263502931257
baseline,0.2584514641780987,7.270688044270136,4,0.47648903282491073
baseline,0.28210303841132583,8.656580879716651,2,0.13358444836045874
baseline,0.26959015400978986,10.510434004956444,1,0.3666108073521777
baseline,0.4544258946990213,7.976146297760034,2,0.24543272505930414
baseline,0.2853046229098164,5.6166080202414905,1,0.2195633558721679
baseline,0.2981633808183087,9.099899326940145,2,0.2912655330616876
baseline,0.26982278504117163,5.843135556061073,3,0.04858737848251972
baseline,0.3746638730742149,1.4665856931861958,2,0.03599152396838884
baseline,0.3299614115116683,7.160346076057313,3,0.3955016306781574
baseline,0.23225905519729573,9.632760450544248,5,0.24002951041160167
baseline,0.24409718244210804,6.011825442280733,4,0.2963852675812641
baseline,0.36796661619672866,10.255078421885436,3,0.01904175719116335
baseline,0.2110687347163071,4.923906362505451,0,0.07844925282997062
baseline,0.2205844677945066,1.9557416783203987,4,0.21297632757984258
baseline,0.13978327798565082,3.8366853872900766,3,0.42952702063593917
baseline,0.2590573430280662,6.620629404374078,3,0.123021423853017
baseline,0.24115118455404147,9.18303274161223,1,0.31480985041541903
baseline,0.5272144790823619,6.967085534572521,3,0.37360736397082406
baseline,0.16478089474177637,9.342468679366185,2,0.7174848968871542
baseline,0.20374786355912294,9.559454640095938,4,0.3104842460792832
baseline,0.25100851516249,11.163766456365508,3,0.024450417972107563
baseline,0.3490706325263203,13.44991523766687,3,0.5231041237376978
baseline,0.48883676086609584,11.15617018842423,2,0.06605367668936318
baseline,0.38626027502237037,9.470659287828923,2,0.4086309524348459
baseline,0.3714719924231784,10.000915888987949,3,0.32047673303260377
baseline,0.5042932175593635,10.228545377758465,2,0.41302114231545717
baseline,0.36803506869078184,12.174680421075374,1,0.10318825328675144
baseline,0.394370524480626,8.784750059433694,1,0.33430082739777534
baseline,0.34754729604204193,11.184479745930082,4,0.5517589686059583
baseline,0.22217700555169895,9.147196290640952,2,0.398129644321775
baseline,0.10921862740970079,9.710037286350174,3,0.21821511251719045
baseline,0.31189394454840624,10.503482951677384,2,0.14891268649292616
baseline,0.20460527314889304,12.656593161983812,2,0.5374033182776007
baseline,0.16751397765851858,13.940319155866051,2,0.395657734467395
baseline,0.427221899452032,4.925393212568988,3,0.3648103036104336
baseline,0.28758315392851674,6.867483950167269,2,0.3954786749926972
baseline,0.27218275970160727,12.434963249921605,2,0.168472261992914
baseline,0.4620336182952667,6.194515572208108,2,0.22331311091701106
baseline,0.35519233687852414,9.694119362690405,2,0.1912784043043822
baseline,0.267908519597604,7.74475104259808,6,0.10782757538633396
baseline,0.22256956654426818,7.332254832897406,4,0.25166194608848935
baseline,0.2610159113765221,6.406300658421387,4,0.4211430056198769
baseline,0.22188077912498833,10.58987557343298,3,0.3245661515562542
baseline,0.35580710780865865,14.223070314816379,3,0.3962048990720783
baseline,0.338072324141516,4.356576916244928,3,0.23734852906108395
baseline,0.3269723920571789,9.402731370591752,1,0.3011099046031902
baseline,0.4049942385467414,13.599317588273578,1,0.12438999229221835
baseline,0.31455450216772923,11.10843724924727,2,0.4453254074967261
baseline,0.3668994291958717,7.808981238502161,2,0.3683544047164126
baseline,0.2650676864479262,12.393321442844877,3,0.12387692286364706
baseline,0.47062589570901586,4.158437315251317,2,0.42105812975188395
baseline,0.31756976975258105,8.909784971545118,1,0.27637052506786236
baseline,0.31150863216227254,7.935512817785662,1,0.2853420238140845
baseline,0.5381003243067473,10.417399436263413,1,0.17124092309786612
baseline,0.2691948455699981,9.760633805264243,1,0.08741355327497034
baseline,0.4780556369672937,8.945074100263547,3,0.13466849684257431
baseline,0.32561349900593656,7.614692936044721,1,0.24113750866307618
baseline,0.49603084161484823,2.336796973114728,4,0.4899940851542132
baseline,0.34986917243080684,4.523143385302791,2,0.14758169668347235
baseline,0.1854857278083279,9.698899162573671,2,0.2812310918911575
baseline,0.3090814363408158,9.560964520129518,3,0.21411025448679027
baseline,0.18391413570119453,10.837723512547619,4,0.3801919730128382
baseline,0.36791066590256,3.432248821331127,0,0.08943091222018963
baseline,0.38920821663735256,11.721674482900873,4,0.024608077609157057
baseline,0.3106645995007353,5.5481239353164655,1,0.2957255994162868
baseline,0.25791422028840594,9.400638335534117,2,0.03430445349499728
baseline,0.2626749263762831,10.337629288941645,4,0.45878408371570273
baseline,0.23834073047374044,10.509000880124942,3,0.2270124982116245
baseline,0.24416390312913375,11.564430826036947,0,0.043449172559850556
baseline,0.22600785944601354,10.549252828402981,1,0.11000323578507482
baseline,0.1683943372051674,11.08050979003563,3,0.8121032540377995
baseline,0.4329571535434031,6.808629703729142,1,0.22347316110680301
baseline,0.30496841462919905,7.272643764565597,6,0.20618562872317195
baseline,0.4057619376135697,3.3934930596537676,3,0.19830230598389895
baseline,0.41183851334381505,9.684589638078704,1,0.5178369025858857
baseline,0.3777564675835957,3.928924500780851,0,0.20340260352034822
baseline,0.21039365482311262,9.343581575599751,5,0.5094981075353063
baseline,0.232068093216091,9.081024199021254,1,0.2921811042068309
baseline,0.3514439975150493,6.788993267577615,3,0.23313421403608262
baseline,0.3580749770555175,4.445392042208649,1,0.39912799270743476
baseline,0.23135976174685377,6.02361764254556,1,0.11719289002683886
baseline,0.19254136182494402,13.825484534776347,1,0.30096775435898265
baseline,0.4095706296191724,4.62805936569055,1,0.199580924661959
baseline,0.4606392671700722,8.712579718472995,4,0.15107449928376362
baseline,0.3293318507539734,5.704704791098406,0,0.23440074198701594
baseline,0.15291058577162617,7.12432971990286,7,0.20559268039752687
baseline,0.22192588046079287,9.353894058678144,3,0.5837053086396325
baseline,0.5209348884053692,8.76090538957459,2,0.2748886119471925
baseline,0.2889113754245563,8.374824852498124,1,0.2505762348140411
baseline,0.3647672937862291,6.743555214130398,0,0.0665173029281546
baseline,0.42758165964332834,7.999926204086547,3,0.42066296558135796
baseline,0.25649690022858646,5.168059685183081,1,0.30683547312915493
baseline,0.20836748248610554,8.19036796162355,0,0.2780704917162739
baseline,0.3519188702901228,12.341079086094588,0,0.36323139257815396
baseline,0.11174715348337763,8.986437636039774,3,0.24087736009526212
baseline,0.21031654500198002,7.261807273337127,3,0.3833383125074416
baseline,0.4118208246128823,3.847669706935199,2,0.07980970878262446
baseline,0.3838872850455142,10.13312277034468,3,0.2743671514717159
baseline,0.19163836297960152,11.520956405565329,2,0.3336225495965984
baseline,0.3352667979090924,3.7377865422341348,2,0.3459003107965789
baseline,0.19500242034909848,10.712621760503001,3,0.4430033957876175
baseline,0.10733804722300447,8.721241769269025,1,0.2560953044999204
baseline,0.23288382812522446,14.662671739274625,4,0.07770598383488903
baseline,0.2510012116039934,3.6620612016938177,3,0.26963976794529615
baseline,0.2217139538386072,4.261695789284063,3,0.2939421724605864
baseline,0.2702307660627076,8.678517329976208,3,0.22400600243392066
baseline,0.44380175070827244,7.826562192988027,3,0.15499573191645075
baseline,0.3398937057543367,6.298975167974776,1,0.1423135338655347
baseline,0.3507390581561402,5.499163014907942,1,0.5433724195820347
baseline,0.24093769401915863,7.665342826970185,3,0.26938543788975605
baseline,0.22310292072391602,9.64971362504389,5,0.2749198654276545
baseline,0.1835467334234267,8.936397410512605,3,0.11960137699936603
baseline,0.19417318242956788,4.4373425378112605,3,0.4958720180123569
baseline,0.27238306720463,9.33292044462176,1,0.12682816438447622
baseline,0.13329910621349408,6.461821137406018,2,0.32218291763052576
baseline,0.3939911254709816,9.366161360306126,3,0.18766572384507546
baseline,0.27182711201231546,6.221360905587057,2,0.3402496730070617
baseline,0.3841251587972852,5.992788381844415,2,0.3454180014866801
baseline,0.337126012724129,9.944145708393975,3,0.6924729994599575
baseline,0.21837975253185254,8.159515029119378,3,0.29119982576204
baseline,0.25138281547998464,10.79842981901482,3,0.3946440730545759
baseline,0.4571074206596801,2.725232382945922,4,0.40717636928216666
baseline,0.23537576163235613,9.427977920080828,1,0.3266919114176154
baseline,0.3374187232122847,9.972670530510724,3,0.13635399084013486
baseline,0.4259914427860359,10.336922171830471,3,0.07242998244705837
baseline,0.2404779628752713,2.4059201026923045,0,0.09982178437094286
baseline,0.39011716471833885,12.383337261754622,4,0.4755740759954663
baseline,0.21280613530262749,8.095255591846659,1,0.13773746945303525
baseline,0.3298302222552116,7.3750879189900305,1,0.43245651409061026
baseline,0.35065056329965255,4.023444805823974,2,0.3715870963058132
baseline,0.29267658870201246,8.994068703281485,2,0.3558586960018345
baseline,0.46782289569430585,4.376940815052314,0,0.08891087527121234
baseline,0.27773669055102895,8.861197346560653,2,0.11290228050953409
baseline,0.4318237826110976,6.973813532646773,2,0.41065867005040213
baseline,0.30145756270885127,7.578481497207888,1,0.06802024006170292
baseline,0.30167383282555976,0.7955181201588655,0,0.7656444498989191
baseline,0.3401912302584814,6.119811442150644,0,0.027953030374018233
baseline,0.29963426339987986,8.422729821581427,2,0.27530047953034487
baseline,0.1401222440900338,5.777498159824906,2,0.20509559546140418
baseline,0.3159780552544335,7.607447360827457,1,0.21070265211012332
baseline,0.48026237827414536,8.782069154012039,3,0.2639210920404501
baseline,0.23984707705673605,8.586185896178614,1,0.5679273620420255
baseline,0.2555616208185263,6.0582691172102585,1,0.07450920577180788
baseline,0.14891126600088248,8.386319790999313,1,0.17485900500743004
baseline,0.245078504242959,7.12785193083026,2,0.2409996390501307
baseline,0.30490867488148726,12.463074008352642,1,0.1740320996602913
baseline,0.44547377524941106,9.175695730807703,2,0.3820595990283333
baseline,0.26949775742080795,8.845270307891518,1,0.051112631963648486
baseline,0.32919412192865394,3.355151405630516,1,0.2772916066345542
baseline,0.2692068571826975,6.117930043192585,2,0.37871976317156697
baseline,0.22276955475142257,11.794205397926149,2,0.31767429343417536
baseline,0.31624536433930495,8.610981218988417,1,0.22941108412980143
baseline,0.43427884628025937,8.262105703678856,1,0.21116181524377095
baseline,0.3053223366937527,7.834209180945488,4,0.23423073975205078
baseline,0.27460079444948376,9.052502723519632,2,0.0583531480654809
baseline,0.19567540293064395,5.896851186997651,2,0.4019531717713582
baseline,0.24197418585661196,8.496158934509362,1,0.14586597154782413
baseline,0.31538538460172916,4.743873100899368,3,0.33115014740065507
baseline,0.18825584979511578,0.8404571043343569,0,0.13438077752228214
baseline,0.2443175386511431,6.908360403939607,2,0.5234451523567416
baseline,0.4023416492686913,3.6034423227951953,1,0.25802802444624584
baseline,0.4614315065038145,13.785215058236105,0,0.15407234349816237
baseline,0.39123201626350307,12.860756985141808,2,0.20184473961109836
baseline,0.46934996625848224,11.939852576915644,1,0.21094630971273007
baseline,0.2743247184160715,6.883891651260656,2,0.5402415055994091
baseline,0.49823525628383875,9.099484091428343,3,0.43801718383468374
baseline,0.41917617157931025,8.119752035248455,1,0.377752789460234
baseline,0.22107728802417964,2.370322510726959,2,0.42921511401851126
baseline,0.19129632714812606,4.852050082429603,3,0.511992205932893
baseline,0.197527877262682,11.075020690120118,0,0.06883163891141364
baseline,0.18800132144650167,5.051260902329098,4,0.5809174240324179
baseline,0.2043414263619711,5.356035438963898,1,0.13009621933267076
baseline,0.46800715595459896,3.4359815078195037,3,0.28000214214410435
baseline,0.03830475003141681,7.998215029114228,1,0.3589719718845225
baseline,0.3918284606445952,8.29075818783871,1,0.25219957750579564
baseline,0.3083646694420122,10.052677667380705,1,0.29755908653679686
baseline,0.45411169124265216,7.37024184749527,1,0.3387145749700169
baseline,0.17687667801770524,7.689978057129948,4,0.19330943276006793
baseline,0.18197173761734786,4.865400342526595,2,0.3218804722778031
baseline,0.3436567601260662,6.311805045417203,2,0.32193192110471364
baseline,0.15185987898710426,7.234489768431066,3,0.2355933361980265
baseline,0.18999355142130686,7.9018833408423,2,0.2720258749809961
baseline,0.38853460259993433,10.042152090833138,2,0.22063483445885157
baseline,0.40176518596652155,8.386060401504299,2,0.31611648054387753
baseline,0.3647348415571914,7.539429032086117,1,0.3789353093937272
baseline,0.3171048333096426,5.203688810102916,3,0.09152312114082972
baseline,0.09175065543548547,4.336012653474056,1,0.1493667442277423
baseline,0.20335905465474852,4.859788608086807,1,0.10096651621521481
baseline,0.44545730230042124,8.139845209917981,4,0.10720901305968844
baseline,0.2952634791282383,9.477884642654757,1,0.19026308701866868
baseline,0.33051282535108445,5.7996236603505915,1,0.30750091198488044
baseline,0.24675119079869257,7.422064711359155,1,0.09857311257564426
baseline,0.277743822199925,9.721641130775318,2,0.11526073533916996
baseline,0.292688935932801,5.916891804112609,2,0.5118297293885108
baseline,0.382922168552262,1.0431309483891935,2,0.4158378106912884
baseline,0.25279500279363265,5.6414208970602076,2,0.16817672296170028
baseline,0.2692322634392185,9.926678075466565,5,0.08959771108881481
baseline,0.5409555764315448,10.767454312772447,0,0.17862890605748355
baseline,0.42371408260175947,5.215100549562084,2,0.372428965460032
baseline,0.47145304103911034,8.765453676613358,2,0.1660939952036088
baseline,0.44090896342840585,8.60797703400929,5,0.1773464190224026
baseline,0.3066761724726552,9.955110563346059,4,0.3401218871231551
baseline,0.08934403956450859,7.701442435184349,2,0.31592262726383896
baseline,0.2085118604554672,5.9749901131009295,1,0.15694184084253127
baseline,0.3458665781229693,2.1136937656317496,1,0.1844336873224942
baseline,0.15040747565172355,5.259420600180986,1,0.22836606226521292
baseline,0.21620314905900334,8.80638412065467,2,0.09048110010288438
baseline,0.43713385681831796,5.182232213553498,0,0.11970630361961726
baseline,0.4170960690658523,7.854597392555206,2,0.15109469133366968
baseline,0.3040212846628135,8.798785857817222,2,0.18543813391484812
baseline,0.5117248331858586,4.789053258265611,0,0.283173163101376
baseline,0.31861130030887524,10.83980986260995,3,0.2939572240640741
baseline,0.19614691461258607,9.686077406423315,2,0.5412674531260585
baseline,0.17029195275124395,5.588675551844485,6,0.3834340148999946
baseline,0.1829182177408219,6.548942061940047,2,0.2104699179627792
baseline,0.4341460384737136,5.471561639260259,2,0.44851148067174407
baseline,0.29104993181112154,9.441210020841176,1,0.12239810648978582
baseline,0.20153533534340706,8.891010937538605,2,0.7678853131829876
baseline,0.25021729303138657,8.671348714224981,5,0.2970476239362129
baseline,0.3259246216742598,8.205816531511372,0,0.4118289372982326
baseline,0.2184856762880073,5.851955846898825,3,0.0461062920289847
baseline,0.0438624969508018,4.506607427171859,1,0.23947122623122727
baseline,0.3981839373663416,11.517202814681944,1,0.4688826729545801
baseline,0.16914981384993452,7.639007547851674,1,0.20297700441407465
baseline,0.3681255175791903,8.078202094563625,0,0.3446573227212516
baseline,0.29602517026506764,4.673487085500411,1,0.25627028474262825
baseline,0.32803602569337637,7.6467004376993435,1,0.5784816003606614
baseline,0.32371226775717604,6.5512404134480295,1,0.13704853689686827
baseline,0.312949179750014,9.257413922599126,2,0.6639644899789982
baseline,0.346229092505866,5.259498347067389,2,0.17564450085961278
baseline,0.2734666432212751,11.116353396517432,2,0.11909202832800563
baseline,0.11636825650662355,15.098837129928434,1,0.45096070178128317
baseline,0.18506148608739498,10.890193924357364,1,0.2894646608278371
baseline,0.13016607347781436,7.522221032124141,1,0.15188833995863163
baseline,0.2698434658801256,7.940931396908969,1,0.7810704660164152
baseline,0.3026458770675734,12.898029048281668,1,0.1711658833935191
baseline,0.20524682524239835,9.494245690301762,2,0.10008667388755346
baseline,0.12142900216700861,6.440867357796745,2,0.32758636374120415
baseline,0.2556015508755761,6.357227300660401,4,0.422268358279231
baseline,0.35586769568426857,9.481651029184187,5,0.37181592305668043
baseline,0.34263872018861397,3.5903535035887355,3,0.5342836210685371
baseline,0.22025043731784777,4.46483867543975,1,0.26960473037127014
baseline,0.2544077778428248,12.08805637235362,2,0.3633353131741063
baseline,0.41950536865985455,5.926898885676948,4,0.10477511178888552
baseline,0.4434451227284578,14.396473308892041,2,0.4818452072536463
baseline,0.2937136835330141,9.783672164442592,4,0.33547647101815947
baseline,0.4005090811359294,10.299863527569633,2,0.07302968105763179
baseline,0.40453407783571343,6.12038156369711,1,0.18343435548375803
baseline,0.23311691958803565,4.012080914767633,1,0.08328825985618625
baseline,0.3555766495215857,1.5362809368929442,2,0.6342153516770227
baseline,0.3610248016088865,8.037062058860451,0,0.34946365479655295
baseline,0.34212857878652897,6.593243713998029,2,0.3984527857318571
baseline,0.44522896531500433,10.526910493778267,1,0.26103588516801285
baseline,0.24660398093500757,4.751019531807511,1,0.291733139641314
baseline,0.3823517919622027,7.223343309121013,3,0.41836397352140003
baseline,0.30836980738017267,7.2373698613394755,2,0.3819788963494987
baseline,0.42014498495305175,5.140190804879284,2,0.24512887155431318
baseline,0.38403796092807485,6.043442693522927,4,0.5002721644223175
baseline,0.3453502444741594,6.775149657891006,0,0.2491968542159483
baseline,0.2582672677359936,10.994559922012666,3,0.03230910599887214
baseline,0.4011262277533406,12.0016388228035,2,0.15650482082342135
baseline,0.4397649395946878,12.421810936784773,2,0.26308270382140864
baseline,0.2547742136193255,8.68051169869205,1,0.23981652632880265
baseline,0.3423845160653751,11.655935618098752,0,0.3148125581490479
baseline,0.2817281884892662,11.419725617744103,3,0.6534998881133542
baseline,0.31657294541367154,3.7195945148769116,1,0.33904797380632
baseline,0.4966076646299512,8.230455445556307,1,0.28968942586466795
baseline,0.34612784069337504,8.051507413971102,2,0.17415511466753103
baseline,0.48913435485811785,4.585973919560108,0,0.10741826597287207
baseline,0.19357664681606296,9.713402531511761,1,0.5969714859636712
baseline,0.431597304952925,3.2618271643219217,4,0.15411366991191253
baseline,0.33273161908735244,9.45343108163493,2,0.3730045979910684
baseline,0.437090281495065,9.330523330467255,3,0.04611085012641198
baseline,0.4070363873518885,10.624119811044368,2,0.3007725026919075
baseline,0.24567390192876007,9.538726000220517,3,0.055746421189894625
baseline,0.014186000796225395,11.395788041055404,1,0.32007015305895686
baseline,0.3898542960075603,3.071718897795378,1,0.09777927896918377
baseline,0.3841078297126437,8.820894840917912,1,0.11370697103116287
baseline,0.3064648125774699,4.064670070005028,5,0.648195903772601
baseline,0.32246182702613463,6.184957748286305,0,0.22706349094656755
baseline,0.22665593320701194,11.088565604869544,4,0.3212901194273162
baseline,0.33039199276699427,4.073512727245825,1,0.30551585007665405
baseline,0.2812282586855813,7.786395614342339,2,0.31329117174144727
baseline,0.24051238419711563,10.256654410310352,1,0.2735750266883664
baseline,0.2836096583458068,4.871874956171567,1,0.37567980439590654
baseline,0.1571809544611653,6.29990393813216,3,0.45259987699116394
baseline,0.10617406229622181,6.55637743013131,5,0.3705785633348521
baseline,0.29604501105015635,12.863214983842287,2,0.144367636878584
baseline,0.29197382739009,7.333430824491417,0,0.4924762450081285
baseline,0.5030558314310296,11.939659549200975,2,0.25297589345674476
baseline,0.42204335231522916,8.213838739649827,2,0.10819351723278253
baseline,0.1594404259981468,6.537480228760206,1,0.5296971198823905
baseline,0.1265066501803353,6.130920660675843,0,0.26435785408458107
baseline,0.12296473048948034,11.821144241465689,3,0.10586971231716397
baseline,0.2522640485180875,9.011437792833,4,0.40768394654536155
baseline,0.19983145399854352,9.21507062926553,5,0.32983987694015476
baseline,0.28959951545377083,10.814511181651048,1,0.33879730071091435
baseline,0.19908225394731432,6.902646892596291,3,0.19258067041907548
baseline,0.23921727391953615,10.119031138083496,0,0.1873380513879845
baseline,0.39433710428914137,7.0219379777664725,3,0.07562849867938226
baseline,0.29820138890248993,5.607784614301156,4,0.44883229635387106
baseline,0.4779562752632726,10.580389528457022,1,0.2613972849773868
baseline,0.35126991873883806,7.821293574258635,2,0.17647390216294132
baseline,0.35198645474972096,9.986714371732166,2,0.5111173955329088
baseline,0.11774749979357385,5.755009518527531,1,0.3724952595053675
baseline,0.14025500188947274,10.63663443013558,2,0.2711585801548389
baseline,0.29781177550578775,7.335208892054727,0,0.5688787120267327
baseline,0.3693721087808959,8.297324802672088,3,0.20220487384787492
baseline,0.438487386869589,10.5386528496906,2,0.543306169330295
baseline,0.373570839169344,9.026869549077382,0,0.24547813995572676
baseline,0.3600327650930197,11.996436953261714,1,0.06732435926209725
baseline,0.2373844398283944,9.82081271003532,0,0.4521072050473824
baseline,0.16929971928989462,2.4161507621363896,0,0.26407383293973546
baseline,0.22408088102648616,8.520410442694015,1,0.19504218875807014
baseline,0.332181293328899,5.098324900482497,5,0.1320851208511835
baseline,0.32271983454965897,11.318380073596042,3,0.05901413892787233
baseline,0.358279846959703,6.016200523580375,1,0.3109099588065036
baseline,0.37607781632060594,8.453375399539569,0,0.0673777291497152
baseline,0.6257757216062703,4.96004179631302,1,0.41966664609140963
baseline,0.20178278340345707,11.336209985068578,2,0.1172415013231089
baseline,0.29649924084571544,2.436424126066374,5,0.413840729869433
baseline,0.3286890009340802,9.50007484962967,3,0.03187307461258177
baseline,0.29884198625588126,11.923473213740323,3,0.4189133526524091
baseline,0.39405693597806324,11.959985258100964,2,0.46801360548183185
baseline,0.2733508563211065,7.147187383018234,3,0.11811082997068019
baseline,0.39616399425668364,5.5737678626097775,4,0.3831811934228558
baseline,0.3031625435090092,13.405321371108188,2,0.31694830782014977
baseline,0.3839715258127398,8.67200340438831,7,0.5562970358334605
baseline,0.40040493695125223,12.105498648682016,1,0.11064028162568527
baseline,0.2393147765368878,11.291803344941076,3,0.1321580064268587
baseline,0.3834993459908615,8.880627975742545,2,0.28383716569320877
baseline,0.31238334952168995,11.85995787441195,3,0.5575006518740164
baseline,0.37477470618427033,8.418059648861746,2,0.6264427326070554
baseline,0.4340504003569736,9.78704227659517,0,0.11120786092737474
baseline,0.3384818298898977,7.101693244114305,4,0.09179725049449068
baseline,0.2603949234089417,3.9533038875713062,1,0.5726543077228846
baseline,0.31691006137353345,7.79606696830261,1,0.2247302820770867
baseline,0.3456135459532792,6.498582225390292,0,0.24379399659471537
baseline,0.2969037885147392,10.329378463013846,1,0.2534953336718411
baseline,0.3483672309489228,10.609336875109731,4,0.241184873466757
baseline,0.2877318718134504,6.453551278098789,3,0.2532913521382363
baseline,0.29534676062377613,5.8988396120280004,2,0.2007287444942289
baseline,0.3015582780182019,5.611733199138673,0,0.7585570124035251
baseline,0.20755279934392645,11.241589729136011,2,0.23132359318897577
baseline,0.30228286471057303,2.7840693781845856,4,0.11158908137623334
baseline,0.2996919149654581,10.238757709322243,0,0.4669361902757238
baseline,0.5759763832506715,3.3250993802509967,4,0.38006457091898316
baseline,0.35929190889492346,9.69402058109059,4,0.3270532326042644
baseline,0.2866378482517141,9.119174666421731,1,0.1662171885783575
baseline,0.3617433738499352,9.091465458119536,1,0.11751585171902802
baseline,0.4075507576698308,8.725789083223628,4,0.07494188499656641
baseline,0.36499835671172304,10.269849304523063,0,0.3548219217391851
baseline,0.3252901203182609,7.202609337220425,1,0.022757651395797773
baseline,0.22762546923351668,10.724521207601786,1,0.49392964022170815
baseline,0.25943931793702196,8.049815365889557,1,0.25259183052801454
baseline,0.2171365788237965,3.2046624020888643,3,0.2611173846325945
baseline,0.325719970765378,3.8321869075664514,2,0.18219737347681128
baseline,0.23210399033008083,6.761930900263447,0,0.10325059237155575
baseline,0.30822880995297114,2.139615477207112,3,0.2226381146448773
baseline,0.15395602730270094,5.475470651635212,2,0.302500105479135
baseline,0.2898145301969444,10.066463058295716,3,0.13488262069799314
baseline,0.26837189252375443,6.8012474407103864,2,0.5643762458859612
baseline,0.31776249371512605,9.70931571224436,2,0.3413027772392931
baseline,0.31149895086895596,8.582447256483686,2,0.34458549999207133
baseline,0.12154937922677256,11.204490681752095,3,0.18281856632393373
baseline,0.345425134468475,9.95021418852792,1,0.3799458033546904
baseline,0.09876545489813202,6.639825466682444,5,0.6565272559094307
baseline,0.3106544946661772,8.875248683466378,1,0.49527304779456266
baseline,0.3501510698293392,13.615686253566851,1,0.46711470630791124
baseline,0.3401963397325533,4.92190446436603,2,0.1147671929620252
baseline,0.26886625125800506,11.271407226440978,4,0.221466076142806
baseline,0.34407740260880526,8.677744858088097,1,0.08271819782254886
baseline,0.11944151683414436,9.544840666408732,1,0.27964176850312106
baseline,0.18242024762184084,9.51234751757949,1,0.16090178917379439
baseline,0.1678999150314349,7.962264621596976,3,0.4277733637709588
baseline,0.38680641339214,7.339907468750491,2,0.6342159826559872
baseline,0.3301828369945258,11.980246654426058,1,0.19020308446153872
baseline,0.3256168059862384,1.7487301770259664,1,0.22151444164113243
baseline,0.3183281495601933,9.680698901322163,0,0.1943692473147418
baseline,0.28586835645427533,7.343002882033297,1,0.2653231605396695
baseline,0.3859543258105516,5.729587040129914,1,0.14978716790305238
baseline,0.28436611990093397,4.608564768565996,1,0.3088260247486404
baseline,0.17291321789424696,8.999966180106599,2,0.18077206723552777
baseline,0.4573598064330072,8.301314090412362,3,0.167726306247566
baseline,0.17866766795454428,6.36990413956403,3,0.42057024439699625
baseline,0.3737170564508507,9.943012953592127,2,0.1368535714119892
baseline,0.17818047095271272,0.0,2,0.1808598426954054
baseline,0.2562135400969497,2.643301501025431,0,0.2748645444207326
baseline,0.4163690176399279,5.242132994302344,4,0.32584920503185577
baseline,0.19767144531491138,7.9083088945773135,3,0.445745853206469
baseline,0.34687358443402827,13.13000987304226,3,0.14720476909537583
baseline,0.28328298082294195,7.592052818052318,3,0.3862988320015989
baseline,0.2675539014870603,6.8316779545241495,2,0.3103202703752856
baseline,0.2572578227697867,1.51993376476113,1,0.14755469793486756
baseline,0.4498358247157871,7.464652458846531,2,0.2004226025344815
baseline,0.2504237063672044,5.291371449678392,4,0.058949014030469794
baseline,0.2973640842793948,4.263049223262653,1,0.2505496115323072
baseline,0.3338107890263394,8.188394208641967,3,0.4078316632843551
baseline,0.29826874064144,8.813500006996545,1,0.0814991421601043
baseline,0.22918927874895217,6.294744272968667,1,0.33561225597121813
baseline,0.47411766135812183,10.220677901606836,0,0.13442688144484372
baseline,0.1571762675238911,10.0646798432626,7,0.46404600206663543
baseline,0.3308469028972589,9.841318127328655,1,0.2977603662827359
baseline,0.384538983286291,9.395957889292266,6,0.17261314523101176
baseline,0.08638906403171204,7.34592002717324,4,0.35786214863318594
baseline,0.23689929336058246,8.256171799812186,0,0.2847166732045375
baseline,0.2662262106414759,1.694793952067128,0,0.3200795832175052
baseline,0.2709112261176699,8.641175173950803,4,0.2908724351939636
baseline,0.37210882712189036,11.185588337938146,3,0.5242750380349379
baseline,0.10115379271676805,8.965653721959479,2,0.3370559263704288
baseline,0.13486096192075794,9.609585727715048,3,0.47976309068127787
baseline,0.4295511723609618,8.361677795302212,1,0.3068974063487971
baseline,0.2979698482210899,6.633425847409228,3,0.8044919071587942
baseline,0.30645421808609835,14.53368418365066,4,0.49600177265497464
baseline,0.2138609319795193,5.089597733642978,2,0.08409746311696353
baseline,0.24348272870862853,10.475471609395864,0,0.3138161145516426
baseline,0.24853277600149512,12.384896410471782,1,0.18770476579969472
baseline,0.34986913019282334,10.864721377738917,1,0.2944578232519428
baseline,0.41335469707563155,10.639581885996993,2,0.7517524102118042
baseline,0.28963453435405734,8.92939820397374,5,0.40298969619922154
baseline,0.35942797760249234,14.416162773817366,4,0.5210610197190843
baseline,0.32584229402576126,7.211634643633712,0,0.20326297499909382
baseline,0.42009733598689736,8.13312098799311,2,0.4476565415088306
baseline,0.20781361974020895,7.451369646440401,3,0.4017320036733731
baseline,0.3129740593326055,6.443475543062556,0,0.1261009476073759
baseline,0.2527013643258439,5.2967597103433866,1,0.32167972790392624
baseline,0.3416036652920293,9.067366122832922,2,0.18377067630034064
baseline,0.47163994734763265,9.737772314644126,5,0.561896340566171
baseline,0.2687556551551307,10.648011081095607,3,0.7169324103439005
baseline,0.2534916611587963,7.675124036049785,0,0.4472139573557928
baseline,0.3878384010669319,13.552922153738535,1,0.06826848147092046
baseline,0.41121825863171235,5.97799726103222,4,0.3817938430529697
baseline,0.2622081465735904,10.113339901893784,2,0.1169647099235207
baseline,0.44924331147376817,12.424058708544127,0,0.2642749309576962
baseline,0.5125932775294272,5.868575774265712,3,0.04781863215811554
baseline,0.2530507099094155,1.919298020303902,2,0.28702695342849827
baseline,0.19264786704315917,16.455190315801424,3,0.0741535773629789
baseline,0.32969030001025734,9.342290573914338,2,0.4865813958698038
baseline,0.2918994936745333,9.266433329021693,1,0.19776231143430956
baseline,0.49572603725796777,4.76728455714947,2,0.3357524704418934
baseline,0.2594652714750941,6.942322452996697,1,0.38533815862822757
baseline,0.3526378441992958,13.42210949810682,1,0.3482856114764403
baseline,0.3529396547075737,6.960706077698157,2,0.35363818327608154
baseline,0.19663127052828638,4.910855702312484,3,0.442518796619603
baseline,0.3220351344361793,3.8926072591553726,2,0.4893156027397802
baseline,0.12845331761169268,5.303116470381839,0,0.26791501776748394
baseline,0.19690906422690024,7.023352618912997,3,0.031722252708579285
baseline,0.42071192366846616,13.719104433981963,1,0.6307428067576044
baseline,0.20837239740183144,8.282102929422532,2,0.6359515820427849
baseline,0.32465899916822843,7.710496618015401,4,0.25379078160360624
baseline,0.3706265977393405,6.787798085011528,2,0.3763780770806584
baseline,0.4125182902091773,5.965553800802812,2,0.12893837452103368
baseline,0.43651495624059017,9.444440316214243,2,0.09251999107186068
baseline,0.2553741445061303,7.724429160565686,3,0.29378355225953956
baseline,0.21926041128129456,10.167712387289122,1,0.18545584744518237
baseline,0.2913762476442818,2.3906321602697256,2,0.37306119424568707
baseline,0.37120451530986465,6.971514764993181,2,0.07908520347546175
baseline,0.30647619150815664,10.821696492804962,3,0.31506456264424876
baseline,0.27534503984495157,5.973057700375725,2,0.05930646117345199
baseline,0.2703970822126236,8.82171918589282,0,0.4329808848935283
baseline,0.21714615357691935,8.490901445866351,1,0.08306315894000743
baseline,0.481578249481457,6.6214771160042,2,0.2099746864277926
baseline,0.08429353090948657,2.5197966681331954,4,0.25004219136599987
baseline,0.3559730622268327,1.8245763346496595,1,0.467070448846891
baseline,0.2762962181773519,4.352548021863724,1,0.33643220287381076
baseline,0.2523196852019249,4.5487404455179785,1,0.2152599937498364
baseline,0.3731387921070966,4.441270265541384,2,0.3981144860489185
baseline,0.16889862918067153,6.905260538945639,2,0.19294900062324832
baseline,0.2080319469125102,9.72375647501493,1,0.31848512978524446
baseline,0.18007089297523882,6.277009442610633,1,0.20925328709067592
baseline,0.15601154691481198,9.117916975817545,1,0.05560428518412227
baseline,0.15620427823144808,7.102149251350493,3,0.19055357732631295
baseline,0.3834751938589701,11.515648749740164,2,0.19363496637372501
baseline,0.2896596107931206,10.259878514965477,5,0.26790791821791937
baseline,0.25566395125054825,8.210615643479764,1,0.16242110102863447
baseline,0.38028583915950365,6.755091392035486,5,0.7017493903398256
baseline,0.3342131765443054,5.814037014238146,1,0.1262391924791394
baseline,0.24969178032501554,7.05494229194171,3,0.37364778686505795
baseline,0.287573018195391,5.518580757323539,1,0.1700856357781559
baseline,0.2739984165144541,10.584488472070184,4,0.5076850902895259
baseline,0.30096594462649734,11.290530650649764,3,0.3828556203732675
baseline,0.45974624178763207,12.758467557131077,0,0.09121473825391875
baseline,0.31560735204788526,10.22097101273372,1,0.43112507205971534
baseline,0.2660062515117136,9.859407420866347,3,0.08342710680922302
baseline,0.3164530289326767,3.7937861870791973,1,0.7596632581087788
baseline,0.24919914140141125,4.402440749553927,3,0.44612069267243454
baseline,0.3035287549834229,7.476741600841998,2,0.20098227586052747
baseline,0.47619381336573086,4.856473570069885,2,0.34266432743768754
baseline,0.24630571683803673,7.5238143655156104,3,0.27669863486042273
baseline,0.1538331016093147,4.725268121941167,1,0.37608818118296733
baseline,0.4402380218902498,10.160279751460521,2,0.18426499504027577
baseline,0.14586160350680438,7.450972634735177,2,0.3301196295276159
baseline,0.4581107587928929,7.774537140034561,0,0.3744078277141702
baseline,0.32625000818885264,6.096173894711791,3,0.5004391537119132
baseline,0.10418412731502508,9.78382877881354,1,0.41329625918880075
baseline,0.3812374956067067,0.16023470836774045,4,0.1497714059265864
baseline,0.22175118874092137,9.28880633095672,4,0.30496814664803384
baseline,0.3296474695070428,9.307059020839484,1,0.3380265636864962
baseline,0.2397284272312147,9.030568679855659,1,0.22671571518317002
baseline,0.1493870386044023,8.28051151138437,2,0.5142126000612914
baseline,0.20261636819567205,7.120874149232081,2,0.2187819903294481
baseline,0.44334974073925,6.013103719371692,0,0.48109268997309507
baseline,0.2599881394218074,6.96108075203635,0,0.10164956766099913
baseline,0.2876610596109471,8.361640440413728,1,0.1317789927832577
baseline,0.24625701797357857,9.72384198274937,2,0.5813212499069553
baseline,0.3271784728537654,3.03639960078168,4,0.23492581817009764
baseline,0.2963557131981594,9.32673416950929,1,0.3654713110530541
baseline,0.43560741717640145,12.514189570605648,2,0.317610819564682
baseline,0.24262989053486314,4.216706644782046,1,0.37048390693612976
baseline,0.28983824920023865,11.302681240212209,1,0.34157857834283
baseline,0.2627316768094982,12.301468114273764,1,0.1492841960382939
baseline,0.2196128301100188,7.091801281138481,5,0.1424261556619673
baseline,0.34940568169331404,3.0492054388990084,4,0.4690290572044383
baseline,0.15196371039277654,12.602087569636854,3,0.7798970647516751
baseline,0.3770023987394777,14.535347895811737,0,0.2850216742471659
baseline,0.20314896333105145,10.70123110425049,2,0.19866409854660275
baseline,0.4631094617054679,10.425764429880356,2,0.2616503152996963
baseline,0.2834568545886654,9.306122397310554,4,0.17351900869683612
baseline,0.41155372325421496,10.710979134136272,4,0.3325565599709203
baseline,0.44653514825206353,4.542269099602565,1,0.19064731759907058
baseline,0.14878947406654625,10.313542955978743,2,0.5071100002664666
baseline,0.2914001359242573,6.403050337493819,1,0.1205730534874139
baseline,0.2584318937397889,9.573062265907863,2,0.06840328331297066
baseline,0.29030304216074776,9.057068034517593,1,0.17248296097529164
baseline,0.42086990834910976,1.0459498586233957,0,0.3279648007727008
baseline,0.2547884786650058,6.878709830611293,1,0.28720395582923075
baseline,0.4453485350952705,5.4193187981498845,2,0.1346580348295079
baseline,0.2941113324703617,10.546634410699822,1,0.0649771238554618
baseline,0.27278918842806055,4.754804971211301,4,0.12253796155559415
baseline,0.476343073533741,5.89047932972325,1,0.09718841333988289
baseline,0.16908657216260983,8.38591004879072,2,0.2797389779762722
baseline,0.21042416818255993,6.316547327255616,3,0.16221700932058936
baseline,0.4184547899872405,7.381757137602961,1,0.19050475148351242
baseline,0.36210971129825303,11.701541457784653,1,0.0358035513348161
baseline,0.24386434192607262,5.603692033222914,0,0.13473823667316942
baseline,0.23416361551279563,10.826292393123595,0,0.195571543287868
baseline,0.2158963356315255,12.065040593420168,2,0.07069184655796971
baseline,0.3414539737497449,11.357594040206276,2,0.10500346133827593
baseline,0.2222282667633563,7.076913648216088,2,0.4519907663636923
baseline,0.45474819149429363,7.707364618364439,2,0.1070681731688827
baseline,0.14082742207964066,10.920566750381361,2,0.2359275957803071
baseline,0.4230810332568786,9.683417069952291,0,0.14593155877959624
baseline,0.32847374899930365,7.88146512302338,2,0.11061613433199748
baseline,0.42611246139672554,6.829940988117419,2,0.09493047255707218
baseline,0.49923783767688545,7.569549600007953,1,0.3918945505279859
baseline,0.34369786124482876,6.408751341384767,2,0.5191951006040977
baseline,0.531100490794105,8.559196642751326,1,0.2611670224908338
baseline,0.25644648634262246,8.648213925867044,3,0.5363523265807586
baseline,0.48333464030468487,7.002421197267873,2,0.4784704673602829
baseline,0.4194234351573406,4.089415347438006,1,0.20959712824381949
baseline,0.2860608036118742,2.37104889952251,3,0.4765029719527858
baseline,0.19299295755729987,10.170583185781918,1,0.43920093034457974
baseline,0.16089038037061706,9.258144417087426,0,0.16315868608228393
baseline,0.2744016015192626,8.114083541459067,5,0.4486344838911027
baseline,0.3648067531234226,11.439797880054176,0,0.13574850145638112
baseline,0.09952294179826787,12.757897755200705,3,0.2907308752622883
baseline,0.1634614214486237,7.6683580019108355,0,0.06431880724839303
baseline,0.13677248238314255,4.7997558268581795,1,0.5896489851182517
baseline,0.33819481013208363,0.05248933207661821,3,0.1914990387620668
baseline,0.2975769746240975,10.055470082420769,5,0.48560641587356795
baseline,0.55504525235775,7.950753731897187,2,0.5175717022188159
baseline,0.32372949882687574,12.329273296479018,3,0.5463121290477209
baseline,0.43469976697342416,1.1142279248993079,3,0.45328351532036415
baseline,0.30086946965249856,12.799973387118833,4,0.23279517291644097
baseline,0.1868230703354088,4.143562096856954,3,0.21171914855262658
baseline,0.30602854863229456,5.288972723876166,1,0.23552300129810802
baseline,0.5226161322571683,5.1658492879972915,2,0.29361460394014083
baseline,0.38413808924546017,11.687398460145767,0,0.44086289321017197
baseline,0.31261435320494785,10.440671475861631,5,0.3214030742149743
baseline,0.26602401308029255,10.061387348426935,2,0.5330413746107835
baseline,0.3351614417170923,8.774933558625923,0,0.16673738059668786
baseline,0.2668253991002414,2.4393024704943027,1,0.20197325092900628
baseline,0.3289330129953218,1.401457281863813,1,0.11597081241398617
baseline,0.3426149724371539,11.752686743933072,0,0.0831821036745673
baseline,0.3236447032277137,14.202080183206437,2,0.10756156687710029
baseline,0.3904286890787705,6.1364181536512366,3,0.4265220249060174
baseline,0.22312581086294758,7.21151234715475,2,0.1577186926651496
baseline,0.344051235200554,6.089336804476467,1,0.07480383451764674
baseline,0.34740235276076015,7.558074036951173,1,0.26590680848350456
baseline,0.3324878594610595,7.832583630187409,1,0.35814540239513365
baseline,0.32010696700039476,8.2712096157771,1,0.37628735050879863
baseline,0.2637635954672818,10.083255191619676,3,0.4231135674451878
baseline,0.20065904950767594,10.195382034461094,2,0.3428930341431097
baseline,0.31809447528169066,2.9411533720564247,2,0.2325934538536664
baseline,0.2685946902364513,8.502954621555336,1,0.07825316938000455
baseline,0.2820108489208649,5.706191002065119,0,0.335776501577369
baseline,0.17227214622203688,6.443596078870235,2,0.2154594168253399
baseline,0.3217631650845392,5.031473607560001,0,0.18127414260242009
baseline,0.15794981494876592,12.248147488081186,2,0.15762233931434255
baseline,0.2323045577515489,10.3153227464629,1,0.1623244510097102
baseline,0.3492333803488173,6.964127224272079,1,0.40953924732232116
baseline,0.2922912871104719,8.862266446594294,3,0.18340363304076182
baseline,0.2441213191515043,5.875133784540142,3,0.4033886767183454
baseline,0.34169158477126355,15.743556911020832,1,0.20260595859328878
baseline,0.37724639469948,10.224063024355956,2,0.4251543169041321
baseline,0.09688536493933239,5.332303687929366,3,0.23010027640232075
baseline,0.17678537156768398,10.13432046361595,5,0.5103688659302155
baseline,0.3841578798603115,11.748240058896648,0,0.4070756568429102
baseline,0.38142579895072837,7.3247360593836,1,0.2504746444155423
baseline,0.3509211043545778,8.377560703015808,2,0.04313923983713256
current,0.34414004134185483,11.568427793927864,1,0.11396248817284811
current,0.34219447823628535,10.8783508817029,1,0.23536404430236013
current,0.6016478248698839,8.44138400706849,0,0.5862063193143745
current,0.6446672754256523,8.856063565341593,4,0.6433019443006077
current,0.4564658960257919,11.702805731756142,2,0.6239488925065904
current,0.4827320425448125,12.888216656668838,3,0.20844766802893536
current,0.5390060117415275,5.764623797136649,0,0.6672524054730476
current,0.26273993111904725,9.569946642731189,4,0.6216659775702015
current,0.3433060797962302,7.983597846490082,0,0.39624083685363815
current,0.47411940084370513,10.338352638211575,3,0.4066106441848963
current,0.5847283180196094,12.739523402478023,2,0.690067501187159
current,0.6385490440337407,6.209755951037499,7,0.5696740442413663
current,0.6350065782486012,5.787132697703498,2,0.6502627279703793
current,0.5300609786888618,12.471580563908045,2,0.3784064727672853
current,0.5982243204962833,7.081900393718945,2,0.10931962195567528
current,0.3080900293874006,4.697813935903564,1,0.324857151279849
current,0.6919597236133707,5.14047800660814,3,0.1609489174408709
current,0.4663609725460024,9.990937081240371,0,0.5022253119126522
current,0.3847746842791029,3.653225579028647,1,0.8536537795088449
current,0.5196858027374869,7.816601555012902,3,0.4084549909763355
current,0.43819393860057,9.430788504084568,1,0.3331202349194612
current,0.5148992914573244,6.9451686889595985,2,0.27829670874517975
current,0.5058463987203413,5.976398616798294,1,0.3379114316280659
current,0.2235702049875677,10.335523623458789,3,0.3100951627568702
current,0.5220749813653958,5.428428393431231,1,0.510831781286123
current,0.3014945112885128,4.461736577598264,3,0.21233753334664884
current,0.4003103670945545,14.136463558245307,1,0.33456790226284044
current,0.4032932659321842,6.391801843335204,0,0.19021108961381838
current,0.36484364391123697,7.389536299030856,4,0.25970892769951304
current,0.026981442356336094,2.6369036034509605,6,0.2843852790653205
current,0.6138158150565238,8.656715179062887,3,0.2534633557305032
current,0.515818209039494,8.324218615770276,2,0.22402721721879387
current,0.46660429001688664,3.862292649787957,3,0.3640506526357187
current,0.22568494034603867,7.241228568718226,2,0.3081437727903276
current,0.44108972223510434,5.321610982016772,4,0.2659631092574823
current,0.40356345720525577,10.523099579938496,0,0.15203864390254587
current,0.48460484061234843,10.600436158688694,3,0.24195902029133545
current,0.42351506750797496,6.231072735074889,4,0.17031984232853772
current,0.5951356656833077,5.667751871356803,1,0.4418408040644143
current,0.3650947073188485,0.0,1,0.3710684196299599
current,0.514243714365197,9.135342642373747,3,0.11812736764645848
current,0.4172966414320926,7.240538703425127,0,0.7906436096019047
current,0.2641199543557493,5.614306396172431,2,0.26231331179667844
current,0.7254583114230474,6.0187829133756106,0,0.36266375062295336
current,0.5185283914648102,10.079109083078661,3,0.3422746788621157
current,0.36273525577202786,5.321359052138158,5,0.1766554598719308
current,0.5977241857529636,9.442204533225313,4,0.07862743489981946
current,0.4123105655703539,9.68201191866505,7,0.32486258605703894
current,0.3681873775565574,4.162805251037851,3,0.3086338274302376
current,0.35365364967840063,10.932039879772898,3,0.2098271904248135
current,0.4732070826429843,5.389151948782709,0,0.5454650137867216
current,0.27278802472368596,8.743985350241473,1,0.3980000863912972
current,0.4313204948403386,10.71610023678888,1,0.36391018618798837
current,0.5561204977118683,8.070201005536783,5,0.11496722399703518
current,0.1608318843737942,3.8662768986416065,4,0.3535173240512708
current,0.6497269621061291,2.7120182188200186,2,0.32319818804929845
current,0.6091064614511013,8.836308971228695,3,0.2950933007934751
current,0.6316225493923776,8.29340516344352,2,0.6668191774329244
current,0.4926011372253297,9.835229873724284,4,0.8135265631120696
current,0.40470840326671487,10.943761372456668,2,0.2323785177216065
current,0.49601959139908897,11.842289264447608,1,0.36392026277013345
current,0.48074390030126907,2.5090401520893595,0,0.1850367297596237
current,0.5982150177112541,10.654219068063815,2,0.16533086465771024
current,0.2687606185404062,10.349003741476277,3,0.5054205115335157
current,0.3158057267514667,8.479763829463153,2,0.2733621666051985
current,0.32302367632299006,7.322070182985,2,0.39063101801137895
current,0.5722312524403813,3.163767521847382,4,0.24856409461422482
current,0.47421260242434515,11.454689995837066,5,0.4209355927315897
current,0.5877507490000581,8.040685081156468,1,0.11020872171430622
current,0.4628075190622457,10.317569542239898,3,0.5416782631512107
current,0.31501870411547095,6.916274432256463,1,0.48751155300628424
current,0.615471069147552,10.620022982448766,1,0.42528180660506365
current,0.3555366145596354,8.181905373279877,1,0.0644396165169822
current,0.2704305764502713,7.5398059231837715,2,0.7684125075207157
current,0.18181062927733865,7.763858909632614,3,0.8493841550205984
current,0.38240678238305204,5.067298064280826,1,0.12976159575407253
current,0.4229815945826298,5.622164025323728,1,0.3517849188729253
current,0.33100805638632447,11.14938117681329,2,0.7384247395103516
current,0.6018279002763925,11.012436730283891,4,0.11727576579738926
current,0.310893834139246,8.69366524228659,1,0.3569962311670339
current,0.25146070276903454,9.134285895804894,2,0.7917853369067457
current,0.534884037936406,8.132351654152643,1,0.15572987250170464
current,0.6370558166253883,7.879107770239793,3,0.2924154885128334
current,0.3402945534253928,8.108463869191802,5,0.10252802672585859
current,0.32243259363286547,14.088541702452362,4,0.49652959264373764
current,0.470032593081625,3.0551205535611716,1,0.36613061595930413
current,0.25143574769269744,3.7413660519221708,1,0.43145563966316075
current,0.37897618682896284,2.589961544682163,1,0.30784456355295386
current,0.5064330389509413,8.265276153834991,1,0.061945401543642524
current,0.5070010434189672,4.480008747113271,0,0.30358476622151
current,0.4482247851775555,8.223974053099605,5,0.4751322861109796
current,0.4278127525981081,9.095685418890652,2,0.1735316923539994
current,0.4531422421606711,7.457542588469701,7,0.31559771158078054
current,0.5650364085375406,13.648880417702285,3,0.10470180222096641
current,0.47524740449353614,5.154023711267687,3,0.10734371226704359
current,0.4761580409241396,9.578033143309185,4,0.7242190508656227
current,0.627932857537519,9.043075940856276,0,0.5738843180026164
current,0.6168376908342648,7.1036582733214315,3,0.2457071460312915
current,0.27617923323151966,12.721125641619714,1,0.11630553671368404
current,0.5111501161239295,9.084456388961968,4,0.2406739431167
current,0.7131090497645528,3.9931075991233937,1,0.46009854003363104
current,0.3041596942363006,8.303065495878595,4,0.41512275705425755
current,0.5578134386327002,5.98660144894156,3,0.37219421938838787
current,0.4462315572503129,9.965356401469613,0,0.5516145605044896
current,0.49837123833804187,8.507848772224936,1,0.7036755713767482
current,0.21821371832178268,0.9670978015799951,0,0.22910741536116977
current,0.3850624458667083,7.509276563411397,2,0.32373212448170985
current,0.3927402963528275,12.206903459409226,3,0.378813097630395
current,0.5409260407439005,12.877206726738308,0,0.17613504137828945
current,0.40876817043894015,5.623678502589257,1,0.3814320632835809
current,0.4892756023706758,4.665755331524847,1,0.24202196889642152
current,0.37611501701732614,0.44487542814940184,3,0.23033899091391813
current,0.48809485594872937,3.295467074640256,2,0.3835460896432686
current,0.6139164303025267,1.0975108176000132,4,0.7801497541294388
current,0.36995108873738747,7.476513107633185,0,0.2862357357695215
current,0.5433907985199637,5.162302686060816,3,0.5927344523516727
current,0.436642630123583,8.537521120888876,1,0.4739712154779633
current,0.5764756117214564,10.321682162401316,1,0.20300759756033776
current,0.711355637593745,7.957362320881913,1,0.3502283534654616
current,0.2969117576272554,14.627328923198966,1,0.27622501080595047
current,0.4064913335072985,8.51978099879055,0,0.27281775935179864
current,0.3327991240806928,3.222749550309013,4,0.14469333762645145
current,0.5104797027222655,11.141272991270128,4,0.5530915684180548
current,0.6069339908596616,7.443704938529284,0,0.20350981872689972
current,0.3048373340593874,11.55108308636804,5,0.5346124119782542
current,0.330191301502912,7.16763771375922,2,0.2656047332536143
current,0.4820086560093193,12.759899872872325,1,0.3759291347044088
current,0.38307012528018863,5.9329547980260635,2,0.1385779511712799
current,0.5424231523226196,7.89737678690946,1,0.09505458582117589
current,0.4913051111850163,9.327377622211307,3,0.4728984607349367
current,0.6544787447625551,10.057943667309223,3,0.07539629922925636
current,0.41461616849293254,12.710953289410476,3,0.4308737812335836
current,0.45767301085907197,12.365837278807412,2,0.6025520638387868
current,0.42249706283512994,8.597046713873134,4,0.765496877931434
current,0.372985412704004,5.686638243149262,2,0.48263499029920426
current,0.5754219332284682,7.070282883879146,1,0.12248824117578795
current,0.5173870371680573,7.841446058450819,2,0.6142176423538994
current,0.465317881787592,4.611295486872708,1,0.2438598139082775
current,0.3593607872820499,8.710375990150343,2,0.28712591951633293
current,0.5265890002747973,9.487928438215071,2,0.8046393912938851
current,0.5056416333724337,7.794210428091414,2,0.6171037125006672
current,0.3906201223045949,8.110642800996384,3,0.649213131951297
current,0.4765860790127118,13.980053127909944,4,0.759207427941199
current,0.4830175514989022,5.272967487875064,5,0.4970427250841747
current,0.5172200545983253,6.86140233897617,3,0.351445433645291
current,0.46850492683066397,6.721253741728972,3,0.5992138891857993
current,0.5056105019605713,7.882377596408113,1,0.13609711984808223
current,0.5554833262589504,4.4016917410957745,2,0.6585971349187488
current,0.3901855690976357,14.310957379075884,3,0.5036753832845569
current,0.42019301222686406,1.9787866982543987,1,0.3677781509354093
current,0.4534872926594571,8.436164138455315,2,0.46224339385646496
current,0.5640521808163289,12.46670876989998,2,0.05998610353758735
current,0.6062688094735843,6.9361802671114114,2,0.2864496266094168
current,0.4326070656196134,9.631108235633182,2,0.6510991046623142
current,0.5605717912712678,5.7038012596471415,4,0.3322185508523786
current,0.584840590689776,12.8612078717235,4,0.2273558688809366
current,0.44997772233846867,7.607675717221951,5,0.3988355049134421
current,0.3491807024873525,7.204209233219837,2,0.6641048151636086
current,0.4744973776650117,10.083422126326841,10,0.6006896201776456
current,0.4652300586188415,11.25364335174638,4,0.6559082245515855
current,0.415477396640916,6.861746538884349,4,0.49281020719031704
current,0.34419508495019385,7.126097022205124,4,0.7278037993000891
current,0.425644783065974,5.840583061124,2,0.3462844425659542
current,0.5376466730197061,6.367724509204425,1,0.34396032490547385
current,0.5667775302253147,15.144149896084764,2,0.3149640789783869
current,0.30692189176260254,7.562252478442051,5,0.1301466757265768
current,0.4431458493136201,3.802837971955247,1,0.16012105463261386
current,0.596441408428257,6.871194811676951,1,0.5825680369157549
current,0.5243509690455022,8.002908156742608,2,0.5648053045581168
current,0.3617135227364184,8.622931701740304,3,0.7215179421308947
current,0.3008684242653782,8.689891138392603,2,0.2372490908756198
current,0.5040347539499344,5.698796780588072,3,0.7171229841067032
current,0.4816611339240406,10.901334575712447,2,0.6436028874923244
current,0.36453329719196553,7.299002412518112,1,0.18668392755290708
current,0.3710952879681986,7.1446042132089005,4,0.059729255592669145
current,0.38048424805918646,2.6318147915223644,3,0.40499481073125376
current,0.5862441510878617,6.62401186787994,3,0.16412214954242657
current,0.5951339501047614,8.19396213839666,5,0.16074293919348806
current,0.2422067142940868,7.6780351132306945,4,0.19312952365992825
current,0.6708941813866697,6.450926860950796,0,0.35405901030729114
current,0.49863646348920554,5.598866855461998,1,0.411977867059178
current,0.5633489261464881,7.432778008274384,1,0.12848815644452422
current,0.7522922068852436,8.997632337934135,1,0.3970131976286306
current,0.4703647646716932,8.321992735507807,2,0.12266305905735622
current,0.37356152753114996,11.777297415909281,3,0.38963760323455704
current,0.49652874353257087,10.64233318177816,2,0.6262064426066658
current,0.5074207750014479,8.767236093196377,1,0.6035533601530386
current,0.2147269153812048,8.022231953439443,2,0.16481619520876678
current,0.7854061517353499,10.835130875870759,0,0.2065399879828894
current,0.32619558563651085,9.23507992512645,1,0.4973011380303218
current,0.7027763166635514,6.443283472423293,3,0.08473667390099224
current,0.47549977817483896,7.959964120298948,3,0.8252203090612229
current,0.470364071071179,8.71096212505962,0,0.654314013537136
current,0.4592545276237084,12.929105533547762,4,0.5352505892396533
current,0.50583459573689,3.4022711713159755,3,0.5883437028423921
current,0.47254308464307304,6.288420931843394,5,0.5625498831791609
current,0.42439253731315807,4.399423775081827,2,0.5576462226968746
current,0.43358979279353926,10.375868009257207,4,0.6697839069851239
current,0.44311252052363653,5.905005685533267,2,0.11033222515213227
current,0.4618842591292182,9.928672910941023,2,0.704095938858798
current,0.4231566722327456,8.394829052662754,1,0.3071470889444534
current,0.49221865066394227,13.521955727171497,1,0.47727087716498595
current,0.6242960662250538,3.7863181411398124,3,0.2751747431623442
current,0.6902785729836292,8.73566225091668,2,0.1629227611032133
current,0.2594055618150556,10.318994331190366,0,0.5154418419803242
current,0.5512838778776938,12.108343364373521,2,0.1799102532175229
current,0.4763611813602423,11.430750158895519,5,0.24770525918240743
current,0.6170542242018399,9.102330083361709,0,0.6790363124914802
current,0.29448306700911847,4.324798946561769,4,0.24847675540324807
current,0.5084846710526164,5.941389410759397,4,0.27783814168184245
current,0.2447645385688859,13.390951387989459,3,0.20092325287675916
current,0.7385448605601659,10.187296428101106,2,0.4046611342834488
current,0.4592689043453351,7.981247205966179,1,0.1985513947758531
current,0.2801660670507994,12.438355265376325,1,0.5471637434055895
current,0.33663043297358863,8.99827805588035,5,0.4566950552573957
current,0.22923423969726656,10.917740434715704,1,0.4749297008028693
current,0.37398330209958314,8.23154734263045,4,0.17093477970630486
current,0.614279738313401,6.181034974298484,4,0.28673358402347165
current,0.4359681205471931,4.909928642026244,1,0.5364872543180556
current,0.3469309811221627,5.3957739040230965,5,0.3480639788323293
current,0.3202583198728199,3.0163772658831327,3,0.871408395156265
current,0.3322692098702181,6.19189107750327,2,0.4122545059533407
current,0.3786525780822722,11.727735601160212,2,0.2156911914512161
current,0.34461327690193594,9.537902323524477,2,0.2275661151968584
current,0.3795272887674233,10.319492258106706,1,0.3688553360095718
current,0.5811982301961742,2.799883577614107,1,0.14203799897815506
current,0.5580749593087607,9.614398336664335,1,0.6303023461149059
current,0.4723295941034625,8.788932502842455,3,0.19122865584065402
current,0.2237416627732726,6.831119532060776,1,0.645222720338141
current,0.4686854940693392,5.850356121304182,4,0.40210831643568196
current,0.5582053266905397,10.448494510874141,0,0.44834864592140317
current,0.6099658047578779,1.3564280192996918,3,0.22228860362354574
current,0.5277647446938076,2.695405940245987,3,0.24071576558704555
current,0.5371749476352059,4.888458602056469,3,0.7938129641042153
current,0.4214172105598304,5.980698955624048,3,0.7451876573482561
current,0.269758625702004,7.090724365133785,4,0.08143496131559665
current,0.3245125678121461,5.345516341160154,3,0.5926607620656592
current,0.4419946453317839,3.2314514322136194,4,0.6378816912157977
current,0.31969162171558485,9.823225628933544,4,0.6065936326972886
current,0.4352721656388809,6.538917533122808,2,0.578496698379257
current,0.3128672076965498,9.821182993094206,0,0.5078235038772123
current,0.5191410688110322,6.470441895523189,0,0.22684227698949086
current,0.39611547543560754,13.627186621326949,5,0.6594926720520243
current,0.7358545426420808,11.996423304163557,1,0.7735719484502196
current,0.2465261672943682,6.072574908702432,2,0.32997751494575006
current,0.35414866424608454,8.49570462175321,4,0.4128803117861215
current,0.33393930957686674,4.94439790391101,4,0.3261746434687113
current,0.6286768457040098,4.941419077142582,4,0.41362261355028845
current,0.33845132548191464,10.253304956898607,1,0.09841487321450047
current,0.48611148874921484,7.683507160101183,2,0.5113848827616939
current,0.2250313808993774,11.78601285432126,2,0.7026503525958849
current,0.3362886560283273,4.930674429613484,2,0.43743859338769076
current,0.4088686073527891,11.454345175875416,2,0.9105101578624275
current,0.16878199434083874,9.199486029463614,3,0.6575870602045271
current,0.5766257967476603,4.968473582906052,1,0.40036104247613136
current,0.39758383493186844,6.6825752506309986,0,0.21896054685479835
current,0.40750877095727017,10.789534966595996,1,0.09686448995041172
current,0.38220887082824956,7.932981772394544,1,0.2898792457087949
current,0.3041747033731673,13.259912235173006,2,0.5928540820455778
current,0.4510747549014006,7.913358078012404,1,0.25441101226326046
current,0.5483809083654319,11.298247704821799,1,0.36665288764273446
current,0.4060551433669109,1.374206344425125,8,0.3967285417377931
current,0.6179218512147763,6.335795282685215,0,0.180414170379649
current,0.25432581107386926,6.739557718803734,3,0.25615212460397074
current,0.6089259202787352,10.692458669562226,5,0.18291398759671987
current,0.5760111857903106,10.08760389503359,1,0.10725624002807936
current,0.3596785439335243,11.669458951325712,0,0.7263567580817853
current,0.3765608700072008,12.620182271431243,3,0.047907586188446205
current,0.2912676099708537,12.628058085107227,2,0.10102090004895632
current,0.41379288590869845,3.2598708270591885,2,0.6029482706465146
current,0.4193839003094203,9.66415628608194,2,0.38069277339098123
current,0.42880598313692464,2.0586168998682526,1,0.11743729865045842
current,0.6510023668851471,9.116492100347944,1,0.49654213886974685
current,0.4537567371042662,10.272323757769989,7,0.749077462117036
current,0.5605093275268734,6.405216519919095,5,0.7360004397947191
current,0.6327937171291617,8.808946084895574,6,0.30800142472567116
current,0.47979360934393517,0.8195932680250788,3,0.06962612023740228
current,0.5863404922325678,8.165872278019759,1,0.5968106833393833
current,0.5575880022798861,10.012750374472803,1,0.1372451966977396
current,0.49414504766538797,7.769215341240323,3,0.6101293740420375
current,0.4102606909897503,9.699048991872429,3,0.3350837782060453
current,0.3211652400766482,10.85422889159762,3,0.3346947182406748
current,0.7507551957658407,5.861768008784717,1,0.46926503402383357
current,0.5094982325307728,5.6693579357216715,2,0.4371121216649043
current,0.6571779092847154,8.252604927257215,1,0.3408000811214757
current,0.6210150225293416,14.09187900892222,2,0.7996181736974014
current,0.5057157499349192,8.737013354485143,3,0.10808389028341414
current,0.38839695341250496,4.2175341862916955,7,0.698080381961733
current,0.49021893735034705,6.8367499560428815,2,0.46310638936100335
current,0.38527694131018797,13.625563088320792,2,0.8276134558318021
current,0.417590195804272,6.425623718406193,2,0.5856958932785874
current,0.4199880239527976,7.367634164752222,3,0.808667709234798
current,0.3460387363140698,7.973845714388667,2,0.23840994270061097
current,0.6600489380608026,6.298085932734661,2,0.3610390870029866
current,0.5047985382906154,6.848249025213207,2,0.17791857654861518
current,0.4991385188233759,10.558511619772057,4,0.39294931714288417
current,0.4697988429087516,8.740346589105677,3,0.3620918240177193
current,0.4835953630085227,11.759375529041225,1,0.24599862079658552
current,0.2074148359169019,5.666312453098728,3,0.12757393881427648
current,0.6937347036364307,6.419510216982105,2,0.35462620044269505
current,0.3163908657362997,11.864063704855452,0,0.48667922136275177
current,0.5452498998931118,8.95584249248476,2,0.48501392299021034
current,0.4807260321631073,6.768776637534919,3,0.3552995798507108
current,0.5362797706567017,7.313259659601077,2,0.13905537174266877
current,0.5025265173980378,6.2389491824690015,3,0.7255139757319061
current,0.5536951785006576,12.560476786851655,5,0.457631011511001
current,0.2886803860924605,8.556991131266003,3,0.3416222405064677
current,0.5027997009926883,10.505332702538743,3,0.5943101422803968
current,0.1420737982564763,6.906483089941666,3,0.6165519955788459
current,0.5209304086088157,11.374023880769446,4,0.6091474719563768
current,0.5046663136218372,6.160026673823388,3,0.683092604017437
current,0.35271189968119204,6.003895822132799,2,0.5065239596466448
current,0.499299726321232,11.592799827236286,2,0.32433691851078716
current,0.3685738507244727,7.994704174389549,6,0.23359358004523229
current,0.5718468575058491,5.976355058327638,3,0.17361102825881622
current,0.49458909631728526,5.248362904660348,1,0.13893845718338027
current,0.5517500239841245,8.950952466221008,1,0.4820810916074597
current,0.38653662716455,11.808169687960264,2,0.7024327816719874
current,0.474435749107322,10.42190363909824,3,0.5130635592955537
current,0.2917087621410359,5.560628169972719,2,0.45069706101311124
current,0.303878446966923,6.401680103235928,3,0.4117441006512663
current,0.40222392220617675,8.839567960938439,3,0.32425046448766154
current,0.489365800140805,11.941890251210834,2,0.43190132724616104
current,0.4025527729790568,0.0,4,0.1491965066121974
current,0.5227174420383491,6.542354625211752,6,0.2417646782230384
current,0.5686359231646683,8.272892008717802,4,0.3745029713270659
current,0.4964134279521076,3.6119306567841205,2,0.1648248384474995
current,0.4841687286906975,5.714406368318892,1,0.09542644360533628
current,0.4272982988803515,10.58408849326414,2,0.7344051399080931
current,0.30375710082327384,8.501133991381856,0,0.06939054138926085
current,0.5653416737235822,9.713970705469546,2,0.1532050245865185
current,0.4646742508838814,7.36471636768224,4,0.34135545682777046
current,0.6535530591780855,5.299531918879125,1,0.6189341225418372
current,0.4533482529772377,10.289197983124998,2,0.6507037650967477
current,0.4239452126540913,12.85077948478363,5,0.274551345325768
current,0.3639810868828175,9.126838855000049,2,0.5792988805293893
current,0.4305498621576914,9.197583432091852,3,0.6528801839466349
current,0.421821178871281,6.51148898114391,7,0.8656920143900817
current,0.3230526882123341,2.2153863771695157,1,0.45768897639220363
current,0.4590678021906157,8.665010317395044,1,0.15191439015588046
current,0.4023291741939084,6.143618074636359,4,0.19249831759843744
current,0.33568038116055765,6.577036178995999,2,0.47891175817074116
current,0.360655476940161,9.12951457412239,5,0.40029023464699653
current,0.34405438376304504,7.903810199673869,4,0.4353148692635
current,0.2863911180258489,7.333524824808793,3,0.3204485495615167
current,0.5643345237461633,12.657261556960444,3,0.1260467460815987
current,0.5200168106961008,5.408393772729431,5,0.5092198234318799
current,0.3003772739510006,6.222796266860181,3,0.08880388642118581
current,0.5250780500667959,9.510464391901744,0,0.20179869571185377
current,0.3362391814143071,4.438747187876663,0,0.6268957815046194
current,0.47792913940567805,10.502727632748456,1,0.28451800172134567
current,0.5897341189373702,12.220602157285033,0,0.45864884882572626
current,0.38864685353149186,7.864043990338571,5,0.32048423263234666
current,0.5258182850858681,11.537140285576328,3,0.14088536291718742
current,0.4782484501790916,3.413301834877789,2,0.1313140032308006
current,0.3356225053717401,5.704044535506853,2,0.5155495181501936
current,0.4087061860226474,9.409620959516586,4,0.09371220237300901
current,0.44769778684840095,5.926663472867173,2,0.337235661307573
current,0.5349337259864734,7.153973498830082,3,0.721335186888775
current,0.5542276346182597,7.934238084987677,3,0.08998704980443813
current,0.29674033110626996,6.024433909820349,3,0.6561600745149019
current,0.4607960533563647,9.210903864616842,3,0.03611227759199191
current,0.37719002063254103,13.533270427559815,1,0.5979704151946819
current,0.46616517916304007,4.290370608350798,1,0.7168325384472264
current,0.5455455245659175,14.810364450794562,5,0.35784048826263787
current,0.4218123165532059,11.904044322162315,2,0.20010681259290664
current,0.6222927396875151,6.093903908316093,2,0.5189400671242334
current,0.634454967104237,12.233990085873488,2,0.270676519606617
current,0.5784777046439068,6.816935398448033,5,0.5415458327306449
current,0.5725539236211998,6.562397177751988,3,0.20721379453129948
current,0.44845050292593597,5.493377057146908,3,0.7320895068274963
current,0.48579807430349353,2.5397143043404515,2,0.1568986009336931
current,0.39071315649734817,2.3614031426999613,4,0.1275532135154946
current,0.5491174272532581,7.306333383014162,1,0.8893106820084703
current,0.5299016860711692,7.580146499084422,7,0.4396587770660026
current,0.16869392134601868,6.013942425732262,6,0.44977571290394003
current,0.40001597916243914,10.868707155580672,1,0.7341690268370957
current,0.48606726238008646,3.7085845359115215,0,0.24413408011415255
current,0.42345800273291995,11.108307468240064,4,0.6787067984948323
current,0.2730297169896814,6.597148564815644,1,0.4797398449082463
current,0.49438589713377423,10.2228256776663,3,0.2444075475500607
current,0.3988218166435954,8.136373216280091,1,0.24102855177402902
current,0.3998136830932097,14.55540866623361,3,0.3069383202060932
current,0.2547031744087228,8.71275719351319,3,0.30776659008705837
current,0.520785056926858,11.072682655942096,4,0.22658826566978504
current,0.34411834836643423,8.304546357420584,4,0.23771239169837208
current,0.33230359131890636,6.321027536734281,1,0.3378029887844682
current,0.33145746758737843,7.358085060807692,5,0.37395404959352546
current,0.555763953874481,4.3429303018369705,5,0.27335895938819077
current,0.5755422930549686,7.929065522798427,5,0.19278456783673933
current,0.10569006166350375,10.350575805870967,3,0.4471547822502527
current,0.3967752251527723,4.970997730106485,3,0.33360768112580597
current,0.2977030887499922,8.928673509557123,4,0.5868333796646612
current,0.5374890895433311,10.37222675974009,0,0.4918905803445975
current,0.41465600284053106,6.073967175543167,2,0.2398685258307647
current,0.28789516947744065,5.23881768672739,1,0.591479164353495
current,0.36126942790625083,8.246899702978308,2,0.11904777962307214
current,0.31325454268577935,11.99712997596507,2,0.1962272618936055
current,0.5402363464219893,5.911211775243137,2,0.3589904770695046
current,0.5114323505444025,7.637069664726218,1,0.47486734719677287
current,0.5674974898823114,10.50216616426156,3,0.15939970783099378
current,0.4539042183784828,11.765571357826946,3,0.27755717905738
current,0.2262509611286322,8.648005037126614,2,0.5957572446715547
current,0.3328219996573149,2.387868948652197,0,0.4764809684384655
current,0.2551091814310327,4.503516171606728,3,0.23924039466886762
current,0.4959416816184567,7.60372764825608,1,0.22578876719109595
current,0.4586221229013168,8.83343192243966,3,0.2273318098282087
current,0.4116964825454267,8.072384326525414,5,0.23599103925999781
current,0.502675666741995,8.28442985334823,4,0.6007034811163062
current,0.3741306172976764,13.075618778386769,1,0.4657455234090164
current,0.4981359196316998,6.91271893136828,3,0.6285381446361689
current,0.4416446457491403,5.476024584407468,3,0.22137528589083666
current,0.2870218944906694,13.732446847416513,4,0.31068999473430947
current,0.4448719492283765,3.6223555848774502,7,0.15984277367974697
current,0.6056849097212494,5.98930345461841,1,0.4636260451752209
current,0.5171329204870371,7.048619798931445,2,0.24523192654681822
current,0.5233392721516194,7.835194059960216,0,0.3462983495292713
current,0.41009567811070774,8.808114914583042,2,0.4242395362771136
current,0.5165028588512026,7.835952861888924,1,0.7053584920167574
current,0.3202641314311401,7.349674220574824,0,0.4785617435065281
current,0.14914687439584634,7.620896284118686,1,0.21109319334943746
current,0.44061178203853024,7.754725509413338,3,0.5073046696848297
current,0.6978277091713183,6.077470920848757,1,0.7563225613700821
current,0.5452282798053346,10.101008324500679,3,0.7351687639245831
current,0.41070052366816573,4.942681469903612,4,0.34489280811732437
current,0.6579917721586934,1.331166218706775,6,0.6318823081396486
current,0.49060612319482455,2.882180565694757,1,0.20979545970536714
current,0.4146947336210198,4.066097796453536,4,0.26351052814406317
current,0.48767552783520396,12.93131078641185,0,0.24298099745345106
current,0.3713534287771047,8.464482637469484,2,0.15739308736111338
current,0.5274647069197829,6.8473363076485585,0,0.11765128921301231
current,0.4485207500282586,13.060258409695663,0,0.3003501786577739
current,0.5742846302520973,10.886334437592001,3,0.5352802965547974
current,0.43029063678138424,5.898023776451064,2,0.1849668210066392
current,0.5252497598302508,5.674595905924068,0,0.5272402110386916
current,0.35317656505134215,3.7067968105380755,2,0.5319317825755666
current,0.6774590555171599,10.893959509273065,4,0.16755703288377527
current,0.42549733322730426,5.970241539995664,3,0.6027363801929746
current,0.3533271262016595,8.884340156562128,2,0.3536889030065993
current,0.14171026134250114,6.121891147884172,4,0.6652598358117963
current,0.4293606634550508,9.989902998674937,4,0.6349500464566801
current,0.40901195582323063,9.74317992411424,2,0.7990118475830539
current,0.4785281514760776,11.024395326783383,4,0.5312776850214412
current,0.3998153849340931,8.636789947894387,4,0.7419315420763745
current,0.30920839282447077,2.5331440987088802,3,0.16423874258995455
current,0.2752139552585029,13.171003871594579,3,0.16587494577472262
current,0.4263351611755998,5.057691681754511,2,0.17778633471747837
current,0.23639406375522032,8.398215387554147,2,0.6273637702618439
current,0.26342450684764185,8.837131535244625,1,0.37540762322477134
current,0.3369086279126075,9.749901918821433,2,0.3735447078996703
current,0.48023961929282194,8.60736894225175,0,0.22198377317461515
current,0.5872496153861714,10.41031888809583,5,0.6575188925952291
current,0.6951144561254411,10.975127966010763,1,0.6591771427896624
current,0.30638761262425296,9.66233630995315,2,0.4019657630271249
current,0.2964733841651036,8.143097590549152,0,0.3725377828866706
current,0.45868130451547184,9.08992360380947,6,0.44789107891509006
current,0.48297552699712737,8.003536275181515,3,0.2917101754613419
current,0.4820728230438492,9.99615097539387,1,0.22555791729952876
current,0.47092382127129073,8.062344145606618,3,0.480315393159074
current,0.4117122505234509,9.576461823327584,0,0.4189475700383269
current,0.5960058723436616,8.126026150596129,2,0.32894723252224317
current,0.2811495623474517,8.530196343951145,1,0.2090371811405322
current,0.5061169821271901,4.479754317856564,4,0.2253520029279039
current,0.5229842303004453,10.757613324217326,6,0.7082538232030252
current,0.5463489286426879,13.196581384829663,5,0.3499509929678678
current,0.6131253010096224,15.007824171182659,1,0.42517410520380144
current,0.7431595611891009,6.031982908552162,1,0.32491637036939286
current,0.44378121944038984,8.457443503807424,2,0.24713474673199778
current,0.3683849465374904,9.346626964930534,2,0.11680983618937431
current,0.4638895767069399,5.137580077974294,1,0.2953931837208041
current,0.6513492636031775,8.750278850288328,0,0.4851553049226879
current,0.4894817301298774,8.445000697261557,3,0.2676441176769077
current,0.29144025064205425,13.3704562918882,5,0.4663344660252107
current,0.28746782600919646,3.4244991119190757,0,0.14286973320870064
current,0.44735920790999373,3.4338599884028636,1,0.23402314749205433
current,0.5805957912404358,8.096815856204518,1,0.3204269155639261
current,0.34360622199165824,10.589186116680423,2,0.29712970976498254
current,0.348980374253999,6.4173231430727675,4,0.7935970166300426
current,0.42302251510912214,8.930453453920874,1,0.3910507226423127
current,0.5953847295853852,10.20968908543848,0,0.7839496356755742
current,0.5991609078630771,7.528168828317851,2,0.22139886307958487
current,0.19386368068802423,5.770434093935149,1,0.3715273886529555
current,0.2348997250363013,10.196685606120035,1,0.6646896287982196
current,0.35338373100809645,8.204129743693771,6,0.3187555293451174
current,0.2835934555593429,12.284294076217076,0,0.49975175330373117
current,0.42416290724431105,8.190217498000928,3,0.22116479462209235
current,0.4088939937633119,6.041743165223559,2,0.46972006370309377
current,0.6455808492073615,12.05428648924261,2,0.27692650494860865
current,0.208333073660403,8.630976089358771,2,0.4073058561595366
current,0.46254587163392374,4.0738299938275695,0,0.7320870146115741
current,0.5223740622939782,6.355711333463622,3,0.4398012259965889
current,0.39654060104062794,10.126037627577233,1,0.33089477972629733
current,0.5936032145865393,8.658598896792498,4,0.11975547582060818
current,0.4858977803127501,4.17508028270116,0,0.23631265952311328
current,0.5545044976565872,2.5926880506114243,6,0.3278516056602506
current,0.4128963493210907,5.989609748840971,1,0.4817229918653033
current,0.3097212009119785,5.32796017537849,1,0.5702280354321253
current,0.646862523478096,8.496661514497369,2,0.2661860311134054
current,0.4743986057863102,9.683914591329275,1,0.4347898505005963
current,0.5222480884595626,7.823122250554027,4,0.32872160652806226
current,0.576676117737734,10.905129215850987,0,0.5060572897419569
current,0.42254190895930355,7.5381219470015015,3,0.4918152013194056
current,0.5485620556979918,6.584857538610745,2,0.1963559088786176
current,0.23824991800600046,4.732493700350692,2,0.36401291066284813
current,0.4825516153205438,9.072122903492398,4,0.3684135803558256
current,0.4763088453871041,11.189715879523222,1,0.32447802724101293
current,0.41085190069098904,14.299013270693308,2,0.3901390824840066
current,0.500737506179004,8.197956378051934,5,0.23022573203726407
current,0.3919507307259896,9.936965244120358,3,0.49923710914116093
current,0.5007773726418208,7.457045078981467,2,0.5260345215893852
current,0.380086626117638,9.948465122625182,0,0.05318679466922219
current,0.38627176091920573,2.5838219412522037,1,0.46169430931819955
current,0.5409534717863451,13.442251481694598,3,0.5978727584099064
current,0.4910991062469468,14.84010148077483,1,0.8815482693995003
current,0.4274182786880379,10.693857081277194,2,0.5971430641704616
current,0.5074279091823628,11.088741758956681,7,0.1112006566510907
current,0.6247942818617443,11.322485092917697,5,0.5073075795943619
current,0.3539355089933641,3.604490950466662,3,0.40040379228654455
current,0.455203225054355,12.891709247904734,1,0.3599206380211023
current,0.31780827558929897,4.895973478031887,1,0.17969773691088387
current,0.43053533415721984,7.9802208773064605,2,0.8840213509033292
current,0.42769458599807225,2.667013600570983,2,0.8933016822612752
current,0.4740486680661186,6.258811617477401,4,0.43600130444705265
current,0.15689125094147266,7.5732251020628265,0,0.3849004824355439
current,0.4080006801082817,5.855310801005246,4,0.3320322143446571
current,0.27989375838851926,6.352346868902462,3,0.6334960401665578
current,0.47341294855481486,7.914478218328228,1,0.6600601426369538
current,0.18176972201677993,7.803244255862976,5,0.25759960189358116
current,0.4903769948809839,6.308635378333054,2,0.37237260259720056
current,0.25700597550254,9.1086092657054,6,0.4908773068907321
current,0.4308189424800816,6.418798342731674,3,0.7676634503470322
current,0.6735167214844057,9.484517501882053,4,0.17309557872863698
current,0.2924923157500684,13.557683446235819,2,0.2821085960800947
current,0.37593411873254023,8.25358424242716,2,0.1068934074845181
current,0.37464069733030214,8.918416686431568,3,0.2305921316570678
current,0.7137218392390092,10.640826867075202,3,0.4323915940361617
current,0.4862649316527787,7.16028457783505,1,0.5731011077975586
current,0.48676055243666355,8.654229897679249,3,0.2277053768316938
current,0.5382476327896181,9.390123744398148,3,0.2794724158343874
current,0.6804900154988162,7.0827689372111875,1,0.32713568129754794
current,0.4305586650882034,6.960072492806757,2,0.17599276355922697
current,0.6319962721477457,5.58889421504837,5,0.6097415872224594
current,0.41858541354924567,8.930686685814907,2,0.39141445831410243
current,0.4297533963619111,7.751755806265905,4,0.5405571390188071
current,0.4667457036073596,7.707607708798124,4,0.26111882687148363
current,0.7011845885999513,14.518637659922994,3,0.28315344075213733
current,0.4214767810819673,5.048372052781646,1,0.19022168516782134
current,0.5684206757406862,11.68057908327274,1,0.5847798404181106
current,0.4587945901350827,7.181091418623001,7,0.0678078650819522
current,0.4622953428289393,6.199911902572746,2,0.40697707736358263
current,0.29798859845784087,8.164281748146076,5,0.47405872109658903
current,0.2053619891717286,2.846705590904305,8,0.5092590205355014
current,0.37961564651771595,10.711796502514552,2,0.5788591931266108
current,0.3570288010709286,8.034754586439805,0,0.6090617725869466
current,0.24397807141161806,8.533967051031441,5,0.2522462656688239
current,0.46490072119074405,7.1932100661713845,3,0.5767276741532721
current,0.23097531231903098,13.205303164992426,1,0.40299668910087527
current,0.4910238149032267,12.833142826074361,3,0.26132020528417216
current,0.42237246847517834,6.112270786317304,3,0.2649946587930323
current,0.4330001616687934,4.723650127074762,2,0.2511344604909251
current,0.3953030121779679,7.141329292674851,1,0.3844179077921523
current,0.5269022730277019,3.937099591341573,1,0.08962128088292796
current,0.393603037592448,5.0346836530906005,6,0.7695506361371325
current,0.3183253297130946,6.33655046086564,3,0.7181448376053587
current,0.3487393728471736,8.969659052984838,3,0.31783330963640966
current,0.6801999383131636,4.125657742737911,5,0.256944388443517
current,0.6153736287224933,5.475965723451626,1,0.2555033955993582
current,0.305463214743237,7.432332792066331,3,0.05901672041401902
current,0.36552136074586206,10.495112060308756,1,0.41320601318547634
current,0.5344678480031653,8.604727746852307,1,0.3741220011380277
current,0.5224872119907907,12.780584892609188,6,0.18327066438864903
current,0.35955891496509707,1.907594383272074,1,0.38961270910992113
current,0.504628745528771,7.748348093516002,2,0.46675690910333173
current,0.6166871344073303,9.185312067486528,2,0.22462737535938065
current,0.3575116970690732,9.492253640126252,3,0.4847680971046154
current,0.4134701504595459,11.496826477940404,4,0.5139017880161688
current,0.5803340324911399,7.5096841097484965,2,0.46028049356647943
current,0.5963118528972622,4.449447975035204,1,0.6410006209683335
current,0.3623341641569689,4.832913562282951,2,0.2873723104880491
current,0.3758817621081818,3.8610130058754617,2,0.3773546655494927
current,0.6524546702459857,8.696016737729227,1,0.2472542651526379
current,0.42638253848128793,12.830532217129868,5,0.18764551167048624
current,0.4182186372448468,5.19450241392958,1,0.43440278512762115
current,0.41735075562735025,10.456122289316506,1,0.3468961885698644
current,0.5720533789665181,9.639202220510974,0,0.3825215696653495
current,0.41644767457986787,10.394204318577138,1,0.706994619770428
current,0.47388212162609017,4.344264162526089,1,0.15042455156703197
current,0.3755260056891921,7.830581192526452,2,0.6551592863092628
current,0.6226888341287643,7.89540500650149,2,0.20515968796729706
current,0.737572385396889,9.116019196100133,3,0.5311726437575578
current,0.3276304403743292,4.84509619430316,1,0.6545586059352289
current,0.47649257522360083,8.466489163634625,4,0.11910202621661635
current,0.18751371902712693,9.126220773727773,2,0.3059923245716155
current,0.5597049086245408,13.56047374853339,4,0.36623289148673366
current,0.4652001685600777,7.165419674397358,4,0.5447033398060368
current,0.36631419433051843,8.607729382984864,3,0.400015925520663
current,0.5443433441457632,10.152154753875934,5,0.5956213382302334
current,0.3549339893414146,8.566431245212225,0,0.3053745864414282
current,0.3608522079912043,4.680144006756244,2,0.504285737719957
current,0.3613577205358315,7.162464208489584,1,0.441188351595466
current,0.3511085137322464,7.2478019174094515,3,0.04166209189399289
current,0.41456929480943944,7.138693411756879,2,0.36372822474660527
current,0.6513317470067415,7.368207728436713,1,0.419098051787552
current,0.46506075910469746,8.768074082247407,0,0.4289888424137573
current,0.5642398709300415,1.614804543158372,2,0.3972670877285559
current,0.34799534561763756,12.293918281027082,2,0.4893438640888093
current,0.5586743471356455,6.718766477781962,1,0.2693830950848666
current,0.527348414057109,6.5820015967569425,4,0.19408774350621716
current,0.5779960608353969,7.238067554061138,0,0.44077431922347465
current,0.6970592563913882,9.383215684479525,1,0.524935255293162
current,0.52099297503648,6.110687077752281,2,0.17908905312816392
current,0.46334344962542273,7.000538733711098,6,0.27424378845464625
current,0.2380193527227513,8.369600155971659,5,0.29543613401916524
current,0.32669813707486106,3.3283523765795655,1,0.2495004163101554
current,0.4274955947926132,8.714106209043122,0,0.628331080222272
current,0.6455220832512361,4.793021608689399,3,0.4520736269204105
current,0.38402075197566254,7.713974655260619,4,0.2535771593004137
current,0.5427094762281466,6.458008089312127,2,0.3411240559965993
current,0.34198401603134737,4.474324456148484,1,0.11134125199941468
current,0.3227410183893258,11.599219850891371,2,0.5145891837260042
current,0.52591967495111,10.360031106708686,1,0.43690583328208016
current,0.4374625872161417,5.3460663248424805,2,0.4575338024902597
current,0.260149541094737,6.023655722177869,3,0.22721212912673322
current,0.10945974196509839,3.2705496428281515,0,0.4248359875128563
current,0.5269155315211743,5.792228937320511,0,0.38503100034942883
current,0.527027333747924,14.20030418632889,2,0.312692647088197
current,0.4636159404043984,6.061798146517852,5,0.5150066917886253
current,0.4755803833546341,7.694942486206663,2,0.16796170926626927
current,0.3920379254159113,10.013493825347956,2,0.7075101714914789
current,0.41160994607503093,6.906143058514464,5,0.34575529438544267
current,0.5682499232563715,13.983945820847863,5,0.2313153384747776
current,0.34519353370278055,7.907499220343925,1,0.5776407132445904
current,0.40298366071228403,7.415686886507086,1,0.4236604027290763
current,0.3853273908509207,4.529019395678192,1,0.5159042812604943
current,0.5243549402287985,11.369142353612034,0,0.5827143406846164
current,0.46431723065861874,9.964450311958029,1,0.4215378675866577
current,0.3251197277176377,2.7436405877000674,2,0.8282634732271722
current,0.5357840874197186,4.464577848113055,2,0.27108119145503135
current,0.4812160655305973,7.954255674259081,1,0.12961320474849028
current,0.47710232524874807,3.2456161385059055,4,0.41353715352286463
current,0.4119895265888556,8.836283391747425,1,0.47217891144371466
current,0.4704519594577553,6.8484813048407105,2,0.26610028561685367
current,0.5538244033726493,10.042898018791199,1,0.7085566674968928
current,0.5012319565238427,4.3901083042527675,3,0.0919217956573227
current,0.2252555810529569,7.353421589189468,1,0.12036236257233816
current,0.22910056768298281,6.940054558682684,4,0.22417308897903768
current,0.3582066402879238,4.671047057271787,1,0.4767600248999482
current,0.38675522524881867,6.939036629761584,5,0.12011400140421569
current,0.39951192501028676,10.928403210691421,3,0.6608334678797008
current,0.442595281706814,11.550242853227559,3,0.6805901263977032
current,0.5982314268430976,7.302799797199636,2,0.5116168302890014
current,0.3775279812004011,4.039409925915109,6,0.47093387286044747
current,0.48862598971967164,6.0412272742016375,0,0.35289670513535676
current,0.4907856433617082,12.067183772526953,4,0.40300687441004807
current,0.48801491474181447,0.3526603299638058,2,0.791449866853681
current,0.3988955549257846,3.8192947086853897,2,0.539744042173873
current,0.6835260505469682,3.9742455614903873,1,0.27022174439216395
current,0.5167690787261503,9.328913115296807,2,0.710657225560815
current,0.48706071797824135,7.052395156385701,1,0.25994972869759014
current,0.6249786544017234,6.900090661196467,1,0.3421050133357645
current,0.4438900990889707,8.182376772384222,2,0.27837869494724227
current,0.4021165558272805,7.869097976260611,2,0.8001224862725952
current,0.49201153278877746,11.209150695653095,5,0.30567418196311985
current,0.4961383547403601,3.825747768456896,7,0.34814513040418155
current,0.49263622824908565,6.378462616671924,3,0.2019236210559795
current,0.3182254086062799,7.841364605654204,1,0.05910567539448846
current,0.5016682403373324,3.8036922628001175,5,0.766739120439459
current,0.319363023825034,7.86083316213814,2,0.20490778628312048
current,0.3590772923880614,9.05041896173753,0,0.5377138829367488
current,0.552623821039781,9.71211179676934,4,0.7233051968332337
current,0.3085559126265295,8.132505745193042,2,0.6130020793971782
current,0.40381357163534953,4.339168757241946,5,0.42883034512700546
current,0.8785619759296983,12.772977758520835,5,0.44549191717187114
current,0.5349998338412666,10.0056268073731,3,0.09498053193391362
current,0.4959449119523693,6.249895231905909,4,0.1146280896100146
current,0.12474530649203552,3.983725824202379,2,0.6273747524481957
current,0.45899934772943424,9.9344798699316,1,0.3264837185845383
current,0.5021099527758469,7.024755359029534,3,0.17398579506622514
current,0.42608076263472805,11.73449384845097,3,0.5345086643984325
current,0.6353031681123568,4.282960391769776,2,0.5117795075420958
current,0.4785332839194674,7.988269910506167,3,0.21115340274797098
current,0.5451767550499496,1.9552833364473559,3,0.4540099856147308
current,0.24713199680643994,5.241314520879719,3,0.4457417018102394
current,0.2304567729730084,0.0,8,0.44162793410132173
current,0.5815944887945275,8.688474988949126,4,0.2855866481039069
current,0.7158119734483029,13.363796233087982,0,0.3655557359329008
current,0.5475589061769114,14.62807242326035,1,0.7320252244199175
current,0.4093272013765998,9.29442643910162,1,0.5869105738477334
current,0.21203989671761433,7.487741942536333,0,0.08061317327973491
current,0.19249841348982732,6.121622198411568,5,0.2609974509460592
current,0.36571414603626057,10.716154838039387,2,0.05924276349707943
current,0.5939487357256908,7.894662983671033,5,0.15985208749956972
current,0.6670337651188324,12.000187707810674,0,0.09796702547847705
current,0.5296792426363344,10.377126772110211,2,0.13839146797270457
current,0.3756066073243445,6.57589284023831,1,0.5667886097765619
current,0.4610750904452741,4.842106409324602,2,0.2939702076130821
current,0.4579413747953234,11.376031719559835,4,0.6700408895353797
current,0.42454293040226504,8.192673643067616,7,0.6694958882459005
current,0.5588135632613139,5.566238767697412,1,0.4550553873449691
current,0.4597927180107975,13.245361924982758,2,0.36167993634844003
current,0.4356616839957311,9.22421257647666,2,0.15962912348648362
current,0.5775612894003226,5.500808016096164,3,0.35582481865283616
current,0.4049457778593771,10.503399402411574,3,0.5530234066718384
current,0.35506377752664753,7.996341265286421,2,0.34179198102967495
current,0.48644557506685115,12.29808717543586,1,0.5604683178377498
current,0.45792490719174006,9.611432324314315,3,0.05253743915364645
current,0.5947475505042346,9.928466212921174,1,0.6666629053944366
current,0.40270896085712615,0.0,1,0.24804650970154712
current,0.2214456481101663,8.938611846630202,4,0.5365901698416264
current,0.6628012861913274,5.519943304917108,3,0.3515183685198201
current,0.2724464665073498,11.877158993633975,2,0.5417748954020188
current,0.21436993033629945,12.3189056596581,1,0.6894319402960821
current,0.2988186306975584,8.595042932467651,2,0.09039144591064509
current,0.4392975982028764,8.749753463206849,4,0.09802432695701964
current,0.5413396550585361,5.6188412231551235,2,0.28391033709479485
current,0.4418664172451219,13.690609362006295,4,0.29877918633566863
current,0.3541039292652086,7.695637575754713,3,0.3072240451592725
current,0.5118293866430295,3.1262495754943647,4,0.4746374179383895
current,0.5880913821144891,10.011454882981583,2,0.6224593553796176
current,0.49105001081422506,9.273613529734481,1,0.14786719219939146
current,0.40257673306019603,12.243529241825161,2,0.711197915377825
current,0.5530874299059488,5.395792970585883,4,0.10618239627345534
current,0.3453111667107861,11.146023030328951,3,0.6212101264343747
current,0.2352677683850819,9.44937797246588,6,0.8411317041247832
current,0.22298212752044225,9.40892638477739,1,0.31506647246707403
current,0.46376424584901677,5.584556964969831,4,0.3544205529216122
current,0.36968237838664586,9.195515410679704,3,0.41720985096762914
current,0.3207085791809896,12.036212007734592,1,0.3666463701325095
current,0.4505912494090991,7.943136423809314,2,0.3721136115366735
current,0.529742031044343,6.810165062264553,5,0.2718067717909219
current,0.24595133095894078,11.096145066940725,2,0.20041563618523867
current,0.5044431867474176,2.828848120354686,2,0.34456098714733335
current,0.36776996294354397,7.22392263742584,2,0.2775676612449018
current,0.5800675466582618,4.857199251596688,3,0.1464450010230643
current,0.33130424239028383,2.7732450305013865,3,0.6129701834293528
current,0.3595958548310059,5.116174021796841,2,0.33455804350514406
current,0.22746292277319868,6.84890756985811,3,0.17246144154684925
current,0.20651336781088284,6.372566149293739,0,0.22229984987819862
current,0.49488906095134594,9.089605570776877,3,0.23444431953367909
current,0.5000963175602211,5.010402972352111,2,0.6014069764676886
current,0.6136760793110114,3.6703660654424937,2,0.2605026617617026
current,0.19065628683273117,10.142084507790656,7,0.6214907128419153
current,0.4855407807948025,6.939307649643477,2,0.30657992964303254
current,0.4374189643900753,9.728998455734347,4,0.5167936830227716
current,0.3152189569987973,5.024738920531055,4,0.49774792839106674
current,0.13392291647411714,10.099101694832832,5,0.16196268944209324
current,0.2851946564504262,7.095605084867946,1,0.3995312372824077
current,0.5339564676488262,6.827498415912724,5,0.14407142274998933
current,0.46835321197895974,9.022465105435279,0,0.304389926833277
current,0.46168801725576225,6.536651028369765,1,0.5290111328796874
current,0.3051590482917651,8.545310395591649,2,0.47004618970673784
current,0.3834389383330056,8.92014798888139,0,0.3005586749256112
current,0.4739358649137692,9.038505769421306,2,0.4798759758676911
current,0.5041072766609189,11.016977731647211,2,0.4938963167517315
current,0.29563819661352003,11.56154510633353,2,0.5699425029269246
current,0.4888297406619192,6.265623608945948,2,0.3234836383031215
current,0.5505880817612794,6.997955980295554,4,0.7155467662137468
current,0.36430837319850473,5.908013444238559,2,0.4411979695514599
current,0.23586105497599885,7.12228293786073,2,0.4514363658738455
current,0.4493287867546716,9.490367976231013,4,0.23907101499220101
current,0.5716355766326902,5.132098385735475,2,0.4889275380163749
current,0.40148232951390184,5.44699202878907,1,0.45791848802322466
current,0.3586296832616788,6.180695944445118,2,0.5038391161411153
current,0.3595008936555241,7.57402139798143,4,0.47107125704533775
current,0.6678994132496836,7.851684346426491,4,0.3984618566484859
current,0.4102653872178243,9.489834953607343,3,0.1869152449334644
current,0.498020084782616,8.133152353100803,1,0.40761422738306347
current,0.4043276413988772,4.311168921759189,4,0.5701177367670865
current,0.4149341659734369,10.562982958777809,1,0.4534787918146071
current,0.41157721179201906,7.294245159075238,2,0.8386150361296083
current,0.475524532551211,8.930794488823128,1,0.6819960460231383
current,0.3178099524031952,5.692633913060497,1,0.28363602655143383
current,0.5083961094665792,7.183517964551444,3,0.23239603452453156
current,0.4364954766396681,10.819350959508103,4,0.42525507148737673
current,0.4955855292351553,6.225887042279398,3,0.5614140331582946
current,0.28899534974575325,10.606107291073528,5,0.056941794423054956
current,0.33994356369401757,9.386571128513193,3,0.5638279767054296
current,0.5118751578141654,6.47173977497893,1,0.2365740403480481
current,0.4663184652508889,4.987582939520221,2,0.4059099934678901
current,0.2732756908752101,10.088980427030176,1,0.6635441890910116
current,0.39339266737856765,11.676850324059107,3,0.5599803455737384
current,0.38498354356224657,4.363704504753704,3,0.13265456078156085
current,0.41446868403228043,14.11196739108355,2,0.44410510336922415
current,0.3117769513317038,6.07518426548603,3,0.12973778296123298
current,0.4398630755876746,9.580190156598285,1,0.37952409527359465
current,0.27858176952461844,5.6979034571718765,2,0.3944317415151523
current,0.42245552246544243,8.764126643000713,1,0.2001774711239119
current,0.2991637615459905,8.377620431451263,4,0.729715425317698
current,0.38341907071962567,4.655304110670649,3,0.2873405577871917
current,0.42434624769944757,9.70223300059405,1,0.3897286019904268
current,0.777495693340527,6.096770868164279,3,0.1979100793901522
current,0.5833228370478041,11.787021076807303,0,0.3965395515938621
current,0.5808091556256537,17.002288408357277,5,0.5882579424714101
current,0.3378161490920644,7.219459476247392,6,0.783092406915806
current,0.5175348715108341,0.0,4,0.5661141004486514
current,0.3673904859623423,7.796101110101732,2,0.44902783913619376
current,0.3877809629706983,11.242675084932543,3,0.35723689472119785
current,0.47825264277966695,9.783508000192754,2,0.6269934060929455
current,0.45096749034585815,10.604862848088533,3,0.33203449963018244
current,0.4667043314395312,9.636720992185818,2,0.22220089000018964
current,0.6061650663710785,9.331381195202788,0,0.555973749836042
current,0.3713004838145726,9.240583639605212,5,0.7372445905746176
current,0.46163023776020057,11.444345409479798,2,0.15748332565792392
current,0.3352169722963111,9.714615727241911,2,0.3212192425350516
current,0.4193662454979981,12.25168750155822,3,0.5665931819787416
current,0.3085746303521506,1.9740876080102083,2,0.3480344572634501
current,0.6355419702308492,11.446572546638425,3,0.6634534355256166
current,0.3713907301340582,5.422573816950701,3,0.329267734559053
current,0.5463033808893522,0.0,1,0.4318690635468709
current,0.6336842098369682,6.757952326100769,0,0.29901434100423724
current,0.5619422016773084,13.310586566130507,0,0.3722217558723729
current,0.42748389858094604,4.762433677566547,1,0.1709478507447194
current,0.3620507069816433,8.621866711765305,2,0.6957706078888438
current,0.18171195103195398,10.120029870642822,1,0.6757699045960317
current,0.5593384085071091,5.303792158681382,2,0.9469966963490148
current,0.531788850190577,10.717584409174716,1,0.5260061272779842
current,0.7674170931258524,7.8660599257561,1,0.21374655662970318
current,0.356265603228376,13.654679493635022,4,0.11232829430248685
current,0.4261990550305508,8.82238718645812,2,0.12327693346662219
current,0.6176043628196352,12.00634840926432,3,0.30134259949232983
current,0.6687302701892278,7.882835573627585,4,0.5432890869217333
current,0.7980696088732964,4.096141089170452,2,0.5251254150131405
current,0.49974337684324727,2.5714946719801803,3,0.24239328204159807
current,0.42086699486369605,5.84722689088494,2,0.4019638023002491
current,0.4657384091587217,6.506295294976837,3,0.3122708273403961
current,0.43211203197982373,6.39967983825343,4,0.39817395042775716
current,0.340621797374048,3.433398976392084,4,0.20261123530025138
current,0.4655679393989718,6.385602724151682,0,0.24377317765104733
current,0.5085756197719488,9.043045243037906,2,0.22691450423270626
current,0.5455551740684657,10.249584464912674,4,0.840430040877574
current,0.4302782504202389,13.804467222579344,1,0.16245824408157525
current,0.47584186159940256,8.07109171477332,2,0.5589623770968348
current,0.31720239912781645,10.324111799790641,4,0.5240689268303285
current,0.5578114808091795,9.30042061499408,3,0.30069935794883595
current,0.373876035613672,10.171972575000389,3,0.5628653802779324
current,0.3895492904608715,5.518587282141816,2,0.441069325390414
current,0.3530337561295016,4.07748560465356,6,0.37733569034241476
current,0.3173316571774628,6.118866677622545,0,0.6487492630357117
current,0.7574031222695532,17.57146097057347,3,0.7425641846436694
current,0.49171384466428525,4.598929843225491,4,0.4781749233775506
current,0.060201035765509114,12.008155337576847,1,0.5085986212888557
current,0.49573739389644766,10.210283847560644,2,0.6034416098404868
current,0.585603704546527,0.8888938155559929,5,0.9179761476856091
current,0.5224688934708659,1.2014899970658188,0,0.1816897404085613
current,0.340004583183898,11.421508734868878,1,0.2661471551348711
current,0.28022670551639145,11.2973190621469,2,0.45235912958265073
current,0.5347766001420661,12.836909495456208,3,0.4508319182849633
current,0.5612553006122286,8.649059347463997,3,0.6961043149547256
current,0.5063994294260772,7.32265690119046,1,0.34584012162718025
current,0.6139655008407313,5.910029690065143,3,0.5564946906701099
current,0.6213930106805094,6.210620448021733,3,0.7414387782745758
current,0.34096186239226894,8.127448432285801,2,0.19552316108443915
current,0.4855026306772975,5.809834890327279,2,0.35636816655167824
current,0.31863430063771603,11.02825223762823,0,0.3978301086908693
current,0.43184101522404306,7.965915794140308,4,0.5708288086831361
current,0.3883616795743448,6.2980938578942425,3,0.8246087259818653
current,0.35512739991348086,8.172389644101301,2,0.6748275741000459
current,0.5556519515638767,8.19941408496721,2,0.6206980348434591
current,0.3535752328818071,5.8113750242225315,1,0.6166826017467119
current,0.34991919402411426,1.3666304186106455,1,0.6559978702154096
current,0.546464872545867,6.809354923499828,3,0.24521400993373388
current,0.35017648526774736,5.012181848289222,3,0.49709863959337625
current,0.42757642477082325,11.305034169421226,4,0.8290289830396428
current,0.6263034311345317,6.88239239661847,3,0.22825466754994317
current,0.3308982775595671,7.259804085929055,5,0.214329671840906
current,0.5642819377591861,7.258292429320582,3,0.17605732744533484
current,0.45617866089613673,8.61149150053428,1,0.3119779120770984
current,0.565855396529081,7.874886488998713,2,0.3188876917909421
current,0.47597387604045316,2.802582213112064,2,0.540729065613483
current,0.2899889541769729,6.511064572071124,3,0.49253574317020765
current,0.2317548503573631,7.499101996555734,1,0.7031729532035609
current,0.43268495145238134,7.563011960666476,5,0.5515947614273828
current,0.611334726540727,7.414727259543575,2,0.507700610923448
current,0.5943287412677307,7.962922830497239,2,0.35452085185819115
current,0.4012086025893055,4.445974877554927,3,0.15919767216767847
current,0.3807904771534961,4.860102588933873,2,0.24360319347805925
current,0.48903523681680344,11.084931855232096,1,0.7605225575762483
current,0.4165723619879557,7.362112875616168,3,0.3518903908153396
current,0.46403897089970286,5.226143262171343,1,0.2862145953026381
current,0.49102059546959453,9.404373946060474,0,0.08507508952921033
current,0.6475496368993555,8.429949176673352,3,0.440139580293971
current,0.3322348420748408,6.916633649381481,4,0.6323941277359575
current,0.5769872163084584,7.7775325697018785,3,0.2914155662290868
current,0.4910516318365851,5.6261618872544314,1,0.35562334839637194
current,0.3125547805673335,11.038833989775563,3,0.58666730897589
current,0.6084761868160249,11.0133432647657,2,0.30825678942910145
current,0.6067325792387609,10.652150929867178,3,0.5385776533201854
current,0.3842445772712517,11.501416930826851,1,0.2689231801364266
current,0.4466667328867642,9.492254462092088,1,0.3055240938406207
current,0.49851332707347124,6.675237177241435,3,0.23191752416302341
current,0.5367096018130565,9.115565039398689,3,0.4879757364894973
current,0.8984948164455292,9.92299705358163,1,0.29458087074927813
current,0.5741024002496611,8.881243698136045,0,0.6254182068891683
current,0.5949490611103839,5.89901262280447,5,0.3586409638623749
current,0.4219017208865372,8.21187174717424,1,0.32486663827012197
current,0.5001315510182933,5.867586002267279,3,0.565011615316294
current,0.5277267229765259,10.560796349854446,1,0.16312177552349727
current,0.45257091767248164,7.224198585865352,2,0.6871647837327286
current,0.35852363406019694,6.481491385934492,2,0.45042361037673817
current,0.6166815426822495,7.598453792907228,1,0.497377916757384
current,0.33625495941314576,10.628630498140053,2,0.45632359912260967
current,0.41926703107386937,13.301881308023457,3,0.6239123712570158
current,0.5291879596602689,9.334170150111529,1,0.37093370498701156
current,0.3974071839347009,4.119474403145498,2,0.39720913178061135
current,0.5578158811106845,10.915533819963438,1,0.395632676855236
current,0.797818643516987,9.41451109402841,4,0.37410295673318855
current,0.6147795128668506,9.936920006347696,1,0.47763130221907474
current,0.5497559915892021,6.808800123536198,4,0.31854945719647165
current,0.3667845528696911,8.243975704506735,4,0.6831831802331862
current,0.4548496386048261,10.122973615526384,3,0.4630979975309672
current,0.45771753596843806,7.589832828053824,0,0.42961069344985847
current,0.5533773202798424,6.061649702237835,3,0.19131288647196995
current,0.3671356999447958,13.148029877192497,1,0.2794261069326948
current,0.4550280726580567,10.461427415021666,1,0.5001413304906093
current,0.5468656419818647,9.667696954185798,3,0.43486955868719607
current,0.618101932047266,7.307492027362761,3,0.09362106922966475
current,0.4953475417681518,10.623330883869357,1,0.049055425010752794
current,0.4895800945723175,12.68512577053086,4,0.19809241690556226
current,0.5435093902944012,7.535617909685424,2,0.21290416328580175
current,0.60421195583255,2.7522831697543513,3,0.16544320643766736
current,0.4390350596400049,4.338915281252835,1,0.16259456428649902
current,0.3472319953791685,6.816574623433645,1,0.09750066056309092
current,0.3364045009597068,7.635957200146731,0,0.1958107037309881
current,0.4987795553564566,8.999392695352135,2,0.584076109468191
current,0.3570506376682136,9.650816812901098,2,0.42970118902977134
current,0.4578210591707356,5.48069687455961,0,0.39876265661433163
current,0.33983386403769844,13.173726590684163,3,0.6582146717507495
current,0.3691491688754324,12.777654835613975,1,0.6070324943927491
current,0.44157955098192797,4.914038083595463,4,0.4591634149950579
current,0.4890264252310747,9.446098104978411,3,0.7147833264254692
current,0.5031387912559809,8.125903885748684,1,0.8790099343127087
current,0.5882221462733855,0.13099354378005668,1,0.6216344531352139
current,0.47407707190707293,7.2677639303561365,1,0.450597133343942
current,0.3569618967209133,4.056879641432383,4,0.6419112468979388
current,0.5197903671806438,7.6190822644206415,3,0.2186868731610946
current,0.5177948655934765,9.973603247854648,5,0.3627301633460649
current,0.5447004154000522,3.881284884553036,4,0.056520649015724234
current,0.4212179882124954,4.896648450845963,4,0.5020759980370549
current,0.5971092360377739,4.676009069350593,3,0.12152547181678221
current,0.44131829559448565,6.65803663028723,3,0.38844689982642944
current,0.34128441589799224,5.370118978275367,4,0.12251537116284056
current,0.7710411585190275,6.260559932778035,4,0.37407687216999413
current,0.32695735407280346,9.333145218646672,2,0.4070337758371785
current,0.33308423965907136,11.036308541812765,2,0.2537798241813393
current,0.3965573895498708,3.13045945812991,0,0.23869598486691648
current,0.4326626056551245,8.82377361590575,1,0.1386091997668606
current,0.3391437704272217,6.894975414654764,2,0.04642432464897883
current,0.49925093150584765,11.391572944827047,0,0.2904304273103377
current,0.44060721824073207,4.400337600107416,2,0.3896657739229277
current,0.3958706433876007,8.792198410576903,0,0.37712623421912006
current,0.1615421295762156,4.4513747275511975,4,0.24643944127485687
current,0.5712503446930595,7.951169355030553,3,0.4093003847225541
current,0.5905558404247098,6.6096471389441955,4,0.21280797263050905
current,0.3301255418399247,6.230320034865297,6,0.4734716780644396
current,0.5483899492305289,5.643781550790017,3,0.11541772784587913
current,0.2469272529799913,4.988122771029959,4,0.6945722590730367
current,0.44648545140404994,11.326181628799532,2,0.30040270500115607
current,0.35089268010466457,12.480703585523504,1,0.20028540783304788
current,0.4322732773707988,8.850509324164685,4,0.4451656562417276
current,0.3431406435410886,7.931715634311779,2,0.5068630846224763
current,0.40442937051508526,12.782506997877741,2,0.24599691882476138
current,0.4382833763961706,5.115108195546949,3,0.5755369156572817
current,0.42097339375492615,14.312777739424103,2,0.7073200161230906
current,0.5313952545955967,10.139422369897446,3,0.6556329940064168
current,0.35353852996002216,8.285657162028278,2,0.5230154368842943
current,0.5859620423385941,6.402430082261489,1,0.5788055138680047
current,0.2974761797340715,1.217139534852227,1,0.3192045088988382
current,0.4464625393228236,8.037749954490291,3,0.46087193978303453
current,0.5096857521513066,4.790587088042882,1,0.3012260468687366
current,0.31315176309974335,7.74507244128845,1,0.07720810899139671
current,0.31681228248649485,7.36194597615984,3,0.40836590615838136
current,0.557851151412586,9.110548113732083,2,0.07618828048476844
current,0.264090151453306,13.462504334464715,2,0.07905318205809228
current,0.47446055953791494,6.0870095480991235,2,0.4644109888005281
current,0.2944849433285125,6.5252073722705966,1,0.25787285683336647
current,0.3776380088222043,4.974771287684847,3,0.4866363809845187
current,0.3338698478917548,7.608787946757134,1,0.22261187649772793
current,0.7311501855246711,6.512160101824597,5,0.3629979157890695
current,0.47081656739031247,8.360342834485797,3,0.5303314813490992
current,0.2934100200037212,6.243590299843157,4,0.7082860931011354
current,0.2667654139233452,8.372115820942048,4,0.21452568459697458
current,0.19140092293992872,6.607723903060559,2,0.4210687279000429
current,0.5472780571095368,7.575970134112611,2,0.16863188387621617
current,0.5754451692062581,6.646568081633033,1,0.4465888960037784
current,0.5417240852179057,6.62042379225168,2,0.3569406060012439
current,0.4109196521196386,13.129298101235086,3,0.7600042867934017
current,0.46224183325703627,9.352076661456154,2,0.09902008571035652
current,0.4867395376320339,4.015675238006802,3,0.6974350834185198
current,0.29922653919847597,5.732497994225174,3,0.3396997721108843
current,0.30443151793194784,10.213424453882325,4,0.1794570795816211
current,0.4578043317442905,3.4039407858388833,1,0.22302665108595368
current,0.27629308663645447,8.24028993697714,4,0.10830759408977841
current,0.6621007943888332,9.47244244686741,2,0.33456118714452066
current,0.353394640757264,4.958247368631504,3,0.4647571441890868
current,0.4047742509385736,4.569936661765306,2,0.4453915585375632
current,0.4326048892741928,11.220200588101196,5,0.5824726623502788
current,0.40471774621887957,9.937557621919229,2,0.39267895858861773
current,0.5967589221002594,8.036489737655915,2,0.5038892986833742
current,0.3415160925012739,6.449597225213097,4,0.21748573782261663
current,0.3896966903687893,7.400859877270917,3,0.7304550723831268
current,0.3684924519011289,5.58220389029176,5,0.744300902378247
current,0.5331495731103467,7.572386776117495,2,0.40891062198735983
current,0.33426013077741323,7.9301587690624515,1,0.15044248293898208
current,0.6155511086684564,8.321444307498997,2,0.2574451179864856
current,0.5510110905828465,12.082144697472344,3,0.6126919673529827
current,0.43694901900771027,9.401933351493295,2,0.6528855622514973
current,0.44893737143487206,12.215275454157611,5,0.7356766190742628
current,0.46620453713911525,8.398423260763971,1,0.4625710900888861
current,0.5157659533923783,6.320202181696733,3,0.5098346369837544
current,0.5500825116334491,6.849123296315588,3,0.47982964622600743
current,0.4481927623828976,7.255972833292593,1,0.4834986453095964
current,0.596631721377608,6.5372334855051575,5,0.02259752628485236
current,0.4347304400514597,15.014147877209078,3,0.17591587212510126
current,0.4993492749507832,10.774326559109149,4,0.39666612389246175
current,0.5057296175323137,10.499124242621335,1,0.14446369487121916
current,0.4215611708232891,0.7635292108476017,2,0.7033745958275687
current,0.288759628912194,7.039238923132444,2,0.7233182740993029
current,0.23678078901409366,5.412222353224733,1,0.3857250992148322
current,0.42733669850314154,8.413173879438856,5,0.661132677684762
current,0.49419805492321056,10.09471020263306,3,0.13632966856351997
current,0.18059803006358066,3.350658031170715,3,0.8414905507118887
current,0.46347749335097777,5.5233964045094925,2,0.497747252435388
current,0.5025190025741466,9.199727166633972,2,0.3454043018445644
current,0.35129405323487495,4.7810950693917835,4,0.24437272179800487
current,0.4369923145840097,12.23903901292963,0,0.1992525881814293
current,0.3266888102908495,5.809073300381001,2,0.7410042065478318
current,0.4910438155478904,10.659343528489325,3,0.11575382874805619
current,0.36624598766471944,5.252782916420756,4,0.19557983102535098
current,0.3776011197717201,11.20173024734532,2,0.09554158339286319
current,0.7848019251927638,9.11693989843532,4,0.24978224363890636
current,0.5266514751254397,3.085705445906381,2,0.7354334768244501
current,0.49320294281244254,6.998178490986035,1,0.7870773351147521
current,0.6105220217828102,7.847293365177895,2,0.22165814757663013
current,0.3336082388420344,2.465384934167158,2,0.31692214165579546
current,0.5966101366776005,9.901910301467005,4,0.4482100138389522
current,0.4785024915483649,9.314379514182617,3,0.41277698650273803
current,0.39702724679594353,7.552254529342052,3,0.4627022757092622
current,0.5161470676040885,6.452060103159306,4,0.42372361542692777
current,0.31017703075666736,9.881965209997894,4,0.42857715740825003
current,0.620452914031414,6.6640731940143425,1,0.2308166072942104
current,0.46688808281764027,11.831703886393992,5,0.5349054143361655
current,0.3220371155055156,7.933428305866332,1,0.42443068229500575
current,0.47312541848141787,13.035291627237946,1,0.6954175568560632
current,0.39302027609947165,9.588364600059382,1,0.27463655360493494
current,0.12427413473033178,9.116653759577291,4,0.49769078922351784
current,0.362081707163813,6.627630522948198,2,0.6416836824825166
current,0.5995018635324221,8.201706510864291,5,0.24856018218078033
current,0.2935171240610758,0.6453669960270876,6,0.7536010443676816
current,0.5486010644265928,4.418050409077976,1,0.11025444936995668
current,0.2941798218983047,3.6574021184264893,1,0.3432037654158827
current,0.4106693214815032,1.2948104437078385,2,0.17965395090690647
current,0.5481371920018153,5.816757145350952,3,0.4614936397670683
current,0.4300885264713253,0.0,1,0.3831173905088222
current,0.5271387782833348,5.558455675761183,0,0.3037532342647254
current,0.3810877062987321,2.880325807640971,2,0.4898040146110008
current,0.6138721557096538,7.40030099670365,1,0.3554201758863301
current,0.3354565702333197,10.171386440693304,2,0.4788700550136138
current,0.4652609062300425,4.13660196785526,2,0.2435440040819569
current,0.3850102260041278,7.634085658275449,5,0.42148661603141235
current,0.5089205326524644,8.986701830761412,0,0.12879982088084574
current,0.3931442076392503,6.560717244491956,2,0.25451390422691533
current,0.5390616139659197,6.783291759301857,4,0.5482343294438299
current,0.3673718162930947,5.866736415604562,2,0.23552833544365423
current,0.32409449584085087,6.899874608930774,4,0.6389898107551909
current,0.4285504822027778,14.636477416020472,4,0.5407824871547898
current,0.2669346179828743,9.46616776419065,1,0.08900507278639076
current,0.45301284027175,5.0481218682388995,1,0.542694103357722
current,0.5781588579577965,9.559573310948423,2,0.6528565965592723
current,0.6168185812981999,4.441814272081487,2,0.5551311314842464
current,0.48031229199885644,7.336609965766224,4,0.072886861121519
current,0.39360336297893656,1.3819309949376706,1,0.5863546757434961
current,0.4604885993958602,8.606541971588467,2,0.5731473022413941
current,0.33183575072715044,4.511061342356907,2,0.4654553960682177
current,0.3780228252857156,10.787091915519934,0,0.017331792452347037
current,0.5592511029187461,7.86905594632702,1,0.40529229930146843
current,0.4315449583522589,6.70898998664545,1,0.21224221629439421
current,0.40152544708546245,3.796290566552953,3,0.7111637532695716
current,0.4394275210192064,8.466493168632326,0,0.44481872729759087
current,0.7214293713422126,10.545145757019498,2,0.38545486282399183
current,0.24424855401576415,2.6377350460071742,3,0.14799699167179686
current,0.6053329153080826,8.081779995489056,0,0.5733852311556304
current,0.42419453609443464,11.156316828056696,2,0.7285307512991851
current,0.6909451062874419,6.941570927610448,3,0.7836626981789907
current,0.2668557636625405,11.309337143341555,2,0.42255610987597236
current,0.3898986528288595,6.709488148707949,1,0.5113080174998799
current,0.28403479357259187,9.585782246594276,2,0.35897632159442455
current,0.5990058125092701,9.366103856826788,2,0.09933318736538313
current,0.49519847272002676,6.881062149814538,3,0.20678020750285317
current,0.5473833959210362,5.777769013311752,1,0.3091850120724356
current,0.418914120369336,4.868497563665325,3,0.2748348708876042
current,0.22214873920805536,6.844179064735155,3,0.19817056715493564
current,0.3990473031386215,11.265399301212955,0,0.03193418985954246
current,0.3395835975889553,15.329037618611691,2,0.5382687640912354
current,0.44971709333662185,11.101514279221533,1,0.6314222025451791
current,0.249716738903241,6.065240111005434,3,0.4321179650083622
current,0.6173789575510091,2.890468685949376,3,0.3723060362908728
current,0.39459642787273336,4.510921255909907,1,0.11450656050424043
current,0.3102114730654947,0.0,3,0.8016453523196724
current,0.5184539811918751,9.133211464987319,1,0.501601582611673
current,0.3693027922101244,13.042328726583195,2,0.4020028930315266
current,0.3779604204961319,4.359959114836756,6,0.48104791043976736
current,0.44176847663390084,5.20454880493204,1,0.6781659723386047
current,0.41715112822778183,10.996140481791201,7,0.35440725197602907
current,0.40885579045337905,4.517842650246178,8,0.09299069457312567
current,0.47020054665205424,3.4799786794513237,3,0.16363928639777675
current,0.27971121740231586,8.517081134116046,3,0.3981353823616481
current,0.5293117398890312,8.549436265397953,5,0.10205548674412178
current,0.5514517003324291,6.131215931634145,1,0.12904201212977798
current,0.5129362285651043,4.202253062075031,3,0.38809158846531566
current,0.4762653463143861,9.924069161692566,1,0.5167637027332879
current,0.5680907917690612,11.50621266930914,0,0.24757029425113794
current,0.7982673845460253,9.022148717686772,2,0.1365947238496769
current,0.4294949361965685,5.3878006815883355,3,0.453687865143314
current,0.261973817490746,5.3238747795312005,1,0.16954136701637557
current,0.5711316905579735,3.152633989167229,2,0.6708334679973179
current,0.5548707322992036,5.883470445303768,2,0.3818541862816765
current,0.2945777295235404,4.0054482964556986,2,0.8108349272786313
current,0.44453040058781296,1.939770346826906,2,0.7757630506422236
current,0.3837125222094394,7.636899813192277,3,0.5870453386752342
current,0.5916186435639292,9.263840008987925,2,0.23991154202629342
current,0.5905415102097304,7.341328961991284,0,0.6199369014508012
current,0.5944319997421376,7.574723207173849,1,0.32262102683483546
current,0.5356789594500129,10.539996647451362,2,0.28263814044457947
current,0.4952948210496655,2.937413234074823,2,0.2667848362482853
current,0.3289695738182927,10.314184026399094,2,0.7842471109971089
current,0.38107245575541837,5.810701659498773,4,0.4278172640611968
current,0.6963393793241033,11.121499732852005,2,0.24715095977684046
current,0.5061944245061704,11.15693931732562,5,0.3678544915167129
current,0.29251682470120266,9.69241382314394,1,0.7020993339391285
current,0.633395119098616,15.12058036290524,2,0.6629629446746578
current,0.5200702491987863,12.039282044071799,4,0.5595191584128744
current,0.38982464159629326,13.183498888390613,2,0.13753850885195465
current,0.3176025332020287,9.777929837576051,3,0.3061409189426643
current,0.4480486202678486,7.279461341388574,3,0.1901799538360696
current,0.3898444686351795,6.8675694260640086,3,0.0996095734367531
current,0.5187612911787491,9.865228060284771,2,0.08453994848598054
current,0.5971208723508626,3.6340466072545645,5,0.25395751991640353
current,0.3135278084996709,7.811874998862523,1,0.6815190891281007
current,0.5494821610833217,14.361017638288676,2,0.4736793875677361
current,0.49197109295151065,6.361805582616363,2,0.1282914101798561
current,0.5366769652174762,7.213236448363619,1,0.7272546023818549
current,0.37796496972045796,4.3322753107337135,1,0.4361488969046982
current,0.5143003919409908,7.054362576656084,4,0.5234836294801017
current,0.49066429523555466,15.594600214356154,0,0.36460136279678496
current,0.24108569651169914,6.460059527039249,2,0.406266144021363
current,0.3626898246650147,7.152801821258533,0,0.1515630678186244
current,0.4961055137391194,10.012457051143244,2,0.4233661146897177
current,0.0923720887877103,9.355760112540668,1,0.6415151846839962
current,0.6177079808982274,6.068882794838462,1,0.35153412731058853
current,0.5164161866839071,2.2747392756697717,2,0.6425008864994121
current,0.3112273594729108,7.767834430997873,1,0.3485107962240684
current,0.5255521520965768,12.224395085277667,4,0.753998944860678
current,0.40409636692362694,7.184974753769434,1,0.43700338743361106
current,0.6437447180281989,12.043994479606518,3,0.19584932669086216
current,0.445174628439192,15.892297963183454,2,0.4749432112983639
current,0.5283396297008083,8.022944022867437,4,0.1155338010591085
current,0.37323895498309656,11.408419668089133,5,0.2911032699868119
current,0.46518383645075595,6.286828338452468,3,0.2726285884926137
current,0.5474240064893072,5.487191280538298,2,0.8700033863116012
current,0.4066002504892827,10.075932290638471,1,0.5767054516288206
current,0.30788853316627207,10.64044964707679,0,0.5061603251419368
current,0.5700793318187444,9.032015511995379,3,0.5216311960203268
current,0.4651980923698214,5.85764373579379,1,0.4550520069008214
current,0.3987346598614753,11.545113996666366,2,0.4305871107424996
current,0.3171820380076536,5.802533659120257,4,0.3647936076949318
current,0.4237635471424577,8.657209424281879,1,0.5232436847091049
current,0.3795200345902336,5.351538426769446,2,0.20189259177158442
current,0.320276040651967,6.659342722950512,1,0.6815803261486815
current,0.4387142922515622,8.741919053503464,2,0.6187592256584425
current,0.4532783406512404,12.03146419685417,2,0.3694281728070267
current,0.6293356270463624,9.775365501730903,1,0.2072436286485111
current,0.5294860285221983,5.053766004945577,1,0.537131833424564
current,0.6194385877487305,3.4186633942098217,1,0.3744557491691317
current,0.5313176781221036,10.857421531125368,5,0.44955105890877506
current,0.6296621704136933,1.945553468952392,4,0.29404006343496397
current,0.5207656147385219,3.1733726027341245,5,0.37461002228641055
current,0.46607416385531036,8.577735172015966,0,0.13352156589624278
current,0.5876636350218202,11.427904808936077,5,0.4373806310206931
current,0.6050597967634909,14.118025666261403,1,0.5923995210818743
current,0.3596223061246712,8.322101951418361,3,0.5772948499941706
current,0.6461380131842052,12.054811680013724,2,0.2758145515100143
current,0.5066166915412423,6.8831003894002585,2,0.6242036779610388
current,0.4918672259945518,4.171913983937672,2,0.3124301905685746
current,0.5018562713656004,10.386456897858205,7,0.24298610013276795
current,0.1588309637406763,6.880548502941958,2,0.5347604778446439
current,0.3376133247853852,6.816226087800636,1,0.4302985608930477
current,0.38515846743631993,8.825341044823446,5,0.25966940510075354
current,0.4934230563832111,3.7972145835674596,4,0.20300019317687654
current,0.32966648798990533,7.159682099737855,3,0.10278908215933737
current,0.2731076280901708,9.791316685795124,3,0.44814569762954937
current,0.381842062734391,4.6220735529852135,3,0.7550829517532263
current,0.601689299355848,11.083537219443823,2,0.2761341368039994
current,0.2564389068671543,10.921863567815238,1,0.2506492114769543
current,0.5370476759976068,8.827734280577701,0,0.10971833802848678
current,0.49972421775239523,11.794157056723167,5,0.24333526421236198
current,0.7235244079578738,6.342085610971669,0,0.039213053373130254
current,0.6449712043152557,4.272647482466544,3,0.5952275200987329
current,0.3687975310657544,6.54191602519969,3,0.532682204133722
current,0.30358257560852014,5.56253529154074,5,0.5290432482971378
current,0.5764202053792751,7.050008659289913,2,0.7513954860055594
current,0.5433115161374833,5.188811205831586,0,0.5004205961002942
current,0.3827879098144685,2.080165264649355,3,0.6573526935927013
current,0.41412506876268174,10.667648327579979,2,0.3890234662039826
current,0.4387092599685474,8.131286497872571,0,0.7787025417714137
current,0.4887330476008702,5.4077242227799065,2,0.6832274790913261
current,0.4325810681427656,10.047877159350028,3,0.535209037354198
current,0.5513835995552598,8.344465672330028,3,0.42142457490632496
current,0.4076361503613007,4.862694855935541,3,0.48924265287433816
current,0.5740865048609689,13.495599584732883,2,0.3861206477574927
current,0.36246368682544117,7.653177468136149,2,0.4800235863345644
current,0.37321276045420726,7.255885225066248,2,0.4392901122289211
current,0.5460260552396126,17.639141877748692,2,0.30003937469113273
current,0.5258382571612807,9.675490570011066,1,0.09179187969118871
current,0.3875392869055993,5.699078231873365,1,0.2656996598739037
current,0.40885880055934837,2.3977244777057916,1,0.08528631601712273
current,0.4977722170321981,11.052685385704288,3,0.22499305339532463
current,0.5635871562944708,10.451603868114582,4,0.3059290085845175
current,0.3891617895385505,11.28954171827031,0,0.21065483731053802
current,0.4765652901787658,10.539624631910291,3,0.20664200924864418
current,0.4099451821555812,8.613732126737384,1,0.5591215163604899
current,0.5358194825908832,6.082408703662554,3,0.28778103436741054
current,0.23879290638655762,11.132718864744653,0,0.5574723862881864
current,0.2532728928422731,6.131232484098333,1,0.6305326310507374
current,0.4554792260557235,4.898527533377303,3,0.2759308777834039
current,0.3356735401954629,2.8901703971655106,2,0.6977799479573286
current,0.5728137083434314,5.0028037030025745,2,0.31173304699331433
current,0.29380172735055143,11.59969123564176,2,0.39850696303555033
current,0.40263323183690636,10.441901651801041,0,0.45392156572154396
current,0.36077348465569825,10.248519571690766,6,0.1776108062371967
current,0.49608495933331853,11.294083107636995,0,0.10079989337332074
current,0.3301498134256374,5.064017944758763,3,0.3429855624753374
current,0.1579472915151413,7.054833241585651,1,0.08929668608271302
current,0.5823523235292782,9.611978354796577,0,0.4304543422082142
current,0.5541057336021228,9.024021900558262,1,0.048186810900310614
current,0.5038922834750871,9.798740887780802,1,0.8267574913419501
current,0.29875581420586084,5.964006092118241,0,0.3141847103095026
current,0.38223994242520204,6.8935119991839215,2,0.3924558641577574
current,0.3608244243510641,1.6755110203280275,3,0.8125921312220831
current,0.38715053443050146,8.07015450975008,4,0.24643682574737244
current,0.47220219003444347,9.228198139024354,6,0.4920550282306934
current,0.4371498259187028,14.662154171096,3,0.5901786701380864
current,0.5423722258246839,1.7939370612616958,5,0.2311104023039728
current,0.6297249600704814,5.736758698322687,3,0.3223214232360127
current,0.3519601572588322,10.539212380251788,3,0.3026435526782443
current,0.6365533834522838,0.8624287502252166,1,0.1643997392061905
current,0.43601798865065267,14.886671381276102,2,0.844364824098547
current,0.551430875618567,8.475689380294826,1,0.5006183968801116
current,0.42494893705766157,11.647156518782765,3,0.397541159571729
current,0.5850507280660965,4.802803109591034,2,0.2625758368955768
current,0.5148462387096153,7.53939151993239,1,0.45932857871900407
current,0.5247268146475664,6.888410076693697,3,0.344788902940408
current,0.5716237339730781,13.430535037172714,1,0.16602045968405338
current,0.42811050688198204,10.489788047568359,3,0.4264390443603055
current,0.3715926069031451,7.552951899333152,4,0.22605457984011604
current,0.513752564153031,5.351078804688051,2,0.49554157036125496
current,0.34237135525755913,8.131502088206007,3,0.509533907140394
current,0.24002585332016665,8.095296177207157,5,0.6008060228251986
current,0.24241814474235882,7.040557632458331,5,0.6971456892232347
current,0.5440146254645973,9.645300384298872,3,0.7127066018323058
current,0.48058111218963456,10.352415173361916,3,0.6878981202144093
current,0.6177499380781893,11.61766644737222,5,0.7698245119310931
current,0.45057913870676963,12.019778935411232,1,0.0667818490618562
current,0.4034032755792269,14.52861339727219,3,0.2295643382341328
current,0.2645590173847109,8.86199246956833,4,0.282056175629502
current,0.5361607594660827,11.00983676688557,0,0.14854712817015897
current,0.3775474358651938,5.597471854876017,0,0.1572568887678081
current,0.3501576267786703,0.4935002143812115,4,0.3508342015042235
current,0.39761931067323864,7.768306241487545,2,0.22420695865520285
current,0.7392616057937581,8.005226100897232,7,0.6078772127577299
current,0.6373484794664543,11.065440107221432,0,0.3847533666410207
current,0.4735859556249152,10.773523939240775,4,0.26482453609660145
current,0.2861628506318835,9.166689303708607,4,0.6718121376000059
current,0.5401685253541847,11.677489784596572,1,0.7334003231389495
current,0.3724954569628774,7.634746660568447,1,0.35816711541507473
current,0.507520373420788,8.211904812832332,5,0.5587142863133452
current,0.46843155831144656,7.71667666604143,3,0.0830954454127325
current,0.5061633389094937,12.59363832649052,1,0.07263098063912662
current,0.6950373734121785,8.924401989687293,1,0.4656767954019507
current,0.42294948993217146,12.277485957527542,5,0.532167577075996
current,0.5464174628597712,8.429116669583696,1,0.5433217989405835
current,0.48968605509439117,11.514694542961859,1,0.5384888475427905
current,0.44367589743586533,8.773604867876445,2,0.06787281518306508
current,0.4264589208746727,11.624044048349367,4,0.6629320361945693
current,0.5012480848595243,5.706738270922757,3,0.41742359293549197
current,0.4791882325526772,7.526179710418636,0,0.2349120393546668
current,0.33074344687508805,6.597095717948593,3,0.1668242417283134
current,0.6182437214741795,9.47260359257479,0,0.03492188496953141
current,0.3065262610551427,11.938262152109548,3,0.10302225730494773
current,0.5052847799315218,12.075587065569575,1,0.7566740975512135
current,0.4629516441632015,6.890339219301066,2,0.4996961389270045
current,0.45179174514366427,3.0668232180914092,8,0.40346005309337196
current,0.41128442704717666,5.421320797330802,4,0.3137623897080019
current,0.5565212072376068,7.40909630474242,3,0.4960828122993479
current,0.6310072361409076,10.12728124000061,4,0.6653240794439567
current,0.5872847460820597,10.022051795560682,3,0.09922215097216502
current,0.40422808689043893,10.455993442466937,1,0.766251209306107
current,0.4847403581733142,11.284241184374578,1,0.33434142997671107
current,0.30084651313084376,10.321207236482987,1,0.4261155775862478
current,0.4142134745024433,10.077849499038988,2,0.14261038739905263
current,0.3906011231859983,9.792346082016284,5,0.47275948810314344
current,0.422463933506731,7.413135021965034,1,0.44922814773879033
current,0.41059082398290797,7.017087700902402,2,0.13921312581057532
current,0.6693706740699893,8.257494738704938,2,0.43632086187902486
current,0.49209543417888124,5.409710874953905,2,0.2175634312371737
current,0.5454940945341845,9.291334158771116,2,0.47346649737733554
current,0.512253886610875,10.9341685166469,4,0.39719323466969
current,0.388022426457992,4.400670158669005,6,0.5258805351539403
current,0.4358037572555101,6.50630920107465,4,0.19172866051603837
current,0.5891713391117775,8.156497221439714,1,0.5381648413520632
current,0.6399486314458479,7.256312962898217,2,0.02995427768691961
current,0.5559233145621442,7.321774053667193,2,0.1508875685902579
current,0.42436237045450664,6.448118670881208,1,0.6397911258193651
current,0.6348084860002611,10.970040909479454,6,0.1766300703022522
current,0.5757293269637811,9.459934490611605,3,0.3140779723186161
current,0.3502619412008262,9.146128401668804,4,0.2649414069930587
current,0.5335630544464774,8.020300776187007,0,0.4441364455154333
current,0.44066180583068637,7.997963662747026,2,0.6480379967623549
current,0.6789375493088917,2.2550560525179284,1,0.5681165599545921
current,0.4596788172829504,9.23206755165098,2,0.7011865583533071
current,0.4338596048040037,10.43753656751865,2,0.4097798727597027
current,0.48799284805985843,6.285510592383314,2,0.6313986496075555
current,0.5332375408233978,8.20426422737489,1,0.3868101897416008
current,0.47081831904388716,7.28160678128477,2,0.27287918463621735
current,0.36908735496198586,3.3231556136872396,1,0.30012501824755805
current,0.5353459958917648,13.06661718748568,5,0.7688954252872421
current,0.5375698257528521,2.8913993855902245,2,0.2245295970695439
current,0.35885446455915226,10.970094982563765,5,0.333277550468512
current,0.5874134425134163,9.689630799824254,0,0.2426977297582416
current,0.37769203137284413,5.27851421268014,3,0.5745986179499608
current,0.4454124838031581,8.5743588092975,2,0.41877626908472
current,0.545038693418087,11.349021739777786,3,0.06455654872889569
current,0.5444307192150902,3.190865190020788,2,0.21484588033128268
current,0.49234703959909265,8.233415450516793,3,0.6454285818963048
current,0.39684547424976924,7.9439449900284504,0,0.13712904417275035
current,0.5595980283118369,5.366183276610373,1,0.49352296802232126
current,0.36181163550375295,4.930339516697919,1,0.28502270247099365
current,0.4641665216563019,10.997578161814381,3,0.43578920771414537
current,0.6016949370581172,8.643457953801466,2,0.3024653795600964
current,0.42109965554771867,9.111720002409811,3,0.28975710494498835
current,0.5886081318160148,8.904792948229755,2,0.21370654879558773
current,0.5149331395513914,7.275282832316627,3,0.5668638270013555
current,0.4201854464704996,9.831801707722645,1,0.2815236798317947
current,0.5849587208477672,3.4010121729077634,2,0.41848525359778954
current,0.4616214068056892,13.471834031185466,3,0.7245157500192048
current,0.5709231549358953,10.61527004550925,2,0.41378890570091886
current,0.17826941067771712,8.691011765224708,2,0.4013910560390757
current,0.4798540594612232,8.853940116868268,3,0.6962403285838475
current,0.5409155640017492,2.6431308211156628,3,0.502844980762876
current,0.6955306383061506,5.513010619073609,3,0.4570283122663258
current,0.3540083006973215,8.060433411544459,2,0.24014837337275405
current,0.37541936980565255,5.738311838170693,1,0.5027034355132154
current,0.4732460169155185,5.086565265067015,4,0.8516194191215187
current,0.5395386560519332,10.198192775671377,5,0.538504617871903
current,0.4132218960709537,4.350921305110614,4,0.6248476831585751
current,0.7111026680821222,6.913242308140235,2,0.7243913922087551
current,0.41536576326071223,7.833797693779818,1,0.4892234986420605
current,0.5040655460806036,4.994523724685382,6,0.4065384306334521
current,0.4383868668550749,5.016504231938223,4,0.39778206131443583
current,0.4278414998108587,3.8126521088912453,0,0.3718390946450555
current,0.5412654126777416,9.780692421995482,2,0.279361717715835
current,0.4423513445896148,7.3389690934180125,2,0.44697153172580867
current,0.24527975513466693,8.011327351620274,4,0.5767486345440708
current,0.41186167616754077,7.451178214265863,5,0.11239277669818634
current,0.41453670831563993,9.610509285312787,1,0.24146537744834753
current,0.5257628683602932,8.918620876874462,1,0.4584616266385817
current,0.4228908932390338,9.068604713294004,4,0.19930657156673828
current,0.21907769071641814,7.811799425648079,5,0.3814245038922748
current,0.45455333556616306,5.821209382732148,1,0.6635399262692254
current,0.4894102625306976,1.3333048378760637,2,0.11730567947484989
current,0.17588010965499384,7.281258243147606,4,0.32448060937354073
current,0.5374381918821032,12.047938961457175,2,0.3190592237528854
current,0.42114611372203953,7.174167765109921,3,0.5224073987603732
current,0.4871435449880346,7.262364226532614,4,0.5395481551105066
current,0.5267192677504261,4.903148789693814,2,0.39478994693636993
current,0.22448999679199172,7.923768520795766,2,0.1966762907718254
current,0.419192263398536,2.3456999061003367,2,0.4843586629326005
current,0.4750194767230014,10.280144415621951,4,0.1775211070976164
current,0.5023097679009134,10.481996018108548,1,0.5643266988004159
current,0.3706077254626843,5.452252262634062,0,0.6473227262201021
current,0.36649881055230205,6.489443319336934,1,0.13403900576506114
current,0.4435255491408053,4.590108110802706,3,0.47115549029681225
current,0.46880934478232267,5.370199304268002,1,0.26755524505179845
current,0.6129660403694355,8.057791067893948,0,0.4341966494742187
current,0.6555182969824118,4.933751857025301,1,0.20682058532078895
current,0.4288456036670114,7.60047180901519,2,0.31260045981424195
current,0.5052940172457926,1.4742580216311163,2,0.17083830486402177
current,0.5616231412731786,14.64239929544307,0,0.6787409194138937
current,0.5004086438671691,6.953849184644997,5,0.07325651495114871
current,0.4427160139207558,6.084254511645227,1,0.6500193775038026
current,0.3572700171456973,7.668875631589692,3,0.5204911411859092
current,0.3695972974499131,8.753278625328532,4,0.43331605867222794
current,0.5337933490825687,10.32193254148544,1,0.33491523981478205
current,0.41957861055729934,4.904144300952781,1,0.24092830135927015
current,0.5507528392428488,8.24655021361221,2,0.36788305289920675
current,0.5562202163920118,11.693786581388599,2,0.21355575235388458
current,0.4111795306496216,3.8771765510823553,2,0.38575104611205446
current,0.5755552803673839,8.291838558415595,3,0.5570576916549378
current,0.514985616280136,10.05056674124193,1,0.4608781337313898
current,0.5392234297917768,10.17728986312693,3,0.5823478344392831
current,0.49737981139330834,13.00817119451013,3,0.525867182983758
current,0.2326359840853714,13.565681274590087,5,0.7007453714243934
current,0.2676738869463317,9.52312154640191,2,0.13784357117193483
current,0.4656832843947605,5.412853166625103,1,0.16805730057885937
current,0.5113300011286643,5.384878031953148,1,0.44608494581503944
current,0.38698695664175203,5.879831428160424,2,0.01378116106224062
current,0.29868427727313623,4.35515788396099,1,0.35373256987241697
current,0.7349976621936142,9.832778130505451,3,0.47289003615129765
current,0.4912074778548083,2.5328904690961433,3,0.8781590103925484
current,0.47058660857494655,8.457960902310214,4,0.14528918746887196
current,0.3040437882599133,8.834282167479735,2,0.538748523599384
current,0.40874597635223486,2.878942450565824,4,0.44389942373349633
current,0.622229050994831,6.910977883986361,3,0.22820161443971904
current,0.38462427424663853,5.741447505793889,2,0.1481339680359407
current,0.33295895797513525,9.242333275908443,2,0.6179289128018115
current,0.5245310319960343,13.819185002366872,2,0.6958007338895467
current,0.6178465886463633,13.72125425116775,0,0.5286607545160582
current,0.31121348001696636,2.8442663600015523,3,0.2690813662759946
current,0.6265431956744416,7.8958133000176085,3,0.4265105983472898
current,0.390363335246928,11.467874476838453,2,0.370484869979926
current,0.6031228012343117,0.3497166853338527,4,0.775686862999555
current,0.574886100023122,7.240779374207854,0,0.42274519670979954
current,0.326767153762037,10.057884860451242,1,0.32323470009643673
current,0.45934309665059847,8.547402254482671,1,0.28476692337296156
current,0.40290698042830875,3.924073866582476,2,0.450870819641442
current,0.445551297236787,9.76351449041341,2,0.47755138499694344
current,0.4795257085013096,9.078268950039682,4,0.6121714907734703
current,0.55224667332587,7.524494602278115,3,0.2714735396755608
current,0.615323450300973,7.080030929038711,2,0.5208448335264897
current,0.26225499209172837,6.449339229422119,1,0.4992369696049129
current,0.5729694962863744,4.844713213431395,1,0.5440183195976802
current,0.32536956380842125,12.73071239799607,4,0.2529587038243947
current,0.26683803628717473,13.438709903913475,2,0.10755910002254464
current,0.34952844031209884,6.205432709575797,2,0.5705730931749089
current,0.4189432574911027,12.328080623453943,2,0.26490305568763306
current,0.5469665255952006,1.8269064798224655,2,0.34491264043016495
current,0.5363552985125369,9.966590070345141,2,0.30610219852132947
current,0.5455821842178866,7.846925849975396,4,0.6783012979624103
current,0.26111007416659465,10.489969000836322,2,0.49104325365781154
current,0.540621570843386,12.014332176730768,1,0.24511062979957066
current,0.19646030189207747,8.324957667580687,3,0.08966758852712853
current,0.36007515912534155,11.924353056802328,4,0.22674640874780175
current,0.46075066924721214,6.4215688630912116,2,0.6043025441549739
current,0.4341108348607619,3.2366841170343665,1,0.3964833836157628
current,0.46343033244677667,3.9979497605455583,2,0.3147355785338281
current,0.7335349468619348,7.154757051189375,4,0.13049128324962547
current,0.5884541287955751,1.7837334100549018,5,0.6682605487244547
current,0.4338036598871863,9.989262921279032,2,0.4753850206788996
current,0.4126040941709803,6.025344228192924,1,0.6841424759977983
current,0.42676847239027926,3.9513738531049523,1,0.34826065610040075
current,0.5510695572971958,9.517061001394016,3,0.5739630854604497
current,0.629222710137567,7.223875822837099,1,0.5442010820317301
current,0.30361450664351397,6.27426129230826,1,0.6545590151166016
current,0.2699983560300042,6.606281743220169,1,0.7478719712041841
current,0.5595013531166673,10.767259615081228,3,0.46835422162924406
current,0.5198506630215299,11.315562119497583,5,0.5831984796770456
current,0.5344820002648619,7.115276931844974,8,0.24747461294869788
current,0.5477409030626685,8.889623267690839,2,0.30350474472230426
current,0.5489020969384187,6.029974149333108,2,0.5475240759972629
current,0.23059027103924187,4.6442724377657925,4,0.7580626099495796
current,0.5107795185790538,9.669091748333106,1,0.47078100011890756
current,0.3642052676695952,7.28269993889532,4,0.08385418159161577
current,0.42498728285073095,1.5376590620295243,2,0.3327144560463264
current,0.44256980103242133,7.906303701133048,3,0.3687808651747422
current,0.3917845401282605,6.146440574832373,4,0.6027640307373471
current,0.33586626589327256,5.212688142701397,0,0.3507401276635554
current,0.4314627174316045,7.447787381233239,4,0.46357583621987
current,0.5005460326018139,5.14326540599178,5,0.21638271388779132
current,0.4737755646067028,8.060602494358582,2,0.29914344438485013
current,0.4742184451039058,6.583398162419251,1,0.3199285558599895
current,0.40938172361768943,14.174472246622024,5,0.44634877521962807
current,0.5686930592081975,10.526378260968967,5,0.5524383352595036
current,0.3715578570367999,10.509077722147712,3,0.37172263198624517
current,0.4315907418724455,6.524662316433988,5,0.7310421313812887
current,0.3700522827633556,2.9599399935869792,1,0.3963226862843144
current,0.3831067881246569,11.825702915741653,2,0.09303987655767224
current,0.5507368810273549,5.72080295530212,2,0.13172963053915565
current,0.5385769277238048,8.91855185286835,1,0.4274422027038682
current,0.6719449874006528,6.004285826058261,2,0.14152213612248646
current,0.38977305520436756,11.028993087163713,4,0.3008549177770629
current,0.4889014342604658,9.105120756497175,1,0.4025493210756883
current,0.2032917676459295,7.6270398346471815,4,0.38388189504152254
current,0.37368910604793065,8.289217538749526,4,0.8935053423279179
current,0.5767472783575534,8.71434168914921,6,0.5589081155555652
current,0.30888370714083535,11.376518628892033,3,0.5662277105745271
current,0.579955979530008,8.842651112367085,4,0.5250735685474739
current,0.72150074787599,11.918751508224434,4,0.5008646577519501
current,0.3343963492939077,5.116496398188732,1,0.6112264660044626
current,0.20881543396965277,5.418082138979866,1,0.4334446280721953
current,0.3137434863760676,7.7798350559560445,6,0.33537408801650115
current,0.6260778030767142,8.158805945409142,4,0.32619547460644716
current,0.4626869393445311,9.750801783542292,7,0.4517194458959393
current,0.5164285153646584,3.825318134838387,1,0.4125629951893281
current,0.29498674594517954,7.410219257565786,2,0.2510062566801049
current,0.636989850574706,10.731432594076093,1,0.31668861146830873
current,0.4223708916348609,7.9577534915779795,1,0.495704050257575
current,0.40898410184957523,8.46364645408945,1,0.06732434848710103
current,0.2680140459287045,0.9629516430431924,2,0.31274450867872544
current,0.4603409463582349,6.204185567550471,3,0.25393065785999924
current,0.2691751555173333,0.46465002402575806,1,0.3403428282836402
current,0.43094997590626716,7.565688443264649,1,0.3100672147252645
current,0.4070831849159195,14.205745757709247,4,0.3760642525651173
current,0.4469870780008237,5.480474214917095,5,0.4269099179600395
current,0.5690775437691923,6.250039202018746,3,0.11515550582618105
current,0.17220329626888586,10.33173254925459,6,0.5920383905399647
current,0.31494465205408895,7.79012504235014,3,0.25163685970011146
current,0.3958710893871925,4.921627597078975,1,0.2359647274479863
current,0.29985924844202927,10.267874816219468,1,0.3162541905695991
current,0.6630778028892557,6.889586556226278,1,0.31425044777119293
current,0.5325077992406166,8.453162734704296,7,0.56386439945175
current,0.5240532751412881,6.246580957253045,3,0.30687801593758524
current,0.572602401895116,3.7039572383533628,2,0.5802779047365706
current,0.531567924964627,14.386799006810326,6,0.6701552791856291
current,0.4450219041025047,8.722052447266847,0,0.5356816098360769
current,0.3674562053148866,6.380013276554082,2,0.24622597973993926
current,0.2743658491710915,6.909903196177352,3,0.2517056227155873
current,0.23091422287388153,6.750403583506485,4,0.45585859881955604
current,0.538911984595588,5.460822519945462,4,0.16198255682059
current,0.5603320748733742,12.56981904602549,3,0.5931849244057843
current,0.6598285847083071,2.8434672926105016,4,0.3052861335406736
current,0.47848512851771485,7.372211105856868,1,0.7569928261320559
current,0.49275939022620996,7.703458671001786,6,0.2876898537957844
current,0.3931421373249092,6.813647160976658,2,0.4027473132949898
current,0.5867823115951176,11.988495392776473,1,0.45135575333013367
current,0.26974960089788913,9.11361224130131,2,0.17203835793365224
current,0.4995343817054009,8.830800610897496,0,0.636597823233725
current,0.36269635978676873,7.06648283831572,1,0.6315782114845936
current,0.5226574035358584,4.933724301934763,6,0.34434663820652034
current,0.3333617150395049,7.719033333981049,3,0.5244605683441645
current,0.5518040100024779,7.716824974174718,2,0.45989472675264353
current,0.4822911115556479,10.439759253812353,1,0.1554308670856131
current,0.48833413702723877,9.444839602196943,5,0.30947087632534265
current,0.28790373728495433,9.63817154192203,0,0.4622800387841643
current,0.5972943313015677,9.123333585790428,1,0.5223909167427294
current,0.3706634856898605,9.841076851208038,0,0.4078309098405551
current,0.41513106049467474,15.473735283630852,3,0.32724432540447274
current,0.3389891440742963,10.620526653273746,6,0.6824093312550523
current,0.3662816622349041,8.282034884014315,4,0.013126381461936721
current,0.571718248871776,7.232667287974156,1,0.5909430566997727
current,0.5258417709152647,11.565206346446438,1,0.28877106440831285
current,0.5714335760786472,8.856078613236797,0,0.46718186323296423
current,0.32339214395369476,11.277679563759557,6,0.19006862784332837
current,0.3738515617329153,6.572011784733185,2,0.7685685183477745
current,0.6688290820620246,3.1170342589915547,1,0.5612687334156268
current,0.5610845677220675,11.834594823517117,0,0.4887378897384259
current,0.3841699298577323,17.0890508073826,5,0.3244147219442779
current,0.23909550607516414,8.144764223279395,3,0.49563175245369534
current,0.5114184950662639,9.853857232261616,3,0.4857433301166049
current,0.5038885898068881,3.9036080549285295,5,0.3102923962300005
current,0.5670275507815237,7.446746852351123,1,0.5228534184295764
current,0.4263965011949672,13.101136274346128,4,0.7710568009525661
current,0.45581411106745673,4.554481611339323,5,0.24818908018028335
current,0.43552135473235914,10.087910338798434,2,0.234682562683509
current,0.3207012524219912,6.751957222104206,2,0.3836568374480045
current,0.4642623999021706,10.610201041056397,3,0.5713974368168419
current,0.5625256234813465,9.927481921692117,1,0.4134090471859638
current,0.44688550784287573,2.26955292504743,2,0.2027510922275117
current,0.49557628558658307,9.341161099921038,0,0.23342842836226352
current,0.6815926348181992,6.171735620559886,3,0.7491209797234978
current,0.468574551577805,3.7336454497960085,5,0.6277411245632024
current,0.4236302643237831,2.2700705529565415,6,0.11054200513340282
current,0.4515410971622723,6.32909549883906,2,0.6340500283285655
current,0.2939436631298047,11.292131419360555,3,0.2878017144040889
current,0.29691244387569216,6.095879790774907,1,0.7751223543183142
current,0.5720926619565377,9.133816329127512,1,0.4432044751554195
current,0.39881790002033046,11.577048475717163,4,0.5880348622451822
current,0.41273293051062715,3.96196313558079,3,0.3740859345026979
current,0.343611717594153,9.314707416732729,4,0.6601226860420689
current,0.4652336949304213,8.535367829059615,1,0.61705209270808
current,0.45535809923395054,6.503840932537407,1,0.18349484047658657
current,0.5692876891681166,3.9523134635353268,4,0.7015247362030738
current,0.41677388972537377,6.811761393041916,1,0.35022021002335557
current,0.46217467709854465,10.350842876400998,3,0.530062524291225
current,0.381322312727853,11.03983650923485,3,0.7380977057567002
current,0.5722229876894085,7.025550713822319,1,0.46342700126410397
current,0.6911480911548161,7.453301086226484,2,0.05467475521472895
current,0.42574971225999814,7.405645256281781,4,0.33638646807506045
current,0.427851468736166,7.876659423886026,1,0.7923841065835457
current,0.5710349363962399,11.249684909534905,1,0.13631025810752911
current,0.4736515541088779,9.094615933092474,1,0.44304523170167376
current,0.22981144276735713,6.236025169228235,2,0.6307134038705586
current,0.49410321422677966,11.027832262155835,0,0.7776342707468468
current,0.15183651523136354,5.690668385734934,1,0.2652293449622983
current,0.3862489173524933,6.264789456605563,2,0.3976726544993491
current,0.6357359389615926,3.868723031916308,3,0.5532987058239628
current,0.632897884803193,9.369387532823533,4,0.4612675626633491
current,0.5626341568483175,13.96074815656533,3,0.5540498932753677
current,0.2512033543518434,1.1016343674022568,2,0.5925443645677659
current,0.3177577121219409,7.58072809612534,3,0.3801330828801241
current,0.5099493283335899,7.079304518303723,3,0.5265339524620058
current,0.41540792267873117,12.965429835247626,1,0.3474592621887802
current,0.5496125037038975,8.537414329757283,2,0.4118762847635863
current,0.7221458375467897,8.188265652610202,1,0.07320760858538122
current,0.42808771083280467,4.250372888321824,2,0.3723465415340234
current,0.6133163379243315,9.08761605381899,2,0.27961960214269715
current,0.29665989830508954,14.45605917684528,10,0.24553170132739063
current,0.5352559496702836,7.389745229684349,2,0.23834266441060475
current,0.46827861771806756,4.581747109831918,4,0.2419309066829107
current,0.6006227043229,10.005351563626473,2,0.09279696993317034
current,0.18625853491464944,5.963111953617544,2,0.2586116378275703
current,0.4499154885726582,9.791971666424352,1,0.37196511429256224
current,0.3985733297813652,8.799761585911384,0,0.37216272021834446
current,0.5631122640675916,4.1291760821313055,3,0.612983660995211
current,0.039425266923114044,5.817653324531809,3,0.14893109868640184
current,0.286488407247741,10.613079314965708,0,0.5426545967816814
current,0.49256116181067555,6.517346045461302,3,0.19349936234458767
current,0.4660967038348775,7.9464455491862065,1,0.47897078205316307
current,0.32427541613192074,6.522827285772104,3,0.4842967329542082
current,0.4039893024309437,6.628653546904376,1,0.23312844988739997
current,0.4333490582375649,6.868850682865447,1,0.7718089985509357
current,0.3427668561033084,7.481706876522749,0,0.5086390243350734
current,0.42523037719473633,6.251486217194546,0,0.6587712001168281
current,0.7311459642812008,10.667873677447322,3,0.4243392512344209
current,0.635209636910324,4.475333601805441,3,0.716872946750987
current,0.5675898404060075,9.194168815943174,1,0.5086808668767029
current,0.32060540981146235,8.112317576757587,3,0.13409825644863316
current,0.17776958822344946,3.5192351727905065,3,0.18557700670566707
current,0.2983487849544464,2.548700047587338,4,0.12071660316308427
current,0.5103900711803175,6.550206501429085,2,0.3152576392620151
current,0.33775270757703624,5.8001659307471805,2,0.27799652703590444
current,0.36548187182580916,8.591577504895312,1,0.6398671089770146
current,0.3796053325167059,8.342786270400659,0,0.23472888100440117
current,0.4428823695896374,8.067474762268294,0,0.292726255341981
current,0.35365947197899444,4.67538787108202,1,0.6317905292277951
current,0.4964373374939293,13.851740017289014,1,0.28856185959947983
current,0.49636446879200075,5.070187969565909,2,0.4059122701739706
current,0.5308192820363772,8.743799978913337,1,0.12593005346214764
current,0.4427870206336494,10.593335680151542,1,0.1979754937769821
current,0.3336011758741268,11.464367124027468,1,0.17223923977907363
current,0.37124913013174005,10.675572471157011,4,0.3040276443039748
current,0.20178073390974954,8.961175916367422,2,0.29380595715915725
current,0.48631588395813097,1.2407123304344285,1,0.6271898392818162
current,0.40720557699870225,8.077368670140505,3,0.05096078897468016
current,0.6145558024785707,15.289966104849405,3,0.35110089034649244
current,0.40042516026060626,7.753017127027397,1,0.27416189899507715
current,0.4281147202431586,5.517998206640076,3,0.5914384197290615
current,0.2703424993655061,7.259798420715852,2,0.180167976073333
current,0.2773614861565237,11.380982059521994,3,0.502775079754285
current,0.6977648291061432,9.747403175588133,2,0.4748460191305509
current,0.6914062953038408,9.662540441181335,3,0.2162688580238984
current,0.45787937635970616,9.283741894573058,3,0.14621574265339882
current,0.5999313384791728,6.09918987078,2,0.4969940433716774
current,0.44829545172448426,5.14492440844002,4,0.21376509915659495
current,0.41487669563446933,6.874511666561176,2,0.3224023281641566
current,0.39826287794201076,8.293614432992726,4,0.21748614801287597
current,0.49360091469100453,9.345364083539277,4,0.5698171633809849
current,0.2855146918838739,6.903383145808171,4,0.3543381485321548
current,0.38809057215539516,12.28154974807209,0,0.6122082673756121
current,0.34685666261231185,6.508116148987426,3,0.28878802278043153
current,0.39672277635299086,10.11966514331819,0,0.20383461657152205
current,0.40107062342755495,7.96766787528175,2,0.736511313420852
current,0.520793740310331,12.588313149061685,1,0.7583158562735763
current,0.45767322726144577,7.523017434299898,3,0.7686101742668284
current,0.5181006198164687,5.92653666767134,3,0.2533452849108678
current,0.4798458006358435,7.496837620402382,4,0.797517329707806
current,0.4913917070437484,7.2471127326016775,2,0.5423805459601312
current,0.4671465414166111,4.000885855215337,4,0.42009277460412664
current,0.4528302291057593,8.649801731152367,1,0.4096708422654539
current,0.37301360799697486,6.594142765872229,2,0.7429442455193176
current,0.44799213612969463,14.803663998909354,2,0.23917243656034212
current,0.41527692297961205,7.326892706920719,2,0.38828657210759077
current,0.35714847540737565,7.313279143490767,4,0.33925224333660825
current,0.44450462071880137,8.62018230954916,3,0.34771045602244044
current,0.3714960887538286,5.678941211721577,5,0.5048391683392772
current,0.4819613566132344,6.484904252410096,4,0.31624341439128345
current,0.4730628597658178,9.276533941779,4,0.7381653778000269
current,0.29381158024544524,7.219987812544769,5,0.39750087134417667
current,0.5871871482764364,6.4875132709795515,1,0.18762612341391
current,0.3509337378079703,7.139558983198262,1,0.3670372953039909
current,0.42709078929579064,11.296357537690309,2,0.4772423491086056
current,0.5424922282196772,10.568042117708181,0,0.32086871794303573
current,0.40093463311400396,9.380698492418153,2,0.15038856278550825
current,0.44307152841546826,6.106373487706165,0,0.5793024959734681
current,0.43223611644498194,6.7366985028533986,2,0.19769222362023994
current,0.366579711962476,6.384399036859548,4,0.561321319204499
current,0.36537447732777256,8.827012783745477,2,0.8432659136332875
current,0.3532058464839084,8.160069292020154,6,0.668082447339388
current,0.25412683919251333,5.544880118861499,1,0.4588457722064395
current,0.3520690484853827,7.266171434197223,0,0.16901100714237263
current,0.36788666203581327,1.1461201685235594,5,0.46241390281706996
current,0.3338388357258002,1.2319750666464149,4,0.6965531571540297
current,0.5335185499473204,13.262872786154539,3,0.13036253364529357
current,0.6173176106155867,11.459722605409205,0,0.4343924454403584
current,0.5964723473435798,8.366514680305055,1,0.39905219808507764
current,0.551619065705329,5.874596744382104,3,0.551418072510691
current,0.4071516849794592,6.009902754245207,1,0.26829749058031294
current,0.36406030987934757,15.135645896863279,5,0.3724919918555549
current,0.24273293589069214,6.700694566353342,0,0.676381721786045
current,0.3534575358834518,5.7118573172935285,1,0.5061845623196616
current,0.48071280111974424,2.0525359961368697,0,0.09286913596054334
current,0.4884591624658399,9.386965472655032,2,0.14360207841719738
current,0.5571817813231585,9.936973478001223,3,0.24092653397092315
current,0.3440349742460995,5.887636545556788,2,0.7634061662484395
current,0.5106735071440469,7.3308828922900915,3,0.5512599914633298
current,0.4152223506007101,1.854719608896823,3,0.07322542159005606
current,0.5417007279343913,5.002729555637375,3,0.48793719392880835
current,0.36732638672629714,5.292502821035108,2,0.24571672220720162
current,0.33606999005901134,1.1130018110895357,2,0.33356602515085915
current,0.3910286866937497,10.889251480150538,2,0.2310863982778942
current,0.339242167381444,8.203126580272258,1,0.11053065666714278
current,0.3188985479213198,5.704940898772237,1,0.28142593363745433
current,0.2749789295941031,7.158923213849761,1,0.492703795845243
current,0.7623803979694631,3.346092002628578,3,0.32019439472638433
current,0.47032084534908825,9.487273997540715,2,0.5078851141293026
current,0.4049584532976406,10.068571013358946,0,0.8198949058117111
current,0.39758087198328534,2.219054191755786,3,0.4208931023211807
current,0.4585196373685032,6.613581527615702,1,0.18560896046644804
current,0.2909490190307856,9.86586020314249,1,0.6734204363495668
current,0.49095345884905744,3.0485152916413005,4,0.4204708957224717
current,0.6235511094583592,10.014716232394393,3,0.3549960501859945
current,0.49121606370214577,12.32553340431859,3,0.37007176857673474
current,0.4779798780192207,7.883987392850324,3,0.21465509230813634
current,0.5307207236979073,5.9504505798525225,5,0.06139961675371383
current,0.5194307307814048,11.804915832118013,3,0.6187773012297263
current,0.4972947297250191,7.315154946614488,2,0.7232918997221165
current,0.32181385300108456,8.495145849306857,4,0.06701123589588644
current,0.4557466441316909,12.76443873994807,1,0.18916816293798985
current,0.631952119368642,6.425315762985904,1,0.40038999935423497
current,0.3567368587235724,6.748157385171866,5,0.8013516655316417
current,0.1184606373500976,12.532774324884741,1,0.3333308555518934
current,0.3826490984799213,2.3898500947434034,0,0.12910538067061714
current,0.4078029083773941,3.9263485515520875,4,0.22496460047978734
current,0.6248398407221156,0.0,3,0.8300086129827454
current,0.11985599177372863,3.525771411244089,0,0.40620456540639455
current,0.1736374487902207,10.25106915364072,2,0.5774202720044723
current,0.34233061321330616,7.142678246104653,4,0.3226561098230915
current,0.5289428951196142,13.366257609062163,0,0.7505866042560385
current,0.49660605525907586,4.3950989669399325,1,0.5721864018577606
current,0.5653139644177747,6.893582735107931,1,0.2186160004648354
current,0.4649975608588185,13.916840616839758,6,0.5954094193685501
current,0.3147139602668387,8.510355188207544,0,0.29245559186764347
current,0.800795718577818,11.863097171358367,4,0.28521714461790515
current,0.32561764289735995,11.684066313902637,4,0.128689119689227
current,0.4618452865920424,10.77114944949458,0,0.33772938440716377
current,0.47526269335114474,10.529428578208929,4,0.1895182329547415
current,0.515754471707117,6.92669137488348,0,0.7393091775292783
current,0.38949637976252105,7.9909293349616854,2,0.12616041894894103
current,0.6410633195222321,4.109078106718936,3,0.41595923611501817
current,0.3540930886187725,5.626930387589498,1,0.5722273460066906
current,0.483961615560648,13.852236102099296,6,0.506678795535592
current,0.3034175974759733,12.242349016586168,3,0.4895840369227302
current,0.6497533798263622,5.697486975455542,1,0.2068172494578064
current,0.5326638558975063,4.1282736605367205,4,0.2076695114386076
current,0.5212064833493415,12.015785387970485,0,0.4285522758745425
current,0.4975713160925931,12.096813644758512,3,0.48320422248125766
current,0.3262882869455147,11.785716507704741,4,0.3451205805745846
current,0.6375815061348262,8.392362820313119,2,0.37764623816658105
current,0.5311123450912475,7.137424492459797,1,0.020091808586920074
current,0.6260253653470789,11.50502680423879,1,0.3523085258748995
current,0.41327896728366736,8.725965452288742,6,0.4583671855902564
current,0.40563418479669533,8.972355392179463,3,0.3379204114273294
current,0.47973850729218703,9.85179682205074,0,0.6926179288394286
current,0.39304695453846716,3.964289719943517,2,0.2453486192904338
current,0.3426424541935411,11.319461064290845,1,0.3628567896459896
current,0.6159443322830555,1.7144381120326582,2,0.29013903169277394
current,0.5025930114183808,9.314780789536027,2,0.5840293094443784
current,0.5225432038856428,11.714817004294964,6,0.26746513459653143
current,0.4667353873073101,5.60964287101249,4,0.1723868248860922
current,0.5514981720747794,12.321556604897317,5,0.23936174475139657
current,0.5954437965335164,7.63464857033296,2,0.24155782320707536
current,0.43143902668953205,11.11857226592327,3,0.22832344028229437
current,0.44847800275452204,8.383600314109156,1,0.44723264503757065
current,0.5716799770397635,4.654781590926766,0,0.27462759216970783
current,0.7165072700243067,7.6705482588233425,3,0.6569049114414678
current,0.4675060768957521,7.023039954870965,3,0.5054749077984066
current,0.48779700557336464,8.831937895481454,1,0.2972097090650896
current,0.5720692904296718,12.303086154471966,2,0.6143600932985539
current,0.48207540636953494,7.186886322470345,1,0.266368743252436
current,0.5492345838762924,4.444701537080945,2,0.43088699675915726
current,0.3884090611220535,3.794808147719996,3,0.23562661362384768
current,0.5795646295142511,7.889672470848226,1,0.672373445238796
current,0.34607865431836116,10.85036485510512,0,0.38727557301578064
current,0.5848761746167023,8.046551275793798,4,0.32864597264569767
current,0.6734623531436221,8.005516016905277,2,0.6395700525416324
current,0.40093419395031615,4.60770943673445,4,0.3863987441897555
current,0.42581573920732263,7.434747730367827,1,0.08503880361167755
current,0.3923584892199777,13.127507763117691,2,0.6736010076007126
current,0.7173760577561201,11.020814279141138,3,0.2947698237417749
current,0.6564986681581755,10.694904882688684,4,0.298857419182766
current,0.23204649594224813,11.147728105527072,0,0.03862768757705705
current,0.5380633773253845,6.0966642240011,4,0.19144069770423622
current,0.5718047609950355,12.745988563814269,0,0.256339079375479
current,0.6374710881961759,8.03433741635992,4,0.6229795350766196
current,0.7186529707041471,6.781105109660447,4,0.4862955394496469
current,0.5537502328117808,2.2757483394537052,3,0.2883525807830594
current,0.4420241430310477,9.512618231236699,4,0.3602148069902227
current,0.4291800764295981,3.236403051867656,3,0.3472403419320564
current,0.4503223556523111,8.359302217617303,1,0.4326798950454079
current,0.5709503860000527,8.644234082460047,3,0.512011793111022
current,0.38472045032715774,9.393758866241749,0,0.14966208890833435
current,0.5160849521563274,8.571479731798442,4,0.5987088332406644
current,0.3290792237361212,4.307480832981743,1,0.5654266329617713
current,0.4287369062643032,8.618588019999528,3,0.7544028108671613
current,0.6882534405144658,6.379966100992475,4,0.1235120801952121
current,0.20443818373068967,6.859893153518034,0,0.1039813587538982
current,0.615547937483908,9.97089907455812,1,0.5170868142235351
current,0.4700051088971346,5.870881440742579,1,0.4154115876648354
current,0.40565678388670595,6.517409235635084,3,0.2213292184754344
current,0.4325305752223869,4.924412128474167,4,0.2890184035267599
current,0.44738357818008656,6.824293403093625,2,0.0907167366471477
current,0.5393948407302236,8.633658105046274,3,0.6898815553568615
current,0.6398608175103148,8.367339710167778,5,0.5093167930858815
current,0.46688041157608834,5.87299910499085,3,0.6166833939361077
current,0.6281937001219735,7.941068802461394,1,0.19196223015682978
current,0.4223098818878137,8.816307822927271,0,0.560237229825142
current,0.3299230933317839,6.571818875700931,2,0.6960675760539667
current,0.4471921916346723,5.8071476185821265,2,0.36878450885872355
current,0.5097735265162859,4.659949170252226,1,0.21263028334515632
current,0.44167169650312854,9.886432838413697,3,0.4738132739419159
current,0.465592072572117,8.31285148192702,2,0.18365645038528786
current,0.4270059169501398,6.856529330871937,4,0.5778221834098818
current,0.46341601385325926,8.847552693201818,2,0.3909329566889426
current,0.5540019382068465,8.603796954311525,4,0.33379941788798273
current,0.4287434483330284,13.813426738249317,1,0.42562057075462895
current,0.09317740155838905,5.8658383966583525,2,0.7571902872751222
current,0.4467189975500176,3.266997466404982,2,0.407939894190615
current,0.3995701805428254,8.685371933849888,5,0.4594550906601075
current,0.6904613724256649,6.5944668324641516,4,0.48084171891099753
current,0.4491682956063599,4.82516425430844,2,0.16381477347654608
current,0.6621456360569096,9.799908480257722,3,0.6109986122392275
current,0.5105083686420403,6.934147324129466,2,0.10153555382783104
current,0.4322389177928889,7.913046211158968,1,0.47047557733360346
current,0.5262056611604558,10.892458153710802,3,0.5606234442489525
current,0.18565390013113453,9.549439498772687,4,0.37598848367762966
current,0.3932323755832593,7.617431819378889,2,0.30181786512336006
current,0.4867372427891653,10.708490527027285,1,0.08672886960048873
current,0.7257951250504023,15.799496190269695,1,0.11364187591935293
current,0.3359935286109817,8.05033035190353,2,0.09893129861514025
current,0.5611507118789826,5.19108068876122,3,0.37228799795755824
current,0.46652173649608947,6.789099212766839,2,0.5408121415513416
current,0.6021263438669615,9.949080159239298,2,0.4056852398940653
current,0.3690006083575045,12.252302088106983,2,0.20154233977841096
current,0.5031667235771622,7.620048250469113,3,0.614902237301787
current,0.1498409414186253,8.624791812092182,2,0.24306074454021986
current,0.5015254834065799,8.248048260591554,4,0.7714232498795474
current,0.7394361796221054,10.86998838332088,0,0.6071158872552034
current,0.46950922560927055,8.823406580762613,1,0.7328910255205819
current,0.31509748816995,8.21533766871627,5,0.4377015890010474
current,0.48082070982641995,6.41922734550175,1,0.3692070337582466
current,0.282592473698859,11.881918197891281,2,0.5768382522833809
current,0.38565891623522286,12.969749616276811,1,0.5049281053313054
current,0.4133041700391121,6.439559572018554,3,0.47158411879204937
current,0.6309947329128097,5.191674426796176,5,0.3701787322155923
current,0.4823452628666044,9.221524248942556,2,0.6131628010947757
current,0.6302365939864156,5.999043506682614,0,0.13164158961789918
current,0.34731858088804485,11.24131473634945,0,0.2405126552418196
current,0.4203021100985211,12.452115683307964,0,0.6523603015746193
current,0.41294229158241963,10.750663832714984,4,0.4024362717956961
current,0.3701975746535667,4.535882847299058,1,0.5914226966223524
current,0.2966526932091377,9.28568598478861,1,0.3389699898963478
current,0.4734302746325698,9.367845608549882,3,0.5727105280569625
current,0.5241939225503679,13.643009021386785,4,0.23655502746669618
current,0.28086462960740566,11.023218486572976,2,0.18653156554828826
current,0.39599747886152864,3.660681503091144,2,0.16077927534778613
current,0.22753271869502528,7.2392270477124505,1,0.34270483033822996
current,0.42895449426048815,7.532502685133714,2,0.41438987195639404
current,0.6639529045722826,10.427511756834294,2,0.3861757715695877
current,0.596008429919076,7.198652692024511,0,0.17648046351697474
current,0.625908564747564,8.776427609645552,2,0.3782039156767368
current,0.7594387517057355,4.024695639746422,3,0.8620865135999424
current,0.361477006697438,13.172944521793042,2,0.12010389568585472
current,0.40034370438973615,8.68564616402612,1,0.37790398385286833
current,0.508673831746428,8.691322740329033,1,0.3243432598375177
current,0.4757960964686456,11.895557313594884,1,0.33360973044794917
current,0.5814702306856139,5.996209493409808,3,0.09596108174437554
current,0.49621092009467305,10.228533922903138,2,0.48122255706951383
current,0.7231367041109438,7.624216496931415,2,0.29889176495363273
current,0.5709283631941119,10.15098130348625,1,0.3790523147266885
current,0.4494868160171988,6.206172855042651,4,0.3710726638318331
current,0.36207006817693954,8.169009541957106,3,0.4661060911988728
current,0.33774157754940926,8.520827876205145,3,0.5737317055734636
current,0.7239058614973701,3.9283343610251817,3,0.49619211469424046
current,0.4434010793901873,6.587305334539081,5,0.43728194796686765
current,0.5710120794088308,11.133432324983989,1,0.3637738048449054
current,0.5716736787299294,12.719078429626617,0,0.2523360929565283
current,0.4880373362023079,9.23783714538425,3,0.05501278380070161
current,0.36689956133323254,8.21416191383761,3,0.2603310286698373
current,0.5723073407849391,6.572007509638562,0,0.3430739995915653
current,0.5184869225770437,6.958858889708068,1,0.43176603771684
current,0.21831546758256903,2.2694012612926073,3,0.18096113618341103
current,0.5937919297767451,5.908714185622505,0,0.18921295657121617
current,0.2392767159995581,9.479817143132108,2,0.346308635131655
current,0.4001595489265461,10.427631346010639,0,0.2685400816671833
current,0.70934428853494,6.838417989251425,3,0.43043585984360366
current,0.41259260132152487,11.765468634901545,1,0.42161922802094354
current,0.35735841575317584,7.110558476610546,2,0.2951856971361842
current,0.3474252544900542,3.951016733829521,1,0.45479072945164667
current,0.3752174388329527,8.058806176652933,0,0.6016301618525863
current,0.3882978970031307,6.440017463161766,4,0.7366979997327382
current,0.3390714528732684,5.1020279271070255,2,0.5584221219587673
current,0.7287672398773459,4.52472501836784,2,0.5180113426773207
current,0.6331503899647016,8.00732049483592,2,0.15597649758753482
current,0.8417721198210476,5.506430883108603,6,0.48600242560663703
current,0.3255957451811653,6.6102096808983815,2,0.4455591837704765
current,0.42781267857604804,3.4590836018462356,3,0.41885294946295515
current,0.2820988237047899,8.688675994819356,1,0.30235855335306594
current,0.48396951169159425,7.938066701354492,1,0.28046077567189664
current,0.19774956975792496,5.467534485163524,1,0.415001046644194
current,0.4616065600835243,7.103326554718183,2,0.26383697200298395
current,0.5723386229732227,9.423785274039936,2,0.5380311121719834
current,0.47773853315115,9.379213384164249,1,0.29838676999118907
current,0.26724015048233063,7.114321354259961,0,0.6224884989752378
current,0.2930156150129428,10.492574643964623,3,0.6165324295497923
current,0.4551031307614174,12.501892976958924,3,0.5194797551089539
current,0.552522015031137,7.294167593487107,1,0.2549415716951326
current,0.38490283536874587,8.921457370108186,2,0.22904589648708817
current,0.16516520032602128,6.485411226802891,1,0.22717252805579666
current,0.4579388370259574,10.712890132670738,4,0.5116788126422942
current,0.5236556046816031,14.597415033754007,3,0.3949154954054965
current,0.3330628321904968,6.269262778737838,5,0.2976853427325984
current,0.4119521483668199,5.620795495479808,2,0.7490095491520885
current,0.4059668974277043,7.2584043610610385,4,0.842075792992889
current,0.542697759750033,9.18513607668243,4,0.30480487517724825
current,0.4248725566519412,9.276450319587392,3,0.2176833126440132
current,0.3147847281724158,12.897355423161748,0,0.1690936087220845
current,0.6877588138013634,8.366930149455646,1,0.03333332229761959
current,0.46280941410359205,7.7683174562959545,4,0.32913464352255206
current,0.5501902022519971,2.1728347074520826,1,0.13865533148947612
current,0.5947684245212587,12.360409120227324,3,0.6143881459813326
current,0.6436320191294272,3.014538642289099,3,0.4356890634252634
current,0.3782525097365126,13.055665885737966,2,0.416424107813821
current,0.39278863543442677,9.803762410419793,3,0.2750789163502653
current,0.5077213441220061,6.668496734895202,3,0.550817551727756
current,0.3945335072671419,8.985330669619449,2,0.34639286178311374
current,0.5819377194099293,5.490437785430112,4,0.8020289492790632
current,0.37550842430107867,3.9555270372064895,2,0.255983157470796
current,0.237050022001587,10.956698064147773,1,0.1236496233960573
current,0.27359118624428325,8.488441750162181,3,0.04510620992414837
current,0.48924232427187575,6.285335162860064,2,0.6652882491372027
current,0.39523689975012744,11.638822852203482,3,0.5802496641087063
current,0.4326351601734022,7.253224127735724,3,0.6184016136595127
current,0.40543509331079564,6.787321115500918,4,0.3241669507930286
current,0.49736289848909465,10.227629708319228,2,0.5361481506945801
current,0.4309130154255247,9.54566923613433,0,0.28221177880786796
current,0.4086672041853922,2.626528763427028,2,0.1888239792138293
current,0.3953393218592649,3.7632530581712924,5,0.30437646712861055
current,0.3175141872145675,5.428562184320766,1,0.496724569938022
current,0.30630900678230333,8.10493647441179,3,0.5731042692396786
current,0.31382915188573934,6.14639970900162,2,0.40753674700369463
current,0.23937734943034114,10.51345122982024,1,0.40127022352712266
current,0.4772178957868547,8.812266893090511,1,0.2551652015804035
current,0.5370032996739953,10.948167426954601,2,0.6111549702803024
current,0.46392201774930886,6.17617761451259,4,0.2635933568562841
current,0.6942316512000676,7.072818297076913,1,0.5228073805430243
current,0.6056150867582168,9.16186393369214,1,0.6243536609511914
current,0.6913666805870429,11.829827824797697,1,0.10152982415197205
current,0.369198340346855,5.7698185436418195,2,0.6929509626005035
current,0.31882024436441514,14.036712436035776,3,0.7818995940082771
current,0.47504554706101304,3.985960091150722,2,0.7599700411563259
current,0.451940878892611,7.509678601705777,3,0.6102049495111269
current,0.48412851378375554,8.352144000906407,4,0.30481272510675794
current,0.3088179346662808,8.240017500390906,1,0.30506196266811497
current,0.38145032144731056,5.789590002183148,0,0.5076001022924985
current,0.40871802912079164,4.574557558092086,7,0.33305996917435216
current,0.3979444901282159,8.579157963800307,3,0.6777129478766344
current,0.4737427326529837,8.532220708502193,6,0.33070446587252544
current,0.12187940157483568,9.79341008018591,6,0.3397169285971192
current,0.3937238691115069,2.6959211526991105,2,0.48414698321780175
current,0.3761954546092117,8.418786008466828,1,0.6518568694530142
current,0.3537866303844306,5.1891177780048965,4,0.3839700747922188
current,0.08561891082514361,11.332520715597086,1,0.1595823459595538
current,0.5205705874123552,3.987419918553605,0,0.061646957446876954
current,0.34580702955631176,3.3205841039275894,2,0.14294201541609006
current,0.5290145480377807,11.811273611081525,2,0.6609879108434766
current,0.46810842133086084,6.186605254036703,2,0.1441625090369784
current,0.4005792897199716,11.279264290324658,5,0.5316320169316305
current,0.6903497665483598,10.319109461765448,2,0.5606004916328395
current,0.4721947602698113,8.08988575503473,2,0.2390180279384982
current,0.5802815493296251,8.084610723621893,5,0.471283356927518
current,0.6422398905515846,5.035100481199555,1,0.38008117886106035
current,0.3950945655282279,5.747255406778517,3,0.3969875267182109
current,0.4759911043714971,6.797453744482975,3,0.17752639857780292
current,0.4582094708052051,6.272381992655881,0,0.3537717572838286
current,0.3753327798632856,8.501708882934244,5,0.36404796200053163
current,0.22092164114583407,6.560760893337285,1,0.6680920170000932
current,0.5197862846746633,10.769582339732647,0,0.12697034802366464
current,0.30961671254991907,10.386035091277364,4,0.31238480544267944
current,0.3484162228712704,5.79545135993958,1,0.6313317306156022
current,0.5862890507087928,10.40848020502606,3,0.21793335820077003
current,0.295365475288872,6.737506190085208,2,0.27071077036137364
current,0.5175827695889106,10.308798562720956,1,0.5048430662106563
current,0.3679196887344739,8.118902559415208,3,0.21515174925397795
current,0.48196387613952874,6.717974732577228,4,0.2543156613153378
current,0.5684076266931123,11.975013544945654,2,0.36883690862800644
current,0.28751608566317555,8.275098727480446,4,0.3756435056878073
current,0.3766349979635174,11.564721545885083,1,0.2843545217606279
current,0.6466310509276014,0.6349132552194447,2,0.5724651100331263
current,0.6472318827084853,4.4682688143090115,3,0.5022535902958539
current,0.5646675483810847,8.236162694716183,0,0.17930398628819527
current,0.19092655401457365,7.148869019781169,4,0.4270179799305665
current,0.45912367653618946,7.841874293769154,1,0.6021986521289105
current,0.28931695960895987,4.469655397445391,3,0.12265008700489115
current,0.5486120450592005,8.117276766728486,0,0.287085954968257
current,0.390837930428593,2.209828239299071,2,0.2687956765263244
current,0.26793418206563946,9.960286985597882,3,0.6412938034399295
current,0.5757060796011423,4.421925498224146,1,0.4533049857212842
current,0.6040837534287172,7.132557244302354,2,0.5995640944397339
current,0.48998487533379464,4.287695744512017,0,0.5096311361280204
current,0.3508405925907014,9.592015318851045,0,0.4163013567401587
current,0.42807563928173176,14.614860405447338,2,0.21728531522976968
current,0.4180270784571545,2.6173716121718735,1,0.44872678944568567
current,0.5417644658580203,6.204235229568997,0,0.8586802475362177
current,0.24029554053676322,10.057582218776316,4,0.4491394947456746
current,0.3123450842116572,2.841495227465386,5,0.44892298157016713
current,0.3495004269553753,13.593394376870489,0,0.4991625572802681
current,0.569624460600549,4.988419441318396,6,0.5302691241335973
current,0.5401381311154768,10.570698269166009,2,0.5903357402659463
current,0.31120192519061296,5.489481506079009,3,0.9122381368250372
current,0.4561458578597409,14.792198739848246,2,0.02101122916888583
current,0.3786045791885308,10.466381230457365,3,0.3412915798998084
current,0.39504183646218216,9.479498424641772,3,0.48824087173984304
current,0.2786710208523945,16.420577047806972,1,0.3388951846283735
current,0.5192397664342924,9.389950095151491,3,0.16788250608755964
current,0.45367481531255466,6.303135072700561,3,0.35266131279437085
current,0.4964108232300314,9.863885491542996,0,0.28864597743378334
current,0.34706280075655316,8.13202440003319,2,0.3531018649225415
current,0.4195307581930364,8.68257095205149,4,0.41957797674714087
current,0.5452250501569211,6.464485482246202,1,0.29133416280875324
current,0.38171472738913403,4.153178863170176,0,0.4548625830113052
current,0.4046128105864641,3.1043961724034297,2,0.36682006023462566
current,0.22233338446103462,11.284341933320917,4,0.5949800346946388
current,0.5172633160305213,8.044454592929448,2,0.8588210401437698
current,0.3479917236266967,7.1989831375026005,0,0.671826883993597
current,0.4217178133770285,13.688477120521268,3,0.19069807801758604
current,0.5838580248864441,10.274436618599394,3,0.5339834559798047
current,0.5758522318968393,9.59129731675713,3,0.20525836038879566
current,0.5142463594749178,13.154014849160843,0,0.1956692845831931
current,0.4438961826275771,5.520730577520441,1,0.5235338404898757
current,0.37266117836227136,14.960190106014426,1,0.2339030846838131
current,0.5436875521675156,10.029986010838646,2,0.30985614139929807
current,0.5590519508702095,8.102277773820024,2,0.10937530687763314
current,0.47256923237595283,9.425240002510902,3,0.36225517751009306
current,0.4611305898907093,13.875494357603417,8,0.22935858698920905
current,0.644686266729245,8.700880009798496,3,0.3108212956113867
current,0.4661977123106925,7.8563373953863795,5,0.42487030275667176
current,0.22755313630364468,3.542958821192439,2,0.515345791826875
current,0.24208319465143666,8.036856597047517,2,0.12020077772584699
current,0.47553835223515317,8.63900808100639,4,0.44512830969496825
current,0.5425862534097544,9.977593683402318,3,0.330237465187093
current,0.4741693048074279,7.727063941073281,3,0.2632873477394508
current,0.5051257278451661,3.2416460165564214,1,0.4505256815388865
current,0.44632241065302514,6.327704248912909,3,0.23511556775428932
current,0.49167291971009497,0.7998258008488506,1,0.7108536470485458
current,0.4644786423722923,7.572597731667299,3,0.3933485474389629
current,0.24745909894727913,6.239791324904842,2,0.822987222594649
current,0.3727321718013292,4.61626994129635,2,0.14583252309947442
current,0.3508972726259161,6.73359908477581,3,0.7604510473625434
current,0.40371430053922697,12.274860568863687,3,0.7768956148709242
current,0.10910795650294253,5.679468991808285,3,0.3928970031931171
current,0.31279428126093956,5.477289019331966,6,0.10474315797816966
current,0.5306767636568892,11.73418489417543,0,0.19636476038328693
current,0.4116146428048367,5.363516552381704,0,0.3472805599173367
current,0.43922459422911325,7.342095745987466,2,0.3033743228586001
current,0.5465030189833523,10.91165619280358,2,0.5359924445593398
current,0.3612370515184764,7.0856732057930785,4,0.4632457726525604
current,0.6410028439245609,7.655220966847203,2,0.24142699463564177
current,0.49723740540587175,11.134394658520009,2,0.5987379033156764
current,0.44053891162805486,5.866501675696172,3,0.29891719442111836
current,0.4083604214565567,8.24358133746949,2,0.1961525115721354
current,0.4868938479032881,9.995522391296483,1,0.33327729110637805
current,0.6139607496334432,6.267333699418102,2,0.17457648630080802
current,0.5068369478117982,11.289547824690796,1,0.3078874091698321
current,0.4585623184826246,10.680001066900106,5,0.6860071331998935
current,0.4688026230189605,6.899139166555938,5,0.39356476196819384
current,0.5726701971595793,8.084044958797602,3,0.36514467116874955
current,0.6507393236215359,8.293966551197402,5,0.20886877740357834
current,0.6364067829507853,12.191693300395423,2,0.34539481574845
current,0.40612308408615605,6.411348541854446,1,0.4374598262354328
current,0.5684565040335167,13.03330801031513,5,0.5927407933309428
current,0.42810376184949434,10.83235228535808,5,0.3100365145317276
current,0.4423493455751899,5.888248919780734,2,0.25850068030114426
current,0.45066839352880667,7.108203968582217,3,0.09627450808480442
current,0.44984262581648243,5.799574563222713,3,0.526422028758092
current,0.5312446211903903,3.3920838530262065,1,0.5165484627815946
current,0.6588524339776638,0.0,3,0.39477916987818407
current,0.41910002071308816,5.89691921210914,4,0.5905292095650809
current,0.36667235047793445,6.407618717894765,5,0.16207675861101714
current,0.5658077208501227,4.221207197604784,1,0.261430111193474
current,0.4341492654145167,5.361772896235719,6,0.14492082125544278
current,0.5757487732994014,8.983622683323553,2,0.3932938431926206
current,0.43917814655573173,5.64179604845972,5,0.41518835494484985
current,0.4970730078099754,8.26959099964191,0,0.665472185522276
current,0.2925574758797815,9.632809492737819,4,0.28669930654805953
current,0.5431769939317482,13.401472834222918,2,0.13925470288749625
current,0.3117303301010151,5.211507610404537,5,0.12179069463927736
current,0.4395391940827199,11.273052700170588,2,0.5439562155490549
current,0.3631637789843603,11.340620598211501,5,0.21493659411629767
current,0.5235048634263213,8.748474522696588,1,0.09025300861921541
current,0.33852776682571994,12.140532578254293,4,0.6125606840936614
current,0.34519825777335017,11.170083138252952,3,0.9063602309805602
current,0.32094552361777545,10.249118622181213,0,0.7476248715993443
current,0.2594833255329503,7.601270507699273,3,0.45466527912139393
current,0.429193815435158,6.36122756688048,3,0.1296740618305654
current,0.5144938249274071,8.312110679006505,1,0.33416589770806915
current,0.5724577582783525,9.391342935651203,0,0.3091795448046697
current,0.504577605936486,5.330368639161782,1,0.5434734846358131
current,0.4494249450320001,4.407993574852415,6,0.3984234681620897
current,0.4410324534798366,12.421250237797977,2,0.6913617506234208
current,0.4801210322046257,5.051230401786943,3,0.18591652262373803
current,0.24633685505016037,9.483397862743884,3,0.35179532086886656
current,0.5102700613817129,3.6347290446944784,3,0.5490127273610734
current,0.3114021545946931,7.848611913377277,3,0.46990803284432714
current,0.49061983984989477,5.633308638230538,3,0.6842708191698027
current,0.6530160819912496,3.5150673988398644,3,0.3592072551879736
current,0.5517163083998692,11.61098052492384,2,0.2876294127133929
current,0.3659249438346261,9.716745478232003,2,0.7414831086227558
current,0.2711242698366182,10.680468908675032,2,0.3307701426036039
current,0.5861890828814604,7.97055177894525,2,0.4207060417407782
current,0.4316845518456001,4.4328685275681945,5,0.43272292398633716
current,0.2482950144760266,9.577786195796921,2,0.19979267906781215
current,0.47827803311493045,7.812012880551161,3,0.26741458461810186
current,0.453708628849019,11.721902391742915,3,0.25461878880367206
current,0.39823199155673944,6.560477596167668,3,0.11951954780632415
current,0.36122153474365826,5.371481406511679,2,0.13377444162555455
current,0.32614204298145294,11.268259344341098,1,0.16674650549757294
current,0.43908946628533313,7.6195030381586095,4,0.4576059119268133
current,0.5729923715942592,7.704537518729511,3,0.41272761016224474
current,0.5544405400246659,6.003206799768243,3,0.5356969125072292
current,0.411638924516498,6.369367646997053,3,0.6332541251771396
current,0.5204027079311868,9.200135366494997,0,0.46567757550304795
current,0.30972193197100406,10.447032354814068,3,0.7288875493523843
current,0.4321264809600047,11.219107720975819,2,0.31910569196158134
current,0.5227377986204327,9.550623876314667,3,0.31521667869079023
current,0.5231045786594575,10.182515354111269,2,0.38012989760022886
current,0.5576747601639024,10.057199538964388,4,0.4799590769617678
current,0.5352703780087797,4.890278433935307,3,0.5442431274312893
current,0.5026951610318191,2.479921372580776,0,0.2903505994382102
current,0.4976297334161156,6.471084576322515,5,0.28528051634256113
current,0.3560748133129728,11.854178627377905,2,0.29094379864119907
current,0.31580700630035696,12.54689322831826,2,0.42227707429979056
current,0.5632398001425645,7.4616621939138525,2,0.46129767865986165
current,0.47603183748440847,6.659029558215661,0,0.4012224224232992
current,0.4345849546745401,8.36665464578037,2,0.17639840535803286
current,0.4943427887686131,11.376428346464591,3,0.2664099418339688
current,0.2165401895499758,10.538589517249704,0,0.8767822912980012
current,0.3549342593587847,13.844472869592368,3,0.3511409120440306
current,0.4803386356950654,10.457382588277463,3,0.4008193199262958
current,0.4332414628830296,11.832219326682571,2,0.8519666412566634
current,0.414857796099436,12.270937997221296,2,0.8365498944717223
current,0.5332586202059821,9.317315857079494,3,0.4647454599054431
current,0.5241293839702758,4.904074131220636,3,0.3056599641619713
current,0.5610378363793851,8.022712727986498,2,0.25780809345020317
current,0.47282481804767157,7.276869522673819,5,0.5032088865345921
current,0.5056979378102182,9.946489321963988,2,0.13147889165312557
current,0.4171310363818227,8.980102487210916,5,0.301481033907801
current,0.4640502101015712,3.786389019272846,2,0.1901586090861769
current,0.5026435948073367,8.03656427283865,0,0.11094630199452334
current,0.45093313349646796,14.477196269771264,4,0.14358791245382985
current,0.7847132661576013,7.700892805247371,6,0.6403538799274293
current,0.27034956218167494,3.166052675749393,5,0.36799574589212386
current,0.1834904788427434,4.377315663769756,3,0.0488752967500696
current,0.3223664915687525,11.107232490233912,4,0.363422918309263
current,0.560948233362002,11.00737985566679,4,0.32724501502274894
current,0.36578191799875964,11.073275269200899,3,0.4601976014058842
current,0.3728381821307106,5.850414708114338,1,0.06967940553098238
current,0.6883413951793462,10.933756637985757,3,0.21473050884487618
current,0.5763626714908048,13.700820668557247,3,0.21747923356754498
current,0.3349119594428832,5.768421714823642,3,0.1565007518722721
current,0.6945144049565974,10.301271876576747,2,0.3031038790026173
current,0.5700980630912372,4.75740859998452,2,0.4557511869090744
current,0.36775929551599434,10.132647622999592,4,0.41764130564891383
current,0.3329122929012758,5.558134157264265,2,0.5277947079663393
current,0.5397905672490553,11.031832496709578,3,0.5638473466933877
current,0.5078587800938875,10.583964903055067,1,0.4348359039436828
current,0.48632304488024247,5.20337975423036,0,0.6520525597966205
current,0.2017997334906943,5.3175628927470004,2,0.28123613339131753
current,0.3370534070139761,3.0464534496468065,3,0.2918556589361065
current,0.3738771163288904,6.103129968123516,3,0.35138204265737283
current,0.3612308461541783,12.469875742165879,0,0.06227351580666073
current,0.6304240993994377,10.21892438680068,4,0.57312947827645
current,0.4611434575446025,7.9745119102419855,3,0.3216425621039715
current,0.39222532578317215,5.927418151703726,5,0.43345890350300553
current,0.43161240519823735,11.08550296042705,0,0.19407972557978875
current,0.45906659247075277,8.823994957325747,3,0.6229868826228486
current,0.3548476707653185,5.397849447122702,1,0.3799835534257786
current,0.3458638248837399,9.93096451190292,1,0.1704525859150566
current,0.42125836225787855,3.8645138565505457,2,0.7109313927591099
current,0.3711599638211207,8.566123381754645,2,0.46378782108402467
current,0.2918493985780891,8.566788637870399,4,0.1829887948528903
current,0.459420955757078,9.534078079396508,4,0.2384366971599761
current,0.46405896776478495,7.214136735661567,0,0.45945370336940683
current,0.28918894013303265,6.578979197200513,1,0.5238461515022141
current,0.47804397713328284,12.852239042750497,1,0.5661405873552727
current,0.35726449659990794,8.213351719056014,2,0.2644712267831575
current,0.5302189033996302,7.11106250017554,1,0.10532141035382314
current,0.45347381887102717,5.402585479449714,5,0.4653625159893618
current,0.5073575668742705,9.312501820520898,0,0.5777377995257609
current,0.5776322191179069,6.431514213933445,2,0.3915986448443904
current,0.44903315258645016,7.270283093639836,5,0.10526978704664204
current,0.561576156324463,13.060848717623381,2,0.30305741821182935
current,0.4779770914898095,10.312764292175599,3,0.5901125656119423
current,0.4317932346356975,13.115884402625518,3,0.5204390073429398
current,0.44185311025374663,11.833734831331963,2,0.6952006300292283
current,0.3488766455927802,5.130573968182636,2,0.6284293692047502
current,0.5424636119588357,7.169975326990867,1,0.5521981501522666
current,0.6189383011744073,4.783775019787189,2,0.060832521987148086
current,0.3412030439360063,6.751908359444362,3,0.10236854782388365
current,0.6554878771360395,8.52198659089901,4,0.4611406128525515
current,0.39479012032751853,9.278148605114081,3,0.22213077332277428
current,0.3346921029863468,11.875655232055536,2,0.6170411480656799
current,0.40440743527738504,6.682786508053859,2,0.13017912701545112
current,0.4955214191483886,10.704138897592646,1,0.3562415947454364
current,0.46888867250433747,5.3380600967716525,5,0.23667174507354266
current,0.383681166152941,9.535089491484804,1,0.6120878287447108
current,0.5980439930726378,4.853629932324202,1,0.615172548179066
current,0.4145909051094206,7.060707490277281,1,0.5900899666522872
current,0.5283285318840037,8.13416754013286,3,0.1927847927353868
current,0.6311918578231419,6.011571023108305,2,0.6496474291986579
current,0.3257249858939121,0.0,1,0.5991676066590438
current,0.5666736217913819,9.63245284159231,5,0.2582375769230526
current,0.3093129526528091,9.452217516502778,3,0.38031188787926695
current,0.24796920573967768,5.6200037774105445,0,0.25229936916079915
current,0.3725705892799607,16.716201802658233,2,0.329755785220421
current,0.44648958934578187,6.9315889838937945,8,0.5138122008986195
current,0.3539678689160235,10.353921706873155,2,0.33670641849104127
current,0.4195001412930786,6.151474715856478,3,0.522367218255814
current,0.5245326319749647,5.144909923080002,2,0.37522424128593973
current,0.2662464697066596,5.261375870335335,2,0.6493032601726887
current,0.3784939020638798,5.262567807053036,0,0.3232599149814835
current,0.35236660458429836,7.761969810576195,3,0.5475230227607711
current,0.43917937154624104,6.416379432382271,3,0.273695033428467
current,0.5093580367960018,11.583929129708535,1,0.2772295876117394
current,0.27043186143476605,9.828348708839588,2,0.3007820922449486
current,0.7072456280742601,8.632443312984533,4,0.6417397760391392
current,0.3694846468221999,7.922411696193974,2,0.2529799131758077
current,0.5569681961934598,11.254063655211231,2,0.6243113000859641
current,0.5092731781612951,4.653150474141404,2,0.5805137623253613
current,0.2824644341972187,6.240647298892496,1,0.5750842502892135
current,0.6020074258234821,11.278305784140954,4,0.17281104691660215
current,0.3652283247220397,5.658250736418162,3,0.7585793431007624
current,0.5018635943691299,7.949812616134107,1,0.2732280006689256
current,0.5473113852295427,6.651653492892084,2,0.11893491904138516
current,0.47037983718310145,3.5273555042507674,4,0.4027488774315659
current,0.39833986084401085,11.159889904255566,6,0.7981723494652919
current,0.31829152361121893,8.27292728965183,5,0.5615504235146002
current,0.20120174502025426,7.922008903469494,3,0.5345440647026528
current,0.4243725596217939,9.813744185713897,2,0.06300816446853014
current,0.5181213995056814,13.509978605519525,1,0.725843660912767
current,0.39518906754101113,8.673276431812523,2,0.3995913485475582
current,0.614205306034117,6.76955089631812,1,0.6272646995488178
current,0.4659395431285683,10.049364665383347,3,0.23978802701923943
current,0.5238296047539686,10.364791058646986,4,0.18982720487244276
current,0.44925667151837934,8.002907381988965,5,0.2828104469651035
current,0.5025780625162621,10.104412881251344,2,0.8809215420213624
current,0.29341102260101004,6.61820972496011,3,0.6598622810465341
current,0.42295664646532416,10.335571139954691,0,0.31558217182733667
current,0.46037842614651137,11.156200520806058,1,0.5282695616850274
current,0.5026064761219152,4.322077648050165,0,0.201915928123746
current,0.4660279982283129,3.8502848963583167,5,0.3192400404773813
current,0.4105914610318192,7.266540249280226,1,0.701084392861925
current,0.4311550419671031,10.104575797476397,1,0.4154520910317561
current,0.5570639773075149,7.384412935692433,5,0.4359912013350376
current,0.4348464220838326,9.150294800903605,3,0.1761483814226596
current,0.3990152758645034,8.273933103266563,3,0.12929555393338907
current,0.33744856351895924,12.447925923330523,6,0.4694688648301388
current,0.38201032724364103,10.230807207749539,4,0.4246770212309475
current,0.3232579002416974,9.736334625175616,0,0.3691742378567723
current,0.28069767701675163,8.418158397748899,2,0.11687778475723952
current,0.33677472509298345,8.03939483634558,1,0.3691106156108374
current,0.40193021195516887,10.826803267719194,2,0.3085907046695143
current,0.4697127814746967,6.349762211500051,3,0.6174177379928987
current,0.5733544504109565,8.306620367147065,4,0.7638763824695316
current,0.33086541679355275,6.6213021542830095,3,0.699128893593395
current,0.4196157030909651,6.295532624550431,2,0.21761968118021577
current,0.35081834596516365,9.221971914399138,2,0.49485352871348287
current,0.530110001925794,7.246490644918698,2,0.12718043456185738
current,0.6157784674336161,10.651293725640127,3,0.5548175493431108
current,0.5137938181409502,6.610309776386213,6,0.2773527639711384
current,0.26546139111880157,7.457582079215016,5,0.3559878082562567
current,0.4629610069267043,6.803971455543226,2,0.8446857546775675
current,0.2774195123587603,8.307134890850833,0,0.6763773407362971
current,0.3197487981469933,8.070421047926397,5,0.5165311960292983
current,0.533483892890086,9.80060121762552,3,0.6503004938964279
current,0.5185877191731733,7.465011842304754,3,0.17337693441587781
current,0.38293935238133864,3.1089715572954475,0,0.40748417680410587
current,0.6584663875252242,9.78870037973866,3,0.4763325389584719
current,0.547462705247402,11.91930699836409,1,0.3437427024248967
current,0.5998056243900979,6.155322584410067,3,0.07092563651579936
current,0.26443980740129847,4.140136177073036,1,0.44803643359887035
current,0.3871424614468771,0.0,2,0.1852750153371801
current,0.6210450626010419,12.679058643611697,1,0.49083242937641325
current,0.5274029789911971,5.878885345614323,2,0.414472794405105
current,0.41139712515469096,2.9470656112468294,2,0.1151160935593865
current,0.5161461669740455,6.133023882053717,3,0.5749008499512998
current,0.4294927403273077,10.755675264712146,2,0.2690876786911844
current,0.5417313517141416,6.6954714822632155,2,0.47000708383532713
current,0.4397644168979882,8.148534316211228,3,0.6187084993272454
current,0.5086217792045323,3.113704828358193,2,0.07096383123673723
current,0.5883273760112151,4.864968363917641,4,0.4799358015313589
current,0.5196757146579958,5.213065979700409,2,0.6061915878383239
current,0.31701875988253186,5.871328687680539,2,0.1375437898726658
current,0.5584562501197687,4.728227106353122,3,0.7871414546313819
current,0.4277188696348423,10.24390630071463,3,0.5032111688244519
current,0.5569182758387994,10.557045245912603,0,0.6366191581879163
current,0.4734199134982414,3.7278228413852545,3,0.044541902897553866
current,0.43875838342462115,12.134774794040737,5,0.1251578392966936
current,0.6935739667625861,7.6921515618039695,1,0.3800676151125188
current,0.5639674386267107,8.288388515861364,1,0.41244685908995354
current,0.35423186559245745,7.483032296434826,1,0.2423303979801046
current,0.45310742684464994,8.396544795527912,3,0.3555171387822813
current,0.38400302272725356,6.837724540630991,5,0.43249140383102236
current,0.7161607993359227,12.073033589943641,1,0.2882530264256101
current,0.33413719279954623,4.997392266803315,1,0.8407427249356577
current,0.33229226184336147,7.0508662669030135,1,0.6164928967703254
current,0.32985052900588924,8.294899650904739,2,0.19786172858130419
current,0.3918503686056656,5.6808898342861465,1,0.42960445283733795
current,0.5787040528850336,11.936418423762252,1,0.9238684406367043
current,0.28925398008623643,6.6118430246845445,3,0.6670067183659251
current,0.39946133705044795,10.607945456146915,3,0.19897894341429598
current,0.48486019149747456,10.593399845104894,1,0.158927706569923
current,0.49926170638304845,9.309078658744742,3,0.5507743322725603
current,0.45977941131684646,3.462706076965352,1,0.5636975490962025
current,0.3118706489494316,12.2475710601622,0,0.1301331108047106
current,0.5953135386967843,6.356943550582354,2,0.4783318575514126
current,0.5391365554023206,5.496629179964995,1,0.1582799068705643
current,0.37576352307005134,6.351404457515616,2,0.39340420562641343
current,0.3916032504405641,9.083783969937173,3,0.7995044777292833
current,0.48958259418380023,14.089384952058143,3,0.18384289888494265
current,0.6053954168385289,9.831653609627782,2,0.4236206240232613
current,0.3333684113827809,6.831844317634159,1,0.3417245209419207
current,0.5141558790881801,4.902927905928125,1,0.25843200988744425
current,0.47860134394573284,10.887920782696082,4,0.08624895802747044
current,0.20658418715118257,7.885649457915118,2,0.6618939750568615
current,0.4893835020783529,7.728471807109957,2,0.6842939926862682
current,0.5318821381141884,10.274101797064754,2,0.5738271866572048
current,0.3972487833541342,7.512773492491196,0,0.8302398182046744
current,0.3691022769923541,10.518379834139402,3,0.49894829301973787
current,0.4297847278720267,14.47840727313812,5,0.6361362139134462
current,0.47308295942441936,8.084838546049207,2,0.17715344823867538
current,0.4342579068927296,4.777424048689738,3,0.5870149688898428
current,0.4560884426389096,11.832057696413894,2,0.353828420431306
current,0.2619460449969,12.435394222332624,1,0.31898385309714894
current,0.4382665730265614,4.219309640954838,2,0.43834299354437706
current,0.481278043135831,10.946128375212908,1,0.3399169403828555
current,0.6289546118620062,11.835902517159422,1,0.13269588471954707
current,0.555846535044585,3.5329719235157153,1,0.627790709655513
current,0.5118387936121988,5.868239486859908,5,0.5173113253976037
current,0.5053390545771821,7.935599567587721,2,0.5320872133879461
current,0.6480240028290483,11.03860433334906,2,0.2373272710826043
current,0.39168510663541656,10.275103678083926,1,0.4187422283551839
current,0.3705737420148033,9.85220984331235,2,0.6194219442039783
current,0.3746377322955682,10.379422258671726,2,0.19889819815860255
current,0.3149543620968006,7.733670753728862,1,0.3469201347508947
current,0.2501364179128929,7.173348725231724,4,0.6802766880433814
current,0.2567656118191533,6.223414618903476,3,0.39957406978547594
current,0.4676374590896982,11.444719238861532,1,0.30738351545650205
current,0.489396603508148,10.534740656012547,4,0.6005528359650378
current,0.31258414042495186,9.25661419425807,2,0.3725650963742379
current,0.6476967269925807,10.760553447643588,2,0.740899288070616
current,0.4702961860659105,4.819023466158147,1,0.6263022629836865
current,0.4235920261961268,9.862265815096837,1,0.1897497563337617
current,0.4068153726784363,9.086346275194302,1,0.12890849236931698
current,0.6377143258494735,10.308350656864548,2,0.9527672332317044
current,0.6756789494645817,10.41748337998353,3,0.1580270602172714
current,0.5227467995787851,11.066067164585537,1,0.7505993348578894
current,0.49872964307094975,11.313472921048923,4,0.33782695786908956
current,0.4451852660366719,11.248232940924996,4,0.044317396455781706
current,0.43880554528963595,6.630294715502368,1,0.42830168339316316
current,0.42834040780518023,9.078133808199318,6,0.531890823249987
current,0.47183069813662476,8.257597857039613,2,0.2869910826605136
current,0.5001937388078252,12.331271201111218,1,0.17092992371919113
current,0.38067267509866337,6.872311978558196,3,0.3025171287050039
current,0.34290980797653126,6.948120656052829,3,0.21078776807949123
current,0.35528561013736026,12.151613049298717,1,0.31551043719388516
current,0.47888593941183377,16.067005398609908,1,0.18652130403030764
current,0.4862822687549512,7.533911390745946,4,0.22518711805368985
current,0.5460843780237438,9.479257299133868,2,0.8231478577173066
current,0.036040040163219544,7.499888632172828,2,0.7556519742708886
current,0.5023664240852928,1.3438492526052759,2,0.5611956239385653
current,0.4185422795175123,12.924429003089681,0,0.29278700018494563
current,0.4245628319333217,8.947225813304122,1,0.28047096658295545
current,0.2001002490929473,10.927993480659211,2,0.4714904246180084
current,0.4171065154108489,8.001019965583588,1,0.8327392140276884
current,0.46345540922059025,8.24278645065461,3,0.5432890520071109
current,0.4940619602523368,9.335225359785529,2,0.3440595409058216
current,0.6474971707051087,9.79837109535055,1,0.6743779708780093
current,0.4743731215014269,4.11696790779686,2,0.21882410078024864
current,0.2968714100192849,6.9422258579795075,5,0.23376935736813215
current,0.5944388406807223,7.543657393584036,3,0.284207023044377
current,0.49784357782589006,3.4555709857270385,4,0.2480502615836612
current,0.47912959771760116,8.678753662109528,0,0.45138592963465646
current,0.3878123235616229,10.849185209747294,5,0.5683270274159158
current,0.5633193451440235,4.345077881334869,0,0.1344947536025662
current,0.4937770665777329,8.437662303091837,2,0.3411583988587446
current,0.49316649478519237,11.959098101279334,2,0.5549051829158507
current,0.6445768090586874,6.799193285916788,1,0.3691175558235642
current,0.47985617761964183,10.44424808642798,5,0.27144344865978715
current,0.3237534424851197,4.956163020332627,3,0.3537852507292585
current,0.17306055340323512,3.695714586035445,2,0.461316715309598
current,0.48100943854462336,9.879289477585699,1,0.1736689941395987
current,0.5630556809797793,12.462888826026177,2,0.770486269276643
current,0.6386364484623781,6.252641365631931,4,0.1809680103671068
current,0.567343640989121,6.972675855472149,1,0.3684133390972327
current,0.30621541402868396,4.4486129926208395,5,0.6643228266007075
current,0.5961726365023697,7.855939173343833,2,0.21467498040086958
current,0.5099958092217353,5.987453473257258,1,0.4296462857054452
current,0.36082653549430704,4.151067745858085,2,0.6067458610001423
current,0.41271259242625274,9.19694929469148,3,0.364827980411075
current,0.2680914288218733,5.086500074895236,2,0.33394612916135835
current,0.4545748942598055,7.2009587031793485,4,0.41654177073779747
current,0.4822315308000252,4.79955215689645,4,0.12303245849920466
current,0.47741408580455885,7.546979664312369,2,0.24288259454663363
current,0.4067338767831408,7.1470453387921165,4,0.49916525548702634
current,0.2870361041085676,5.880165703113638,2,0.1328120829380418
current,0.5237323668522266,5.424361347879418,1,0.7364086153219882
current,0.4110327650175257,10.965562474057121,3,0.14473920531792672
current,0.4407118886421993,6.152087668103974,3,0.507014713582607
current,0.33169052012213285,10.22462532225511,1,0.7753788853013036
current,0.5671168692131847,8.34678581119144,8,0.3213389620774922
current,0.3339781569251926,5.628188937377271,3,0.1709799876265355
current,0.33493332948802856,1.6052551441927516,2,0.576279221660253
current,0.5063250975819905,8.608969627339022,1,0.30776763207250063
current,0.36807686077308926,1.2852847171785378,2,0.16520110886926567
current,0.4648057950247433,8.561163512627994,1,0.6347203070335743
current,0.5050701382390822,7.526395566162698,2,0.7226856346687015
current,0.6887165935502954,6.88124082230312,5,0.12276563908867738
current,0.4356086855221651,3.0146351812858514,3,0.5391312823492611
current,0.44388087524999703,12.047807529363702,1,0.1626364855646985
current,0.4921114153813124,6.947313144453182,1,0.6069139180660055
current,0.41405198516535713,6.69527508360453,3,0.31612345077208953
current,0.3977349430735627,8.721097713824225,3,0.2707135240318264
current,0.09419433944392752,6.850794276841011,0,0.14351450651306322
current,0.41101516988786485,14.974557722199819,4,0.7999108678686807
current,0.6408355444243237,7.870741048875927,5,0.08757058251657451
current,0.6055122975538291,4.401955755139886,2,0.44580961852881246
current,0.48958542764094265,13.530504955112363,1,0.09259879378411087
current,0.4759175491606667,10.180140583576794,2,0.47793944645215974
current,0.37012588424856996,3.6372237901611255,3,0.045400818201884414
current,0.5181930143320588,4.707844293097745,1,0.37840414716148024
current,0.4366165498166704,12.456042581979204,4,0.31826367905799074
current,0.4354211511684568,8.095351288747484,1,0.3009224794843305
current,0.4531336150067322,8.587195354992877,5,0.7748586413047949
current,0.5296180864751012,7.207614239996341,4,0.1549253836506396
current,0.4473795321625998,7.193415317005027,3,0.2631415444692049
current,0.3749864683275557,12.303626794289869,0,0.7211685290649074
current,0.5108879331917632,6.656566054252853,2,0.6860797751966689
current,0.7572796585965962,7.796892024264002,4,0.5978631212135509
current,0.6728930449155451,8.178080816594793,4,0.11718409792762792
current,0.3657662251361049,9.318760514757077,4,0.36265158013150467
current,0.47861101284220053,8.653306715624726,0,0.5163896966376432
current,0.620769491563977,6.415579462776272,2,0.10778309927606192
current,0.39691975986180433,10.093063355916998,2,0.3524082430664193
current,0.4663775291795781,6.830555974873233,4,0.49730012053090095
current,0.37481246476615376,4.115356537543077,5,0.19485397580245298
current,0.4421423012936266,7.384648180603584,1,0.37759257400919694
current,0.34465001070621654,7.888125069893631,3,0.8016538458142619
current,0.49912544472209064,5.458652318134147,1,0.19774784087694441
current,0.4499829597745126,11.162372920738802,3,0.32735196652863596
current,0.17379944668568337,10.625195543247056,1,0.36466589561001606
current,0.2502401102454726,6.780001376097733,4,0.3370032011383145
current,0.3763522204672156,8.744719913008728,1,0.49676264935267744
current,0.39104029790216943,5.0422630286925045,4,0.6300714141769712
current,0.3855083440943456,8.730754656128864,3,0.6978017262509874
current,0.46793133580063734,5.70722531485724,4,0.340187062895114
current,0.5392758800702496,4.534159716875418,1,0.3901585139911624
current,0.2628835715238952,0.3100920786498591,3,0.75623939024483
current,0.4496763692671653,6.002151599638174,1,0.5368394793695304
current,0.3548049768799324,8.217543181887562,4,0.7139116885220201
current,0.25304676316908475,13.635451107280224,2,0.4584449686184968
current,0.47715210057384283,8.6772050479554,3,0.5949917689956967
current,0.32008642857820924,9.014790201654005,3,0.4197532657613414
current,0.4561031765850342,6.568312714802393,0,0.036984952793581105
current,0.39347657273043485,9.32221447566444,6,0.23963682535896094
current,0.5289713466974169,6.780811205582253,7,0.5577738808290303
current,0.32367383058879073,10.454764945869417,5,0.41545127707753954
current,0.460143294532591,8.097958972106357,2,0.3004749875830136
current,0.6733974977312915,5.5056710746539395,1,0.6523827789267226
current,0.49695698477571204,8.007663067466531,1,0.4556244699671642
current,0.6121509710942844,6.078870158689586,1,0.19609949348787886
current,0.4366861044016879,3.180971966699654,0,0.3627842579028752
current,0.49424329122721833,9.418965188352043,1,0.5832099840009902
current,0.4086456339810901,2.3259426278849684,2,0.4558414964996804
current,0.7455416859733603,5.488294663641447,7,0.733491776110896
current,0.4740661048759507,1.23071806900139,1,0.32100882682434073
current,0.375508496121891,8.517094026705635,0,0.48435318015567996
current,0.49584223272119315,9.218827237927956,2,0.44760780706890096
current,0.5136642109839522,14.623294255902392,1,0.4063982024023558
current,0.4587463817092446,10.758569814197065,3,0.6471788663408193
current,0.36550823197581517,4.260323150770484,2,0.35878787584345195
current,0.4919658853260434,6.170022776714045,0,0.42037372041940224
current,0.25809304466974375,8.951296349829203,4,0.11391815895870105
current,0.5151755924277954,9.217934182315398,2,0.1422573492773445
current,0.5126113282115681,6.8657787885451524,0,0.5229019054253902
current,0.2988335440079321,6.564666710832168,1,0.29948150855951006
current,0.4479710847511791,9.560841469101646,1,0.24117917958946522
current,0.4045557294461796,13.098221817453407,3,0.05476466245899466
current,0.528371486992058,5.686691969317204,1,0.3384437726129564
current,0.2915592611870034,9.387328949251364,2,0.42629718637561304
current,0.447224179971414,4.34328152305325,1,0.5249843712454016
current,0.22360139485982589,10.559036652413706,0,0.27182622007444734
current,0.3720273552338805,8.618773906615363,2,0.5299309449419985
current,0.5452899107331092,5.403585680903884,2,0.41446715773552245
current,0.4787254074004575,7.689974509085289,2,0.3518779136023019
current,0.3773609472180353,5.2350302898793215,2,0.5234668714310102
current,0.18509109718929895,8.860860380445706,3,0.2311039895752597
current,0.5788182681116025,8.20183771259738,3,0.13894772747771658
current,0.3906331359402891,8.307206749022551,8,0.5466985219865744
current,0.2534111671992717,12.959875144505684,2,0.04912126635010831
current,0.4658812493137123,10.648808650426265,5,0.47290437859835444
current,0.43558027781573094,10.60630911153493,2,0.4238400224919032
current,0.465379638385342,6.547916576791435,1,0.253493298421731
current,0.39533597282331634,7.931460780172411,0,0.34864847395384074
current,0.6743871941310242,10.322894059858896,4,0.20285208173533958
current,0.5216632261909743,8.646889370319434,1,0.4643297966518565
current,0.6631558707576167,6.87939753178239,4,0.29524756305363264
current,0.3912952782484571,10.5849375808285,5,0.21557625026908167
current,0.3613064904327081,10.74752090146478,4,0.2717847988989022
current,0.5079673386801582,9.292824241974783,4,0.24798154091678062
current,0.502036009678388,6.800722576847706,2,0.20791302036927395
current,0.4199464757565645,7.934747150464636,5,0.3839339393458322
current,0.4430703590860899,10.9508731812643,1,0.820155992166536
current,0.4684046566453506,9.418856355142179,2,0.596870417878716
current,0.5983442344673878,6.516915596005184,2,0.08079647829322008
current,0.19035512447194525,4.766301408285628,1,0.2902886177032207
current,0.36256629171389143,0.0,4,0.48979732247079616
current,0.5953857004899836,4.515851070159221,3,0.3977064892843468
current,0.292780463666728,9.269292912015414,2,0.43593354474304014
current,0.5216364511159833,6.230924572594535,3,0.39763451715140763
current,0.3755094675240634,11.660738258695332,3,0.5625948367375285
current,0.4925312044407924,4.342539000024053,5,0.3770300390725499
current,0.24441894789950652,9.006553516040661,1,0.2750946079507489
current,0.3840172036146938,10.504973842189388,2,0.2765293505430516
current,0.4088284844768235,9.940297658699732,2,0.1786554886751571
current,0.731892137356511,8.454259415040326,1,0.17763474150022204
current,0.2588765430187586,9.782335625612145,1,0.2456679742769736
current,0.20684363295890107,8.542004670833062,3,0.5682412108747854
current,0.5191516647121066,5.682866307616038,0,0.6454794927530952
current,0.30372402367830603,13.200377886630985,2,0.2543957666673567
current,0.4094408021151901,10.260704355565352,2,0.4845612807026766
current,0.290311381348459,11.91699470071828,3,0.3812579386255316
current,0.34859316745657454,11.09233318372633,2,0.5432818192282731
current,0.47256286989337365,4.008230873638533,2,0.4809643728935429
current,0.4632512803146886,6.246608016323593,2,0.2849070966640259
current,0.6226800344891972,5.858505428195123,4,0.10774491252219769
current,0.4660208961949503,5.474310751280374,5,0.35529059669920593
current,0.5461783774021207,5.916803095010785,3,0.3600722472263349
current,0.5820177610162596,7.4124974757969,1,0.473110442445894
current,0.2619600213145621,4.358410084915503,2,0.05848881464879465
current,0.33436509785234303,4.801441728123391,4,0.23700719502618323
current,0.6114300102445489,10.793109205616021,1,0.39242229188230077
current,0.41273918735364856,5.239793403939062,5,0.6907013438834149
current,0.3693979372446757,7.074105775463917,2,0.17824393422649762
current,0.23283034251181717,8.689040324400457,6,0.8004597656869018
current,0.7416763855290237,10.123899860238293,4,0.49028066596386594
current,0.45766197394940406,4.781546864107033,3,0.4322272266484428
current,0.3876321075588138,11.58053638267807,4,0.12208882553704269
current,0.3008633866543913,13.201813115618839,3,0.0502650609309735
current,0.45101190274859426,7.095387661118876,1,0.480710362365202
current,0.38466119244971814,4.994869478668664,1,0.318453324608388
current,0.5048650130530341,5.316457911032634,4,0.23807078524412223
current,0.4446400329881962,11.33010869736951,3,0.5344976250715853
current,0.5615830658880037,10.896173372874143,2,0.10535791399387834
current,0.473572670318741,9.224263796112878,2,0.20974456044692041
current,0.5106053944527741,4.9939927992433475,2,0.1605861507032481
current,0.6858368966364434,11.240361043927276,3,0.3096580445505672
current,0.4846004591389549,8.844325254829602,3,0.4675811125775451
current,0.6660757949761498,6.728280998229742,5,0.40552905422488883
current,0.4536358667411667,2.893074406138255,3,0.6622681912230255
current,0.4143634528249519,5.47348567466613,1,0.5001221536545212
current,0.3573463217628784,11.483716189793961,1,0.5054925046848305
current,0.5265188506253893,11.094313006586376,2,0.36015502205566285
current,0.28269993908110636,14.480060702128805,3,0.4311585282380177
current,0.4019670537760403,6.24665742351985,5,0.6074883280238784
current,0.5025460893027984,6.984854806747753,3,0.41137352308188513
current,0.47962453849611053,0.0,5,0.17869924349465696
current,0.46483554659946513,10.19155656632931,1,0.17924290739374113
current,0.46520034745088906,5.405400388065495,3,0.1524479116617693
current,0.3302649090484913,9.843403175434647,4,0.5691794309971745
current,0.49394136850028175,11.22769905301236,3,0.2870443889648293
current,0.7470312446611767,6.829709097323846,4,0.1869033202736958
current,0.4455802946317653,5.083124742223288,1,0.8969106413475993
current,0.8184585997021182,4.5410605812026645,1,0.18407593280646706
current,0.5487272206846132,7.758103681301253,4,0.2146141090133362
current,0.38836853330220117,7.291689351078088,9,0.3378320711691787
current,0.4875783894617628,8.742887548713938,3,0.8162812728300559
current,0.508865634787696,12.537559253614592,3,0.46738588795143815
current,0.4299625042281055,6.546297905150847,2,0.7374784828190112
current,0.4671413718963485,5.2732220021177705,0,0.6076476453937164
current,0.4750289910780912,8.967231750118106,4,0.5627087115508689
current,0.48952384593501935,4.490082889549569,2,0.7030709465889091
current,0.5385035252196462,13.608845934106558,3,0.3512682305288196
current,0.3451424075692913,6.499863912554011,2,0.11387739078626435
current,0.2731266099590862,12.515941083622383,0,0.12051661101737096
current,0.41668296974154256,12.95646274575265,2,0.2949130719476922
current,0.4310253868991094,11.929470954029828,2,0.08660982339274537
current,0.37991951109931976,5.795308914905225,5,0.2572639718031845
current,0.5347367776025175,3.439165976975209,3,0.48562674070658385
current,0.6229437511568205,12.149817616219448,1,0.627436621149441
current,0.29972205149834097,1.1763460901874874,4,0.49316242762265494
current,0.4449175908754895,9.71382928923107,1,0.14055088791573503
current,0.37918354532378107,9.6918440096471,1,0.30712462527685047
current,0.5974865142096161,6.614032651257979,3,0.26206010664769164
current,0.3621492153596851,8.835423969769359,3,0.5696598308323515
current,0.3790676860754309,12.675431339153281,2,0.5334931878007373
current,0.34013096803825743,4.280749169731036,5,0.6074157668082248
current,0.4457729390769675,5.725636400661626,1,0.5093073176412237
current,0.3884110911248452,2.424379948142935,3,0.2774251692969078
current,0.37564393472099566,7.404032833051598,7,0.23222398641397243
current,0.541378910692992,8.531922463728998,0,0.30500535233571774
current,0.36391635783172527,6.524623853456983,1,0.3753820366471852
current,0.4899680203686411,6.893917286358745,1,0.6307369373261547
current,0.6297179658123533,7.256561218048485,2,0.4207673038185815
current,0.5053660374853549,9.924451797928144,3,0.14282151808446142
current,0.22841432243522616,4.796512096217904,1,0.1244081371707987
current,0.6379458387766695,8.89389418005481,3,0.8035999608513088
current,0.4147510969949913,5.5898614272781035,3,0.289983995561791
current,0.4770335483803883,9.165954907236134,1,0.11925350415344048
current,0.5712753869134329,6.520695585707702,2,0.572702034943269
current,0.26439337908911004,6.071552419945968,2,0.6492806812100372
current,0.4119343709892873,9.181207593965127,1,0.5579652689485814
current,0.6339936967392867,10.4235266578298,3,0.3441083533127074
current,0.4922188377871742,5.009221253208128,2,0.2679839381772066
current,0.7366626293068912,6.064344556726635,2,0.275687835279159
current,0.3555323571896908,3.2939187509776318,3,0.2037105598436449
current,0.6771393643820885,3.5974835470767417,0,0.5953406114205032
current,0.4039276010835145,4.362755236145832,2,0.4917008550063597
current,0.362429523403637,9.38275335949733,4,0.6551100150016101
current,0.3346507967774037,10.626534583061023,2,0.6351187539256025
current,0.2618633700078086,7.577586794726642,2,0.38053409011530775
current,0.39201784487885694,8.169365431934205,2,0.38581183677429143
current,0.5427829629611676,5.9366751289583135,1,0.7862828989600511
current,0.41341954678965087,13.521945164189537,3,0.14897261764443723
current,0.6040007713234332,6.786455530456946,2,0.28679432473114846
current,0.14509434071501515,6.736360619184934,4,0.047662437163470545
current,0.48948683721672565,10.964346594191733,1,0.2853352226880978
current,0.577488947726952,8.777881044051238,0,0.5423382508342931
current,0.31617562488114653,8.80906739110971,3,0.1958239915124943
current,0.5783123574140057,5.285788032036393,1,0.673078699302399
current,0.5762137233144955,12.744645806391853,6,0.21406617137402972
current,0.3866778012626107,1.2949938577748181,1,0.15089787852612543
current,0.520972853747161,12.282894972241758,0,0.4375904350762821
current,0.24422120583842905,6.173801417662402,4,0.8727702662889765
current,0.7049840769483013,8.24357996460596,4,0.5820496708250673
current,0.39611488615816653,7.821848245616873,5,0.7167610954812421
current,0.7714725209356941,6.531703419138686,2,0.1751612880084296
current,0.5317362808519658,7.051487155746485,2,0.4694089083788587
current,0.29106729055935876,5.279419800246541,3,0.5655583391426137
current,0.5948334375351689,6.318024911637023,4,0.5446055703647441
current,0.3468030416760699,6.313736857666109,2,0.3051626469816199
current,0.6519581051497976,10.754059372279215,4,0.445177475260745
current,0.3435023277276493,8.55014328032114,0,0.38937306162441937
current,0.5778726150450051,4.150619583013223,2,0.3569232262556656
current,0.3287130936907729,7.199908285323413,0,0.614152791592913
current,0.38944445548695383,11.830700775366974,3,0.2120155817338772
current,0.28114201503548686,3.4623505163125134,2,0.19086457958171432
current,0.33099219036335387,7.8624772600523265,5,0.18890094490111425
current,0.5924279877790253,13.366008590649285,2,0.5726109103304036
current,0.5780631565030369,9.22135579928145,5,0.44361866001184763
current,0.32795225212212936,13.22218604773121,3,0.3497398200651122
current,0.4754399641186028,8.065806496367141,4,0.4388263199422125
current,0.6659243208483308,10.681941401723066,0,0.6260815253262736
current,0.2992369035724316,5.240497128557187,0,0.5100404041346353
current,0.7071986931728191,6.802788203468014,1,0.38064949728277414
current,0.5473488486404808,7.671019680126576,1,0.5234672287576833
current,0.3029084092881985,6.574536417206856,2,0.7145762054193134
current,0.5813313027462053,5.986919746109995,2,0.3890668409647683
current,0.41865924566184337,8.224257034708653,1,0.16353985915575253
current,0.4940723201405609,5.334378416973471,2,0.22302138771405902
current,0.5617656542183724,7.210142038279806,4,0.2111884880671225
current,0.1761670248202042,9.328081748906378,4,0.20496010527554998
current,0.4531783020113935,12.683523708527263,5,0.8960709179381899
current,0.5268301392578838,10.899142909611129,3,0.5703809335658101
current,0.34978994802115837,11.425026524363313,0,0.44397202753345116
current,0.39950670611588773,7.3045812580423215,3,0.5775945993510297
current,0.3663661474752397,7.111912500065525,2,0.45165007301744464
current,0.618883077697034,5.317848494558309,0,0.3190547264463569
current,0.3437504778097751,8.240986395942793,0,0.2993204410955519
current,0.6684508381913519,3.772910091670499,1,0.301542466754146
current,0.5849324541135934,7.278959273041053,3,0.3755708677497754
current,0.7247868563646342,3.76759890384995,1,0.36867476836487556
current,0.4681434259843163,13.491430707891036,1,0.17758577888954183
current,0.5016938248240267,3.391115156856494,0,0.5218312576876696
current,0.5147531421706326,7.759329389531243,4,0.4438353007114392
current,0.3561201824922726,8.914357251581288,3,0.6987072080838671
current,0.3970501303029938,9.587335121299017,1,0.7302891712690438
current,0.597738814471443,4.297228695027998,2,0.11843214115759336
current,0.5523932982528046,5.102257483002645,0,0.679002265956587
current,0.49227045600124064,7.053431512595184,2,0.3997021751407311
current,0.4386585986961018,8.635880849922957,1,0.9034326423526172
current,0.511600698232677,8.539973807260905,0,0.34032776373729046
current,0.26646366702797286,12.192701052003915,1,0.541189064973615
current,0.4363603081903483,6.8050687712122,3,0.6920730343387697
current,0.47011150640800364,6.963050764906744,5,0.4117181394712912
current,0.38709065198912157,7.604789855306687,3,0.044851680673685036
current,0.5420026027081747,8.821604509627585,2,0.7506698536515033
current,0.6122510000790601,4.371129072357736,2,0.3317421576596828
current,0.5563698939993458,7.593717919598664,2,0.8151716053342808
current,0.48579134282149333,10.379351177995746,4,0.06855589650466673
current,0.4479795551076982,6.173942248556482,3,0.6015872171297664
current,0.4629031774087639,7.505040692474443,1,0.42972210028358776
current,0.561893739113982,5.332848270957924,2,0.5135649176150714
current,0.39353631793827204,10.400101328303023,0,0.47541794241858476
current,0.6900453036300753,6.4821349115442795,2,0.15960278835436795
current,0.44831965860982426,7.557704251675801,1,0.48076567053431973
current,0.2536246994266774,4.446745198565345,1,0.688914915299979
current,0.5478231619220792,9.69028544605167,4,0.19869393956778159
current,0.44123068794595505,6.580810227610051,0,0.6782427965353953
current,0.3707937280547575,11.11281050566154,0,0.3238332725737729
current,0.32050702918549645,10.750150878766991,2,0.7327995692666897
current,0.52818067738745,10.58761904412354,2,0.2884223076928628
current,0.615553707253904,5.748496202532921,0,0.6202702118209275
current,0.43848938598268683,6.283170256109208,4,0.6356813842053177
current,0.267017878593846,7.734245199077649,4,0.36853330082522767
current,0.4345766708286462,5.206214921157475,3,0.48728219269396617
current,0.5982015918885285,4.600649449775258,2,0.3596357348643969
current,0.5885957721412683,4.595001950122581,1,0.23905494895323684
current,0.3936454697787192,11.014687958894863,5,0.5413729405534594
current,0.3106818708875789,11.881122551672142,0,0.21746299880872466
current,0.6553580377504608,10.532794928636147,3,0.20818705007438867
current,0.6644072830196758,5.09737850721962,1,0.11623047259362224
current,0.5856889409321275,9.25165987363682,2,0.2529128183550658
current,0.4660428737878279,3.611404815058723,1,0.17306178251720483
current,0.29068608938510154,10.167347555847092,1,0.23166008055865028
current,0.45249539248352716,11.00784047716175,0,0.2724872867027103
current,0.5762743946690501,7.530163010471028,0,0.24395627254458938
current,0.5336991724323545,8.472420306045612,4,0.23214108918643186
current,0.5219401242887984,10.838965198922576,2,0.17107478817797608
current,0.45977618393438713,8.541085301895373,2,0.6180232114734956
current,0.5213129452012277,10.64624404812821,3,0.32978205314003395
current,0.2920794032262712,5.878576085224051,2,0.14787667703315846
current,0.6190411606489034,5.019471883364948,2,0.3553219823222386
current,0.47147222748703427,13.133552403582915,3,0.11772373967798727
current,0.4917254639567994,8.931860075360309,3,0.0735215399690876
current,0.43146924106044227,3.9823749968700195,0,0.5832712493486043
current,0.32842917708143354,9.417233394295975,4,0.5632520721163485
current,0.6082451490493449,11.370188628545588,2,0.3849961982255158
current,0.4433636051470941,10.024451614005871,4,0.4078329591509961
current,0.4731295194001548,8.304132467435227,2,0.5276801271073134
current,0.4445843340733232,12.62706461813314,2,0.09524320077612491
current,0.6775730097703954,10.579213776289114,1,0.15503175196313643
current,0.596531868264235,9.395146705052348,4,0.21602327386724973
current,0.4879923243796768,6.754524201379109,0,0.2752517627208187
current,0.3013125057526581,2.4978463641557074,1,0.17621747147357997
current,0.6414126222720538,10.081189042466146,2,0.03604151575492565
current,0.47233793695312615,4.627818525484841,1,0.4574558080107116
current,0.34745231585743236,9.929948576155335,2,0.28827496057598034
current,0.38145126228708615,3.4951999481431075,5,0.2764128252949539
current,0.6459967581250451,8.709263504003617,4,0.4679242044935215
current,0.2399932498764124,6.590030576456446,2,0.11130123998868664
current,0.20471946299803578,7.066165370885273,3,0.5852581957660657
current,0.6475984387963971,7.841499106451435,2,0.6918293597654369
current,0.5133723923116346,5.492200798636464,0,0.08634799245577422
current,0.41590561935369086,5.024521972813128,4,0.6624261328159601
current,0.30300494138801914,10.389524631554256,1,0.4485387561361153
current,0.3698197762683702,6.077882061521937,3,0.9333296010171863
current,0.44374798823136713,5.622555499790768,1,0.8258056643830899
current,0.47679404573853573,4.176278949262647,0,0.4035906541352263
current,0.6032685532850343,5.294203901530625,4,0.5249549140825381
current,0.5227207606374737,4.819865246906597,2,0.11282657771830813
current,0.2750157810289472,5.925676347959651,4,0.190820461336585
current,0.5216336143904443,6.1963897342079175,5,0.5577224098895017
current,0.2776824758625771,5.19931341807699,2,0.5652738777259267
current,0.555877518920272,11.60669674427751,2,0.1419633166302708
current,0.37448817131629636,7.341830039486298,0,0.3993728539132163
current,0.3212669664296133,12.813626370854562,1,0.467989539493451
current,0.31877832815688417,7.669482604638306,0,0.28838273290492766
current,0.5380413612342941,7.049906029059372,2,0.4842714952947532
current,0.32803857086403154,5.875744083031922,1,0.45199314227733123
current,0.4351471514881938,12.053378019791305,2,0.3811966559134813
current,0.4985080109865761,6.608721865149072,2,0.1674576438266563
current,0.4231133659726013,10.015114276434634,2,0.23590153796390742
current,0.47973323329070394,4.9455718840227165,3,0.575961964811095
current,0.4545179667043503,6.5494539241534255,1,0.2992199993342572
current,0.3601968204115495,8.81468984488585,4,0.4922331198539721
current,0.28489051591965264,6.015228954336043,3,0.5029943933182337
current,0.42505124648371073,6.456069765969557,1,0.41640792293744044
current,0.32014039705443337,4.377775134515157,2,0.376783992537315
current,0.4738410837520246,3.985114764811952,3,0.6287261485938275
current,0.6040572060302984,6.7824651798304245,1,0.5375040360876081
current,0.37026689379537236,7.585685753888471,7,0.9031564333151806
current,0.5398290794657326,3.602163649394326,4,0.5867038579948669
current,0.4070355109703972,11.935006307758393,3,0.45664305564812935
current,0.41217527845581675,11.306043290765047,4,0.06312814332717555
current,0.40645139353493265,13.135464806664608,1,0.6712037648384557
current,0.32223566893392175,4.613622663884013,4,0.173652647881967
current,0.22926999438305762,8.32146694769865,3,0.3693332226198672
current,0.6018639701722556,7.174166171180495,4,0.16011813938200153
current,0.4384380991673097,11.583190613418662,2,0.8718908378148312
current,0.5479679468827162,10.732391916399546,4,0.5296814270592548
current,0.5357343092706452,9.751204703923767,5,0.3484936958033528
current,0.49813039763158173,6.285099830154033,2,0.39662584108334037
current,0.48779831973901466,8.356621826526736,6,0.2152546062906529
current,0.5619662884893558,6.544356378706748,4,0.4257811855320077
current,0.5651710395173087,3.429308127278863,1,0.2325028106077212
current,0.5050152006058546,5.547623318487398,3,0.37637380564997447
current,0.4813286297998241,6.775028003477134,4,0.3855517750663402
current,0.4130887496392701,11.62912983370353,3,0.3302697249785429
current,0.5747026285830171,8.546101152582947,3,0.3734289468425912
current,0.5342933701885488,8.93656710127874,0,0.5436714576404769
current,0.283975746543362,3.581645944172956,3,0.5465071580489363
current,0.4578158678529261,6.682099934504549,1,0.5279286378553517
current,0.3882617136233743,6.420467422627953,0,0.8937830868660185
current,0.42914956744381805,12.50700980984197,3,0.4265605543106902
current,0.2616974871825918,9.659816081243392,1,0.27386138796132703
current,0.40527568973881173,7.704875136379948,1,0.6713870597097894
current,0.37824660241104363,10.11693477869609,3,0.803470703576505
current,0.35676692983486147,8.051298280465163,5,0.16048518823288668
current,0.48158462026848003,7.029338846327469,2,0.1866231579691484
current,0.544082624435178,2.8648738100204127,1,0.12698368041829922
current,0.4357866877852043,7.092450019351805,0,0.198061702076273
current,0.4084687706187266,3.1101629096715975,2,0.6708858823223026
current,0.4743768676173717,5.734323319463223,0,0.421291721226541
current,0.6842807074555094,2.5350850953448054,0,0.7612744319293853
current,0.2333154991084169,8.286333849478764,1,0.04864787532051162
current,0.20811088659402546,10.67806191844322,3,0.13349462596784503
current,0.32962412368521815,13.982961380227078,4,0.5388263501053694
current,0.23717608767283008,12.196783116744784,2,0.05961480452590717
current,0.35442069617070737,8.052627724339843,1,0.2968918944849272
current,0.4720764263359951,9.588821244314488,2,0.7974869853663297
current,0.5250059193077724,7.219263442472211,4,0.10841838068725183
current,0.30793095302655366,4.56279707702375,4,0.50684488059049
current,0.44623205943642813,8.645926241315667,3,0.7840852980151416
current,0.6186073519502375,9.813787430574548,3,0.6870624682501554
current,0.4079364227874709,10.485708014443802,1,0.8230286617063207
current,0.40303756611085606,3.42997818522663,3,0.7634633783595128
current,0.517893043616479,8.311330005598206,0,0.2559240940686785
current,0.5399042436368235,15.15522519875519,2,0.2972446479312817
current,0.5064205987253224,11.59121459631821,3,0.2924816521254412
current,0.4060916670857987,3.555868732799146,2,0.09767893342281475
current,0.7422143415827924,8.267559479589927,2,0.15654147602478571
current,0.550096475456332,5.995780283855586,3,0.7039633538345621
current,0.3288925232765936,11.743124424480957,1,0.47408072729661865
current,0.2559968490942921,10.15333558185688,2,0.48675676150140307
current,0.500702262119005,5.474916943517954,2,0.8567205322037901
current,0.3807749630039493,7.223335491090111,3,0.4715951425504107
current,0.3716746967698962,10.521650764523159,3,0.5737784517812831
current,0.5483938758463356,4.716557912979256,1,0.8655578932180998
current,0.11463771489689051,6.862587593185981,3,0.6030478824924768
current,0.4810032503533348,6.178040274810282,0,0.5123049136896576
current,0.2995751277939291,6.391213528270626,2,0.3162379710520618
current,0.41833828272335033,11.76084300927385,3,0.1606470932893214
current,0.3236265707373093,13.361631068435898,1,0.3478143641853863
current,0.3521947308023494,8.72174437405051,2,0.19633848391326034
current,0.26428900058771027,6.2761225981632975,2,0.4239315585138072
current,0.317117911860628,9.561928613447098,4,0.30076308272056146
current,0.5182238617389654,6.233265694604681,5,0.18034479321029437
current,0.16712652212681028,10.634890843966385,2,0.4323129816345147
current,0.49078301656865164,10.517701451058723,1,0.2316237104450379
current,0.3910839954565044,6.583630359752256,5,0.7399991072639855
current,0.5144560005568634,7.224214876837383,1,0.19010329992533345
current,0.5592100068804474,14.423135472730928,1,0.37817081644301337
current,0.4894254279993803,0.0,1,0.7151892422851212
current,0.4853546074391239,7.130080401616898,0,0.4097341356605879
current,0.5652419122421433,13.100556658548285,2,0.19412613193263947
current,0.3882257506095001,2.3662092196137516,4,0.4678833925186424
current,0.3168984448813043,9.42359990889132,3,0.34090032302680123
current,0.48889778752383173,4.371503901588452,3,0.2918826397341495
current,0.28816188003575527,10.389356876706598,1,0.6042077819912399
current,0.569552452929131,7.86164332864236,2,0.5779615696650879
current,0.39740448502967196,5.419957741800281,3,0.14039729932578163
current,0.6157556862824793,7.321080805096796,2,0.346820525209156
current,0.44864246457538387,7.450552687965123,3,0.3244652749443093
current,0.5115238132398116,7.509717905623594,3,0.6059973028748578
current,0.3717201673304634,6.360812360334801,1,0.2696650876632601
current,0.6008807070612296,6.699753057048366,2,0.5668229722546442
current,0.5236867240764524,3.0027563721520503,1,0.41333827275357304
current,0.3946903797691339,5.083956028596726,5,0.1934758022090213
current,0.721883438684469,9.304190651756146,3,0.7448252959759951
current,0.4780778709849197,3.6891082591531754,2,0.20872068256518184
current,0.5472682746975837,7.7865588330863105,0,0.5350060300459638
current,0.5909938831179131,5.274225707154831,1,0.2369879994280975
current,0.38786538382988084,6.178715639266766,2,0.4194932613852465
current,0.5421000599144666,12.117201105516378,3,0.033617699053288284
current,0.3718659653887501,10.81635808462512,5,0.3359525737262758
current,0.5181655891123054,6.564631424938213,4,0.2559187340170431
current,0.4337198984262594,8.350138075628712,4,0.2060223560588279
current,0.44732973382084523,10.682698781061513,1,0.6363661020664438
current,0.5083584924703599,5.654057700352517,1,0.5680235675856751
current,0.5924434070909574,8.590168515869195,3,0.4276451979790173
current,0.5460030113193302,5.53804459076518,3,0.34167530048499895
current,0.48745875044173437,7.961322627392713,1,0.5048670871475492
current,0.38032346729593136,4.691707826516907,2,0.49068106872426065
current,0.587290365643168,6.642631203068781,2,0.08065652938274619
current,0.4322518910910729,9.480115802374195,2,0.21025979976583378
current,0.5077099562252457,6.732984206593996,2,0.15762373449313888
current,0.40260337308222693,3.79770163879933,5,0.2668308165524913
current,0.3548055650989997,7.657377799296647,3,0.5856619448229421
current,0.4651443570104471,6.716704570544014,1,0.16861679629878562
current,0.33999753362134255,7.438218631276724,3,0.42475801721116124
current,0.4132374513638687,5.17652737822951,0,0.26630608801713107
current,0.36355340489473836,6.9655765687957265,1,0.19311005071364906
current,0.19553386853236393,9.891894348148057,3,0.7001116034089108
current,0.4684672660089435,9.911472385381048,3,0.5085985916150457
current,0.5521969736367641,4.718005607675656,2,0.8504138814560733
current,0.5140929713534154,9.496093792657081,4,0.11431925702724964
current,0.4651273921955566,8.234064528160303,3,0.739806106070246
current,0.323875722027418,7.247679082643719,0,0.28631828355588124
current,0.36187880424859364,7.786877371645777,4,0.3538739685295987
current,0.3569040678055638,8.377975306575209,4,0.4023634841253653
current,0.4804511522441831,7.336588768645214,2,0.14524079550512092
current,0.3175263420659833,5.111352412601268,1,0.4216773010131048
current,0.558292191372919,9.104770327394103,2,0.34256350383618606
current,0.43685600177949063,9.87827002257173,2,0.5044723715063547
current,0.6066331842350614,6.153053645988077,1,0.3076359741973343
current,0.6487983821257943,4.603376840297105,4,0.3086728072190281
current,0.6097325173992113,7.23299433897479,2,0.3497789316729013
current,0.3521525009414773,11.949578395822083,2,0.07926091985560789
current,0.6345250303062753,6.223694375861346,4,0.647120500338019
current,0.6291953529666808,2.2680691604248278,0,0.20272650281106483
current,0.42309277908683207,13.22601776222845,3,0.32279722380730647
current,0.5017335840589655,6.057964977649078,5,0.3395927456477216
current,0.5246387709057541,11.204330338493243,1,0.5953298193023231
current,0.4785716242471636,6.632878374029694,1,0.31796440897356315
current,0.12246544674432236,7.817464208266474,3,0.7366946352095505
current,0.3731163600467474,8.179488651121186,5,0.3273926092194934
current,0.3250148913519439,8.616296394750458,1,0.7763391849730077
current,0.3077285481161885,9.484220239584204,3,0.2618906471474556
current,0.4770939444161497,9.442621598977002,3,0.2867604164805522
current,0.45080800660844406,9.158806802803847,4,0.33244231079470393
current,0.3694222247006797,9.864453917103177,1,0.03924184258289564
current,0.521717520635342,3.3154007124073166,5,0.49743952841128874
current,0.49022642655522486,8.442699361548364,0,0.5094060404721471
current,0.48273527555094614,1.9433147404368096,3,0.57894614386807
current,0.4075427859879001,1.4997815634009903,1,0.8859684280090308
current,0.25087181675197273,7.709975446373446,3,0.5052270756694544
current,0.36170450156493783,9.587283549922109,1,0.6376755963361317
current,0.4457569116440042,7.3592515145873305,2,0.51001636004657
current,0.5520656042872606,11.549850942827804,0,0.06294390879796719
current,0.47824504797741474,10.713188199500163,1,0.1717500248074352
current,0.38261720380811226,7.691807422506162,3,0.5330629490010613
current,0.21195406976438316,9.700850381268364,1,0.14716467108354933
current,0.44733539018164875,4.638480610467972,3,0.24628714896773907
current,0.3722979806254802,0.9271454806289068,2,0.4721615544786802
current,0.4399199205101025,10.669818841372336,2,0.4533051818115587
current,0.335310297589717,5.029248896562308,4,0.6553976738741795
current,0.49877421023158425,12.406171594864905,2,0.4218818571059935
current,0.5037762664118799,10.2988368609436,1,0.5883413872416696
current,0.537691148370351,8.2228073284311,4,0.4290920553614728
current,0.3833153698544566,11.55584309320446,2,0.48287452558107663
current,0.39790112518819515,4.846978076016472,3,0.8102151889477811
current,0.44357337007422754,9.161115482140268,1,0.6340073403988519
current,0.5029737991084644,3.08518347371899,0,0.23047713624197877
current,0.3284547268450734,8.906928919795412,1,0.5540649770484767
current,0.34530293051298644,6.1185007089146835,3,0.15356445964416898
current,0.3144772309165279,7.896442792740524,2,0.44920748371995595
current,0.352525435945368,7.644371703092949,0,0.6805439495106852
current,0.45291355983364795,11.63946840318835,2,0.43395316800568545
current,0.5046842958695158,5.4588459356755115,0,0.42807954513273916
current,0.22540407526767528,11.9337986175385,1,0.33271831402913443
current,0.3523467444713213,10.228491262518403,3,0.13822086233792194
current,0.43688553582895817,7.935651007096072,2,0.19794554018006366
current,0.6855470525146126,7.268300497097083,1,0.3802903998736989
current,0.21560698428676955,10.14421536991933,4,0.3834967215434998
current,0.5567211603386153,11.335864134230647,3,0.421895545999116
current,0.45113727334109416,11.470923570029475,4,0.844188110432793
current,0.3111678580286407,7.356407284416068,2,0.7268709334687735
current,0.373383234315894,8.810128966625197,2,0.20958993673303752
current,0.4969639106839681,2.599889224118681,0,0.16203278695709428
current,0.5017840629296181,15.66687319772195,3,0.29222255092506344
current,0.21416699243621556,6.609032259390809,2,0.44258937724905273
current,0.3692116706033918,5.737739428064425,1,0.4287647065832497
current,0.3321747824305099,5.858407754639938,2,0.8943109552393603
current,0.5539788814058002,10.91385100930172,1,0.4388721160373523
current,0.3413383245965099,9.890448739053289,1,0.3221230007001262
current,0.49008379804027935,6.08098061055628,3,0.6775661317937438
current,0.5103389398346252,11.552656689955935,3,0.7664056631813233
current,0.5607253409102559,8.74773818253609,2,0.6160036408447858
current,0.52777223323443,4.870783926521806,1,0.5986738916180221
current,0.637866057009717,11.28162337486844,2,0.5835896251041508
current,0.34165138688053953,4.8503353673293255,2,0.5075657785931301
current,0.42323378867019534,5.899273115766217,1,0.37966144684060066
current,0.5942437898004708,13.930258378833509,3,0.4096254548770023
current,0.45953079987101303,5.59824215528444,1,0.3434278678911658
current,0.27012537927296976,7.221550091566784,3,0.4323879385706919
current,0.4050727233113871,7.924868693383354,3,0.3890618818850504
current,0.43440484377769095,8.835046090079702,2,0.17756910204884235
current,0.5490887673736339,5.6867911235274935,1,0.8841711478496516
current,0.35960580431281636,8.806937149011157,2,0.3434229192462981
current,0.5193891715045998,5.2956595937622355,2,0.2733378017524784
current,0.49853806255275745,3.4988590967787223,3,0.6614630320478263
current,0.44774878764155746,9.707657694803906,0,0.5356891212247935
current,0.5084150320646713,10.42341039839079,1,0.2648102124237165
current,0.34320721807947263,6.382148740178317,4,0.753616332921603
current,0.32411475031546333,9.741323751931693,0,0.5869228653616377
current,0.28237279644367574,7.763997695243966,4,0.8179411207172006
current,0.4148498530820527,8.078568699978955,1,0.3754110373709955
current,0.5194519572301903,9.125073594413198,3,0.2761884647993441
current,0.49955041783683907,10.891731688421228,6,0.32310284816596396
current,0.605444108530916,9.057335039658545,2,0.6227075913824074
current,0.5325674008179503,9.401693935523266,1,0.3656400478191901
current,0.526234817619503,6.930577269606711,4,0.37809596453166766
current,0.4945883647206745,11.901658934572065,1,0.6752974283561257
current,0.4579961079724498,4.088352627386128,3,0.37823183211819733
current,0.317894792727878,4.031300183247025,5,0.09948112732572165
current,0.4407410667522768,10.147740128616423,3,0.4141246217672712
current,0.5464373919971982,11.303282217758667,1,0.4419635943128698
current,0.5357230278775755,12.04326854632465,2,0.6849296626630463
current,0.565014654704765,6.005083243751635,3,0.4566075324600616
current,0.4065430579956308,5.396352716530947,3,0.655987149566864
current,0.3892465136930733,2.2857465684403575,3,0.40303581986087256
current,0.3905424848376253,15.264203287584397,0,0.5555078141572649
current,0.3635266018238672,6.90091044954103,3,0.2236933265313233
current,0.5180775574570227,10.500329608801664,2,0.3614672726015106
current,0.7220636197644223,8.393795691839358,3,0.15612467152649914
current,0.5275620561837946,9.043917419270883,4,0.2558353294779872
current,0.21904656574661904,3.530704666888912,1,0.4004263300563056
current,0.43557127087150255,6.867077541678071,3,0.1784863544004785
current,0.4173480075447405,11.288650926230124,0,0.7759690627426153
current,0.3367761522968557,5.648773800023928,2,0.5647970884961554
current,0.34273055584764767,8.892321051119383,2,0.20719206888738628
current,0.4808596480832823,5.407933997283749,2,0.09087269097650236
current,0.25083889712987884,7.502479087935732,2,0.4225587996936478
current,0.4956186008584735,9.039761730701,3,0.6203125145637595
current,0.5197461523516268,11.285070583763634,2,0.29714895762139343
current,0.3620384194334768,9.85833709567612,4,0.2892507532019987
current,0.3609390923492313,8.057884591705147,1,0.20919619141829954
current,0.5848087612152238,4.977333369801892,2,0.17935223748798396
current,0.4681489127072857,11.534601033897168,2,0.3981828441088665
current,0.41321895141807563,8.432712043290122,4,0.6460285557905
current,0.41044055768298876,7.671752349279199,2,0.6324315236262302
current,0.35043473482507165,7.706147524412167,3,0.2625025733769353
current,0.30897983016914077,4.6369496175227205,3,0.05019861815674168
current,0.4419057023324079,14.141307487809005,1,0.5312370537222622
current,0.4536514643484364,4.473289924358337,3,0.40812076459694496
current,0.43295569406679635,5.1666983458741695,0,0.5550915802234242
current,0.3805784906560407,7.686065425975522,3,0.26488013338111105
current,0.32528717119056105,7.280481380980195,3,0.11558012437598658
current,0.38699512768412403,7.103875812701578,4,0.3564188527189556
current,0.34545343500511033,8.867747425905801,3,0.5919286407959347
current,0.27971032584252536,11.956051039960844,2,0.6184292856447157
current,0.44827426171029217,7.627178734663743,1,0.3067427747807599
current,0.36326312907432096,13.610664541795662,0,0.5398297563242229
current,0.5585343630624651,11.36358716072683,1,0.39436066789736035
current,0.29842311885927575,8.035125222423599,3,0.7764325648898797
current,0.5298042735846864,6.399436520395884,2,0.24149517144650498
current,0.5512873343726108,9.482975112136383,2,0.29338864501760903
current,0.5513668597906922,4.548267470507892,2,0.6397197881752242
current,0.49190215819216865,4.416067898672292,1,0.44752845799674645
current,0.42221142440637793,7.742731569720743,6,0.3436922984500042
current,0.7921395234330095,5.502847068596047,4,0.1783773161660134
current,0.44326725152664137,10.192849402723002,3,0.059052025951896535
current,0.366077762406506,7.073251543043441,2,0.22322066467698787
current,0.5063480413144974,13.389000085959474,3,0.3627437812930307
current,0.4022142150294304,8.197175804000885,2,0.5427193279806549
current,0.6493290302613568,11.094656760496676,2,0.11383273626549337
current,0.3875311492695176,8.505768751926539,1,0.07495591341980998
current,0.5485524545995348,10.938057512659869,3,0.12396082902879463
current,0.48503419032297906,7.46245709597379,3,0.4921364501175458
current,0.2738404238790566,1.5773253496250677,3,0.08556971315370814
current,0.28913582072516264,5.417362422958462,1,0.5768982738304597
current,0.37919911885249946,11.011794272572075,1,0.7714574425532976
current,0.34980969881872925,12.827621008681085,1,0.4645555533949932
current,0.3438017585988283,9.518334989057333,5,0.19469025316332506
current,0.3270901740106826,6.666431971370089,2,0.3757325353980619
current,0.4595748730341822,7.032580191051309,4,0.2243175974987217
current,0.4175666850563152,13.361986712831776,4,0.06312332064502035
current,0.2828217263279366,11.163787792542129,4,0.07648066207933803
current,0.12223645255625493,6.194513196151076,3,0.5425229540883586
current,0.45321270894062626,6.1629775235832795,0,0.2542954278197344
current,0.4646029014558073,11.547845395430175,4,0.03525114559545649
current,0.454732730763684,4.993687875088755,8,0.30154622285957966
current,0.6612915233294014,5.410798172712154,3,0.22904980946628006
current,0.4432490174574292,5.991533340207711,1,0.5113750488701606
current,0.4421247457061671,5.8950607984626355,3,0.8130811626280657
current,0.6570338322551261,5.007332281411118,5,0.3947763027896876
current,0.6261116476988224,10.326753329483736,2,0.28609175544149573
current,0.39415622370963405,11.611021799606915,0,0.18012375161759417
current,0.5289706658436073,6.1149035607379165,1,0.1883720540377611
current,0.6100606519217191,7.375504372104971,1,0.41670959000636776
current,0.34463649467818713,11.34233537559559,1,0.12266395498835869
current,0.5452171911971344,3.0894801660955995,3,0.539977278806599
current,0.6635594028710657,8.501797621137237,2,0.44989036187057846
current,0.5686745987100219,10.102828439586302,4,0.262194178783677
current,0.511738524762847,6.9598347830830445,3,0.6367895795834891
current,0.29785862060354096,11.525384832230367,3,0.7844919459048814
current,0.6210463538987008,6.004205435248656,3,0.05224567452376051
current,0.3705625227496083,3.470883190552348,2,0.6892427203436889
current,0.5042317231233087,4.730799941272496,2,0.40687666080492974
current,0.5588383890525083,9.159936536885898,3,0.4370308166578782
current,0.29959245065590334,5.702022660184224,3,0.19040432295054288
current,0.380527767211278,8.903538781182407,0,0.3598303446972136
current,0.5789516070839749,3.297145450311543,5,0.5098902743985682
current,0.5682371213307649,15.299754084534024,2,0.23412013380531863
current,0.3652115249312728,7.594446321974848,2,0.6108480600853625
current,0.5009344234880543,9.378822694645383,4,0.5494884401304441
current,0.5052868848618839,11.81032406031629,1,0.8437959253546466
current,0.3524819715123616,6.550000301194228,0,0.5242564661079119
current,0.558529961424885,4.1526127562500825,4,0.7256334328786895
current,0.20464305283292838,10.177867569234408,2,0.5082477813203389
current,0.4265012809148852,11.944918328805823,0,0.6966193877777793
current,0.5881091755504355,10.094406785379693,4,0.2809860149951461
current,0.27079737517608987,6.483727136864005,0,0.5135512174020934
current,0.45107294185876706,13.136933589621261,1,0.7583319073194101
current,0.5085624055080582,4.998297508297732,2,0.5531530682264075
current,0.238816706211064,10.172348558720866,2,0.21379419378095377
current,0.515821396645922,6.975898898578146,2,0.40929285430011003
current,0.41311904737298877,8.746558370747296,2,0.2100755099229302
current,0.24100386764580517,6.931214951622788,1,0.2818067491809247
current,0.3855021880496972,10.790990375760611,3,0.5357046772152803
current,0.465641010290784,10.363071077573348,1,0.6085791491313548
current,0.4635395019501369,4.305848669893062,3,0.35748541574955445
current,0.33515959742828905,5.726903119102282,4,0.48275151625615653
current,0.4179720919371657,3.540193666187424,2,0.32911257622873435
current,0.2819797963611392,9.549615166285559,1,0.7861928757654286
current,0.4892014589522019,10.143346683704173,3,0.2634989095464242
current,0.38604102484187347,9.472917353741517,1,0.4265526628307805
current,0.41161993168556993,7.284935546105126,1,0.1788448147387402
current,0.6153044140325566,2.3470135574816746,2,0.6813325375810692
current,0.4103477442677701,10.588067553142483,7,0.2989604423626898
current,0.6195624132885287,9.53512451288401,3,0.5273118288508828
current,0.4236487301479598,3.1108630889445745,2,0.2823384742899799
current,0.42442875686083875,12.332331994376853,4,0.9058453114520654
current,0.3457818575454777,2.8518726570081316,2,0.2503629599699844
current,0.47427434476589503,0.8932505560407771,5,0.4689362941992038
current,0.3119204056167969,8.849819999377265,2,0.48897430225230876
current,0.27935459033640553,7.899759428294598,1,0.05303831252101186
current,0.5220789699434447,4.261484123288657,2,0.13703744514190822
current,0.4265913834229408,4.696745521657439,1,0.1875953880530296
current,0.46685115113232534,7.445248931322388,2,0.22545510350729392
current,0.38994309442144554,10.57818457696364,3,0.3711661266441167
current,0.3034110333834655,5.297052383499883,2,0.4691606991608964
current,0.43481137606302755,13.127199867671408,2,0.557927756084355
current,0.3226105545821347,7.179293204568925,5,0.35073479926533846
current,0.587114743828097,2.3463922841407756,2,0.7336548565785574
current,0.5504538551305519,2.129387077742641,1,0.3444842273455823
current,0.5071613515762069,10.89725216734783,0,0.28299069158648726
current,0.36108437049350517,7.407394082321225,0,0.432072993283687
current,0.4697191486392117,7.869977832662625,1,0.575374994100038
current,0.3374651145976351,11.576652849058746,0,0.2931037773355868
current,0.36569224895645447,4.902989416878035,0,0.3655305916795566
current,0.4221324790527775,10.989223424259382,3,0.5345604943422803
current,0.46165929121087695,6.407161773879997,2,0.3841802352813355
current,0.35176135688573634,6.540483175928186,1,0.2509975953119509
current,0.5684758160840431,8.331784997226986,3,0.36534028514457734
current,0.5569700618153458,10.375959734855263,0,0.5667870627887135
current,0.47448215153141904,9.672639157392013,4,0.465743388822477
current,0.550272589171617,9.307707821984588,4,0.30661184060133334
current,0.4150665847856848,13.632144351602218,2,0.7011672454685101
current,0.260605591634271,2.099708510117069,1,0.33644583649242504
current,0.4155158990311097,10.726145901985053,2,0.24533037237160446
current,0.34522483357482386,7.137823986581286,3,0.27460317428459924
current,0.5260080043529135,7.683189234844896,5,0.2170343883429249
current,0.24254855266725678,9.273118402696857,3,0.3422253297645623
current,0.4905389624815562,10.663850410407147,3,0.012023476380306495
current,0.5120564991974477,7.208934614859002,3,0.42379149812340045
current,0.42623597476634617,8.823915148066154,2,0.33925982657600523
current,0.39108848369950233,9.132197875776182,2,0.7679822073960068
current,0.3256123344823373,7.591674085945311,5,0.11735741441861366
current,0.4786495270764166,11.115148361596482,3,0.4781746746964449
current,0.47780658275076854,3.1316526741301702,3,0.658205476244192
current,0.5108837101629248,9.04817311900485,0,0.17006596925705825
current,0.7445520151811562,9.15832683742271,2,0.5385985458672519
current,0.49572777284541275,11.273887969723836,0,0.30938509276410886
current,0.41625702100705686,11.576260832512173,1,0.4625432980363331
current,0.5965553894322713,8.500492482370268,1,0.60138987157422
current,0.6283819453742445,10.195788782045174,2,0.30944283463978367
current,0.4246104306279375,4.8703893568137815,1,0.37685225647617215
current,0.43885321960470436,5.367083505043892,6,0.1611746164917054
current,0.4016482340938072,5.614486669139426,2,0.08923012912565313
current,0.522049743759781,9.271537381438867,3,0.45588205504554774
current,0.36587446681183444,4.714090325116641,6,0.46066068923621295
current,0.5095863524999606,6.921297851938103,0,0.6551933975993347
current,0.5161323005788478,4.733286003690296,3,0.130084498706233
current,0.44322223979781084,9.091949957708776,0,0.8025450436549011
current,0.4376689171225043,7.002004159991814,3,0.5953249368111218
current,0.6133529246962479,9.511139138572478,2,0.4645543326924285
current,0.6489530182266833,9.058044246299293,2,0.4041700528632192
current,0.17573515606924173,7.501437462137551,3,0.17475031872417654
current,0.4941143548470579,5.906081874630734,6,0.37650579391253775
current,0.4616309442145431,6.429711019827551,1,0.25352792363908194
current,0.4648147391085841,8.688863836416775,2,0.16122582960224818
current,0.17065333242233643,3.084772701205374,2,0.140736048156972
current,0.3861993182637482,9.34418679500487,4,0.1505287918713577
current,0.4823769745737842,3.9915640482257313,6,0.40137836145942385
current,0.3878916750702128,7.978151777717691,1,0.1079845932075615
current,0.7236507444151268,10.870514567648618,3,0.21054928206991927
current,0.4925993044681763,4.708171667479079,1,0.5037296414841252
current,0.5339815311935294,10.281515359415721,7,0.4729546531926483
current,0.35869056874478356,4.493178292529815,5,0.3797064911021377
current,0.3788121199807769,10.370126604046026,2,0.2094581352461481
current,0.5909420444525418,3.9022228329121376,4,0.7227869647720737
current,0.3659492008419408,7.271241453650353,2,0.2239476967177232
current,0.38358493287816536,5.911397829716536,2,0.22790070299383927
current,0.6288446892626294,3.3687708020350904,1,0.4424765238613425
current,0.2632563899684764,10.636344619404216,1,0.46776269051165775
current,0.525678892209182,9.09054535769546,1,0.6680557966153735
current,0.38282036220972543,9.005271377372344,2,0.1406862872340519
current,0.36892979415491794,9.97213515573328,1,0.2748467556404853
current,0.37764094418905325,8.387315111511779,2,0.7356033680740571
current,0.5214838512135491,8.072523783677507,1,0.2746820444307139
current,0.4560184010777188,4.483084667323915,5,0.4255483317517897
current,0.38328918737766415,11.572614041927466,4,0.4684356157458914
current,0.4355973767163364,10.956102418038304,6,0.2675129472916175
current,0.31393198364664165,9.354261676101011,1,0.475000273244645
current,0.46924988162262893,4.933726971355728,1,0.6939572886417141
current,0.3477689190779751,12.215217528345944,2,0.29558679887999134
current,0.42464599011057447,2.265778000923458,2,0.20938457789869605
current,0.5864483062835313,9.681091015763618,4,0.5121312889966843
current,0.4472590900285759,7.107940864978591,4,0.5487073408782471
current,0.39021256514236224,7.0611784481573885,5,0.8669205108756687
current,0.1611555686399776,6.823367585541204,1,0.18313414120949442
current,0.5282401140812111,5.701056374542948,0,0.18040479298533404
current,0.5468638183434112,5.938666418370303,4,0.3051854724979061
current,0.3614328941226256,5.290259786526015,3,0.351859106732237
current,0.5135881287497326,9.27868411613804,1,0.543316451946837
current,0.4100567235667366,6.595837038247673,1,0.10774432355227523
current,0.6001998993072637,8.269323507314525,1,0.21057541391259396
current,0.5328854016690551,5.340976787343697,3,0.38903552597197594
current,0.38002455264448554,9.987055395898043,2,0.3304968678783384
current,0.7344479276970177,5.461545872453521,1,0.48514556615282095
current,0.49254936757269174,6.93833360879701,3,0.2948553912030549
current,0.43193465941503134,12.620989601612182,6,0.7630862364016902
current,0.5241948284885868,11.393105677461364,1,0.6481509187642145
current,0.4759922164576753,16.248359281692792,4,0.3279612645109019
current,0.29433018685137324,6.69673213953356,2,0.5449116451739664
current,0.5960972918913571,2.9954173553725862,0,0.1863947341393775
current,0.4197828076676822,12.138978229495578,2,0.9290428592734047
current,0.33173547232960265,8.224038286521516,0,0.41183614906807653
current,0.48931511785831716,3.7202754966477567,0,0.512125086421359
current,0.5430942197798753,7.989951914432518,1,0.20511972162753672
current,0.32184237928772386,7.775657457150255,4,0.6794068216768983
current,0.42789344572282195,12.5173247910293,1,0.22147750057424964
current,0.36109433456485984,8.515621580415349,4,0.33180013030612915
current,0.5150541809657522,5.844137311710329,3,0.21620178165485757
current,0.40465045091580143,7.785190097849799,0,0.252736397580331
current,0.3854065347230114,8.260372367642958,1,0.4070873897277385
current,0.5039912136686338,9.599206004937086,2,0.6845425837875242
current,0.4021981924172098,12.656718210441058,3,0.1094350178243355
current,0.5258597404416518,10.053129665610777,1,0.30864802681835635
current,0.5066705543269004,7.857241332699893,1,0.445032259402376
current,0.6327397608164409,5.613695887947974,0,0.47370300062212223
current,0.49743398554059043,11.023973372330161,2,0.5912424573018354
current,0.5621425606536696,15.380852714234848,4,0.7410345851762438
current,0.5675100155558243,5.954915184282045,3,0.6961969572876883
current,0.5589230440503474,12.730071645452291,2,0.18392258399050876
current,0.47541401392445354,8.818183345728679,1,0.04588441390591884
current,0.36463392207209777,6.332148640209513,4,0.51936377741394
current,0.688752828045522,7.332245547159242,5,0.6176207951335327
current,0.5568470357491796,3.1394057191137312,2,0.603513619259659
current,0.4507771763775629,9.908420186940829,1,0.507374527481568
current,0.7312867318199534,9.282343287381975,1,0.3322796213609572
current,0.4849365125384122,9.8468955927898,2,0.07618678254456195
current,0.7161922521273367,7.761549002280163,2,0.1532691672460903
current,0.4430555800904648,7.533640311187646,5,0.6433306912952295
current,0.44978803668377026,7.195169064364648,3,0.3294906683474545
current,0.5092086715772951,12.688840560371645,2,0.6863930310864387
current,0.2778600903721817,7.341724439922257,2,0.6668167922149904
current,0.3451442187456159,12.156818296707794,3,0.21495874654376415
current,0.203050525024247,3.128304407304185,2,0.35471519186402756
current,0.5169297435372852,9.638132632182655,0,0.2922301401502723
current,0.585923956381297,8.38858980897866,0,0.09629515477384419
current,0.4356058637260952,5.107413868999446,2,0.6179763196234865
current,0.23937765351825943,9.238927324972774,1,0.3332308440552887
current,0.295545896345643,4.634546781644062,2,0.0750179260780593
current,0.6364863393362172,8.947793695299524,2,0.1060223739980663
current,0.24599999257271024,3.9140074188348333,5,0.2441256221484096
current,0.49910778454824406,8.077204605796357,3,0.6519020826579823
current,0.26107983317172284,8.03900563369507,0,0.5682140641805918
current,0.45826315011753427,10.77073828349013,4,0.38445431665248553
current,0.46528356861838377,9.318626354673999,1,0.17229103399519807
current,0.4820322047460034,9.30322355162003,5,0.3664342824871763
current,0.5293954802987252,12.50528014433339,1,0.3813155079163986
current,0.607307144974341,6.4068310571189055,4,0.3800619351553558
current,0.4809924112517763,11.833580180260668,3,0.044037209780059546
current,0.4376003995047184,12.154591287103429,2,0.6079926988466282
current,0.38943102584813843,4.890791289195999,3,0.1272284081966144
current,0.47221481154381933,9.531072280133168,4,0.784206152000026
current,0.3252907455729054,7.471641109643166,6,0.24459384011149635
current,0.3071549446457176,7.770421307924771,2,0.10242988131793995
current,0.34544027890594226,9.516806517197764,0,0.32430466768481525
current,0.4328164025494067,13.109072300805373,3,0.258463975904929
current,0.41005941922053146,6.881520963056554,3,0.26062356974242396
current,0.37464915329108023,6.712159126081718,0,0.46068968453170145
current,0.4161327701008555,5.224888183616201,0,0.4457108481468183
current,0.3395784704771141,10.721929401140617,2,0.3724532980841795
current,0.3798688344408051,8.971706531342685,4,0.3413539330404311
current,0.49562730562479584,13.84364454935977,2,0.19525128063494546
current,0.2908441902632055,10.692284292450628,4,0.4455404647251973
current,0.6067347330280609,11.577778457853228,1,0.7795302938542322
current,0.4022736285913048,4.993025140808968,6,0.15132961869225944
current,0.623189710941185,8.046513889480726,1,0.4873774376495967
current,0.47971879197210504,7.890921729664967,1,0.43083814053860997
current,0.5214792903997962,10.280233390001793,1,0.689775229270469
current,0.4538214683135867,5.026324555087225,3,0.3533258098484742
current,0.3579212106861319,9.030296407401327,3,0.1584365064879642
current,0.5055588119536479,5.668611413532118,1,0.1618912300278017
current,0.5710911129354513,9.181079624317881,4,0.7272197301370481
current,0.4764015832149406,3.4573214472559437,2,0.4989054872340458
current,0.28220123424411026,9.109707881469339,0,0.24938411950621342
current,0.629332418323346,4.102351349539191,5,0.20594800903338722
current,0.4904203405782238,4.980004282363323,4,0.49040836630546814
current,0.3877902600528811,8.22141998512691,1,0.22293615745516793
current,0.5039342502869057,8.220221880960851,1,0.14291857138333236
current,0.37790055471517336,9.167889346559472,4,0.5794384234426557
current,0.36339135368356723,9.383796489924611,1,0.5100363995592869
current,0.44768488628781494,4.273295762807022,3,0.15327401335342883
current,0.39985148659976316,8.381707880106445,2,0.8438340954815403
current,0.5642997219105615,7.277796152575391,2,0.45709896334826977
current,0.4705930411569377,9.683870253584095,3,0.4768649776817602
current,0.379410528741776,1.8107031668465412,4,0.1477918162150927
current,0.49071713847809817,5.839711297935885,3,0.29140967615282926
current,0.42976366739506944,10.860908438274233,2,0.3705124620577502
current,0.43928203250836245,3.07825193354363,2,0.37504604908334294
current,0.41040654520972053,5.34630038481906,2,0.2736070237512506
current,0.3125689567894049,11.703513854360265,4,0.7557459732486568
current,0.408054471278497,4.429649897847302,4,0.5357102980847143
current,0.6021290752261549,10.336531350970695,2,0.1794925646735385
current,0.3597269642055459,6.373251781950991,2,0.47176798633108996
current,0.3593498363520293,6.568397780651762,2,0.24029618763932054
current,0.5619089491512957,11.053671320215903,4,0.29734909411791405
current,0.38515779705303527,5.896108142001953,1,0.44725760568421613
current,0.34959457778705716,7.30220580337725,2,0.6574065140073767
current,0.5803557596614072,6.042053438123287,3,0.45310409918465816
current,0.5724615465420232,8.144647007184037,5,0.29063336574228305
current,0.6662712279810995,5.428433605111316,2,0.5795016753388708
current,0.3372651399277097,0.3330347201433481,5,0.3360055434682514
current,0.2557708692625654,12.689433360627778,5,0.3800780104968349
current,0.5949747504722758,3.7970740070755102,0,0.7936174807548734
current,0.4212758975235381,6.463908606818439,7,0.3155407683883226
current,0.3981833829191892,6.928462209243076,3,0.41983046949338154
current,0.4534183000579611,6.256862881000613,4,0.04942054023534133
current,0.5047047909662286,0.0,3,0.363477497316052
current,0.49097561683643953,5.861078980224882,7,0.5446934803164362
current,0.616388168783204,9.672514384883938,1,0.09607677994592374
current,0.38814991340925353,6.130530553532267,1,0.5138544776009449
current,0.6567111830416389,7.256211593555484,3,0.815918894312213
current,0.40359568384540645,9.433759188917008,1,0.0890934519905999
current,0.4074391080868895,5.169010526384385,2,0.31858513488758494
current,0.5444191744337639,9.832483629366461,2,0.5670143039203134
current,0.46382983498424685,10.859927793749382,1,0.1812637327180539
current,0.44350366084512743,7.153629713721209,2,0.17165995533929324
current,0.3947705246604277,5.204511142330281,2,0.7091927296287891
current,0.5222772282196328,5.882962760263635,2,0.36393217372544223
current,0.37358290814909445,9.658627558644742,4,0.5751721957428972
current,0.36557922570402035,10.488530791276055,4,0.7236555546850967
current,0.29773607361788434,6.429955633200601,1,0.39249032609276835
current,0.337482813445233,10.26237639425241,4,0.3529331858444373
current,0.332975644951823,11.413156100620698,5,0.19538476497414003
current,0.5113994525543828,7.889055604789473,0,0.692442916217648
current,0.33083933582576386,9.479477358355002,2,0.29475300134457755
current,0.5260208143876831,9.124237218683504,2,0.5058906685858131
current,0.2662833290656482,13.061488750739912,1,0.2975390787257215
current,0.5763074065136484,7.271718896190873,7,0.23584692128804874
current,0.34262236458586737,7.8232225908219455,2,0.36136165161889683
current,0.3014121506576902,7.707202792200144,2,0.3669688822487432
current,0.5467594518567949,8.100016841801258,2,0.7127344458157071
current,0.5280864469014014,6.296859816206588,4,0.8895693118035957
current,0.4557017586673618,5.114949611991154,2,0.5683956341076765
current,0.5638423126349122,8.14547636374302,1,0.2457606190713328
current,0.47300295106383017,9.278973184518751,0,0.4426763011355094
current,0.48795186304970556,3.4226664910442137,1,0.4041849295307857
current,0.3562214969812204,8.153846721230186,1,0.36530234394065536
current,0.30792227543856754,5.188066957768363,2,0.5631162135193335
current,0.555005581011771,13.790369560937899,1,0.4227674679269478
current,0.3385839448703617,10.12906703493272,3,0.6527698854529548
current,0.38184657414209466,7.4715451951982566,4,0.6918234907519523
current,0.3569019924231167,8.34602766993551,3,0.21557354109906426
current,0.4452810660711998,9.431489385419754,1,0.3062261959059207
current,0.488098689136663,10.103426025052036,4,0.03328981218403202
current,0.2622364633458061,5.415097843114431,1,0.7080082073131093
current,0.6371627965540243,6.165183671261115,3,0.43436564964833924
current,0.5679150646748745,13.207597955344298,1,0.34990858713938555
current,0.38048865320552633,11.390859520869235,3,0.46670430176457484
current,0.31783698116374426,7.421862328234327,3,0.45784009905993195
current,0.34795158362511786,9.509357938607543,2,0.6047584124524126
current,0.3230019358767008,4.799875556545071,2,0.7082607429697666
current,0.3061136440203659,5.185270021866008,3,0.31043685724680165
current,0.35918407877780806,9.317499051657691,3,0.5935305800337081
current,0.34970651769426214,12.99947951898446,1,0.15607876495571835
current,0.4134537072516581,10.95540014056166,4,0.34641396554129694
current,0.4139730033834464,8.481347073830097,1,0.2513157033218862
current,0.4727765555780901,5.421911441766337,4,0.4768128900949762
current,0.5725182524429768,1.4954037496669468,3,0.4481668308597775
current,0.5740739203038916,10.804780502709804,3,0.027425121879533786
current,0.5808347535188954,8.347760924084755,3,0.3063096552526159
current,0.5789200814622772,6.483582258467441,4,0.2144296554978304
current,0.6167489185289656,11.825335123699343,3,0.18168827714329344
current,0.5016829616153318,7.083223323342292,2,0.35657914120035916
current,0.590134770035154,11.525065061271793,2,0.5064040534029964
current,0.4472543383086595,3.2676692998180155,2,0.2848043863864948
current,0.6044591127180421,9.809090837507714,4,0.22797676939901532
current,0.5096756592657726,8.427326448690307,1,0.14881804556822886
current,0.45358522399665885,9.615177466682354,0,0.6238904212176001
current,0.34966518138455216,0.0,1,0.33681879552798244
current,0.544600397675552,7.864745368688454,4,0.15531981045421692
current,0.4886748809701286,9.962321032411925,2,0.22981327143565244
current,0.6779259108932796,6.384200430734464,2,0.3838352891403824
current,0.4749155664533484,3.6715786281433322,1,0.09422689534423893
current,0.4873895652554192,3.4356626186560577,1,0.30489917929060445
current,0.39159639248855094,14.800403729842516,5,0.5287463404568733
current,0.6175477439248087,6.094872380135387,2,0.34521766735970694
current,0.42036209146088604,10.989139919788173,2,0.42619120729020893
current,0.2816172621583276,7.096166534374012,5,0.18399553128467575
current,0.31189401782544146,7.434493405888021,3,0.1099443823971155
current,0.28562375758505115,9.13601630570692,2,0.5346094890460518
current,0.49212918404813705,9.937474097967822,2,0.17605222132318654
current,0.2138068548076298,10.69016700790457,0,0.5105999649449542
current,0.4668295313559526,9.825364338609901,0,0.2740652717143345
current,0.4869573553252892,2.0615815631416687,3,0.19002475605155902
current,0.3704619670233087,13.852677629044715,4,0.24305326476338968
current,0.30380557251893486,12.64014037147718,5,0.48798535784600217
current,0.2730673045746762,12.469906705222051,3,0.6227127460291425
current,0.3115819341499969,13.071504400624615,1,0.39305748872172924
current,0.5505266095433732,4.855405883093582,3,0.3136225756606826
current,0.3574224098801189,9.674550115735961,1,0.30495768660646433
current,0.32645840449900476,7.366926789377502,4,0.3534872356000063
current,0.3408691372267826,8.24910116975,3,0.26901635729277384
current,0.3862515172112887,9.741363668420133,1,0.28162337391471914
current,0.35720727581362377,10.135671074337774,1,0.7972434020244598
current,0.4023549440442685,8.018890646355674,2,0.48293671169102814
current,0.5049123031572263,9.860430663165326,3,0.605040399935693
current,0.2980793615304297,8.435109782784444,2,0.3139894063375676
current,0.33107203821495484,8.333773091270523,4,0.29865955789671467
current,0.44832798216899644,9.775142991828144,4,0.5931670502614459
current,0.4756560454542056,3.5689148129602266,1,0.17021398814082417
current,0.6478478999179884,11.073374034584749,2,0.42312644792185106
current,0.48835202813676865,8.010859354421557,2,0.5098002034946814
current,0.4441950115288261,13.953203344930097,2,0.3834917694318559
current,0.7569677414738929,5.599214232656061,4,0.27963792636914403
current,0.3852113760618471,6.85579821333753,4,0.20852106652464122
current,0.4236807765689409,13.63517167529385,1,0.04793061791484406
current,0.3947096979686541,2.964433110663247,5,0.48597767351837046
current,0.6112637765058961,4.456037410829092,2,0.5586664792039171
current,0.27128782374362287,10.933502331622984,4,0.36018394507343204
current,0.28236984621021444,3.2633776055154797,3,0.20650568334311964
current,0.29243271730972986,5.19906837190802,4,0.6975279169223032
current,0.4754085864896015,7.3990754910578,5,0.3540572423111978
current,0.37626038779840276,8.045927924147252,1,0.4756436980789843
current,0.4500720849073499,11.763340758833671,5,0.4201689871337356
current,0.3536894122414315,4.808342855285925,4,0.3099467085523037
current,0.46674343483506836,4.106524283685547,1,0.24105201831233236
current,0.4180571386846633,9.647569670639605,1,0.38832592728322274
current,0.5165022972964852,11.53433684656341,5,0.4323851982099601
current,0.5011614970611209,10.339253676285733,2,0.33945341308983934
current,0.32865660285283504,7.160185457220158,1,0.5769884533605709
current,0.6263996289924809,9.436885312325652,7,0.21073257156919922
current,0.38475950668987446,7.889559126491116,0,0.42591264826050884
current,0.4820079684321252,6.598535838144835,1,0.05744653448932766
current,0.39879175189818006,12.497421322462952,0,0.5911456169061604
current,0.4709157247952869,5.568060809767834,2,0.4164300502131526
current,0.4630371561274663,15.283757763768154,1,0.5123501726371663
current,0.6294520125879202,3.895859121103931,1,0.6028956238059469
current,0.6585329770521491,2.8301649011474517,4,0.30847099729941696
current,0.4737568197727014,6.537746081558934,2,0.04288070478992482
current,0.46243207159038185,3.674817027611404,0,0.3817015316594635
current,0.47731136588087647,9.908598684509347,1,0.616873176677631
current,0.39808025194332386,4.79398142192452,2,0.3143102972574507
current,0.49062336614829377,2.540775539640391,3,0.6688182468559595
current,0.48752522139382454,5.98458031464045,4,0.4749532450957152
current,0.4516642748175068,6.5985334571232075,2,0.40174726419769213
current,0.5861346285230995,4.492824137751464,3,0.24935899661710453
current,0.2697965168730114,3.7707833590239366,1,0.713845249817529
current,0.5644443675744467,9.641797225803888,2,0.3002779634087306
current,0.45417591099090276,9.161479816149141,4,0.07426582384179038
current,0.6245174624568561,5.034264112213986,2,0.5246041624295258
current,0.45431738169178804,4.070431600732462,0,0.3152555285028893
current,0.5083703261638137,14.257696124159391,3,0.22777426182573215
current,0.49756506444397347,12.143813109717623,3,0.22376731395930233
current,0.4946743215724573,6.924558784932902,8,0.2647528228949925
current,0.4176356131411556,10.028466917725073,4,0.22439767621205264
current,0.4981009222874309,10.436705769688594,0,0.26557685528665254
current,0.4022113559876527,9.699228629988053,1,0.6653740713466957
current,0.5011317347813032,14.151057108911365,3,0.5058307378287409
current,0.7116585867026284,7.093142141233249,1,0.2301766150779673
current,0.42455147226870776,11.043776874297613,0,0.5412904810708724
current,0.4223331253446227,5.4758578934029,1,0.19171391207733882
current,0.33120773824773664,5.489092706013022,6,0.19417943479557662
current,0.6177077421940691,8.365014231351807,0,0.44161528070967504
current,0.4850427372128317,6.841351847386028,3,0.289280404678704
current,0.42284725599109274,6.013939244303776,4,0.3204742587323539
current,0.525326999232761,9.453536439363187,1,0.4216429627390183
current,0.6026980594961064,7.874946105720969,3,0.24076487681577732
current,0.4659934198046079,6.252992317752866,4,0.07466397602260107
current,0.46597151980767226,8.650322497651338,3,0.2493284303638659
current,0.5033095680082568,0.35844564016733305,3,0.44837410381556225
current,0.25534172774922687,7.2718702223508815,4,0.5415273327615282
current,0.6487024580222094,12.974693595285977,2,0.6284426321369154
current,0.5995342181369832,9.917501580102943,0,0.49251832093279113
current,0.4657459952392532,3.775531541976914,2,0.1709529019327516
current,0.2449581110251384,7.133106930960253,4,0.10363725772603687
current,0.42239970214835465,9.428640563475813,2,0.3356239918373783
current,0.4243239099222967,8.490511813895775,2,0.4152077544636004
current,0.5459294452348342,12.564907134656673,2,0.3368940323791645
current,0.49387730403473795,8.223442352837804,3,0.36920502149651635
current,0.6038360627993522,10.054665722701921,2,0.7516066242168058
current,0.38947014501180144,12.861769308212377,2,0.2800613034136299
current,0.3723532612940242,7.282874853392902,0,0.1705260049931731
current,0.5490790244668776,5.064890198723546,2,0.20271799266456386
current,0.5481609994038588,7.425846183776454,6,0.4752843834264092
current,0.40445396616387375,0.3685701637905714,2,0.3459956676471211
current,0.49627668578584094,7.432334058683081,1,0.2012102189669732
current,0.4096049931735855,8.758796296802604,4,0.51961530189604
current,0.5674697591998306,3.214434141299215,4,0.18877755555951162
current,0.4772255388966829,14.063938256605187,2,0.2519061227712037
current,0.7393796055915828,6.574416675549047,2,0.6860804976549094
current,0.5917171736604395,13.159500864017506,3,0.401327274448925
current,0.5705650102242703,0.0,4,0.46776570944252627
current,0.4103171985592889,12.677505483831203,2,0.5985557590898789
current,0.29825567316072077,12.612435924541403,2,0.23116597706815353
current,0.40067581994609514,7.7670627216899195,2,0.603339821844207
current,0.4066451768836627,13.483461108092584,2,0.4292858806152034
current,0.6326555368803588,7.985138499342004,2,0.5476983356889796
current,0.6139010459458701,7.457983833462065,4,0.5432267802631652
current,0.44296786942812855,5.655467991185366,3,0.27152487111913615
current,0.4595287257512766,10.595781436464456,0,0.060632065548325634
current,0.47223066554803533,4.329246574064995,2,0.47632854931147744
current,0.31620082627732576,4.954426347777323,5,0.3134363623437063
current,0.3397881200524468,5.113273994469366,4,0.273142236582838
current,0.5122856956604266,7.298311024477097,3,0.47254906822402415
current,0.46335142211515973,11.05172184174343,2,0.8523051384352475
current,0.47798521704717256,12.67111072912363,2,0.4177381485950869
current,0.49544644595179077,8.448863489975691,1,0.47843709283361147
current,0.4524876572681147,4.945288683696279,6,0.16294426931150052
current,0.44654863920692717,2.3267487411109906,1,0.6471652583806871
current,0.5521272174729949,8.620866053361054,3,0.2736117249799623
current,0.4865710129107402,9.047344576299833,2,0.2996539627353091
current,0.5157040436878755,2.549017390430355,3,0.39688680872998894
current,0.38869944159645253,9.911297674585708,3,0.6473465579514549
current,0.40833130493856146,6.721261878110762,3,0.5077238087032798
current,0.4217621521605159,8.628964152881922,2,0.4257903970616402
current,0.26333990593073997,8.587261738889847,5,0.5325987896106127
current,0.526545098301602,6.52939819123256,1,0.34855216764684943
current,0.4389625929136786,8.26009590684997,3,0.824161969419542
current,0.44428298711059255,7.733913638728903,5,0.5491818788543997
current,0.5384228615405724,7.581526444691126,3,0.11048735910815437
current,0.5431870020105676,5.785019064791703,2,0.6713658364050943
current,0.29517128655109304,4.659394246120873,1,0.17962590850247848
current,0.505116591044852,9.869123675295551,1,0.319567836967071
current,0.5529433737999141,12.394481140154499,2,0.05112003363578487
current,0.4930595743576135,7.63241358157561,1,0.44630686986249046
current,0.46654451833813715,8.055167121865086,4,0.38340562676492235
current,0.531795993698021,4.780784089033641,2,0.32639848005805516
current,0.478877615809007,10.573115707707876,3,0.7092249301979359
current,0.3765890488509682,2.7946337372906056,1,0.2324833587946196
current,0.5057418123782658,4.56904419996249,2,0.26922682176243035
current,0.6092128240529043,9.248897463887095,0,0.03416774336439723
current,0.5649689635430288,10.533102366419675,0,0.3591774373680678
current,0.6224552026636692,6.422290000740982,0,0.07621459063247527
current,0.3409141870336537,8.05579781416804,4,0.4137780856021716
current,0.23349779656495412,6.234596941202112,3,0.09798611718817186
current,0.683815427067779,8.928164792274915,2,0.5681889087393392
current,0.49659807572594394,11.503958980205708,5,0.037831009517784245
current,0.6394254413579195,6.189495919162731,0,0.4219012897914735
current,0.30313015999427206,10.531574217329872,3,0.33481390093639973
current,0.23550254779041288,6.1384752049066496,3,0.4108478473513874
current,0.3970768589200123,6.80500959316879,2,0.5671306150269081
current,0.4715361636111432,6.293388427424891,1,0.30877680517129186
current,0.34353199840423587,5.834210752839011,2,0.5833888487846638
current,0.43352160687567287,5.483608767336309,2,0.7554354346444934
current,0.4343385644624198,10.309223420889435,4,0.2792993412146179
current,0.46106560027983434,6.506859101662805,1,0.2583409205741268
current,0.5033276778658032,6.394944142830468,1,0.5787252783534419
current,0.26804073108365123,9.780776226836888,3,0.389360143416855
current,0.5359316130111906,7.166107807510079,7,0.4983226482685555
current,0.6319457992825056,6.186431938302607,3,0.24930273919463763
current,0.32330026500723785,4.79354699643895,2,0.4678335233973711
current,0.23796357357338707,5.1882683576392115,3,0.6871515323796138
current,0.6284369733557993,6.367141458381119,3,0.3875941302896763
current,0.5884497616789295,7.023812888640998,5,0.24553055248929181
current,0.529132630663378,6.850400209771821,5,0.6001891556074912
current,0.38359429407317813,9.439198720390223,4,0.49751824829775004
current,0.688880109305414,7.062380703272599,4,0.6934321345633748
current,0.6383695271151681,9.306416777810298,2,0.2726451626304972
current,0.51458922806235,13.527392556230211,3,0.5600195960019222
current,0.5270026681856834,11.84203509560524,1,0.6871138381240649
current,0.4680260915681514,6.998238275988983,5,0.5329941383642973
current,0.5831366926829719,6.6999793960654594,2,0.632375690612184
current,0.3558348907006105,10.409187968696495,3,0.3277261929544443
current,0.457515744289452,9.763972588926288,1,0.38710549782621656
current,0.4000086119555151,1.9362865556853102,0,0.6730922260273232
current,0.654565712392394,8.21722188014248,2,0.6099584858530538
current,0.2946389997255212,13.21775274638172,4,0.2214969651920301
current,0.5344420137924798,10.860330476244357,2,0.19336235146201636
current,0.6488005090882203,6.22682091341076,3,0.430483621870567
current,0.3507703552779116,9.672108562436442,3,0.26182171601740983
current,0.5398185361869826,8.437522481108228,1,0.4053957503795406
current,0.4128818701870154,7.449660917029188,2,0.35792956967023315
current,0.6539760939754622,8.847090412753756,2,0.2561511284513886
current,0.577054773342605,6.055188412042004,2,0.5359293033034985
current,0.5135734502919426,9.124137305315308,1,0.33161331529246607
current,0.41327705900881107,7.708219843942027,4,0.6963390823562298
current,0.3477635196875396,4.0133749852783005,5,0.05224882042393707
current,0.39233951718320875,5.533760923068948,0,0.5441537264432725
current,0.4642033691945062,4.44930973547154,3,0.32913054787318685
current,0.3904455771151939,8.00585074787669,4,0.32310317400567834
current,0.42099105562507366,12.109068467369061,3,0.19895159790077863
current,0.355987571089594,8.192195221393845,4,0.6217705960146189
current,0.5776512351338019,1.580162888438302,3,0.45752566561789415
current,0.5192327112716656,2.407529880636977,1,0.724728728777053
current,0.6370789685345282,6.726254367071556,1,0.3443623478509586
current,0.3256392019064378,8.7452908805076,1,0.16288165431926807
current,0.6265644042392351,9.080379426807236,3,0.17454325418210836
current,0.5395191605994685,9.71067162210257,3,0.35941148704327236
current,0.5049023461469297,13.785605950979338,2,0.6448057915861368
current,0.5982740544284599,8.536619439989455,2,0.7852065666682109
current,0.33127741142138745,13.190420744739983,2,0.824673562723808
current,0.6970215757093723,5.459280880974062,1,0.21871929898914522
current,0.5944730999629324,12.3489750592909,3,0.660568746725453
current,0.4395239654973894,10.832413629119287,5,0.5357669341065326
current,0.4728326833063119,7.658036328885885,1,0.6944516540760074
current,0.25129491874220866,6.597813480967973,6,0.7096233069805272
current,0.6213263878930798,9.098964402568349,0,0.33785649259363004
current,0.25038434542217336,8.592987206839872,4,0.38287739097374734
current,0.6867345094801804,8.168807072330356,3,0.5546651146993228
current,0.28637833759982056,16.61203375057134,3,0.8538902603312483
current,0.3835967191769628,7.595855384304914,2,0.37684298662115356
current,0.49286167269085046,10.563230059373144,4,0.35242660597957837
current,0.5443017419599567,11.504320427474184,1,0.5368181425460467
current,0.8084837801964002,7.65439106811678,2,0.2048248103097813
current,0.5527878568156654,12.282245104742158,2,0.14478321020363488
current,0.6097074697299221,3.0459583864355153,1,0.3199330038180306
current,0.29277728692028115,9.792010321468027,2,0.48443652343765403
current,0.32431126367243934,6.6738536628356355,1,0.07523951032315733
current,0.39557821654182207,14.657345909225366,3,0.16638107376527647
current,0.45014202606332354,7.765009070763336,4,0.12640122887017194
current,0.24960946892699928,5.0607163423727854,5,0.38803009638426406
current,0.5350178974206069,7.2773558851259255,4,0.24980133030193688
current,0.24568719955325533,11.075070140169512,4,0.6916780679378541
current,0.5738043188608527,11.106980692089374,4,0.3140860391152433
current,0.4996597907622526,1.6734963177830036,1,0.5644413354222688
current,0.296589801711931,12.766869985830866,3,0.46349148626272113
current,0.6140801923260244,12.967367326669315,4,0.14716783614722848
current,0.5049464118366531,7.223742010316215,1,0.5527704823083053
current,0.5001315634827006,10.22791481134223,0,0.833285934036113
current,0.7048652018863988,6.8660041173460495,2,0.3390690620764614
current,0.4490689224467599,11.530567686825789,2,0.47865547077219556
current,0.35921151753557173,13.065166077115215,2,0.4652852777153476
current,0.49156794282853783,6.615801985034976,1,0.3653344469568403
current,0.47150793912204336,5.337860459272757,0,0.10255302119284322
current,0.33302762665878816,7.111164119042911,2,0.7463493589858717
current,0.5086593697977384,5.400357851958967,4,0.3324594007117467
current,0.7073155150880615,4.780558778019832,2,0.3413012641692086
current,0.21559645380015216,13.989377460715758,2,0.5236119854444589
current,0.4750796586600636,9.249927795045199,1,0.37353733646992077
current,0.3258034432449314,4.184600346957298,2,0.8054879829459324
current,0.5460370119436608,8.571189517667346,3,0.13562062070019396
current,0.5505945899416127,6.90354534385896,4,0.3917610880617765
current,0.5304427081392925,11.818768859401608,1,0.3419247465850137
current,0.5154532348087368,9.912113812516306,0,0.28049203721845833
current,0.48769439144152094,8.435252101924355,2,0.03170920005607737
current,0.45270042601224536,0.0,2,0.5610520989269646
current,0.49755691157623216,8.802294670614799,1,0.39498312877367264
current,0.6567366359279286,5.834044476056019,1,0.5362461439205655
current,0.4654374167543305,7.087895306991873,1,0.49544914010196295
current,0.47676344690230427,11.714675547913657,3,0.5765889856041234
current,0.34114826012959537,8.022037484594994,2,0.1661976139282513
current,0.5837999550814171,2.556563485459204,4,0.5485020197997061
current,0.520532397934967,13.735953598776353,3,0.22261495436425227
current,0.6446277184673428,8.188612812569668,2,0.16570178479158823
current,0.5033025357734005,5.424431418616791,2,0.5329008410897584
current,0.27330636287197885,10.732810912696756,3,0.3920905977123505
current,0.4549212487595543,5.7310195122838605,4,0.7306299741982029
current,0.3964646820359209,8.082038058782983,3,0.4051914116804775
current,0.4044789265672936,9.639866007306065,2,0.43213160388295985
current,0.558557331491863,9.52472083475927,1,0.32568410453836383
current,0.3119895039363155,7.082749897024765,4,0.5405062753362195
current,0.4951103709024508,9.417003838150588,4,0.5561519489087554
current,0.4352920401927846,9.666581938291465,2,0.24668193348013437
current,0.4656873737408956,10.536145154640682,2,0.40544133561216883
current,0.46534892139207334,12.843225958763872,4,0.11231379060745272
current,0.4472030922009723,6.786310387958848,1,0.7883165857126703
current,0.2980511005983154,10.057924311363072,5,0.4443365944097053
current,0.40222013070684637,9.854728578981652,2,0.41923246677287207
current,0.5935703950558943,5.936131104799236,3,0.16667019717413326
current,0.6376446150256764,8.808966728667754,1,0.21583256342667992
current,0.6234003746001167,6.578402377177234,2,0.4902991332705406
current,0.41549014593900846,11.610336804011995,4,0.6215462891652201
current,0.5537226416539855,2.639647226404014,1,0.2275640469647079
current,0.4069688640009875,5.0894241434226775,0,0.2855789302018651
current,0.266286393128767,13.033976262844543,1,0.2402256401367926
current,0.5383398690336731,12.016449938220259,2,0.11631392015397878
current,0.40177575281054934,7.136029229428395,1,0.1335441582033826
current,0.6440789301806573,6.257669380457857,7,0.33763096280238547
current,0.34812947146053896,4.1723778258535695,2,0.23660352061994067
current,0.37601300782886377,11.704276764023366,0,0.3121474225877256
current,0.6479429911016732,3.838818347957436,2,0.3973381403207067
current,0.3603830404569017,10.029134167666015,3,0.2395848899160279
current,0.4786318328596647,10.073000151504601,2,0.5565784647566668
current,0.32897748833361656,7.409317396232893,1,0.45119256650891804
current,0.4655653864641246,7.170374628805535,2,0.18058202344599794
current,0.5194650622263228,12.500747705439005,2,0.6321722370934046
current,0.4096568207056898,12.140940969811368,5,0.7406857108209038
current,0.4899745570586832,9.687208213183633,4,0.2240245551266942
current,0.4030410206956887,13.166628448266366,1,0.7163624795460146
current,0.3593514871972787,10.623509801516258,2,0.29059354117005687
current,0.49885514873239867,10.262800911482248,2,0.369769403838982
current,0.3292200941012972,5.917925556655697,1,0.15220865494193864
current,0.313285279530615,3.5189237927909343,3,0.11232015330192033
current,0.3180139593537714,3.4089123093663494,3,0.39439159249646766
current,0.5472047336946515,9.593824272433901,2,0.4182429304036369
current,0.2831309114582371,9.967353071722915,3,0.3605536888545763
current,0.7698083619146441,4.130239736252873,0,0.4499039756681599
current,0.3363942393417139,12.573401531483093,3,0.6563269893815333
current,0.35411069976256615,12.140123866628482,3,0.2948959073684529
current,0.3684202699577137,2.853522234214294,2,0.1792367451407181
current,0.4408317619027431,10.983999230062226,0,0.12328849429615778
current,0.4468726193486792,7.178795288269042,1,0.3562369983113565
current,0.5638883599354225,8.260686734380348,1,0.5108956293041426
current,0.22737100319344378,7.124003238917632,2,0.4196341451967697
current,0.474676935385916,5.2817209387614295,5,0.40826574248711023
current,0.46566191843114635,11.865920319777452,0,0.6956647377367904
current,0.46864795543328513,6.402529178665168,4,0.34574704931280925
current,0.38231011393567066,7.265456368281521,2,0.5508067688798355
current,0.4227961914041912,9.783439438748717,6,0.2212449869632109
current,0.3493738367762522,5.197161360664008,2,0.26052005607475864
current,0.5767730557620694,10.890247473123758,1,0.7426338248939426
current,0.5856055187472217,10.146709997804894,8,0.3903883963588398
current,0.6510228273291049,7.499712460427988,1,0.6647911423675664
current,0.3521122354153043,6.450323907319476,4,0.6435741131515315
current,0.6267095659963358,6.244897297531692,2,0.7140418021047793
current,0.31816374552114596,5.682942345839553,1,0.42907596119966407
current,0.5892539518394516,9.933071379972802,3,0.4476213051450392
current,0.44519318969271215,12.482603673389535,1,0.48513342779089663
current,0.3080231181606113,8.500116961774314,1,0.14647377302736847
current,0.36893644073154536,6.925464713182344,3,0.5823002216701354
current,0.4421239511111473,8.564657649959315,2,0.26857700690881203
current,0.2514375981185105,10.114675214266708,3,0.37947859908639314
current,0.3296484437241367,10.81134556577527,2,0.32865801301454917
current,0.6090905876590679,9.723600340504307,4,0.42343621836313267
current,0.3535189945443719,6.484408124911721,2,0.19278971666198672
current,0.4624324294066708,5.6596724507188005,2,0.22135384988882467
current,0.2808231619412094,9.033704035844579,2,0.4734219010121074
current,0.42352077973431357,15.672913776639609,4,0.4433295311447967
current,0.47877142030427455,6.159665150762809,6,0.3152273793313357
current,0.5651142547265131,7.427847791413846,1,0.7578202360483078
current,0.7183789146529636,8.957473065096643,3,0.40963124517171273
current,0.1791909872687102,13.481581260522283,1,0.5959474191452728
current,0.17312150988594815,7.787563539106515,1,0.4777088612255218
current,0.25985933328144484,10.70199774225254,3,0.2337338546403946
current,0.30853940820093817,7.044528003493317,2,0.22196969848447687
current,0.5315721169591788,4.357831543508317,0,0.09612970704781003
current,0.5179250760886271,4.812177443976481,4,0.3127721893425566
current,0.42018859858870483,7.838843194145503,0,0.10731844219005383
current,0.32728234416592844,13.591448395209166,2,0.7083111957735451
current,0.2558880452529688,5.466630448189115,3,0.17584122393705495
current,0.3393512425754425,8.57756878935753,8,0.292458621366785
current,0.2638977201061282,15.366117447563655,2,0.08320994494160845
current,0.2587822844163773,7.543938293419428,0,0.6916886875466616
current,0.2390821538160167,10.784071559240306,2,0.49177612564458384
current,0.4875559325480959,5.605339498569772,4,0.7579543547456525
current,0.4452159584175126,9.59078438946988,1,0.15097853125518818
current,0.4051355669171793,12.121586301783559,2,0.5222979875704958
current,0.4767343992062847,7.866198082408371,3,0.17181651682506713
current,0.5252862030240467,10.117773070261597,2,0.47211163884605756
current,0.5964852896995931,4.418679551589265,2,0.10632538141194633
current,0.3439629933483411,1.5536747527652572,0,0.5629416763755499
current,0.5891919578058855,15.355976142526046,4,0.3443570061471182
current,0.6078815342735486,5.284062271478563,3,0.5025483440462702
current,0.46440369080331495,13.484010365982806,2,0.7830225977374469
current,0.4670454434561033,11.268239616512947,0,0.26505493554760384
current,0.3086046478905254,6.271003479431142,4,0.4742399465873747
current,0.5697001142146326,8.076151309132554,3,0.5007021624179459
current,0.5336866725079082,12.02440462893417,2,0.2825800716986394
current,0.5899910802114842,12.794570109405003,2,0.42872833779648484
current,0.29064441305649924,3.5110067141875163,1,0.2786568388364778
current,0.4227379747258259,10.501867037274387,1,0.35023208236751413
current,0.30589753877576376,12.275021901434219,3,0.5249570708028373
current,0.46947932346307664,10.517523151879868,1,0.376270580554845
current,0.37410810543827033,9.669557060288438,1,0.09635644500891953
current,0.37629095989316763,8.236955814729331,4,0.38326408526580796
current,0.45104284560021174,7.026229916572666,1,0.23016802770306327
current,0.2316827910946936,7.726592798528873,0,0.0953790357529483
current,0.5743936228400068,10.395014925463617,1,0.09769816248616116
current,0.33313328140819476,14.529947323048688,1,0.5303933851923702
current,0.4609189537199553,12.857009554132732,1,0.1254193055565576
current,0.2888533328069701,6.478683932491714,4,0.22226697058631165
current,0.4551557885568643,10.619289784455434,0,0.600161811096651
current,0.3045627535256452,7.854756602405393,1,0.250509030081315
current,0.5207577268585825,6.305258709883095,2,0.4168899054693621
current,0.2836181512033184,4.104817803295839,3,0.4158642389733728
current,0.4359784361149285,11.704303840722666,2,0.21952888334867954
current,0.29659648034453967,7.24949686900507,2,0.03423344711426714
current,0.43182137594982783,1.1260596197252024,2,0.09213163216749203
current,0.5163085826623647,6.73784509037351,4,0.8469093178016014
current,0.4987613639154916,9.947805293895957,3,0.4193030335282775
current,0.5832226371625254,5.440487808313186,0,0.33221869256263886
current,0.5304695389783792,9.218211933424323,3,0.44609511415500325
current,0.33250232524410883,6.415202815781189,4,0.4946668055969481
current,0.5175603186651381,7.728189718079363,1,0.5321855373681754
current,0.18684210563714304,7.781451670297918,3,0.6281374799808129
current,0.5514167349945844,7.75879395585684,2,0.10144114783543565
current,0.5079328091468193,8.419678424201383,1,0.7585272348468935
current,0.585819244619845,8.17040916329417,5,0.5089214968093027
current,0.3723387740162,5.032814593190033,3,0.6514525336757826
current,0.2041738830739453,1.0207335905057366,3,0.08026395982644798
current,0.370540549242294,10.735844997063486,5,0.16553171022061322
current,0.39915705266691676,4.203423346242501,1,0.24462034189963708
current,0.26404272538227513,9.404737078856328,0,0.5699302029789165
current,0.5768295924416819,4.6540773832403834,3,0.29940534365065025
current,0.35798274208109643,4.683010799526884,1,0.5574613622040819
current,0.37509137922562075,8.284828555458313,5,0.2845453676859725
current,0.2907524590748596,3.6181256502922885,2,0.24958871588419865
current,0.3013179199918747,10.130589773016311,2,0.14774018637522707
current,0.3351110634438508,6.805949112630425,4,0.6852674021182713
current,0.45219664584160024,12.691653432772522,1,0.37397577692614037
current,0.5946379408882112,12.947486185647666,1,0.6353709762836498
current,0.23565551862227677,7.2308273963876655,2,0.6170729873538894
current,0.5887139346150181,6.680567646416858,3,0.5729622300453393
current,0.35501770534110155,8.049135717065504,0,0.4102984102857549
current,0.45196234997109846,1.877654762989751,2,0.2911988968007133
current,0.30693557967987106,3.508598909172168,3,0.06754377827130593
current,0.5576082666110198,7.961545380281845,2,0.4695130785756117
current,0.2684868400497432,6.234255171199944,3,0.4670412093072786
current,0.3776445442016223,6.328028634335758,3,0.6402190702192575
current,0.18211794926657898,3.9430948995485497,2,0.39991759651753217
current,0.05223206522577256,8.591583155371428,4,0.4121013316150012
current,0.579900603778718,7.152260845572778,4,0.5509770834840212
current,0.40067802538239394,8.566128996302808,3,0.6617992123657224
current,0.5134984300753447,11.253950745684822,1,0.09150646523932872
current,0.41861407493415675,7.619832079843457,0,0.4874474650813081
current,0.7183179217715818,7.675865833981149,5,0.602244041378784
current,0.3845043076988092,3.5377495457367703,0,0.361144066550243
current,0.5482092485861867,4.295379706152012,2,0.4816614759626256
current,0.542667012988737,9.719763484076202,1,0.1816080977732297
current,0.43623665677770523,7.658042115614239,1,0.24638155522144725
current,0.4305830978643268,7.5747794477036505,0,0.5886186976835708
current,0.29589211488904577,7.523476477044394,1,0.4186927827445691
current,0.2736278790243941,8.95827888109758,2,0.8020627012578626
current,0.293172481463845,8.324309960467886,1,0.3221282195128558
current,0.38432117325121706,8.110948776892437,3,0.26134629744683496
current,0.38755884964718584,9.74569575779746,6,0.3935273647269438
current,0.4630038544835068,6.668487948082618,2,0.37996904422890626
current,0.3653174793412389,9.610541266017048,2,0.1916559703687777
current,0.5125155978241103,8.079634521097681,4,0.47410649359725904
current,0.2684318008631431,7.971678920634938,2,0.3113683191518235
current,0.4945311937105465,10.469295136494008,3,0.35291536296736137
current,0.35838868125429935,11.132636085659918,3,0.22400790200668255
current,0.5786609177061158,7.676503750654815,3,0.34479296188927333
current,0.3819795651486971,6.699965566123388,0,0.48706855811431327
current,0.3119818695915679,11.444455615264356,6,0.42250486459013964
current,0.5264093306509138,10.550268689633103,2,0.2712706867512649
current,0.6235468268667715,8.648471245397065,7,0.773709090496733
current,0.37198661449428594,8.799585492363743,2,0.5285676809300426
current,0.6360251607172696,11.975550580414753,3,0.5821354133231845
current,0.37784091049737045,12.010863275501311,2,0.19947846964125884
current,0.4066754294086422,9.768485643619087,2,0.6133609462005908
current,0.41007439727950395,12.60776052366101,1,0.3585580570026212
current,0.7230501097595136,3.3448519745310037,5,0.4519268879100726
current,0.5824014002711971,0.0,2,0.5160997828332682
current,0.34080800978718306,5.032751328003798,1,0.7191630620157003
current,0.5484470144886684,6.844335985187574,0,0.32903521336827696
current,0.509433881657821,9.61690620143623,1,0.8311626903712764
current,0.4582134676203529,9.63472853206051,2,0.7003473240254001
current,0.49380825907116793,10.433318120160443,2,0.16579706108757047
current,0.3430296334460555,7.695335845241021,2,0.12137352770476842
current,0.4833414798615154,8.206636982521553,2,0.2729579993031966
current,0.41104285487200276,10.6045234537464,2,0.3573465288361732
current,0.4728302989307338,10.711775698807003,4,0.4772589450424714
current,0.36450030702299085,16.039081741192675,3,0.3386971916179899
current,0.5746264893394571,12.4988240322645,3,0.3093926210405918
current,0.5688284840190052,10.649061789693043,2,0.42730768893452215
current,0.39278651689923116,5.675169414698703,2,0.07041085114621319
current,0.5973753899181475,8.76788848965018,1,0.4351234879506165
current,0.37356955088619015,12.856262720675563,5,0.19534951717353427
current,0.43430336135963565,0.0,1,0.42319836327561833
current,0.4650763151726852,7.096341597204597,3,0.58419037989357
current,0.5652223410890523,9.477423468848569,5,0.3391907521148723
current,0.5745239047948479,5.300584783179525,1,0.14177592677774384
current,0.4466744864759606,4.5097430448295315,5,0.3019972631879534
current,0.32102390611393017,11.917556179947088,1,0.20854747328472698
current,0.43700840904656535,12.58241791415951,6,0.5420420226614464
current,0.30689628310050865,8.663484242516835,3,0.6713262536448874
current,0.46309053602486017,8.738204230200788,3,0.6858722399771211
current,0.7337329718504266,7.22572318805843,0,0.23663290252199654
current,0.4515568803630606,2.543376922939978,2,0.6245562114385614
current,0.39189125867579805,1.8446553462041289,6,0.23898183677272306
current,0.6477646988601884,10.971806385803683,2,0.44975920481117937
current,0.25247553243200693,12.583994667268003,2,0.33483072214142434
current,0.4302835360435069,13.184372445685547,0,0.14131222448142855
current,0.6796572842695792,11.987343816619397,1,0.5779240755947876
current,0.5103565208312995,9.05172701948461,2,0.507657136368467
current,0.4617916455700052,14.17568089569264,1,0.2829684513367044
current,0.2850788868254941,7.251186361698821,2,0.2666787356212692
current,0.2332315668954384,13.313994429997674,1,0.5699839109367131
current,0.08947266729966857,7.397872767228817,1,0.4563055683560994
current,0.6737740159663188,8.089857419319205,3,0.3532346571667552
current,0.5395971868002931,1.0868024463680346,3,0.40530683349014673
current,0.27877890826409485,4.424595378712987,3,0.5300935126227652
current,0.4004296611869219,3.007731436568574,3,0.17217331887543566
current,0.2562439902487341,10.555945835488197,2,0.4954167106632346
current,0.5808928567463235,12.409559200090865,2,0.4582136797054312
current,0.5482122861538853,5.605330837705348,3,0.3777382110127495
current,0.3296483175109394,10.312742095700905,5,0.4179551114152252
current,0.3690104013030357,11.716509151678924,5,0.4205286357845878
current,0.39398006751622966,5.330826357004099,1,0.4288282993318954
current,0.2482455300760239,10.267743583959959,2,0.043135636286412884
current,0.3908905667963725,2.9840032373066947,3,0.1894227586095978
current,0.3695932637149799,5.801073023981091,4,0.8151283562899378
current,0.5846323879423823,7.067503489122635,3,0.13611705965623036
current,0.20956108127243428,8.28545046321236,2,0.23021889206318158
current,0.4958111127528126,6.330245364063483,0,0.888607186995845
current,0.38789104064519375,7.181075965602567,3,0.7117146251110043
current,0.4708603016401111,1.2885732220353887,6,0.8361354591034026
current,0.09846383608947656,11.09837506176112,4,0.5769598754454714
current,0.6688140035067038,8.494915139061694,3,0.37263383255647103
current,0.3794156364085433,8.250064414516256,2,0.4069985816173952
current,0.5237844943677937,7.405048098016103,3,0.6120906281935733
current,0.34278342395711014,12.20811209352911,3,0.2952862926200951
current,0.5352115340073164,4.213017958978938,3,0.4339191721124932
current,0.29827823763456224,10.384021430619388,3,0.5204801698342573
current,0.38632893147691505,11.065257674073685,4,0.06431204135048683
current,0.7018037483041546,4.4610794363752255,4,0.18031190474590947
current,0.42467202850674785,12.050459051487861,2,0.23262334655496889
current,0.2979522570973522,8.065242574962014,1,0.058904250482117955
current,0.5284462971831441,9.016305176271771,1,0.19048572127598618
current,0.6716263971819614,9.489848080592228,1,0.1022320134371102
current,0.4206251267371385,2.2583357814732485,2,0.09056815256284853
current,0.16136062632891585,8.650618930870765,3,0.45693374078243026
current,0.40320334085030163,12.996001647149171,2,0.18575122587993026
current,0.3914734324038742,7.690575557932163,3,0.4362285078018347
current,0.3276067183847251,8.104233384909785,1,0.48234163742265745
current,0.44065847166457334,5.113624541764726,0,0.44683691755694804
current,0.23092553826371057,8.201392754289852,4,0.40140914210681294
current,0.5370012023213818,13.27813069733251,3,0.14005644990309096
current,0.10053009002201785,8.651979351879868,2,0.6347888642822527
current,0.5413682399375769,6.313628959246444,1,0.2064056268323443
current,0.46017097801626106,7.4469608422670275,3,0.17586313367255513
current,0.31278575955833143,8.246307875107226,1,0.505243253862694
current,0.5927788460296513,15.030950263131633,1,0.5561515881305505
current,0.502968114459781,3.3235623387288404,3,0.4996572270332882
current,0.4385992678922367,8.90497619699189,4,0.2164140556504359
current,0.3515335283521277,5.644278006427049,1,0.22971287135410554
current,0.26153734584033156,9.360613135122582,2,0.34346388875423933
current,0.3580565940691909,0.633864164901178,2,0.20646327034716444
current,0.5581745577491951,8.034555150565026,2,0.4321166081936352
current,0.4231912620528957,8.439735174249467,4,0.5229950304099341
current,0.2940095555773651,9.833512482607818,0,0.45889654055500967
current,0.5214185597971166,15.071686579135584,5,0.7252668049915751
current,0.41326514245775325,13.734243408899825,4,0.4144842142812527
current,0.28498436109847636,6.715135491799824,6,0.6193613217720733
current,0.42135197294951826,5.597354010538229,3,0.4880028580036703
current,0.40926252868780055,7.253785307748945,0,0.7628512956178468
current,0.6836272581411419,9.20471980157326,0,0.19034670581126253
current,0.3420354215386469,5.655517283626755,1,0.20649781480623386
current,0.4328222170083943,7.159797707370086,1,0.29701327897399715
current,0.39613365542368784,6.512843634831614,2,0.2628438230948513
current,0.30255545852947985,7.685737365304622,1,0.4000157583363134
current,0.6521969127884607,9.367818159454576,1,0.42973961480208
current,0.6430357892651681,6.024693661333975,5,0.457832367389979
current,0.3420879359187924,10.386080832432246,1,0.6695027778109537
current,0.43282666092877303,10.737747130604411,1,0.06024761370444171
current,0.5923694848366765,10.286917731106014,1,0.1257436723056163
current,0.5730345739132044,6.097911413466586,4,0.26346937528989717
current,0.3310336782063335,10.37353913536944,2,0.8186072158069212
current,0.4897508091874484,10.518476575195292,2,0.29520828662826487
current,0.34598158528591444,2.210048896270316,2,0.5503386586038057
current,0.289390329694473,5.6940784648566165,5,0.7150826175298646
current,0.5656707938095115,8.293004590355983,5,0.26352706076306437
current,0.27510958010833164,10.212557428590952,1,0.40229924910924514
current,0.3209411385116967,6.683373767751592,1,0.3992173610834949
current,0.4400625419470436,5.198409764249844,3,0.5875894082516878
current,0.4220745762011546,9.4367727759488,1,0.3373104500678019
current,0.5793570422115766,5.5672554044520535,4,0.1835555191064676
current,0.40883206308200126,11.42184890035033,5,0.8103038371810277
current,0.5283670314622803,10.45436980097742,3,0.49045852868116524
current,0.5327124498755801,12.759700700924682,1,0.6238148190664816
current,0.5440195023029095,8.345290457324513,1,0.13498230707370132
current,0.31903872993490934,8.221556987437419,1,0.24414224811350968
current,0.3374587762911891,8.94036809130228,2,0.07128503860101733
current,0.6452363745418344,10.826271982887285,2,0.38556666118671185
current,0.35891568818599656,5.708523470948182,3,0.6541630715885282
current,0.5018407899751407,11.06467099868702,3,0.2794403987361934
current,0.43397031110132167,8.248272651145756,3,0.5536578852271589
current,0.3919029659171196,8.306612558395225,2,0.4173463292989449
current,0.6415016764565387,1.5733600290566514,2,0.03039734269440965
current,0.478585329261847,11.665989479887227,3,0.5187867839672323
current,0.42416342615808705,5.161082655452953,1,0.4605573670346794
current,0.49978542191215425,11.112124160661818,1,0.3176451814130574
current,0.3937381378283112,4.583748617438844,3,0.6812661086280731
current,0.5415508725979599,5.571507566427515,1,0.5959188710269913
current,0.19290577983432372,10.020018722922062,6,0.29181233380176064
current,0.4356948554333052,5.660097623215326,1,0.29913440606907243
current,0.3989889087020789,3.188644151470882,1,0.7833615063069163
current,0.44311081079753356,5.083118659475967,0,0.31935314178170077
current,0.44225659764233705,11.943062480994303,1,0.4667110719111026
current,0.4220743801619124,8.516164075166444,2,0.3277368976956515
current,0.45076943558159505,7.8529316641355065,3,0.5846252707267079
current,0.6212136217955773,10.331333080086914,2,0.5568122973801723
current,0.5759762026302593,7.073876176642946,1,0.36833503198064216
current,0.5501069702019012,14.345851932133865,0,0.32768456232860205
current,0.4325997740887711,7.941071925482826,2,0.563749931260357
current,0.39213915504678837,6.859961925818032,4,0.5187559305502514
current,0.488268852721716,13.80358823615724,1,0.7139262283082803
current,0.502750327944172,10.03191857354605,3,0.3213033090632023
current,0.4461669413575692,11.41219614696313,0,0.29125616433964524
current,0.539138220118376,11.114166863470338,2,0.5049349082712061
current,0.5772821806453234,7.597773349600879,2,0.4661130882416422
current,0.32570425498784333,5.961918209811551,1,0.20121324138153518
current,0.5338996687138431,7.074170027939242,4,0.3858104016296466
current,0.43345126744834106,8.338855653743419,3,0.718584083288758
current,0.30278398913505244,8.171487354897186,2,0.5375759940383412
current,0.36065323271361066,6.247439225384709,1,0.4463986784497907
current,0.6202786893138988,4.7732598714000165,2,0.4891369709358184
current,0.45326580266478694,8.91032292530677,1,0.08130071669428224
current,0.47580967919472134,7.177950803516728,3,0.22852578416604
current,0.5498335357472546,7.2542137219836755,0,0.19386201450357246
current,0.5138454193003967,4.076798169304388,2,0.45327372256087906
current,0.3278851378376535,4.931118708579078,1,0.27690538157212613
current,0.33630964286594034,5.241350835374608,5,0.1286283243909126
current,0.49761314788786465,8.747823472560583,6,0.2722689717703797
current,0.5970166441663435,8.651155793641522,2,0.7011747985165852
current,0.43367888868296756,9.41739327299594,0,0.40334207812754413
current,0.5541616932578478,10.140976083589193,3,0.2134928808263516
current,0.5367271628206931,8.946906868026698,5,0.2526857503169743
current,0.6941006891665887,13.201726503044835,1,0.5745676406938657
current,0.514685486011463,8.540126588557582,7,0.6583636795753677
current,0.595714553784092,7.041937344177931,2,0.5087897753482241
current,0.41132364481166733,3.3535089069041426,4,0.21464198849139193
current,0.3685612623765271,7.279449329614168,0,0.24626970517048555
current,0.46814944041405737,11.624573320702693,3,0.3091179022671594
current,0.28497592819979745,8.437951217343059,2,0.16001222523346117
current,0.5773902075410196,5.514615613316305,3,0.4259983738222371
current,0.5527677207447075,10.36457421614556,1,0.7488484077195691
current,0.46059130548762245,7.618269977073247,2,0.4144381821343579
current,0.5452211065061252,9.572533494949036,0,0.4100722216961896
current,0.3271964530867658,10.585353712804805,2,0.16470506439786048
current,0.37528051478676405,6.22292452219755,1,0.060577387993481266
current,0.5075595540409139,7.558461461108453,3,0.2085739490214956
current,0.36979670982060087,5.719549180828811,2,0.5762222957961856
current,0.6110429308672656,6.036945762420456,4,0.7691520533480248
current,0.6519693062618598,5.972140773942214,1,0.3036374215758551
current,0.5865224481722291,7.301283816772484,0,0.1163724921523314
current,0.3937210504260101,9.99485711438278,2,0.4364860512231385
current,0.5241763687343572,6.4429730059076125,1,0.452688574964445
current,0.5236089524162022,7.007397225902295,0,0.1670622296591857
current,0.5131241352565794,9.657661749178622,5,0.10755911061702111
current,0.30457550060696903,7.9595129194979775,3,0.4691801268864367
current,0.4352246524654661,7.076397189931019,1,0.11061904955397678
current,0.5115123706853112,6.043149106796267,1,0.6259346195761284
current,0.46848367875309616,6.035720163255412,4,0.6663599834745434
current,0.3764234300404587,9.789281290153962,4,0.2327223658635029
current,0.36364870568154434,8.662218445469371,1,0.2927952263270467
current,0.5863975646507364,9.637356485138781,2,0.46421181938254863
current,0.48468676053014237,9.6942424568877,3,0.07539590196171951
current,0.5200588174976059,3.794608985609047,0,0.16174598875555932
current,0.49061623029943324,5.641946606919782,3,0.39244533852216673
current,0.49596120068961685,11.073545661964989,3,0.3938579283394517
current,0.507912470099178,16.96452755295305,3,0.5128092008984143
current,0.4926044999621263,4.4084781222112595,1,0.38808546867671095
current,0.44780818756885127,8.046835534225185,1,0.2776692875119618
current,0.5125431826125687,8.503314924134612,2,0.617752409052587
current,0.7082139251536039,5.92535082207713,2,0.2254540405073889
current,0.26506377846733753,6.81260605992334,2,0.19909103515114956
current,0.5335795710761444,7.57645531180425,1,0.871534424707986
current,0.5384449654171641,5.93008348250561,1,0.16704148275489106
current,0.6357976348428003,11.590193267451372,3,0.3900796085724181
current,0.4322229849659141,14.029097629560766,1,0.5393866573831654
current,0.37623798023617006,4.203493208917779,2,0.08876949101114298
current,0.3844070849019099,12.322876518676845,3,0.07132902214408043
current,0.47892094670468616,9.639354085020079,1,0.4667638890363446
current,0.4750256177427879,9.411109854547542,2,0.3720308261725609
current,0.6380086834667769,13.499799794063534,1,0.1444250176998433
current,0.45146183755696145,3.43656767395946,1,0.6284398337881627
current,0.5605362179524216,6.133434065737559,4,0.19799564110651813
current,0.450014895521264,7.096851457918564,2,0.021442111652145105
current,0.46890709704393657,9.146343528983053,1,0.39636840639024223
current,0.23706789236464387,5.776902963586089,5,0.7236359939182783
current,0.3669663987331027,9.51942752145148,5,0.5224196615071894
current,0.440563887555769,9.430439888408696,0,0.4094490007473383
current,0.437166490506826,11.035074434665038,8,0.2981198611737598
current,0.6287697578884206,4.998621440007879,4,0.7880171165240315
current,0.47094112642002517,7.857678289934121,5,0.5132469782301821
current,0.5699757275840328,7.137256491511344,2,0.317359731521842
current,0.7514300215055951,14.780968435135518,3,0.30100899958444005
current,0.37130485805239544,7.503245884964763,4,0.6212761465111334
current,0.4740153319813677,8.551159972126165,3,0.44947728579773094
current,0.40897803472538197,3.787050212842627,0,0.554643678907529
current,0.6254132603454131,10.407538671584204,2,0.4055482109824534
current,0.3680747369414187,4.963623554293592,2,0.4666578704452789
current,0.564091716815368,6.656258155792083,3,0.33529843598142234
current,0.18682138371930257,7.105554537600132,3,0.5783728270222319
current,0.46312732302729326,7.1795878626704885,2,0.28258470439533284
current,0.28774956256446893,4.7376136610849064,4,0.294325485151705
current,0.3825389988000414,7.262675247972799,1,0.33642733429522764
current,0.41646570400413035,14.176485108403483,5,0.3292259835901421
current,0.2016970068879679,7.0088366115027,3,0.41811025203550334
current,0.230631500106118,11.34468823790278,4,0.4183736814839711
current,0.5631769959642732,6.564133608073909,3,0.6668760396310696
current,0.4961191236291438,6.745954118486978,2,0.2757124695993721
current,0.33986566655424144,6.161676497613299,2,0.1783435277494258
current,0.6427090078071348,9.430808095580073,2,0.39575291294699355
current,0.41506977797197536,12.808890848110508,1,0.21696063361350448
current,0.35822477015637344,3.265010227237573,2,0.37086488979975796
current,0.33987437595908077,5.901539562140858,5,0.6885894466881893
current,0.36933423805627896,9.867340981456028,3,0.29573978998562733
current,0.5980571346687935,13.403808183530646,1,0.7473829810524119
current,0.39357662148363487,7.84959978785521,4,0.21125782323881703
current,0.41560436460887434,7.95786233963098,2,0.020033796824335
current,0.48953066756386815,6.868098200697639,1,0.6705046234621705
current,0.6233406833511649,8.476213323595085,3,0.6914190612828898
current,0.6534956860661376,14.561261002002034,3,0.12094429663538776
current,0.39115691442304135,6.314434351674729,1,0.3285179034189541
current,0.25744780462682504,5.801750867755279,2,0.10585882849312919
current,0.3230981985966849,5.92665043924722,1,0.04438302602501494
current,0.2454951379610689,10.459535659543281,4,0.3532297538861104
current,0.5154764789460484,3.2529332839615703,2,0.8670080036889718
current,0.6435430282748464,10.201237519404263,2,0.46712375823517077
current,0.4281556722577667,9.971765111187436,0,0.3527426195362687
current,0.29853284413051107,7.417843474617539,3,0.42333889410198194
current,0.3614292779859574,10.293710454540212,0,0.4977986425549515
current,0.625187003493511,6.447437968463424,3,0.45007493792277464
current,0.3901215955472149,9.095943675757516,1,0.4294819055417651
current,0.42924922054631853,9.629955001092547,0,0.23842291969853602
current,0.43874611867126195,12.75035562737452,1,0.22769009960763606
current,0.4532480044568499,10.49427987036437,3,0.07842422800683777
current,0.40833642216834987,11.721824577597733,0,0.31482333922933053
current,0.3156766370499952,2.476563966920045,2,0.1770953775021115
current,0.4818688273198236,11.476986602577648,3,0.7305609881202026
current,0.32673982926497763,8.788356488147707,0,0.2870907139995926
current,0.30203299338626866,10.05004572919437,7,0.16124828352032822
current,0.46462722094873465,10.300640242315385,1,0.5813590215848804
current,0.46538621400937225,10.65119394302621,3,0.5163475287679942
current,0.4433630819112261,5.877037514262844,3,0.3306048198078581
current,0.3785463947439496,5.729391273025255,2,0.28667247148599845
current,0.35813728660211397,3.437820770516508,4,0.21277749490362932
current,0.3810302780404541,9.288232965724246,2,0.7627094958449588
current,0.3558589715913392,5.902140527580162,3,0.5850318213347094
current,0.43380703489787464,11.521848943919311,2,0.28379370186157976
current,0.43278528717167963,6.818353961530779,5,0.47122308444157796
current,0.3806875471988711,3.6915822891114036,4,0.4829974708398181
current,0.5907318996067756,5.933491023305014,2,0.3173719363641122
current,0.4476912833202668,5.732669268188565,1,0.05873207687250167
current,0.42233814567829076,11.52852498744213,2,0.0792904454066866
current,0.43176421393116104,4.890213513447557,1,0.46454055181853277
current,0.4962934920166252,6.83173284477195,1,0.09249968657735681
current,0.3691733015061859,4.4738348962432655,4,0.13051429518093624
current,0.5211286740895253,4.05670736263265,1,0.201839541698526
current,0.6154615410737312,8.698571745125829,2,0.17541558095456705
current,0.3989259013699633,9.769870092269365,1,0.34247971859160253
current,0.5372253660761747,8.683461358501223,2,0.5931207246987477
current,0.39141940642953543,9.448344493361574,1,0.35053293760112064
current,0.3802508577838609,7.138799430407541,1,0.821101523431954
current,0.515756479932511,5.465318205671401,1,0.3315811975007926
current,0.4405204521086957,3.796070969773746,2,0.7578519489105808
current,0.43479422628752495,11.609569611088004,1,0.4108301737277414
current,0.44476744209448915,10.929448997143242,3,0.3350719554695364
current,0.3499457354591529,7.1471215301879045,1,0.41125497488440865
current,0.20837400273213594,9.3359032960492,4,0.16902306439010947
current,0.5878323762129336,4.684893601153779,1,0.33618999474608396
current,0.18381050060306314,2.954008321510507,2,0.17642594509989035
current,0.4491334800447985,11.49434511693104,2,0.270505169396796
current,0.5519495489721143,7.77049263837533,2,0.4461378421071837
current,0.6723261588082043,11.370445045757144,1,0.579374791268211
current,0.2475158013100521,5.8331443366983855,3,0.2371794116092053
current,0.29442141939554023,9.278618145070245,2,0.33803065758181067
current,0.3313046064731174,5.585655561126808,4,0.19828399815694822
current,0.3798812777417647,10.888227947745087,4,0.28289029141788913
current,0.41057567660643757,5.873766696913301,2,0.4023222508853659
current,0.5739120765085949,7.053217779101148,0,0.5407198196584936
current,0.42625270577912944,7.213712090538916,1,0.27312658582537247
current,0.35978899500671446,12.798442525252074,2,0.6536019214611697
current,0.6434243596197676,3.90023227408329,1,0.1798807988531859
current,0.6348338318673785,4.8491503259891475,3,0.36258748304877253
current,0.11250556168148684,9.535963418725245,3,0.14720871889053155
current,0.27696112834575326,11.796094144100543,0,0.47938208864894605
current,0.3169323278000722,9.206297058260816,2,0.16056727524608688
current,0.30207456728044946,3.6588333911166018,3,0.6510260958159281
current,0.4920339223484225,12.560105681067839,5,0.2214996736721419
current,0.36908747520447366,9.064762354732604,4,0.43138734879738366
current,0.6135592592064655,8.067562622766168,4,0.33128683522600755
current,0.3285292468133366,15.65060978201715,2,0.5270591888408016
current,0.3459686563631214,12.51312257310914,1,0.4156014841367517
current,0.6084410769864037,6.117993002220322,3,0.666308964788812
current,0.3841926122614357,8.772536389175842,4,0.5865664928736429
current,0.42981405439750053,5.4616282803371785,3,0.25295986951554034
current,0.5178048717414606,8.42192717208125,4,0.5913363021690005
current,0.7594753418575066,10.283788027976495,4,0.513968464851497
current,0.25871462815150637,8.626266951793859,1,0.3210702573854974
current,0.529103609896268,7.86484020132114,2,0.1915429471028447
current,0.5274149372564589,7.259732823337725,3,0.32873734388931863
current,0.4533928113192523,6.206357044201024,1,0.22007502902722711
current,0.5959336838532443,3.8996121845654583,6,0.22530327828950336
current,0.2794547600376296,1.7579797321077875,0,0.058789565938251846
current,0.4317230508026062,11.698405231757057,2,0.6137671287875682
current,0.43323077838944307,6.651955705130673,3,0.3816813684414782
current,0.6382199810508475,14.263167003387098,4,0.5268008356928849
current,0.23297367297301183,7.872145777206257,6,0.3946118617936361
current,0.13697834347084015,10.009837177298516,4,0.6293270988617803
current,0.28544731258421563,6.250136903096712,1,0.49060302540694717
current,0.37310303492334007,11.326447671682867,4,0.15135987596333464
current,0.33347596833617676,4.4907677572542175,1,0.294933600608418
current,0.442071768117365,5.847672447655529,5,0.33218671397275984
current,0.42381749437320954,6.51287873044878,1,0.6938334912067463
current,0.5826337846890657,10.149322348909696,0,0.5549243983110743
current,0.47583011175070367,10.477242099839792,2,0.513527346880823
current,0.5636117379485786,7.231696178657276,5,0.40038881967107964
current,0.3806349565636188,3.5067607535773817,2,0.22279864036828362
current,0.45462133197822324,4.891393344350723,2,0.04951263990680028
current,0.39393820855825573,6.016781498790888,2,0.466220571395273
current,0.5001001814245907,2.343177475574814,5,0.1894733506712669
current,0.2772883246917308,3.1666016938729644,6,0.25724431069119413
current,0.5797051018896247,7.58430978468161,6,0.5756428922729357
current,0.5638175843211327,9.853328114991106,1,0.26142912188830075
current,0.44656672015979537,10.887691423959765,6,0.4151408844157782
current,0.6283020469460923,5.026180458519706,3,0.3563407053498163
current,0.6022159765658246,8.18534457646297,4,0.21458147779195133
current,0.5913051344881517,3.5435366407855673,4,0.4408875032910263
current,0.636303540752789,8.908538253558671,1,0.3074178986698843
current,0.4476444688800034,4.7080630865146,3,0.36814197697732376
current,0.45195991534425395,10.137599230193723,3,0.1445136099605526
current,0.4795002803996969,4.007675458527895,1,0.4316392941379285
current,0.555102113181319,7.246921331224449,2,0.311835279175644
current,0.34061799404233284,5.717627759118585,3,0.48774553807496407
current,0.3488387426018794,8.636369058242547,4,0.38153528530807984
current,0.5807438015528371,9.234293092868786,1,0.7172715392485766
current,0.4988090921666285,9.199288759505183,0,0.40006213983700284
current,0.4458967715978647,6.781783869476642,5,0.08966205208300707
current,0.4054121295685472,13.876023164655177,5,0.4145632909984289
current,0.40614553606751497,6.746393104292198,1,0.5778151426247321
current,0.4698763653140396,7.071054686701727,2,0.16465953923697374
current,0.3824047009697278,7.42999935136907,0,0.22514166124509644
current,0.4106483287057641,7.266234173394539,4,0.5741935210491697
current,0.45226364677594083,7.342261658473949,3,0.0784847488619885
current,0.49007658200767334,9.215315991402631,3,0.33331880802530955
current,0.4907655609491671,6.201668691215765,1,0.5628532360758423
current,0.2620619219835155,7.096916701939052,1,0.38460510503502693
current,0.5133679002521855,11.053689032436202,4,0.23189545711056397
current,0.3813307335012965,7.6804462826046604,4,0.6541373429617068
current,0.4024147820690225,4.861444045328254,1,0.6377425109275303
current,0.4760983875817261,10.288220137367668,1,0.5782943992822404
current,0.35849387234649527,6.177570663051952,1,0.5922982765048292
current,0.5224124059748766,4.550828683243882,2,0.13239543304222087
current,0.4629243941952306,8.591961647598207,3,0.08537517358453489
current,0.4292784379405533,7.568974050165346,2,0.46111108025337955
current,0.521119127244009,10.648829853592122,8,0.38961572086376195
current,0.33435058992218136,8.313419689320842,0,0.43667788930383117
current,0.5210967369321005,2.5705981751872624,3,0.3881511719916907
current,0.624255473802151,7.867421244070312,1,0.5762252501929629
current,0.3924629060692965,13.61472456693539,3,0.4539395500262198
current,0.3286984923366565,11.119414333355405,4,0.9318587222005402
current,0.6286232381093998,7.080511283637246,3,0.4909026311387084
current,0.3824139279771301,7.207760950809103,3,0.7211629638765725
current,0.5109830360646892,6.816017678768548,4,0.48732169918032114
current,0.4703897655445699,5.746311191357243,6,0.1692078701996798
current,0.4278993071068324,6.787698449884769,2,0.3663053272572371
current,0.43815239905077674,5.972343997639747,2,0.28715993578686383
current,0.4073338097085584,4.448577723378849,3,0.3912932857395655
current,0.44439807856640046,11.385287106628532,1,0.451064741333437
current,0.38976156259596223,10.21241363617618,4,0.6632035421760668
current,0.41716700118970246,7.311719382545954,2,0.3624144015097097
current,0.4346035807418178,9.212715296534048,0,0.37310479541255104
current,0.3561557011580566,13.360916382134688,2,0.5044406983787638
current,0.432832206530108,7.450151628149687,2,0.6680232880398386
current,0.12291581147129971,17.530616774321047,5,0.3058944931490709
current,0.5445535404264729,9.0873414231954,3,0.7007173289934382
current,0.6197379144573782,16.675086941655344,2,0.20399184666388828
current,0.3335909832361245,11.775899068414702,2,0.22836440254756843
current,0.4330335023697021,10.644685446445116,6,0.08374265662965845
current,0.27499336645720235,6.141075911553832,4,0.5014721263702782
current,0.4394257030653828,11.143724910841371,1,0.48127134907594504
current,0.47419880094420847,15.210279876088398,5,0.19006146914523606
current,0.4262296809796361,8.361970522919002,2,0.8577124517192992
current,0.4985055457434173,10.03238820095973,2,0.1734870771851276
current,0.35054579153645227,12.184006788269176,1,0.298947391707571
current,0.2996279058254232,9.068871665193841,3,0.3629650078281173
current,0.3768211010670054,7.7873789724367235,2,0.48611239607317774
current,0.3768653179606583,10.94820499989629,2,0.5070825483444057
current,0.6083642327940525,10.554494493860743,2,0.056393264149379334
current,0.45271502075723635,8.105532139155581,1,0.36915776102276215
current,0.4403155933184434,9.727645934871248,1,0.573244705241528
current,0.3362187364338031,5.8986098527234985,2,0.8436728631362564
current,0.5197211489874284,3.9126481373144255,0,0.2071735370399838
current,0.35682408752579187,17.32166820470504,2,0.305966121053766
current,0.4946663810355856,9.31185844521745,1,0.19940229982302762
current,0.7402626964424306,1.1030447633298,0,0.7677864731642271
current,0.37305686413674227,10.54388655988609,4,0.8982656851667338
current,0.3927952232483691,7.466820148122405,5,0.17294577642505526
current,0.5492186186451093,4.813492197646761,1,0.25624435365943493
current,0.5469654332333385,7.369395238172723,3,0.3580182908004382
current,0.4367134927411946,9.553849794167439,5,0.5165944912407479
current,0.3564746895552072,10.810292631615162,3,0.3908728312912508
current,0.29106130403788477,3.9216402974632514,2,0.25223511570392676
current,0.43484750661367294,9.141707311179784,5,0.526651892900305
current,0.27678644808991615,8.835561141477081,3,0.1810897594633485
current,0.6129169249950979,9.725075313593027,3,0.5674682225426118
current,0.336348339833316,8.702596694055252,2,0.29335778012915337
current,0.45391074132168757,5.156470599025754,4,0.26723916021417493
current,0.5083041564215247,13.101748583127343,1,0.6286776972790861
current,0.44925276659770097,8.319696685258421,3,0.07256915820912963
current,0.42713617919196256,6.712686611156098,1,0.5195273426355145
current,0.5826016585330721,8.342842193845124,6,0.4936433259865213
current,0.42350019029643865,9.498159890699512,1,0.14979102696680516
current,0.6895043307430003,8.295082108229106,2,0.23385173791705083
current,0.5640051503107049,9.963509942396437,2,0.5549492388029863
current,0.42207579788783034,14.347621525016212,2,0.55077912739842
current,0.3889266879685359,11.487393397190917,2,0.334740980387009
current,0.5547545023757547,10.110711898720826,2,0.8013469508600662
current,0.24428328461107987,7.781969573156557,3,0.30093721972804915
current,0.3344566001863105,7.950139605874928,2,0.3807349857376982
current,0.5846682930546128,9.888752038707427,4,0.0869874236414945
current,0.26048594099608413,7.78854661134957,1,0.45800947206012277
current,0.45545747782709706,10.9063970741808,3,0.3360895963822079
current,0.39187301091627935,6.41751925757811,0,0.24328025697433142
current,0.7709111327157983,13.993987511591511,2,0.1216401101947731
current,0.3933665563540272,5.30772247257525,3,0.26022254733261263
current,0.5674454520361425,7.772265623837721,3,0.45231057809363734
current,0.6121716462734177,8.421290805901135,1,0.4431263571658991
current,0.47931489167120833,9.734307869548191,4,0.6517145482976984
current,0.40348511506600293,7.693985231956981,0,0.3069215721139018
current,0.48286129608515255,9.542564207591715,1,0.7215265288647604
current,0.1845470603548804,6.574387644647995,1,0.44418216938858024
current,0.3180389267482463,6.9643850497534885,1,0.45648580960952945
current,0.6022426013537885,10.698272074599634,2,0.7287404103227575
current,0.5231263732896543,5.791594204139623,3,0.8333912752475051
current,0.3574760807826608,4.707796500695706,4,0.6943086464471204
current,0.48884554781054257,7.841261204516328,4,0.431207198156086
current,0.42779973563749796,5.8519215787728225,1,0.6330077676786167
current,0.6300593002654198,11.954455297857336,3,0.5959389998633888
current,0.5372363909625704,5.638743429540039,1,0.6018668749457606
current,0.4535504706569619,7.886113838864243,2,0.5293376186609159
current,0.4706681789609581,2.9217609382999807,1,0.5081661194484502
current,0.33004022237240016,8.2299789898891,2,0.31947626693409326
current,0.6852572375982743,7.746844385151145,1,0.5242718288216489
current,0.19355184373162626,9.164162341721946,2,0.31030646658814787
current,0.28861847097824067,15.905952235115354,3,0.23178318524242492
current,0.38964554246219957,11.410783815095755,3,0.3831647495237963
current,0.32826583630373285,8.223524586938124,2,0.4014226832863482
current,0.47678993380266327,6.769533281591324,3,0.25459835962536204
current,0.35117772567656874,7.266298956787123,1,0.4125656061385781
current,0.5885803093114782,5.167389493822763,4,0.33799786791514075
current,0.4254180984907962,9.00339048621711,0,0.36344292687061847
current,0.5558700656315657,10.46086421446779,1,0.24254502846013248
current,0.43821216742644964,9.701049696065594,2,0.1955293298062251
current,0.40719389501890957,0.25486313211864786,2,0.40310643667008306
current,0.5491319135704635,14.508241842425438,1,0.4152523330348652
current,0.6248483030553794,6.526386923373641,2,0.1276319647784274
current,0.4599164822925795,2.4109047037242215,2,0.05462990336163712
current,0.469908476092693,10.128002557613325,2,0.4413249221318585
current,0.07822975194655912,14.317875902946314,2,0.2956640633237542
current,0.3416786344920165,11.44835147404152,4,0.2689368436585511
current,0.40676069457954483,3.553983700734589,6,0.773910972009622
current,0.5232011866218728,6.635214337122607,2,0.11663034465329122
current,0.45348539835073787,6.772077972917801,0,0.16581632462292417
current,0.687906402866742,5.518654361052297,1,0.7122644612274055
current,0.3654126236994861,6.689012438643195,4,0.2726683805459979
current,0.44542194077804986,9.077450581075727,2,0.6573365837626719
current,0.6656045027945552,5.899696918823475,2,0.44987900914012086
current,0.5807012809078546,10.42935215256247,3,0.4363123427711637
current,0.37875054290593113,9.895021202808536,4,0.6323124562580797
current,0.29935838382799634,12.66737317951063,4,0.5472486801610638
current,0.4227742461579636,4.846804490244329,2,0.13088757296465384
current,0.36581586282380857,4.902933455326679,0,0.2833616691092723
current,0.6259515968220177,8.393096888609719,1,0.33656130655844485
current,0.39984641838798063,4.880789587596355,3,0.18663593326280384
current,0.6289741265471,3.853310249539229,1,0.3512326746562232
current,0.5764931003294378,7.991483200790568,2,0.1083832280252577
current,0.7179013417613935,6.8960852961651025,2,0.28167887178853607
current,0.36711413816091465,6.729488959521508,1,0.6716495324344571
current,0.46467087294212034,11.429611786167102,2,0.33614189459471583
current,0.3315675048391618,7.134793338799191,0,0.28791289182253216
current,0.29346838666098485,14.826359818384839,1,0.20467262725721797
current,0.38003352021415304,14.309814122967506,3,0.3249182518567158
current,0.5944015200497575,0.5621801874934844,3,0.5106731615290179
current,0.57320736783591,5.478343934242732,4,0.5545058832266397
current,0.5855185895519214,8.002168819986528,2,0.5351652314086943
current,0.31489508604390504,4.206481266398537,2,0.6802431512705138
current,0.5566123031100054,9.28882700653905,2,0.4038474265773643
current,0.5381355412609946,10.81784761365866,1,0.4065704379708566
current,0.4218801457052773,10.211830965380575,2,0.35135147171575065
current,0.3885614235815948,10.870501299908609,4,0.30666791720007713
current,0.5067060515333793,6.789077489407516,1,0.345566372808189
current,0.3382967257560723,6.071960199649448,4,0.4175610287129523
current,0.394298703762638,13.172873950513026,1,0.08665807317011275
current,0.29005388626357453,6.168127890693502,5,0.1965592854018173
current,0.4688039429520473,12.331617215766734,3,0.7267278935297661
current,0.5292001708438208,8.610685591126428,0,0.6775279939664153
current,0.43912933498796136,12.213502926301723,0,0.6940737517315121
current,0.26821842703517795,4.113330279213084,2,0.2626576999976214
current,0.6635185050504904,10.546256333302177,1,0.5226757055591237
current,0.3685330849927162,10.508562062825781,4,0.5267835394546222
current,0.43581051510643176,7.749643110493374,1,0.08735169572192288
current,0.36412658415474464,10.590127631387766,1,0.3511924414940156
current,0.3785370342580147,4.421624217610588,3,0.5274863505160146
current,0.48387535744819843,8.801454606786994,3,0.612159553570903
current,0.5143505607087481,12.365167232124493,1,0.13878884488969004
current,0.6683781209725271,9.50743933521968,1,0.6100590423044627
current,0.40525201959159945,9.338251831749654,2,0.3627288117803813
current,0.5044238670792568,9.800903268508659,4,0.2638733666755148
current,0.35343279320560994,6.546184592759088,3,0.37252340414479357
current,0.34741849908732625,4.316897772146783,5,0.11830012664261917
current,0.44854500797418145,3.4186663844300273,3,0.3530526873930777
current,0.42762936567202237,2.766371969242389,2,0.45635695084181566
current,0.6261022327135999,7.8893655766226365,2,0.540985768223656
current,0.47490288692940863,6.745439558751342,2,0.5731221352256547
current,0.5089288109553322,9.36425136001257,2,0.09905354822050172
current,0.3910379112340803,9.705276152714717,4,0.29129474847935655
current,0.5652254317461644,8.75511162569852,4,0.23234997677492872
current,0.5670020051397151,8.170359629851104,3,0.5516971580500413
current,0.34128159055526436,8.65296036193001,1,0.23985233665529931
current,0.5522369425370893,9.544378514615317,2,0.3167624578002082
current,0.5423059050063117,2.8231207278175194,2,0.43463791114977907
current,0.50479112443525,5.093815116751609,0,0.4858060448285756
current,0.31782875303839125,12.855998500422558,1,0.5441811184881092
current,0.42666324067459743,12.68987743620485,3,0.5104050306580286
current,0.43476064598756614,3.078531214573858,4,0.2543660491806493
current,0.27979333250533955,7.498656158758921,1,0.06425995250084288
current,0.4027259764057774,10.985252384585005,1,0.123562978079547
current,0.41852874917744276,4.912932974224082,1,0.3392785113538124
current,0.39602461278775775,7.9521173581211,0,0.08637583477317984
current,0.5583497618472202,8.51202718557599,2,0.46018992727993513
current,0.5087047615818485,7.826486210820075,3,0.4377730280263522
current,0.3756041377161595,7.08015956460308,2,0.15268065805768397
current,0.4103460310114355,6.392919990723362,0,0.1576209746444188
current,0.369516515721708,0.8783141704982089,1,0.5703664753447142
current,0.4375495954559239,6.542355852613868,2,0.15898909256202914
current,0.5672477558364634,2.955802432118279,1,0.5773748447012267
current,0.42798290574945796,7.80122475187321,4,0.2895486468192147
current,0.43150927566257996,7.670704153269263,3,0.12525741963887646
current,0.5203725671426452,16.03298737934157,1,0.5083160993355632
current,0.3674869259697906,1.0713399459149286,2,0.4219011553411954
current,0.6017408232526985,2.529714723084907,2,0.7211840648662008
current,0.65990323303047,6.699907497253634,1,0.657986835888632
current,0.4504713744012874,9.027000101930915,0,0.26521538992927124
current,0.4637590804664201,12.126589165538364,5,0.3981003867137815
current,0.6020764218739724,7.356715456504387,4,0.3731983997490132
current,0.5239101602146564,7.580504603526735,6,0.38961522001762083
current,0.48815571432774174,6.765858341972437,4,0.17207596227454722
current,0.6120724531704207,8.582165373775526,2,0.25545556775248285
current,0.5310406956131541,5.708820638050775,2,0.3019354095081146
current,0.2856039676578902,2.816015201291931,4,0.12080120593518902
current,0.48644534334156986,8.195837608511269,5,0.5243934893750899
current,0.16996725471383017,7.663647157523073,5,0.34463071855781374
current,0.625248750265671,10.002399146732973,3,0.5511093525387768
current,0.4502439265214141,10.409278604512528,1,0.1003039099791687
current,0.26149597295347093,7.555879228976657,2,0.454503828721806
current,0.5022343044381143,4.940269675144477,3,0.4043016122465263
current,0.39014869174918704,9.46645837517468,2,0.2132331768727839
current,0.385627518499601,5.10582137015944,4,0.6471450261202474
current,0.42957090619171373,4.174897875234052,5,0.7210742380876034
current,0.5362968059364729,1.9583473934123932,3,0.5214597891570103
current,0.40599243203957514,7.7037870076061274,1,0.28721123229418777
current,0.5075705103747739,4.021869215398967,1,0.17518040572569613
current,0.6494298235733974,10.555359644516255,2,0.009223602643786875
current,0.4024070176716178,9.07966922587811,5,0.3442448184724506
current,0.4872311886704641,0.8376103750038828,2,0.4267877989572358
current,0.7457048045845691,15.711502252066579,3,0.7001449384501119
current,0.38145310622784884,11.760116646066065,1,0.6994326443952791
current,0.47251680879657926,11.243109341715503,1,0.1850942234784043
current,0.5162634517048847,8.794687973955343,5,0.5448437472713389
current,0.3226275692119216,10.43932559063818,1,0.3282866590799356
current,0.485135804138699,9.790459658732232,2,0.5415606378348308
current,0.5948613093801103,3.324132995582156,4,0.4837219982387495
current,0.4406911418082499,7.246272083603839,1,0.5771006284110626
current,0.21635284714841663,11.680068425740966,2,0.3222579308850836
current,0.6547038111263317,6.912480632323151,0,0.49015615550893843
current,0.5809223051572627,4.120198386836382,2,0.23736881699857082
current,0.38132993834320567,0.4785047115626675,4,0.12665334715143323
current,0.47721723345414657,3.7669450328421767,0,0.4487917892013924
current,0.3848992366123381,6.578906642254679,1,0.7814290963047843
current,0.5577571554539013,7.842607326976721,3,0.3475134745725927
current,0.5494474889388621,5.5419764160938225,0,0.41996796409365383
current,0.36855095708063534,6.891917789084507,1,0.11842591779948998
current,0.4644670183787948,15.815338074187235,0,0.5776550328211852
current,0.3897840472764906,8.756532818203357,2,0.5741812269069677
current,0.4810924776168377,14.213940562546107,5,0.4259304736079522
current,0.5380092687170508,8.380654682497804,4,0.9414101744582349
current,0.4542623386683008,5.801284623888181,1,0.16080122767631333
current,0.4564967169786324,10.41400985692008,0,0.5610083508328886
current,0.30625064389798895,6.345777545903429,1,0.6108131971604818
current,0.4353932642196894,4.505205714605306,5,0.12601109520003417
current,0.5174230537779894,9.56020781088018,1,0.32132864272883005
current,0.26649994604151583,4.403935842706774,3,0.3748770815213042
current,0.226907417384065,8.681480656436793,1,0.3991680968491956
current,0.5701964899749437,7.098687181933107,2,0.2523420169440813
current,0.3550549830553358,7.420338243281865,3,0.07963506204939974
current,0.26633649017277505,13.059961275538562,2,0.28821769689413845
current,0.3723113422114749,7.398608841037939,3,0.2934675318258688
current,0.47160506218503734,6.243501120795774,2,0.8135573570773015
current,0.32554826350009886,8.265190540687836,3,0.6286770851730394
current,0.5000527911250978,6.041108748001411,1,0.6459626649586598
current,0.48587626574187875,2.0120450703981714,1,0.5737731216647236
current,0.5562320907851761,7.07072793438844,4,0.6391702570305692
current,0.5082563251086053,6.750315922539512,1,0.2508139508770529
current,0.6438416485487388,5.746792198607712,1,0.543805279629562
current,0.23188583030834625,17.96703677232639,2,0.1157286374174712
current,0.4508106371603752,6.514879624565976,4,0.6972520729081201
current,0.31592912883979557,7.050744655892734,1,0.11618773894786773
current,0.5477347862314859,10.156670942390125,2,0.7041211291603591
current,0.4741638823767459,14.330880131328719,2,0.4451311984489657
current,0.3356820637714218,8.95679156959235,6,0.30802505872514124
current,0.40789450248696335,13.78224499736684,2,0.23642978747540752
current,0.25750391633892333,9.01940657460276,2,0.565551021663861
current,0.3342925717628215,10.426132239778678,3,0.1298075078665452
current,0.2750486350469916,0.9432537257585523,2,0.3618852885574969
current,0.41185881528451457,7.336347777567376,0,0.5214711118931373
current,0.40643946457775654,13.32055160049234,2,0.7406496189192309
current,0.37499284251454257,9.3738642025273,5,0.5569547015553298
current,0.44291096411527875,7.9809138949695875,4,0.8004236570474811
current,0.8504131160336866,14.566512587048981,3,0.4085009076166621
current,0.39461393350608115,7.540263472223329,2,0.45879955606990186
current,0.41205615681951,8.764198902911685,2,0.4834884364452915
current,0.31369520345462876,4.602225740012731,2,0.37816079602904146
current,0.6556032881544864,8.55239175016143,1,0.2782932113259754
current,0.6204172920938067,8.271839901111065,2,0.5190365556193794
current,0.3644401753480645,5.240290147308789,3,0.8372995539767185
current,0.5371072499995285,8.016208624971604,2,0.48565098798938855
current,0.5180819674474201,10.209257125879166,2,0.22637274020335674
current,0.3407996596563235,7.744282381728046,4,0.30066696551677496
current,0.3824059055059785,10.0095040268016,0,0.4480989761700376
current,0.6270661207779592,12.522935928808948,2,0.5576521207725509
current,0.5597583269601784,11.8880157128376,4,0.6226183913623425
current,0.4935563494163575,11.13455021791089,3,0.8387242787312561
current,0.39791563830783955,8.111511887876297,5,0.1597300794432305
current,0.5616700903102914,6.346200262618696,1,0.23492062321247445
current,0.24122857610878737,14.594317674014775,1,0.3349596931683968
current,0.4050877715486335,8.866991608351128,1,0.5492171761917509
current,0.6136715807321566,3.0535506539665107,0,0.1532116578035796
current,0.6019523419553574,7.117565029493197,0,0.34217677029282617
current,0.4092808350508086,6.003170405073623,3,0.36635493426025734
current,0.5366081233620507,2.610330369279662,3,0.16528086908713818
current,0.34347199812846224,6.871059859219005,2,0.6462205292314859
current,0.3900940315574135,4.0815178691758796,3,0.29957599051121014
current,0.622764317392205,11.528736821610211,0,0.5424139547193715
current,0.37300578232602405,5.334872128500084,3,0.7312479533630075
current,0.3979767429559609,6.328491754083435,2,0.26032808572088195
current,0.24317955563764232,6.179082795785955,2,0.8793924439314251
current,0.7513367514467306,7.676620733624275,2,0.14412404999627637
current,0.33484828191139376,5.588916612652017,1,0.25749035110830193
current,0.46376530019876644,6.880791019155258,2,0.18854135019545504
current,0.4613124735791265,7.655317878048483,4,0.41667230952468426
current,0.39760523173244644,2.7882496613780408,1,0.5629793365230626
current,0.42033346140095956,4.21571945274496,2,0.29908743250775904
current,0.5279497939999247,8.875414413703307,2,0.2124719763496778
current,0.4681390243455841,6.827552137358153,3,0.24710606626202075
current,0.4946641162269339,9.37096759943124,3,0.258890991448859
current,0.44856823040020877,11.320831184463538,1,0.5238724668531992
current,0.4529822038635349,12.158282546244214,3,0.3060286268450763
current,0.23844102209583956,10.203115134386076,3,0.08201481381094672
current,0.49085976990247226,11.942438640091563,1,0.3073897160249175
current,0.3952063294959386,7.12646946103892,2,0.020486492301878552
current,0.4252385522300104,11.695769798049652,2,0.06610052350276371
current,0.5892032346620903,8.489619184540416,2,0.1129754543936136
current,0.5995817184453417,8.759191519490443,3,0.5243360846711347
current,0.590664736092528,9.892703955035987,6,0.6375797449175694
current,0.4076872855088512,15.181078665907961,5,0.07508359739254383
current,0.5248840044649083,10.906978406937668,0,0.4200530736911226
current,0.4308760959815761,7.3155610877318,3,0.4571937815314552
current,0.4978088896987316,8.792212316471606,1,0.5122468006808492
current,0.7165613972268896,5.657782608559144,3,0.5099186053357463
current,0.4479219109932663,11.401328195320517,1,0.68157493637791
current,0.23160735120525014,8.253935462765329,0,0.3920116126396122
current,0.1605264698545401,6.303727132201454,2,0.575915938528753
current,0.30572510759991367,5.085411587504398,2,0.2728474069723787
current,0.44538199184441707,12.260997003957558,0,0.32399456664982446
current,0.38482515997405053,6.562373100274546,0,0.32636168280258865
current,0.5239713930269312,8.77303550718207,2,0.13408855124356445
current,0.6331800313295168,11.549395321509682,2,0.7127086970830994
current,0.4913141595148713,4.0464436904097045,5,0.14178600246316356
current,0.4385290905522751,11.882518453134924,3,0.48177909340460834
current,0.3124579702084821,5.502479693198488,6,0.4396125005376079
current,0.26642729372045704,4.055331480227838,2,0.15498162361714815
current,0.3717299538831335,8.007480046803693,2,0.36448802365275407
current,0.48887195160668734,7.07767752625851,3,0.5321530790107147
current,0.4540365824394297,4.415524985391077,1,0.26508469524060857
current,0.551293626293349,5.845350226751586,5,0.3787678251156566
current,0.44449435756952915,7.940164470415905,5,0.14680184612289426
current,0.3879049791221165,7.172276135661261,3,0.33917583638460513
current,0.4194431579252581,10.220022444435235,2,0.09841454713782842
current,0.44666567663822776,5.81029816741219,3,0.38985746116266606
current,0.5604051873945274,13.004942417892362,2,0.2162769444956584
current,0.5168348031900835,5.494280176790932,6,0.4713977336269278
current,0.3980222755296285,7.224107563997707,1,0.37734724360508326
current,0.3399020920594381,9.379577366793203,2,0.3600919366765785
current,0.49220056206295065,7.743175147445006,1,0.28168908821385985
current,0.45789486028442566,7.463719296410944,1,0.683027824889363
current,0.26543635352547074,6.284336802508175,7,0.5188638352244881
current,0.3865792326485593,8.300548550797307,1,0.18585188817444484
current,0.5858314812433641,6.221686259337567,0,0.37523361258970717
current,0.3628568944175167,8.061373141287,4,0.5805961418011312
current,0.6226078452838852,12.828283328258298,2,0.8803165718179147
current,0.38033435369701113,9.049270381913058,1,0.31068015906862134
current,0.4861506436550731,4.37657676658232,2,0.6366859526968474
current,0.2597195985341574,7.453520409365503,3,0.056704858252270576
current,0.4174103888986627,12.760604691522294,3,0.015021972401789381
current,0.5049525750159349,10.712527355138743,2,0.1786619699392702
current,0.6493466863147094,7.857772890386205,3,0.4338850666217084
current,0.24364983958060782,11.95612986585439,2,0.10636904977086888
current,0.5593386473137182,11.069091078956689,1,0.235265428938201
current,0.34065221646841454,9.963287125728046,3,0.39105354419735805
current,0.3464166157164609,10.464053825564454,3,0.4254717422987402
current,0.4915760014086338,2.9464062386517886,3,0.5182213759539509
current,0.8341548363272648,7.925431453473086,3,0.08765863691902713
current,0.5524065162569782,10.51338738945875,2,0.27144952746999923
current,0.584142197375758,2.715787094967517,4,0.38809397051624284
current,0.5240729848167978,10.9666294231487,1,0.6771632241603855
current,0.3764705532618445,7.212975103558582,2,0.6482940958084261
current,0.5125945651365251,1.8444609817417268,4,0.6444432761305661
current,0.7180541769502431,10.220357213837017,3,0.5039301755200567
current,0.4894485147902494,8.712223533057015,1,0.5886788077481977
current,0.38329762416863866,6.5300152842459696,3,0.4662120870013434
current,0.492170178323218,3.195658280476735,4,0.2569533017368624
current,0.4515657083216911,5.772831294605053,1,0.10643641059322158
current,0.5166692904142028,1.9363400241956938,5,0.4903662848806988
current,0.49840245470938405,2.4789305583238868,4,0.7536809736499029
current,0.3756194664135826,6.636182749727226,3,0.3043976442130419
current,0.6889645293675781,10.428186359522925,0,0.6091542671621841
current,0.4891523339412104,6.519041541309388,4,0.5538015379397493
current,0.3610748070180765,8.37814526528158,2,0.3654597377597014
current,0.3668902376109108,6.372491298450079,2,0.33425995682760373
current,0.304835781722372,10.077699565532768,1,0.26708670451127486
current,0.18784165225294358,11.119020178590148,2,0.5295999026840427
current,0.3750452233085862,11.01831682026895,1,0.14184795091022073
current,0.5793415981171393,9.355975244701701,2,0.6519104408394657
current,0.5879950673731031,11.927247116355167,5,0.739633440188816
current,0.43933663192571815,4.196605129343233,1,0.2955421965638671
current,0.4820555708767441,2.4119645308093682,0,0.2706930529468007
current,0.5238703719610498,10.553691750134432,1,0.5404183154872331
current,0.4237425770382046,13.085832039785007,2,0.1824562586787775
current,0.44277141332533404,9.231076216144075,3,0.6035310766215073
current,0.5472969367950284,9.200873420676077,1,0.2856903745767267
current,0.4316207355850118,6.767487291124063,5,0.46359963601267784
current,0.18228402267388144,11.57827533982606,2,0.576841791211295
current,0.6281044830839904,8.11524202325491,1,0.31220644124414004
current,0.25142271428487195,12.102796784008394,5,0.709702844827947
current,0.3366634436841274,5.017898187618439,3,0.5768046641475465
current,0.4606360450373709,9.21638791295913,3,0.6303581430280083
current,0.5037958459513797,5.855622067162594,2,0.35112513057502537
current,0.4295917650572634,9.571553601890514,3,0.16495124064067146
current,0.6753421553843304,5.640702301518815,1,0.632152629518623
current,0.3361491948743517,12.740221706984006,2,0.4216020091503058
current,0.35256990192723425,11.68894618743537,1,0.15960333844091568
current,0.28751306403166565,2.5700804885022235,2,0.0489145687307741
current,0.4246329879578884,0.0,3,0.12595825285166556
current,0.6798180324550188,5.806372005415371,2,0.1648794236345311
current,0.5202908115110512,8.63673150922136,2,0.8188864668051015
current,0.5754851246442789,9.276555962206812,2,0.6125346583189593
current,0.5948501387577498,10.072041024016087,4,0.6339688121875015
current,0.2336696522355302,12.572309248161224,2,0.7103918630119984
current,0.4051708336898828,10.916291287850225,2,0.31188197424113395
current,0.46299532820643724,6.423935326331798,4,0.3167020365834023
current,0.32741772128942737,3.55642886166242,3,0.5913179404797334
current,0.29039235279871045,9.7866859326701,3,0.24916722647936063
current,0.5346526873206136,7.214072548855112,4,0.08389127699066065
current,0.21931492683905682,9.693009886554432,0,0.7781574626706124
current,0.2553131719400906,5.770992439696485,2,0.0462726823622348
current,0.609898340660262,8.9064307927741,5,0.19954047931917454
current,0.5479286354675381,8.124288581405603,0,0.29596445625256
current,0.42263675871267187,8.702843407612544,2,0.18617358274448734
current,0.6037898454893162,9.687565281379422,2,0.5028382509457069
current,0.3537572712898095,9.367977499459247,2,0.36441331083602513
current,0.49218332767325124,11.37962935572095,2,0.10047541074836604
current,0.6129508679234275,12.159579129872213,1,0.3224774621977945
current,0.36663729763217456,3.380830402092027,6,0.2327062852048013
current,0.40487034088432167,6.39312320748404,2,0.169504170821715
current,0.43404072605091015,5.9789436621527585,1,0.15039282647131694
current,0.41245457464429225,10.178153053404724,1,0.31456670934766146
current,0.5919938657202783,8.430387741865472,2,0.6959191377935088
current,0.44893874327585404,1.7034462393337169,0,0.27388617528936265
current,0.42589237031533045,8.165199698086925,2,0.49605558515958614
current,0.598180258823475,5.445132019821833,1,0.5524658580187762
current,0.3635951806286428,5.5350147048383604,4,0.9081502769927207
current,0.5306325311804491,10.378515439901234,3,0.24411593530039757
current,0.44801027826847784,3.3929222722930223,1,0.03222980572876125
current,0.5222991109440909,11.235471847186163,3,0.32078906113506767
current,0.5853676588841774,10.217568568347257,0,0.4858460376016081
current,0.3735365022672038,7.592400055426571,1,0.4913883458351791
current,0.4480633476888398,3.398119070708688,2,0.6414640562620064
current,0.39443926741841684,4.350978151660071,4,0.31120484018260924
current,0.46379845626036986,9.134279051011575,2,0.4247956581375934
current,0.45934370510281036,2.5842319852945383,1,0.1198234642866262
current,0.6707713720098625,9.542598906473506,1,0.0673455159499422
current,0.6165713281374019,6.817688800203109,1,0.7481200336984065
current,0.45569942022009297,4.18923262597973,2,0.46178682991068354
current,0.37771124204345785,8.09931193227192,7,0.4431115103666525
current,0.35006227601478856,4.0996154481331875,3,0.37636373663907297
current,0.25931114603458133,9.697673230286343,1,0.05521706843004242
current,0.4606635343598021,10.222196550009464,3,0.41469857303406027
current,0.3119736996318856,7.710341452693592,0,0.34213315125702204
current,0.3066650700489096,5.008106461569786,5,0.13712504291955008
current,0.3417789210062627,13.258310001999698,3,0.6771103135660753
current,0.49862418448808243,6.463075402382282,1,0.46181664122349286
current,0.3343217793751181,6.737000873901946,3,0.29941166740166547
current,0.5186695254220787,9.44129519711598,1,0.3803013143012003
current,0.3677053019611589,5.913064379984222,2,0.3002722954961129
current,0.40160375247329116,7.591353555916281,1,0.3943496253404032
current,0.37937821917579506,6.1276603857547,0,0.27597769755898277
current,0.3021869363302054,6.078657492365002,5,0.38212944814288174
current,0.3710252266718176,8.612768309962728,3,0.6099810661234051
current,0.5315572219467063,2.04952458771855,3,0.14214722697732193
current,0.6241229845549761,6.26014458962512,2,0.2660298958106788
current,0.21886324607817154,7.156010676718096,0,0.20808848319718273
current,0.517900632340329,9.82418448433678,6,0.44066093734909445
current,0.5703930354857069,9.719328823287084,6,0.1570024415323333
current,0.32629116403173475,7.0919532267155185,4,0.4755325713946408
current,0.33930467348213744,7.69696254024128,5,0.5199566026863676
current,0.5496767112158365,10.37023127681829,4,0.4667905101030148
current,0.5261813735068358,6.4236636343440185,1,0.3027977222241414
current,0.4570025066463041,5.751316298644168,1,0.34305306855159756
current,0.46566307936632984,8.622118796807182,4,0.4699070467593112
current,0.5466617968648597,7.406668461210907,0,0.04486964981802071
current,0.5231876917128941,2.6260884925509203,3,0.5941090546635
current,0.6439114389767144,6.945562308361273,4,0.29037154951256317
current,0.359832259519796,9.867898900410188,0,0.7523877558666636
current,0.3259234527617676,6.273445730402283,0,0.5538745730280366
current,0.31164812677498127,8.515476578095832,6,0.7190259607938592
current,0.5603369209675081,12.107236406750065,1,0.5702638173495904
current,0.5267432244856124,4.623583811489572,4,0.7768347799491696
current,0.42071582633458365,7.448792179169841,2,0.09549993629554296
current,0.4507909567620853,10.459346972532519,3,0.2628637070883583
current,0.5317542504278049,13.816969451604377,3,0.23246925251933895
current,0.3665372415201126,11.559773608797734,3,0.5210286225511249
current,0.40463807980969013,6.0780808137166815,2,0.13826009793112268
current,0.4361917527920904,9.623085932439057,6,0.2744885104226757
current,0.3877756781657823,1.337881528060466,4,0.5757313625616709
current,0.37691165060222726,8.57781448067365,1,0.2672521672537407
current,0.35985302168174566,10.968966374646833,3,0.03483848780236553
current,0.40319503496088754,2.6678128068905105,3,0.2745352189159118
current,0.7806753635158713,7.620776089032466,1,0.28412615098828586
current,0.33861321236549524,13.010127389348527,3,0.6399998114908523
current,0.598732667002453,4.567993424209636,0,0.5176745862705311
current,0.43232117609177656,6.879775602150651,2,0.3036006460914017
current,0.465907977248696,5.4523724426590965,2,0.7058881551262888
current,0.5784742201446653,9.251648407717894,1,0.5913536655096885
current,0.7472434863269632,7.878137886651641,1,0.13034610999208748
current,0.4201959655726625,5.12071751782489,2,0.30265010629551015
current,0.37714563279188384,5.341022474285095,3,0.14435198209418834
current,0.45342675294099777,7.836002853949857,2,0.3802652311216855
current,0.520480130463829,5.969243552719316,5,0.6621545461555329
current,0.4009844332124393,10.158920285156945,2,0.2653984585007206
current,0.4896865059371789,7.921460869922917,3,0.1585120952326697
current,0.16533670457334526,11.331240818729356,2,0.20840368892896846
current,0.2903474719254677,7.093370794035728,2,0.8228286858947302
current,0.3964279373756241,11.149559335742186,1,0.4453645838786495
current,0.48648655271154984,0.31035263181292816,0,0.4362676086735498
current,0.5742183265963905,13.409251376107825,3,0.6519368392636592
current,0.6694855804639898,13.392101837757014,1,0.29383208373942205
current,0.3508489197942833,10.98518716591122,4,0.671727163804824
current,0.542423058882491,8.312577220187052,3,0.14432977253628215
current,0.48445286522889475,7.176368596878376,2,0.3320988335066889
current,0.569513226515836,11.496132102021836,1,0.270051750119371
current,0.47210720126595324,9.604766945700925,1,0.2915667239952027
current,0.5118783040460715,9.034809794448154,5,0.35000898134414793
current,0.4292021112417991,3.5875427585545268,0,0.28190862057311433
current,0.3635771352813394,2.010309986841045,3,0.4407579288155717
current,0.5422562025734297,9.263425150570093,2,0.07178868182612072
current,0.14171547752918534,18.119135399236956,3,0.3304923188330023
current,0.4629988047800207,6.544724131192551,2,0.5455009334278597
current,0.35426368716912715,8.852446815763594,0,0.35712820994073347
current,0.5664806743646446,6.079710795617185,1,0.4675354882677404
current,0.3112672899583969,9.105980225242249,1,0.3892313524571146
current,0.28669296476870226,9.846859347180887,3,0.5913113592846002
current,0.6843283886876652,11.735643115448097,5,0.14058262756649015
current,0.5644893180850955,11.715505946696226,4,0.2479892246059623
current,0.5177763662931527,9.262577222024763,1,0.21292680415747883
current,0.4203690356876635,3.5409410519091633,1,0.3614809328674334
current,0.49117740280354877,9.539653682600854,4,0.39775689573252265
current,0.6517260765959974,7.229631649460956,1,0.5320073389802414
current,0.5485428441350525,8.837351363659396,3,0.1735786485167467
current,0.3690848225693847,10.009803430565725,2,0.39330824125544345
current,0.45449442864240214,9.83566653200335,2,0.7429798689611544
current,0.43448857883089453,7.506999985977532,3,0.5385358202133214
current,0.5241854959656167,5.227488876930755,2,0.1623944115448245
current,0.5095326018365077,5.827973672942019,3,0.7196486518291138
current,0.3523438925674563,8.524423633262986,1,0.08902501445382727
current,0.5072241944370611,8.428684297967596,0,0.43776336625398915
current,0.4042776932994162,4.968080363249598,4,0.6115699669511909
current,0.44910031144703405,6.9560242712185,2,0.3735965891908878
current,0.34171779183207873,4.396773895624461,1,0.49570743428404257
current,0.40073877468571933,6.411679173140346,0,0.5806620742026634
current,0.6542771705253023,13.845045700341672,4,0.34397666372993646
current,0.3669227010559894,11.692324045181916,3,0.3808664869477874
current,0.5673627624705313,9.024786740359126,3,0.3129489034279741
current,0.3463769233422609,9.663691490493035,5,0.6625406239568019
current,0.5143675343538926,9.426520171118593,2,0.4761704695768696
current,0.4002461881490371,3.561222301539126,2,0.5428499628853107
current,0.5586636773642626,9.269766619169017,4,0.2880341692662383
current,0.6419419890670317,7.406540469994228,2,0.3327137459983701
current,0.36958242228466415,7.669515051945737,4,0.15141392248569285
current,0.5285142357169097,5.316873424320585,4,0.547421613191058
current,0.22766566469518346,7.944205625892834,6,0.4843970096941067
current,0.4834442534834318,7.93251790348706,4,0.7336685663873276
current,0.34492454682594786,9.948524171324621,5,0.5012488741618853
current,0.5455933350340214,17.400217157700368,3,0.2795005849326532
current,0.4544863508088854,8.178812929584247,3,0.3649638932970208
current,0.4659236784684278,8.665361594477918,3,0.40409079031611317
current,0.42042981613162617,8.499793864092062,2,0.23007126992375038
current,0.31945989234647487,11.179440579228878,4,0.32534613392357703
current,0.41765437044007664,3.706703078323926,2,0.6126089850003527
current,0.5947931023771026,11.486281149478527,5,0.4503560979295487
current,0.38995341198056926,3.3787774086539972,3,0.46519179736285177
current,0.23794798971771358,2.2238488320143803,4,0.5893281431072175
current,0.4536656408771623,6.233721734925634,2,0.3172915092509433
current,0.23149362250348773,11.269509534049636,2,0.3430667017473571
current,0.5659509717773432,13.13289335724885,2,0.16846917168335795
current,0.5390994374072574,2.5325549084370698,3,0.6912055506642913
current,0.49012193905381424,4.73553654253783,0,0.30929398787912166
current,0.4025283674250646,9.932350628519995,3,0.3881157137039834
current,0.3537436430409056,5.381042256323015,0,0.25148573246514017
current,0.4626444427370201,8.020885542606452,1,0.6823305270962857
current,0.3162221132241163,4.46933641463664,0,0.5504557676730459
current,0.39184452654046775,10.730996789231074,1,0.7278164967047904
current,0.33540561631642346,10.125236089155552,6,0.35680747791603706
current,0.4463283040999821,12.005737291666353,6,0.14739676630720894
current,0.45321105679263496,10.138300610414463,1,0.2694950603021735
current,0.31650814851192366,8.511746248922291,1,0.5229142919564472
current,0.5783185886627666,6.8518146161861075,0,0.5079590029365579
current,0.3528205288611388,5.160182606497618,1,0.15967009764703047
current,0.32651420808516773,7.225274964402512,1,0.2607690799007632
current,0.5952778867311364,12.56647891103302,4,0.27525086150707995
current,0.5371829418349681,5.461024507121172,0,0.5352387799992847
current,0.4281923540770404,9.169666460680189,1,0.5226536885429799
current,0.3813441828555334,7.215798618641193,2,0.41040422603281995
current,0.3231177613404922,4.536218439869088,0,0.32222330047114284
current,0.4313198007941515,6.0191444517958494,2,0.4949679221304432
current,0.45630163862446743,8.570973180572398,5,0.5464015788856152
current,0.29460776126885757,6.503010647215415,2,0.42936791163465704
current,0.4208279602209541,3.1352132099558956,4,0.3551830341436489
current,0.23421908385057794,3.4899618830200696,5,0.3598334847915446
current,0.2820437459395712,10.326361939357689,2,0.42837771879548564
current,0.578435774314082,8.075285581715072,2,0.8126552025399169
current,0.44158327629833216,6.8630730014770815,2,0.16616948645448612
current,0.5139328655815484,4.6887290859764885,4,0.10026558807386761
current,0.6144746326406056,9.655314260834867,1,0.33967645578538347
current,0.4652444967773116,12.204221570063307,5,0.30599020686966083
current,0.4956190164764271,2.562214970997717,3,0.12118715647922558
current,0.5554578116584892,4.592335623617698,1,0.7791222558147073
current,0.32486545922262555,4.744144172907111,2,0.6221433273399368
current,0.33632605989817,14.270834617584672,1,0.062448677539063045
current,0.4900770623515983,3.123451452923997,3,0.5612057055310623
current,0.40549418142105575,8.637436826188992,2,0.4783490773815831
current,0.3305465012190953,8.616080273803853,2,0.29345516960161766
current,0.36675812511865313,3.387289321334068,3,0.7489125674217717
current,0.7439239698851279,9.192225026922612,1,0.33224400506653035
current,0.3665628226585241,15.75029029539823,0,0.37776734967426606
current,0.4859961310246136,5.119458320420957,4,0.3152988616700745
current,0.3856592806179863,7.3904146506676,4,0.5375565023691419
current,0.39545606476793305,2.330746420781649,2,0.5047516724076533
current,0.5110718274085809,6.2904818976221035,2,0.12417605128881308
current,0.5195240972766144,5.988058159633418,3,0.2799720376043563
current,0.4227549855482112,8.093200935453451,3,0.3978191419220206
current,0.26412813630988397,9.017631850138057,1,0.557256271498651
current,0.39368038505812253,11.831985128288991,1,0.5031301173262842
current,0.6289796516553066,10.701736419319781,3,0.5145773986691928
current,0.3035076111257463,5.528859628652004,1,0.4660520733476917
current,0.37401158950102364,7.785788563022563,5,0.6122087613165691
current,0.5612562187338097,11.944809316899342,4,0.5340516930083767
current,0.23246500825246613,11.97464428783255,1,0.44298734785603106
current,0.4196050271499431,4.204648565873335,3,0.44242036630049963
current,0.44807678226133524,9.809210129330447,3,0.10732146940903427
current,0.5465706373174607,4.618453292210863,2,0.22531930208269424
current,0.30430659592301246,6.840060727281839,4,0.3279662189986329
current,0.6762835640342573,9.686064243662486,3,0.580297679919495
current,0.6361095648925329,6.968417195702585,2,0.9240725280321656
current,0.3324507920830159,4.646977320695068,0,0.8093216995027449
current,0.4674621043366338,5.764338787838768,2,0.5051671960200208
current,0.3778858495729514,0.6229954205378618,4,0.4419292752544926
current,0.47883397875055267,5.577469282731603,4,0.4957420261278836
current,0.46657878498426014,4.083221403054746,2,0.3156464604630331
current,0.3699723504774863,12.737427263802353,3,0.7323927798546043
current,0.35413824343120626,13.73709084531081,2,0.31860292255829364
current,0.27395661599585797,9.39261969934082,3,0.4997427162060146
current,0.6201502134813328,13.209548311095837,3,0.36967518491874596
current,0.5903365326701828,6.5586607945842825,1,0.8284403660929868
current,0.39897939430691387,5.497123470222845,4,0.17423325169731146
current,0.5987609370255765,11.094775216035497,0,0.2917847364144766
current,0.47695500159753557,6.3804160349350125,2,0.27201692126645677
current,0.4683466865595505,8.808806806218163,2,0.8120098387908435
current,0.09580866675810923,9.731608725308556,3,0.697310807179361
current,0.5001551463563281,7.563910506156089,1,0.39967956908832414
current,0.5331665732381297,5.085760018170824,2,0.08433762399541732
current,0.21284894543185853,5.097047759659307,2,0.15594003332823886
current,0.3676576455108984,4.2588281357402655,2,0.2749857905725562
current,0.17654245049069872,7.282830760433106,1,0.4600234938214478
current,0.43260834410736804,0.0,1,0.4472606497164719
current,0.3789971641927784,9.300853243443497,3,0.5374379775496594
current,0.5573861215446337,9.1404090825497,1,0.41825672254806573
current,0.3367262106214244,3.665122023451291,5,0.46110441073166664
current,0.5611902125980344,8.629085177720349,3,0.6425822376829042
current,0.4212533046788469,12.658819375447251,2,0.6584782957411114
current,0.35953425275199735,6.578565811888169,1,0.8216073724055347
current,0.5652177921958188,9.977009294632115,3,0.36625421836003136
current,0.4362818385260582,4.353255828184931,4,0.17157014542213372
current,0.37278244069764066,7.002155881411067,8,0.4826778388009551
current,0.5906325024831094,6.698571433048696,2,0.08668259888647685
current,0.5881185908979998,6.748789333415204,5,0.47309050014869797
current,0.49707503652734886,10.347665324926712,4,0.3612564060397003
current,0.37963967182860403,10.475219483333055,2,0.27275252813558637
current,0.5624092629301533,6.83468409766902,2,0.44158297467398955
current,0.31829802804162244,3.6524968902963346,5,0.16697041254364417
current,0.555642175295445,13.843902888497649,5,0.28669316468890776
current,0.30902890539510086,10.081755228755723,2,0.23279087122697423
current,0.5471860967815297,8.137141879560996,2,0.6557761282348255
current,0.35550146226915236,7.987657190290792,3,0.49388078478464476
current,0.42950460425151743,8.292913296645773,2,0.19705990525640724
current,0.5096777503788115,7.48751355408473,1,0.49210704286862167
current,0.2913659635943989,5.0354708932150745,3,0.4207181548808306
current,0.6266135456222222,10.402431886675185,3,0.3256231962452462
current,0.5051339235403578,12.184448813647833,4,0.27045979527402375
current,0.570632468828225,12.747453691198103,0,0.4498721358253123
current,0.30333625136406916,4.555099330861714,2,0.26252411908259343
current,0.47599915588229386,6.192575282660856,1,0.1742872464138053
current,0.39858785982340467,11.532971153826129,3,0.6189109300355427
current,0.5147257578845392,4.231999520756446,7,0.24631609075116215
current,0.6324027863837192,8.61623316427085,1,0.3326576242212602
current,0.46029247731495776,12.014593401006978,3,0.19132245053145705
current,0.4446415334093274,8.425904545965754,1,0.4771584348025695
current,0.5403878306843435,3.461295882937394,6,0.6410477515804338
current,0.48687982326928003,8.627095064297622,4,0.45337077755698224
current,0.37751255938236095,5.290706563610069,0,0.3116080992471336
current,0.34321868185391174,6.20570724652122,2,0.33317644324688445
current,0.48914313122777336,8.681458948181785,5,0.4393869757216153
current,0.43095017967053356,8.208594878691201,4,0.363358189441343
current,0.5352002293377823,4.739988705901618,3,0.6290740708209472
current,0.42846220444360855,0.0,2,0.4341966988877546
current,0.5287543021053038,6.935811853710407,3,0.06738050530176055
current,0.6067279229237368,6.604853400678854,4,0.22871686013227016
current,0.3296975033630984,9.828860697206855,3,0.116900746485366
current,0.2778095416571448,9.162167933226696,1,0.49641564993303944
current,0.6206137035667217,5.722984890503235,1,0.15111622944187925
current,0.17704073479140015,9.503607249548836,2,0.1686057181370471
current,0.5381413582895382,10.408987830552828,2,0.23179631201344572
current,0.5456150040721408,6.836819877241515,0,0.2039521342121955
current,0.3829870671257644,9.705588830451106,5,0.5159691124861895
current,0.5407588416325965,7.106501858415985,1,0.43896566663736925
current,0.3769217673285171,10.942950925244281,3,0.21051626516421187
current,0.289565359948333,15.911606817003861,1,0.5086073899333229
current,0.4134611155459962,4.519606096195554,3,0.5051566232300877
current,0.3202883025644211,6.646087120007191,1,0.17980382618910495
current,0.49127420094437924,11.725285257102898,0,0.09770004321170822
current,0.34052543733235324,9.209848998016088,2,0.3233325862011856
current,0.3736480402489995,13.15171453751518,2,0.3709947216674179
current,0.626953903690681,9.247773682876865,0,0.8431367242023347
current,0.42455903940111434,4.838288046838661,3,0.34354423709635473
current,0.2807263224512653,9.5342305245555,4,0.4923850541708526
current,0.7362176842840811,6.5096031181052565,4,0.2286383569623445
current,0.5305096977855367,6.698038326554791,4,0.08359584980153353
current,0.331698895803675,2.4254436051457775,2,0.200604159494668
current,0.2968076091976275,5.516704145317976,3,0.4424896385415471
current,0.33705324117016333,4.8127341324318085,2,0.6148153437510198
current,0.3092991221275888,3.1785423817281604,1,0.18787409742976474
current,0.43703197884986567,9.006615609435045,1,0.6243634208097796
current,0.5474094109094043,7.286099669878338,3,0.48403479863588933
current,0.4615381721521914,5.0450146871510295,6,0.5727673696484152
current,0.3766566136442512,7.038829371302702,2,0.23818185926140856
current,0.5053994910693952,9.442090241842074,5,0.22736225421255282
current,0.5532422602156721,3.227461807686149,4,0.7787132656679894
current,0.3038250984606465,9.93553634957112,0,0.1643570109110827
current,0.5693047885048418,8.836245665593985,2,0.47239340778943295
current,0.3673517221615578,7.747928462453621,3,0.6761566055646481
current,0.45698946941122254,10.855477035443723,1,0.2376286663018245
current,0.4378060561526961,9.77553903814148,4,0.38895363205719713
current,0.17415882980307634,5.963932147646327,2,0.1273763481275776
current,0.6447219837134202,9.856456496143082,1,0.28590643146686706
current,0.3715560302538756,9.69492521515452,3,0.5068995946096115
current,0.49131887459273205,8.37164737248704,6,0.0844014712215806
current,0.5363288475917177,4.591525691106327,2,0.15339535825332326
current,0.3070558898753435,8.766926010856283,3,0.08510759768163478
current,0.2955785414441833,12.807777946800247,5,0.06537560446202494
current,0.5002759455411129,8.394715197987027,2,0.49494901132772134
current,0.4874970451454172,6.957536553242775,2,0.13232241689308188
current,0.5851887829284487,7.930320195330647,3,0.13241830717013045
current,0.39908511602997254,4.324393076416829,5,0.7282496641312797
current,0.4283735066620258,13.386399471064003,0,0.3191139552615617
current,0.6789818665984448,5.415964487046084,1,0.8375789401525434
current,0.399606433311605,4.065809786841917,5,0.22679545547751798
current,0.4295459148610098,8.845979936328677,2,0.656193325713584
current,0.2911896622180049,7.387026433402882,1,0.6152663187935569
current,0.33536935687644903,8.565759997769929,2,0.5473407473456049
current,0.3783652358559392,5.0305469418738005,2,0.34902796445085327
current,0.44837423168400475,10.871751926518176,4,0.1401088321180184
current,0.4461641574240165,10.15316214945727,2,0.4899614731220538
current,0.48868081084608395,8.325423751195485,3,0.10098168754907373
current,0.29315789063580855,14.232598646566487,0,0.4938228586744712
current,0.35130681402382413,5.52511530068244,1,0.18881542620204605
current,0.541214626190847,3.2737224217707164,0,0.7280641426807245
current,0.20240889662008427,8.628125796022193,0,0.39758123012502217
current,0.44048480089644526,11.699551473207688,5,0.7678790679167139
current,0.6992126390486767,10.285961129609536,2,0.3842509077550121
current,0.3680434421799718,8.964056114198277,5,0.8233780530514231
current,0.44096887015585645,6.283963278599006,0,0.6499395701844466
current,0.4339732401661399,8.849131326136026,3,0.11476507596974636
current,0.5063267559590093,5.15513431395228,1,0.03980523281145745
current,0.4589067552228786,8.381031360974404,5,0.30822744600456936
current,0.3039925467397717,7.469656689008309,2,0.36853548601774144
current,0.6336767778843524,7.638382658051583,2,0.7998558524093161
current,0.41469481386414186,11.895964903966217,0,0.4632292649839454
current,0.5862561303686094,11.56945536721499,3,0.6794773972948674
current,0.49009363224264046,9.136625316987042,3,0.5021013468158421
current,0.3745739618147962,14.09736494425986,6,0.5113292528498073
current,0.4916515177171602,5.9195918892647,0,0.170933333584367
current,0.46708338344222755,9.990784711814362,1,0.34111478536697226
current,0.5527134935149567,6.40913037269849,1,0.22517677141841502
current,0.38632398448807403,11.322846595579058,1,0.40686985744026605
current,0.4425243254127194,6.31348297993848,3,0.2501728162003649
current,0.46045427426536034,7.141412690075369,2,0.5364649145847243
current,0.3978266815933992,4.0105853840080075,2,0.3637614855605619
current,0.641902671794407,4.635939138639058,2,0.6591969838827985
current,0.3676518906533502,6.380063142750425,3,0.6589418920492314
current,0.5744730862278749,6.023730010951462,3,0.4631959511273589
current,0.5373358051291894,6.089348138210874,4,0.47434371728766167
current,0.6736363548533726,7.365637482045961,1,0.6719070036309582
current,0.3779578457723778,7.05975196665005,4,0.4620096499905959
current,0.4965777272773918,5.243301724803835,4,0.58424860373639
current,0.493088089419323,13.739794672846122,2,0.24539168025283079
current,0.4081082137233788,10.408741724439626,2,0.42283734793420613
current,0.38335317429747684,7.031906702374612,3,0.6191555023788052
current,0.49856784599118237,6.46711814460863,2,0.5794996855459484
current,0.3206950522691144,4.477330895748063,3,0.4028451264168392
current,0.6224324670427688,9.881171307260907,2,0.6067458611972808
current,0.3893207703258702,2.2335153697787,1,0.4486082184899168
current,0.4185836830593878,6.472212949118973,6,0.1844177867358218
current,0.5076436261552307,7.50506793588902,3,0.32939371724437816
current,0.48602510302962654,9.979669547167468,0,0.7308908993728099
current,0.4640537147116265,9.964292998439989,3,0.23506907784865413
current,0.4937991532815167,10.179109644133204,2,0.3310309309852621
current,0.36229293090213943,8.356356694476041,5,0.5184662805996794
current,0.22222095536929298,3.8596730248524125,3,0.2787335366322874
current,0.4418347036293218,7.545060635633826,1,0.5931701168378732
current,0.5451060469657281,7.561600136367036,2,0.5582288619004369
current,0.5988011357952626,9.588710504156191,0,0.1595641742962234
current,0.431599908547049,3.8326529371854363,1,0.5863063085123289
