date,region,income_tier,label,prediction
2026-04-15T00:00:00,Urban,High,1,0
2026-04-15T00:00:00,Urban,High,1,0
2026-04-15T00:00:00,Urban,High,1,1
2026-04-15T00:00:00,Urban,High,1,1
2026-04-15T00:00:00,Urban,High,1,1
2026-04-15T00:00:00,Urban,High,1,1
2026-04-15T00:00:00,Urban,High,1,1
2026-04-15T00:00:00,Urban,High,1,1
2026-04-15T00:00:00,Urban,High,1,1
2026-04-15T00:00:00,Urban,High,1,1
2026-04-15T00:00:00,Urban,High,1,1
2026-04-15T00:00:00,Urban,High,1,1
2026-04-15T00:00:00,Urban,High,1,1
2026-04-15T00:00:00,Urban,High,1,1
2026-04-15T00:00:00,Urban,High,1,0
2026-04-15T00:00:00,Urban,High,1,1
2026-04-15T00:00:00,Urban,High,1,1
2026-04-15T00:00:00,Urban,High,1,1
2026-04-15T00:00:00,Urban,High,1,1
2026-04-15T00:00:00,Urban,High,1,1
2026-04-15T00:00:00,Urban,High,1,1
2026-04-15T00:00:00,Urban,High,1,1
2026-04-15T00:00:00,Urban,High,1,1
2026-04-15T00:00:00,Urban,High,1,1
2026-04-15T00:00:00,Urban,High,1,0
2026-04-15T00:00:00,Urban,High,1,1
2026-04-15T00:00:00,Urban,High,1,1
2026-04-15T00:00:00,Urban,High,1,1
2026-04-15T00:00:00,Urban,High,1,1
2026-04-15T00:00:00,Urban,High,1,1
2026-04-15T00:00:00,Urban,High,1,1
2026-04-15T00:00:00,Urban,High,1,0
2026-04-15T00:00:00,Urban,High,1,1
2026-04-15T00:00:00,Urban,High,1,1
2026-04-15T00:00:00,Urban,High,1,1
2026-04-15T00:00:00,Urban,High,1,1
2026-04-15T00:00:00,Urban,High,1,1
2026-04-15T00:00:00,Urban,High,1,1
2026-04-15T00:00:00,Urban,High,1,1
2026-04-15T00:00:00,Urban,High,1,1
2026-04-15T00:00:00,Urban,High,1,1
2026-04-15T00:00:00,Urban,High,1,1
2026-04-15T00:00:00,Urban,High,1,1
2026-04-15T00:00:00,Urban,High,1,1
2026-04-15T00:00:00,Urban,High,1,1
2026-04-15T00:00:00,Urban,High,1,1
2026-04-15T00:00:00,Urban,High,1,1
2026-04-15T00:00:00,Urban,High,1,1
2026-04-15T00:00:00,Urban,High,1,1
2026-04-15T00:00:00,Urban,High,1,1
2026-04-15T00:00:00,Urban,High,0,0
2026-04-15T00:00:00,Urban,High,0,0
2026-04-15T00:00:00,Urban,High,0,0
2026-04-15T00:00:00,Urban,High,0,1
2026-04-15T00:00:00,Urban,High,0,0
2026-04-15T00:00:00,Urban,High,0,0
2026-04-15T00:00:00,Urban,High,0,0
2026-04-15T00:00:00,Urban,High,0,0
2026-04-15T00:00:00,Urban,High,0,0
2026-04-15T00:00:00,Urban,High,0,0
2026-04-15T00:00:00,Urban,High,0,0
2026-04-15T00:00:00,Urban,High,0,0
2026-04-15T00:00:00,Urban,High,0,1
2026-04-15T00:00:00,Urban,High,0,0
2026-04-15T00:00:00,Urban,High,0,0
2026-04-15T00:00:00,Urban,High,0,0
2026-04-15T00:00:00,Urban,High,0,0
2026-04-15T00:00:00,Urban,High,0,0
2026-04-15T00:00:00,Urban,High,0,0
2026-04-15T00:00:00,Urban,High,0,0
2026-04-15T00:00:00,Urban,High,0,0
2026-04-15T00:00:00,Urban,High,0,0
2026-04-15T00:00:00,Urban,High,0,0
2026-04-15T00:00:00,Urban,High,0,0
2026-04-15T00:00:00,Urban,High,0,0
2026-04-15T00:00:00,Urban,High,0,0
2026-04-15T00:00:00,Urban,High,0,0
2026-04-15T00:00:00,Urban,High,0,0
2026-04-15T00:00:00,Urban,High,0,0
2026-04-15T00:00:00,Urban,High,0,0
2026-04-15T00:00:00,Urban,High,0,0
2026-04-15T00:00:00,Urban,High,0,0
2026-04-15T00:00:00,Urban,High,0,0
2026-04-15T00:00:00,Urban,High,0,0
2026-04-15T00:00:00,Urban,High,0,0
2026-04-15T00:00:00,Urban,High,0,0
2026-04-15T00:00:00,Urban,High,0,0
2026-04-15T00:00:00,Urban,High,0,0
2026-04-15T00:00:00,Urban,High,0,0
2026-04-15T00:00:00,Urban,High,0,0
2026-04-15T00:00:00,Urban,High,0,0
2026-04-15T00:00:00,Urban,High,0,0
2026-04-15T00:00:00,Urban,High,0,0
2026-04-15T00:00:00,Urban,High,0,0
2026-04-15T00:00:00,Urban,High,0,0
2026-04-15T00:00:00,Urban,High,0,0
2026-04-15T00:00:00,Urban,High,0,0
2026-04-15T00:00:00,Urban,High,0,0
2026-04-15T00:00:00,Urban,High,0,0
2026-04-15T00:00:00,Urban,High,0,0
2026-04-15T00:00:00,Urban,High,0,0
2026-04-15T00:00:00,Urban,High,0,0
2026-04-15T00:00:00,Urban,High,0,0
2026-04-15T00:00:00,Urban,High,0,0
2026-04-15T00:00:00,Urban,High,0,0
2026-04-15T00:00:00,Urban,High,0,0
2026-04-15T00:00:00,Urban,High,0,0
2026-04-15T00:00:00,Urban,High,0,0
2026-04-15T00:00:00,Urban,High,0,0
2026-04-15T00:00:00,Urban,High,0,0
2026-04-15T00:00:00,Urban,High,0,0
2026-04-15T00:00:00,Urban,High,0,0
2026-04-15T00:00:00,Urban,High,0,0
2026-04-15T00:00:00,Urban,High,0,0
2026-04-15T00:00:00,Urban,High,0,0
2026-04-15T00:00:00,Urban,High,0,0
2026-04-15T00:00:00,Urban,High,0,0
2026-04-15T00:00:00,Urban,High,0,0
2026-04-15T00:00:00,Urban,High,0,0
2026-04-15T00:00:00,Urban,High,0,0
2026-04-15T00:00:00,Urban,High,0,0
2026-04-15T00:00:00,Urban,High,0,0
2026-04-15T00:00:00,Urban,High,0,0
2026-04-15T00:00:00,Urban,High,0,0
2026-04-15T00:00:00,Urban,High,0,0
2026-04-15T00:00:00,Urban,High,0,0
2026-04-15T00:00:00,Urban,High,0,0
2026-04-15T00:00:00,Urban,High,0,0
2026-04-15T00:00:00,Urban,High,0,0
2026-04-15T00:00:00,Urban,High,0,0
2026-04-15T00:00:00,Urban,High,0,0
2026-04-15T00:00:00,Urban,High,0,0
2026-04-15T00:00:00,Urban,High,0,0
2026-04-15T00:00:00,Urban,High,0,0
2026-04-15T00:00:00,Urban,High,0,0
2026-04-15T00:00:00,Urban,High,0,1
2026-04-15T00:00:00,Urban,High,0,0
2026-04-15T00:00:00,Urban,High,0,0
2026-04-15T00:00:00,Urban,High,0,0
2026-04-15T00:00:00,Urban,High,0,0
2026-04-15T00:00:00,Urban,High,0,0
2026-04-15T00:00:00,Urban,High,0,0
2026-04-15T00:00:00,Urban,High,0,0
2026-04-15T00:00:00,Urban,High,0,0
2026-04-15T00:00:00,Urban,High,0,0
2026-04-15T00:00:00,Urban,High,0,0
2026-04-15T00:00:00,Urban,High,0,0
2026-04-15T00:00:00,Urban,High,0,0
2026-04-15T00:00:00,Urban,High,0,0
2026-04-15T00:00:00,Urban,High,0,0
2026-04-15T00:00:00,Urban,High,0,0
2026-04-15T00:00:00,Urban,High,0,0
2026-04-15T00:00:00,Urban,High,0,0
2026-04-15T00:00:00,Urban,High,0,0
2026-04-15T00:00:00,Urban,High,0,0
2026-04-15T00:00:00,Urban,High,0,0
2026-04-15T00:00:00,Urban,Mid,1,1
2026-04-15T00:00:00,Urban,Mid,1,1
2026-04-15T00:00:00,Urban,Mid,1,1
2026-04-15T00:00:00,Urban,Mid,1,1
2026-04-15T00:00:00,Urban,Mid,1,1
2026-04-15T00:00:00,Urban,Mid,1,1
2026-04-15T00:00:00,Urban,Mid,1,1
2026-04-15T00:00:00,Urban,Mid,1,1
2026-04-15T00:00:00,Urban,Mid,1,1
2026-04-15T00:00:00,Urban,Mid,1,1
2026-04-15T00:00:00,Urban,Mid,1,1
2026-04-15T00:00:00,Urban,Mid,1,1
2026-04-15T00:00:00,Urban,Mid,1,1
2026-04-15T00:00:00,Urban,Mid,1,1
2026-04-15T00:00:00,Urban,Mid,1,1
2026-04-15T00:00:00,Urban,Mid,1,1
2026-04-15T00:00:00,Urban,Mid,1,1
2026-04-15T00:00:00,Urban,Mid,1,1
2026-04-15T00:00:00,Urban,Mid,1,1
2026-04-15T00:00:00,Urban,Mid,1,1
2026-04-15T00:00:00,Urban,Mid,1,1
2026-04-15T00:00:00,Urban,Mid,1,1
2026-04-15T00:00:00,Urban,Mid,1,1
2026-04-15T00:00:00,Urban,Mid,1,1
2026-04-15T00:00:00,Urban,Mid,1,1
2026-04-15T00:00:00,Urban,Mid,1,1
2026-04-15T00:00:00,Urban,Mid,1,0
2026-04-15T00:00:00,Urban,Mid,1,1
2026-04-15T00:00:00,Urban,Mid,1,1
2026-04-15T00:00:00,Urban,Mid,1,1
2026-04-15T00:00:00,Urban,Mid,1,1
2026-04-15T00:00:00,Urban,Mid,1,1
2026-04-15T00:00:00,Urban,Mid,1,1
2026-04-15T00:00:00,Urban,Mid,1,1
2026-04-15T00:00:00,Urban,Mid,1,1
2026-04-15T00:00:00,Urban,Mid,1,1
2026-04-15T00:00:00,Urban,Mid,1,1
2026-04-15T00:00:00,Urban,Mid,1,1
2026-04-15T00:00:00,Urban,Mid,1,1
2026-04-15T00:00:00,Urban,Mid,1,1
2026-04-15T00:00:00,Urban,Mid,1,0
2026-04-15T00:00:00,Urban,Mid,1,1
2026-04-15T00:00:00,Urban,Mid,1,1
2026-04-15T00:00:00,Urban,Mid,1,1
2026-04-15T00:00:00,Urban,Mid,1,1
2026-04-15T00:00:00,Urban,Mid,1,0
2026-04-15T00:00:00,Urban,Mid,1,1
2026-04-15T00:00:00,Urban,Mid,1,1
2026-04-15T00:00:00,Urban,Mid,1,1
2026-04-15T00:00:00,Urban,Mid,1,1
2026-04-15T00:00:00,Urban,Mid,1,1
2026-04-15T00:00:00,Urban,Mid,1,1
2026-04-15T00:00:00,Urban,Mid,1,1
2026-04-15T00:00:00,Urban,Mid,1,0
2026-04-15T00:00:00,Urban,Mid,1,1
2026-04-15T00:00:00,Urban,Mid,1,1
2026-04-15T00:00:00,Urban,Mid,1,1
2026-04-15T00:00:00,Urban,Mid,1,1
2026-04-15T00:00:00,Urban,Mid,1,1
2026-04-15T00:00:00,Urban,Mid,1,1
2026-04-15T00:00:00,Urban,Mid,1,1
2026-04-15T00:00:00,Urban,Mid,1,1
2026-04-15T00:00:00,Urban,Mid,1,1
2026-04-15T00:00:00,Urban,Mid,1,1
2026-04-15T00:00:00,Urban,Mid,0,0
2026-04-15T00:00:00,Urban,Mid,0,0
2026-04-15T00:00:00,Urban,Mid,0,0
2026-04-15T00:00:00,Urban,Mid,0,0
2026-04-15T00:00:00,Urban,Mid,0,0
2026-04-15T00:00:00,Urban,Mid,0,0
2026-04-15T00:00:00,Urban,Mid,0,0
2026-04-15T00:00:00,Urban,Mid,0,0
2026-04-15T00:00:00,Urban,Mid,0,0
2026-04-15T00:00:00,Urban,Mid,0,0
2026-04-15T00:00:00,Urban,Mid,0,0
2026-04-15T00:00:00,Urban,Mid,0,0
2026-04-15T00:00:00,Urban,Mid,0,0
2026-04-15T00:00:00,Urban,Mid,0,0
2026-04-15T00:00:00,Urban,Mid,0,0
2026-04-15T00:00:00,Urban,Mid,0,0
2026-04-15T00:00:00,Urban,Mid,0,0
2026-04-15T00:00:00,Urban,Mid,0,0
2026-04-15T00:00:00,Urban,Mid,0,0
2026-04-15T00:00:00,Urban,Mid,0,0
2026-04-15T00:00:00,Urban,Mid,0,0
2026-04-15T00:00:00,Urban,Mid,0,0
2026-04-15T00:00:00,Urban,Mid,0,0
2026-04-15T00:00:00,Urban,Mid,0,0
2026-04-15T00:00:00,Urban,Mid,0,1
2026-04-15T00:00:00,Urban,Mid,0,0
2026-04-15T00:00:00,Urban,Mid,0,0
2026-04-15T00:00:00,Urban,Mid,0,0
2026-04-15T00:00:00,Urban,Mid,0,0
2026-04-15T00:00:00,Urban,Mid,0,0
2026-04-15T00:00:00,Urban,Mid,0,0
2026-04-15T00:00:00,Urban,Mid,0,0
2026-04-15T00:00:00,Urban,Mid,0,0
2026-04-15T00:00:00,Urban,Mid,0,0
2026-04-15T00:00:00,Urban,Mid,0,0
2026-04-15T00:00:00,Urban,Mid,0,0
2026-04-15T00:00:00,Urban,Mid,0,0
2026-04-15T00:00:00,Urban,Mid,0,0
2026-04-15T00:00:00,Urban,Mid,0,0
2026-04-15T00:00:00,Urban,Mid,0,0
2026-04-15T00:00:00,Urban,Mid,0,0
2026-04-15T00:00:00,Urban,Mid,0,0
2026-04-15T00:00:00,Urban,Mid,0,0
2026-04-15T00:00:00,Urban,Mid,0,0
2026-04-15T00:00:00,Urban,Mid,0,0
2026-04-15T00:00:00,Urban,Mid,0,0
2026-04-15T00:00:00,Urban,Mid,0,0
2026-04-15T00:00:00,Urban,Mid,0,0
2026-04-15T00:00:00,Urban,Mid,0,0
2026-04-15T00:00:00,Urban,Mid,0,0
2026-04-15T00:00:00,Urban,Mid,0,0
2026-04-15T00:00:00,Urban,Mid,0,0
2026-04-15T00:00:00,Urban,Mid,0,0
2026-04-15T00:00:00,Urban,Mid,0,0
2026-04-15T00:00:00,Urban,Mid,0,0
2026-04-15T00:00:00,Urban,Mid,0,0
2026-04-15T00:00:00,Urban,Mid,0,0
2026-04-15T00:00:00,Urban,Mid,0,0
2026-04-15T00:00:00,Urban,Mid,0,0
2026-04-15T00:00:00,Urban,Mid,0,0
2026-04-15T00:00:00,Urban,Mid,0,0
2026-04-15T00:00:00,Urban,Mid,0,0
2026-04-15T00:00:00,Urban,Mid,0,0
2026-04-15T00:00:00,Urban,Mid,0,0
2026-04-15T00:00:00,Urban,Mid,0,0
2026-04-15T00:00:00,Urban,Mid,0,0
2026-04-15T00:00:00,Urban,Mid,0,0
2026-04-15T00:00:00,Urban,Mid,0,0
2026-04-15T00:00:00,Urban,Mid,0,0
2026-04-15T00:00:00,Urban,Mid,0,1
2026-04-15T00:00:00,Urban,Mid,0,0
2026-04-15T00:00:00,Urban,Mid,0,0
2026-04-15T00:00:00,Urban,Mid,0,0
2026-04-15T00:00:00,Urban,Mid,0,0
2026-04-15T00:00:00,Urban,Mid,0,0
2026-04-15T00:00:00,Urban,Mid,0,0
2026-04-15T00:00:00,Urban,Mid,0,0
2026-04-15T00:00:00,Urban,Mid,0,0
2026-04-15T00:00:00,Urban,Mid,0,0
2026-04-15T00:00:00,Urban,Mid,0,0
2026-04-15T00:00:00,Urban,Mid,0,0
2026-04-15T00:00:00,Urban,Mid,0,0
2026-04-15T00:00:00,Urban,Mid,0,0
2026-04-15T00:00:00,Urban,Mid,0,0
2026-04-15T00:00:00,Urban,Mid,0,0
2026-04-15T00:00:00,Urban,Mid,0,0
2026-04-15T00:00:00,Urban,Mid,0,0
2026-04-15T00:00:00,Urban,Mid,0,0
2026-04-15T00:00:00,Urban,Mid,0,0
2026-04-15T00:00:00,Urban,Mid,0,1
2026-04-15T00:00:00,Urban,Mid,0,0
2026-04-15T00:00:00,Urban,Mid,0,0
2026-04-15T00:00:00,Urban,Mid,0,0
2026-04-15T00:00:00,Urban,Mid,0,0
2026-04-15T00:00:00,Urban,Mid,0,0
2026-04-15T00:00:00,Urban,Mid,0,0
2026-04-15T00:00:00,Urban,Mid,0,0
2026-04-15T00:00:00,Urban,Mid,0,0
2026-04-15T00:00:00,Urban,Mid,0,0
2026-04-15T00:00:00,Urban,Mid,0,0
2026-04-15T00:00:00,Urban,Mid,0,0
2026-04-15T00:00:00,Urban,Mid,0,0
2026-04-15T00:00:00,Urban,Mid,0,0
2026-04-15T00:00:00,Urban,Mid,0,0
2026-04-15T00:00:00,Urban,Mid,0,0
2026-04-15T00:00:00,Urban,Mid,0,0
2026-04-15T00:00:00,Urban,Mid,0,0
2026-04-15T00:00:00,Urban,Low,1,1
2026-04-15T00:00:00,Urban,Low,1,1
2026-04-15T00:00:00,Urban,Low,1,1
2026-04-15T00:00:00,Urban,Low,1,1
2026-04-15T00:00:00,Urban,Low,1,1
2026-04-15T00:00:00,Urban,Low,1,1
2026-04-15T00:00:00,Urban,Low,1,1
2026-04-15T00:00:00,Urban,Low,1,0
2026-04-15T00:00:00,Urban,Low,1,1
2026-04-15T00:00:00,Urban,Low,1,1
2026-04-15T00:00:00,Urban,Low,1,1
2026-04-15T00:00:00,Urban,Low,1,1
2026-04-15T00:00:00,Urban,Low,1,1
2026-04-15T00:00:00,Urban,Low,1,0
2026-04-15T00:00:00,Urban,Low,1,0
2026-04-15T00:00:00,Urban,Low,1,1
2026-04-15T00:00:00,Urban,Low,1,1
2026-04-15T00:00:00,Urban,Low,1,1
2026-04-15T00:00:00,Urban,Low,1,1
2026-04-15T00:00:00,Urban,Low,1,0
2026-04-15T00:00:00,Urban,Low,1,1
2026-04-15T00:00:00,Urban,Low,1,1
2026-04-15T00:00:00,Urban,Low,1,1
2026-04-15T00:00:00,Urban,Low,1,1
2026-04-15T00:00:00,Urban,Low,1,1
2026-04-15T00:00:00,Urban,Low,1,1
2026-04-15T00:00:00,Urban,Low,1,1
2026-04-15T00:00:00,Urban,Low,1,1
2026-04-15T00:00:00,Urban,Low,1,1
2026-04-15T00:00:00,Urban,Low,1,0
2026-04-15T00:00:00,Urban,Low,1,1
2026-04-15T00:00:00,Urban,Low,1,1
2026-04-15T00:00:00,Urban,Low,1,1
2026-04-15T00:00:00,Urban,Low,1,1
2026-04-15T00:00:00,Urban,Low,1,1
2026-04-15T00:00:00,Urban,Low,1,1
2026-04-15T00:00:00,Urban,Low,1,1
2026-04-15T00:00:00,Urban,Low,1,1
2026-04-15T00:00:00,Urban,Low,0,0
2026-04-15T00:00:00,Urban,Low,0,0
2026-04-15T00:00:00,Urban,Low,0,0
2026-04-15T00:00:00,Urban,Low,0,0
2026-04-15T00:00:00,Urban,Low,0,0
2026-04-15T00:00:00,Urban,Low,0,0
2026-04-15T00:00:00,Urban,Low,0,0
2026-04-15T00:00:00,Urban,Low,0,1
2026-04-15T00:00:00,Urban,Low,0,0
2026-04-15T00:00:00,Urban,Low,0,0
2026-04-15T00:00:00,Urban,Low,0,0
2026-04-15T00:00:00,Urban,Low,0,0
2026-04-15T00:00:00,Urban,Low,0,0
2026-04-15T00:00:00,Urban,Low,0,1
2026-04-15T00:00:00,Urban,Low,0,0
2026-04-15T00:00:00,Urban,Low,0,0
2026-04-15T00:00:00,Urban,Low,0,0
2026-04-15T00:00:00,Urban,Low,0,0
2026-04-15T00:00:00,Urban,Low,0,0
2026-04-15T00:00:00,Urban,Low,0,0
2026-04-15T00:00:00,Urban,Low,0,0
2026-04-15T00:00:00,Urban,Low,0,0
2026-04-15T00:00:00,Urban,Low,0,0
2026-04-15T00:00:00,Urban,Low,0,0
2026-04-15T00:00:00,Urban,Low,0,0
2026-04-15T00:00:00,Urban,Low,0,0
2026-04-15T00:00:00,Urban,Low,0,0
2026-04-15T00:00:00,Urban,Low,0,0
2026-04-15T00:00:00,Urban,Low,0,0
2026-04-15T00:00:00,Urban,Low,0,0
2026-04-15T00:00:00,Urban,Low,0,1
2026-04-15T00:00:00,Urban,Low,0,0
2026-04-15T00:00:00,Urban,Low,0,0
2026-04-15T00:00:00,Urban,Low,0,0
2026-04-15T00:00:00,Urban,Low,0,0
2026-04-15T00:00:00,Urban,Low,0,0
2026-04-15T00:00:00,Urban,Low,0,0
2026-04-15T00:00:00,Urban,Low,0,0
2026-04-15T00:00:00,Urban,Low,0,1
2026-04-15T00:00:00,Urban,Low,0,0
2026-04-15T00:00:00,Urban,Low,0,0
2026-04-15T00:00:00,Urban,Low,0,0
2026-04-15T00:00:00,Urban,Low,0,0
2026-04-15T00:00:00,Urban,Low,0,0
2026-04-15T00:00:00,Urban,Low,0,0
2026-04-15T00:00:00,Urban,Low,0,0
2026-04-15T00:00:00,Urban,Low,0,0
2026-04-15T00:00:00,Urban,Low,0,1
2026-04-15T00:00:00,Urban,Low,0,0
2026-04-15T00:00:00,Urban,Low,0,0
2026-04-15T00:00:00,Urban,Low,0,0
2026-04-15T00:00:00,Urban,Low,0,0
2026-04-15T00:00:00,Urban,Low,0,0
2026-04-15T00:00:00,Urban,Low,0,0
2026-04-15T00:00:00,Urban,Low,0,0
2026-04-15T00:00:00,Urban,Low,0,0
2026-04-15T00:00:00,Urban,Low,0,0
2026-04-15T00:00:00,Urban,Low,0,0
2026-04-15T00:00:00,Urban,Low,0,0
2026-04-15T00:00:00,Urban,Low,0,0
2026-04-15T00:00:00,Urban,Low,0,0
2026-04-15T00:00:00,Urban,Low,0,0
2026-04-15T00:00:00,Urban,Low,0,0
2026-04-15T00:00:00,Urban,Low,0,0
2026-04-15T00:00:00,Urban,Low,0,0
2026-04-15T00:00:00,Urban,Low,0,0
2026-04-15T00:00:00,Urban,Low,0,0
2026-04-15T00:00:00,Urban,Low,0,0
2026-04-15T00:00:00,Urban,Low,0,1
2026-04-15T00:00:00,Urban,Low,0,0
2026-04-15T00:00:00,Urban,Low,0,0
2026-04-15T00:00:00,Urban,Low,0,0
2026-04-15T00:00:00,Urban,Low,0,0
2026-04-15T00:00:00,Urban,Low,0,0
2026-04-15T00:00:00,Urban,Low,0,0
2026-04-15T00:00:00,Urban,Low,0,0
2026-04-15T00:00:00,Urban,Low,0,0
2026-04-15T00:00:00,Urban,Low,0,0
2026-04-15T00:00:00,Urban,Low,0,0
2026-04-15T00:00:00,Urban,Low,0,0
2026-04-15T00:00:00,Urban,Low,0,0
2026-04-15T00:00:00,Urban,Low,0,0
2026-04-15T00:00:00,Urban,Low,0,0
2026-04-15T00:00:00,Urban,Low,0,0
2026-04-15T00:00:00,Urban,Low,0,0
2026-04-15T00:00:00,Urban,Low,0,0
2026-04-15T00:00:00,Urban,Low,0,0
2026-04-15T00:00:00,Urban,Low,0,0
2026-04-15T00:00:00,Urban,Low,0,0
2026-04-15T00:00:00,Urban,Low,0,1
2026-04-15T00:00:00,Urban,Low,0,0
2026-04-15T00:00:00,Urban,Low,0,0
2026-04-15T00:00:00,Urban,Low,0,0
2026-04-15T00:00:00,Urban,Low,0,0
2026-04-15T00:00:00,Urban,Low,0,0
2026-04-15T00:00:00,Urban,Low,0,0
2026-04-15T00:00:00,Urban,Low,0,0
2026-04-15T00:00:00,Urban,Low,0,0
2026-04-15T00:00:00,Urban,Low,0,0
2026-04-15T00:00:00,Rural,High,1,1
2026-04-15T00:00:00,Rural,High,1,1
2026-04-15T00:00:00,Rural,High,1,1
2026-04-15T00:00:00,Rural,High,1,1
2026-04-15T00:00:00,Rural,High,1,1
2026-04-15T00:00:00,Rural,High,1,1
2026-04-15T00:00:00,Rural,High,1,1
2026-04-15T00:00:00,Rural,High,1,1
2026-04-15T00:00:00,Rural,High,1,1
2026-04-15T00:00:00,Rural,High,1,1
2026-04-15T00:00:00,Rural,High,1,0
2026-04-15T00:00:00,Rural,High,1,1
2026-04-15T00:00:00,Rural,High,1,1
2026-04-15T00:00:00,Rural,High,1,1
2026-04-15T00:00:00,Rural,High,1,1
2026-04-15T00:00:00,Rural,High,1,1
2026-04-15T00:00:00,Rural,High,1,1
2026-04-15T00:00:00,Rural,High,1,1
2026-04-15T00:00:00,Rural,High,1,1
2026-04-15T00:00:00,Rural,High,1,1
2026-04-15T00:00:00,Rural,High,1,1
2026-04-15T00:00:00,Rural,High,1,1
2026-04-15T00:00:00,Rural,High,1,0
2026-04-15T00:00:00,Rural,High,1,1
2026-04-15T00:00:00,Rural,High,1,0
2026-04-15T00:00:00,Rural,High,1,1
2026-04-15T00:00:00,Rural,High,1,1
2026-04-15T00:00:00,Rural,High,1,1
2026-04-15T00:00:00,Rural,High,1,1
2026-04-15T00:00:00,Rural,High,1,1
2026-04-15T00:00:00,Rural,High,1,1
2026-04-15T00:00:00,Rural,High,1,1
2026-04-15T00:00:00,Rural,High,1,1
2026-04-15T00:00:00,Rural,High,1,1
2026-04-15T00:00:00,Rural,High,1,1
2026-04-15T00:00:00,Rural,High,1,1
2026-04-15T00:00:00,Rural,High,1,1
2026-04-15T00:00:00,Rural,High,1,1
2026-04-15T00:00:00,Rural,High,1,1
2026-04-15T00:00:00,Rural,High,1,1
2026-04-15T00:00:00,Rural,High,1,1
2026-04-15T00:00:00,Rural,High,1,1
2026-04-15T00:00:00,Rural,High,1,1
2026-04-15T00:00:00,Rural,High,1,1
2026-04-15T00:00:00,Rural,High,0,0
2026-04-15T00:00:00,Rural,High,0,0
2026-04-15T00:00:00,Rural,High,0,0
2026-04-15T00:00:00,Rural,High,0,0
2026-04-15T00:00:00,Rural,High,0,0
2026-04-15T00:00:00,Rural,High,0,0
2026-04-15T00:00:00,Rural,High,0,0
2026-04-15T00:00:00,Rural,High,0,0
2026-04-15T00:00:00,Rural,High,0,1
2026-04-15T00:00:00,Rural,High,0,0
2026-04-15T00:00:00,Rural,High,0,0
2026-04-15T00:00:00,Rural,High,0,0
2026-04-15T00:00:00,Rural,High,0,0
2026-04-15T00:00:00,Rural,High,0,0
2026-04-15T00:00:00,Rural,High,0,0
2026-04-15T00:00:00,Rural,High,0,0
2026-04-15T00:00:00,Rural,High,0,0
2026-04-15T00:00:00,Rural,High,0,0
2026-04-15T00:00:00,Rural,High,0,0
2026-04-15T00:00:00,Rural,High,0,0
2026-04-15T00:00:00,Rural,High,0,0
2026-04-15T00:00:00,Rural,High,0,0
2026-04-15T00:00:00,Rural,High,0,0
2026-04-15T00:00:00,Rural,High,0,0
2026-04-15T00:00:00,Rural,High,0,0
2026-04-15T00:00:00,Rural,High,0,0
2026-04-15T00:00:00,Rural,High,0,0
2026-04-15T00:00:00,Rural,High,0,0
2026-04-15T00:00:00,Rural,High,0,0
2026-04-15T00:00:00,Rural,High,0,0
2026-04-15T00:00:00,Rural,High,0,0
2026-04-15T00:00:00,Rural,High,0,0
2026-04-15T00:00:00,Rural,High,0,0
2026-04-15T00:00:00,Rural,High,0,0
2026-04-15T00:00:00,Rural,High,0,0
2026-04-15T00:00:00,Rural,High,0,0
2026-04-15T00:00:00,Rural,High,0,0
2026-04-15T00:00:00,Rural,High,0,0
2026-04-15T00:00:00,Rural,High,0,0
2026-04-15T00:00:00,Rural,High,0,0
2026-04-15T00:00:00,Rural,High,0,0
2026-04-15T00:00:00,Rural,High,0,0
2026-04-15T00:00:00,Rural,High,0,0
2026-04-15T00:00:00,Rural,High,0,0
2026-04-15T00:00:00,Rural,High,0,0
2026-04-15T00:00:00,Rural,High,0,1
2026-04-15T00:00:00,Rural,High,0,0
2026-04-15T00:00:00,Rural,High,0,0
2026-04-15T00:00:00,Rural,High,0,0
2026-04-15T00:00:00,Rural,High,0,0
2026-04-15T00:00:00,Rural,High,0,0
2026-04-15T00:00:00,Rural,High,0,0
2026-04-15T00:00:00,Rural,High,0,0
2026-04-15T00:00:00,Rural,High,0,0
2026-04-15T00:00:00,Rural,High,0,0
2026-04-15T00:00:00,Rural,High,0,0
2026-04-15T00:00:00,Rural,High,0,0
2026-04-15T00:00:00,Rural,High,0,0
2026-04-15T00:00:00,Rural,High,0,0
2026-04-15T00:00:00,Rural,High,0,0
2026-04-15T00:00:00,Rural,High,0,0
2026-04-15T00:00:00,Rural,High,0,0
2026-04-15T00:00:00,Rural,High,0,0
2026-04-15T00:00:00,Rural,High,0,0
2026-04-15T00:00:00,Rural,High,0,0
2026-04-15T00:00:00,Rural,High,0,0
2026-04-15T00:00:00,Rural,High,0,0
2026-04-15T00:00:00,Rural,High,0,0
2026-04-15T00:00:00,Rural,High,0,0
2026-04-15T00:00:00,Rural,High,0,0
2026-04-15T00:00:00,Rural,High,0,0
2026-04-15T00:00:00,Rural,High,0,0
2026-04-15T00:00:00,Rural,High,0,0
2026-04-15T00:00:00,Rural,High,0,0
2026-04-15T00:00:00,Rural,High,0,0
2026-04-15T00:00:00,Rural,High,0,0
2026-04-15T00:00:00,Rural,High,0,0
2026-04-15T00:00:00,Rural,High,0,0
2026-04-15T00:00:00,Rural,High,0,0
2026-04-15T00:00:00,Rural,High,0,0
2026-04-15T00:00:00,Rural,High,0,0
2026-04-15T00:00:00,Rural,High,0,0
2026-04-15T00:00:00,Rural,High,0,0
2026-04-15T00:00:00,Rural,High,0,0
2026-04-15T00:00:00,Rural,High,0,0
2026-04-15T00:00:00,Rural,High,0,0
2026-04-15T00:00:00,Rural,High,0,0
2026-04-15T00:00:00,Rural,High,0,0
2026-04-15T00:00:00,Rural,High,0,0
2026-04-15T00:00:00,Rural,High,0,0
2026-04-15T00:00:00,Rural,High,0,0
2026-04-15T00:00:00,Rural,High,0,0
2026-04-15T00:00:00,Rural,High,0,0
2026-04-15T00:00:00,Rural,High,0,0
2026-04-15T00:00:00,Rural,High,0,0
2026-04-15T00:00:00,Rural,High,0,0
2026-04-15T00:00:00,Rural,High,0,0
2026-04-15T00:00:00,Rural,High,0,0
2026-04-15T00:00:00,Rural,High,0,0
2026-04-15T00:00:00,Rural,High,0,0
2026-04-15T00:00:00,Rural,High,0,0
2026-04-15T00:00:00,Rural,High,0,0
2026-04-15T00:00:00,Rural,High,0,0
2026-04-15T00:00:00,Rural,High,0,0
2026-04-15T00:00:00,Rural,Mid,1,1
2026-04-15T00:00:00,Rural,Mid,1,1
2026-04-15T00:00:00,Rural,Mid,1,1
2026-04-15T00:00:00,Rural,Mid,1,1
2026-04-15T00:00:00,Rural,Mid,1,1
2026-04-15T00:00:00,Rural,Mid,1,1
2026-04-15T00:00:00,Rural,Mid,1,1
2026-04-15T00:00:00,Rural,Mid,1,1
2026-04-15T00:00:00,Rural,Mid,1,1
2026-04-15T00:00:00,Rural,Mid,1,1
2026-04-15T00:00:00,Rural,Mid,1,1
2026-04-15T00:00:00,Rural,Mid,1,1
2026-04-15T00:00:00,Rural,Mid,1,1
2026-04-15T00:00:00,Rural,Mid,1,1
2026-04-15T00:00:00,Rural,Mid,1,1
2026-04-15T00:00:00,Rural,Mid,1,0
2026-04-15T00:00:00,Rural,Mid,1,1
2026-04-15T00:00:00,Rural,Mid,1,1
2026-04-15T00:00:00,Rural,Mid,1,0
2026-04-15T00:00:00,Rural,Mid,1,1
2026-04-15T00:00:00,Rural,Mid,1,1
2026-04-15T00:00:00,Rural,Mid,1,1
2026-04-15T00:00:00,Rural,Mid,1,1
2026-04-15T00:00:00,Rural,Mid,1,1
2026-04-15T00:00:00,Rural,Mid,1,0
2026-04-15T00:00:00,Rural,Mid,1,1
2026-04-15T00:00:00,Rural,Mid,1,1
2026-04-15T00:00:00,Rural,Mid,1,1
2026-04-15T00:00:00,Rural,Mid,1,1
2026-04-15T00:00:00,Rural,Mid,1,1
2026-04-15T00:00:00,Rural,Mid,1,1
2026-04-15T00:00:00,Rural,Mid,1,1
2026-04-15T00:00:00,Rural,Mid,1,1
2026-04-15T00:00:00,Rural,Mid,1,1
2026-04-15T00:00:00,Rural,Mid,1,0
2026-04-15T00:00:00,Rural,Mid,1,1
2026-04-15T00:00:00,Rural,Mid,1,0
2026-04-15T00:00:00,Rural,Mid,1,1
2026-04-15T00:00:00,Rural,Mid,1,1
2026-04-15T00:00:00,Rural,Mid,1,1
2026-04-15T00:00:00,Rural,Mid,1,1
2026-04-15T00:00:00,Rural,Mid,1,0
2026-04-15T00:00:00,Rural,Mid,1,1
2026-04-15T00:00:00,Rural,Mid,1,1
2026-04-15T00:00:00,Rural,Mid,1,1
2026-04-15T00:00:00,Rural,Mid,1,1
2026-04-15T00:00:00,Rural,Mid,1,1
2026-04-15T00:00:00,Rural,Mid,1,1
2026-04-15T00:00:00,Rural,Mid,1,1
2026-04-15T00:00:00,Rural,Mid,1,0
2026-04-15T00:00:00,Rural,Mid,1,1
2026-04-15T00:00:00,Rural,Mid,1,1
2026-04-15T00:00:00,Rural,Mid,1,1
2026-04-15T00:00:00,Rural,Mid,1,1
2026-04-15T00:00:00,Rural,Mid,1,0
2026-04-15T00:00:00,Rural,Mid,1,1
2026-04-15T00:00:00,Rural,Mid,1,1
2026-04-15T00:00:00,Rural,Mid,1,1
2026-04-15T00:00:00,Rural,Mid,1,1
2026-04-15T00:00:00,Rural,Mid,1,1
2026-04-15T00:00:00,Rural,Mid,1,1
2026-04-15T00:00:00,Rural,Mid,1,1
2026-04-15T00:00:00,Rural,Mid,1,1
2026-04-15T00:00:00,Rural,Mid,0,0
2026-04-15T00:00:00,Rural,Mid,0,0
2026-04-15T00:00:00,Rural,Mid,0,0
2026-04-15T00:00:00,Rural,Mid,0,0
2026-04-15T00:00:00,Rural,Mid,0,0
2026-04-15T00:00:00,Rural,Mid,0,0
2026-04-15T00:00:00,Rural,Mid,0,0
2026-04-15T00:00:00,Rural,Mid,0,0
2026-04-15T00:00:00,Rural,Mid,0,0
2026-04-15T00:00:00,Rural,Mid,0,0
2026-04-15T00:00:00,Rural,Mid,0,0
2026-04-15T00:00:00,Rural,Mid,0,0
2026-04-15T00:00:00,Rural,Mid,0,0
2026-04-15T00:00:00,Rural,Mid,0,0
2026-04-15T00:00:00,Rural,Mid,0,0
2026-04-15T00:00:00,Rural,Mid,0,0
2026-04-15T00:00:00,Rural,Mid,0,0
2026-04-15T00:00:00,Rural,Mid,0,0
2026-04-15T00:00:00,Rural,Mid,0,0
2026-04-15T00:00:00,Rural,Mid,0,0
2026-04-15T00:00:00,Rural,Mid,0,0
2026-04-15T00:00:00,Rural,Mid,0,0
2026-04-15T00:00:00,Rural,Mid,0,0
2026-04-15T00:00:00,Rural,Mid,0,0
2026-04-15T00:00:00,Rural,Mid,0,0
2026-04-15T00:00:00,Rural,Mid,0,0
2026-04-15T00:00:00,Rural,Mid,0,0
2026-04-15T00:00:00,Rural,Mid,0,0
2026-04-15T00:00:00,Rural,Mid,0,0
2026-04-15T00:00:00,Rural,Mid,0,0
2026-04-15T00:00:00,Rural,Mid,0,0
2026-04-15T00:00:00,Rural,Mid,0,0
2026-04-15T00:00:00,Rural,Mid,0,0
2026-04-15T00:00:00,Rural,Mid,0,0
2026-04-15T00:00:00,Rural,Mid,0,0
2026-04-15T00:00:00,Rural,Mid,0,0
2026-04-15T00:00:00,Rural,Mid,0,0
2026-04-15T00:00:00,Rural,Mid,0,0
2026-04-15T00:00:00,Rural,Mid,0,0
2026-04-15T00:00:00,Rural,Mid,0,0
2026-04-15T00:00:00,Rural,Mid,0,0
2026-04-15T00:00:00,Rural,Mid,0,0
2026-04-15T00:00:00,Rural,Mid,0,0
2026-04-15T00:00:00,Rural,Mid,0,1
2026-04-15T00:00:00,Rural,Mid,0,0
2026-04-15T00:00:00,Rural,Mid,0,1
2026-04-15T00:00:00,Rural,Mid,0,0
2026-04-15T00:00:00,Rural,Mid,0,0
2026-04-15T00:00:00,Rural,Mid,0,0
2026-04-15T00:00:00,Rural,Mid,0,0
2026-04-15T00:00:00,Rural,Mid,0,0
2026-04-15T00:00:00,Rural,Mid,0,0
2026-04-15T00:00:00,Rural,Mid,0,0
2026-04-15T00:00:00,Rural,Mid,0,0
2026-04-15T00:00:00,Rural,Mid,0,0
2026-04-15T00:00:00,Rural,Mid,0,0
2026-04-15T00:00:00,Rural,Mid,0,0
2026-04-15T00:00:00,Rural,Mid,0,0
2026-04-15T00:00:00,Rural,Mid,0,0
2026-04-15T00:00:00,Rural,Mid,0,0
2026-04-15T00:00:00,Rural,Mid,0,0
2026-04-15T00:00:00,Rural,Mid,0,0
2026-04-15T00:00:00,Rural,Mid,0,0
2026-04-15T00:00:00,Rural,Mid,0,0
2026-04-15T00:00:00,Rural,Mid,0,0
2026-04-15T00:00:00,Rural,Mid,0,0
2026-04-15T00:00:00,Rural,Mid,0,0
2026-04-15T00:00:00,Rural,Mid,0,0
2026-04-15T00:00:00,Rural,Mid,0,0
2026-04-15T00:00:00,Rural,Mid,0,0
2026-04-15T00:00:00,Rural,Mid,0,0
2026-04-15T00:00:00,Rural,Mid,0,0
2026-04-15T00:00:00,Rural,Mid,0,0
2026-04-15T00:00:00,Rural,Mid,0,0
2026-04-15T00:00:00,Rural,Mid,0,0
2026-04-15T00:00:00,Rural,Mid,0,0
2026-04-15T00:00:00,Rural,Mid,0,0
2026-04-15T00:00:00,Rural,Mid,0,0
2026-04-15T00:00:00,Rural,Mid,0,0
2026-04-15T00:00:00,Rural,Mid,0,0
2026-04-15T00:00:00,Rural,Mid,0,0
2026-04-15T00:00:00,Rural,Mid,0,0
2026-04-15T00:00:00,Rural,Mid,0,0
2026-04-15T00:00:00,Rural,Mid,0,0
2026-04-15T00:00:00,Rural,Mid,0,0
2026-04-15T00:00:00,Rural,Mid,0,0
2026-04-15T00:00:00,Rural,Mid,0,0
2026-04-15T00:00:00,Rural,Mid,0,0
2026-04-15T00:00:00,Rural,Mid,0,0
2026-04-15T00:00:00,Rural,Mid,0,0
2026-04-15T00:00:00,Rural,Mid,0,0
2026-04-15T00:00:00,Rural,Mid,0,0
2026-04-15T00:00:00,Rural,Low,1,1
2026-04-15T00:00:00,Rural,Low,1,1
2026-04-15T00:00:00,Rural,Low,1,0
2026-04-15T00:00:00,Rural,Low,1,1
2026-04-15T00:00:00,Rural,Low,1,1
2026-04-15T00:00:00,Rural,Low,1,1
2026-04-15T00:00:00,Rural,Low,1,1
2026-04-15T00:00:00,Rural,Low,1,1
2026-04-15T00:00:00,Rural,Low,1,1
2026-04-15T00:00:00,Rural,Low,1,1
2026-04-15T00:00:00,Rural,Low,1,1
2026-04-15T00:00:00,Rural,Low,1,1
2026-04-15T00:00:00,Rural,Low,1,0
2026-04-15T00:00:00,Rural,Low,1,0
2026-04-15T00:00:00,Rural,Low,1,1
2026-04-15T00:00:00,Rural,Low,1,1
2026-04-15T00:00:00,Rural,Low,1,1
2026-04-15T00:00:00,Rural,Low,1,1
2026-04-15T00:00:00,Rural,Low,1,1
2026-04-15T00:00:00,Rural,Low,1,0
2026-04-15T00:00:00,Rural,Low,1,0
2026-04-15T00:00:00,Rural,Low,1,1
2026-04-15T00:00:00,Rural,Low,1,1
2026-04-15T00:00:00,Rural,Low,1,1
2026-04-15T00:00:00,Rural,Low,1,1
2026-04-15T00:00:00,Rural,Low,1,1
2026-04-15T00:00:00,Rural,Low,1,1
2026-04-15T00:00:00,Rural,Low,1,1
2026-04-15T00:00:00,Rural,Low,1,0
2026-04-15T00:00:00,Rural,Low,1,1
2026-04-15T00:00:00,Rural,Low,1,1
2026-04-15T00:00:00,Rural,Low,1,1
2026-04-15T00:00:00,Rural,Low,1,1
2026-04-15T00:00:00,Rural,Low,1,1
2026-04-15T00:00:00,Rural,Low,1,1
2026-04-15T00:00:00,Rural,Low,1,1
2026-04-15T00:00:00,Rural,Low,1,1
2026-04-15T00:00:00,Rural,Low,1,1
2026-04-15T00:00:00,Rural,Low,1,1
2026-04-15T00:00:00,Rural,Low,1,1
2026-04-15T00:00:00,Rural,Low,1,1
2026-04-15T00:00:00,Rural,Low,1,1
2026-04-15T00:00:00,Rural,Low,1,0
2026-04-15T00:00:00,Rural,Low,0,0
2026-04-15T00:00:00,Rural,Low,0,0
2026-04-15T00:00:00,Rural,Low,0,1
2026-04-15T00:00:00,Rural,Low,0,0
2026-04-15T00:00:00,Rural,Low,0,0
2026-04-15T00:00:00,Rural,Low,0,0
2026-04-15T00:00:00,Rural,Low,0,0
2026-04-15T00:00:00,Rural,Low,0,0
2026-04-15T00:00:00,Rural,Low,0,0
2026-04-15T00:00:00,Rural,Low,0,0
2026-04-15T00:00:00,Rural,Low,0,0
2026-04-15T00:00:00,Rural,Low,0,0
2026-04-15T00:00:00,Rural,Low,0,0
2026-04-15T00:00:00,Rural,Low,0,0
2026-04-15T00:00:00,Rural,Low,0,0
2026-04-15T00:00:00,Rural,Low,0,0
2026-04-15T00:00:00,Rural,Low,0,0
2026-04-15T00:00:00,Rural,Low,0,0
2026-04-15T00:00:00,Rural,Low,0,0
2026-04-15T00:00:00,Rural,Low,0,0
2026-04-15T00:00:00,Rural,Low,0,0
2026-04-15T00:00:00,Rural,Low,0,1
2026-04-15T00:00:00,Rural,Low,0,0
2026-04-15T00:00:00,Rural,Low,0,0
2026-04-15T00:00:00,Rural,Low,0,0
2026-04-15T00:00:00,Rural,Low,0,0
2026-04-15T00:00:00,Rural,Low,0,0
2026-04-15T00:00:00,Rural,Low,0,0
2026-04-15T00:00:00,Rural,Low,0,0
2026-04-15T00:00:00,Rural,Low,0,0
2026-04-15T00:00:00,Rural,Low,0,0
2026-04-15T00:00:00,Rural,Low,0,0
2026-04-15T00:00:00,Rural,Low,0,0
2026-04-15T00:00:00,Rural,Low,0,0
2026-04-15T00:00:00,Rural,Low,0,0
2026-04-15T00:00:00,Rural,Low,0,0
2026-04-15T00:00:00,Rural,Low,0,0
2026-04-15T00:00:00,Rural,Low,0,0
2026-04-15T00:00:00,Rural,Low,0,0
2026-04-15T00:00:00,Rural,Low,0,0
2026-04-15T00:00:00,Rural,Low,0,0
2026-04-15T00:00:00,Rural,Low,0,0
2026-04-15T00:00:00,Rural,Low,0,0
2026-04-15T00:00:00,Rural,Low,0,0
2026-04-15T00:00:00,Rural,Low,0,0
2026-04-15T00:00:00,Rural,Low,0,0
2026-04-15T00:00:00,Rural,Low,0,0
2026-04-15T00:00:00,Rural,Low,0,0
2026-04-15T00:00:00,Rural,Low,0,0
2026-04-15T00:00:00,Rural,Low,0,1
2026-04-15T00:00:00,Rural,Low,0,0
2026-04-15T00:00:00,Rural,Low,0,0
2026-04-15T00:00:00,Rural,Low,0,0
2026-04-15T00:00:00,Rural,Low,0,0
2026-04-15T00:00:00,Rural,Low,0,0
2026-04-15T00:00:00,Rural,Low,0,1
2026-04-15T00:00:00,Rural,Low,0,0
2026-04-15T00:00:00,Rural,Low,0,0
2026-04-15T00:00:00,Rural,Low,0,0
2026-04-15T00:00:00,Rural,Low,0,0
2026-04-15T00:00:00,Rural,Low,0,0
2026-04-15T00:00:00,Rural,Low,0,0
2026-04-15T00:00:00,Rural,Low,0,0
2026-04-15T00:00:00,Rural,Low,0,0
2026-04-15T00:00:00,Rural,Low,0,0
2026-04-15T00:00:00,Rural,Low,0,0
2026-04-15T00:00:00,Rural,Low,0,0
2026-04-15T00:00:00,Rural,Low,0,0
2026-04-15T00:00:00,Rural,Low,0,0
2026-04-15T00:00:00,Rural,Low,0,0
2026-04-15T00:00:00,Rural,Low,0,0
2026-04-15T00:00:00,Rural,Low,0,0
2026-04-15T00:00:00,Rural,Low,0,0
2026-04-15T00:00:00,Rural,Low,0,0
2026-04-15T00:00:00,Rural,Low,0,0
2026-04-15T00:00:00,Rural,Low,0,0
2026-04-15T00:00:00,Rural,Low,0,0
2026-04-15T00:00:00,Rural,Low,0,0
2026-04-15T00:00:00,Rural,Low,0,0
2026-04-15T00:00:00,Rural,Low,0,0
2026-04-15T00:00:00,Rural,Low,0,0
2026-04-15T00:00:00,Rural,Low,0,0
2026-04-15T00:00:00,Rural,Low,0,0
2026-04-15T00:00:00,Rural,Low,0,0
2026-04-15T00:00:00,Rural,Low,0,0
2026-04-15T00:00:00,Rural,Low,0,0
2026-04-15T00:00:00,Rural,Low,0,0
2026-04-15T00:00:00,Rural,Low,0,0
2026-04-15T00:00:00,Rural,Low,0,0
2026-04-15T00:00:00,Rural,Low,0,0
2026-04-15T00:00:00,Rural,Low,0,1
2026-04-15T00:00:00,Rural,Low,0,0
2026-04-15T00:00:00,Rural,Low,0,0
2026-04-15T00:00:00,Rural,Low,0,0
2026-04-15T00:00:00,Rural,Low,0,0
2026-04-15T00:00:00,Rural,Low,0,0
2026-04-15T00:00:00,Rural,Low,0,0
2026-04-15T00:00:00,Rural,Low,0,0
2026-04-15T00:00:00,Rural,Low,0,1
2026-04-16T00:00:00,Urban,High,1,1
2026-04-16T00:00:00,Urban,High,1,1
2026-04-16T00:00:00,Urban,High,1,1
2026-04-16T00:00:00,Urban,High,1,1
2026-04-16T00:00:00,Urban,High,1,1
2026-04-16T00:00:00,Urban,High,1,1
2026-04-16T00:00:00,Urban,High,1,1
2026-04-16T00:00:00,Urban,High,1,1
2026-04-16T00:00:00,Urban,High,1,0
2026-04-16T00:00:00,Urban,High,1,1
2026-04-16T00:00:00,Urban,High,1,1
2026-04-16T00:00:00,Urban,High,1,1
2026-04-16T00:00:00,Urban,High,1,1
2026-04-16T00:00:00,Urban,High,1,0
2026-04-16T00:00:00,Urban,High,1,1
2026-04-16T00:00:00,Urban,High,1,1
2026-04-16T00:00:00,Urban,High,1,1
2026-04-16T00:00:00,Urban,High,1,1
2026-04-16T00:00:00,Urban,High,1,1
2026-04-16T00:00:00,Urban,High,1,1
2026-04-16T00:00:00,Urban,High,1,0
2026-04-16T00:00:00,Urban,High,1,1
2026-04-16T00:00:00,Urban,High,1,1
2026-04-16T00:00:00,Urban,High,1,1
2026-04-16T00:00:00,Urban,High,1,1
2026-04-16T00:00:00,Urban,High,1,1
2026-04-16T00:00:00,Urban,High,1,1
2026-04-16T00:00:00,Urban,High,1,1
2026-04-16T00:00:00,Urban,High,1,1
2026-04-16T00:00:00,Urban,High,1,1
2026-04-16T00:00:00,Urban,High,1,1
2026-04-16T00:00:00,Urban,High,1,0
2026-04-16T00:00:00,Urban,High,1,1
2026-04-16T00:00:00,Urban,High,1,1
2026-04-16T00:00:00,Urban,High,1,1
2026-04-16T00:00:00,Urban,High,1,1
2026-04-16T00:00:00,Urban,High,1,1
2026-04-16T00:00:00,Urban,High,1,1
2026-04-16T00:00:00,Urban,High,1,1
2026-04-16T00:00:00,Urban,High,1,1
2026-04-16T00:00:00,Urban,High,1,1
2026-04-16T00:00:00,Urban,High,1,0
2026-04-16T00:00:00,Urban,High,1,1
2026-04-16T00:00:00,Urban,High,1,1
2026-04-16T00:00:00,Urban,High,1,1
2026-04-16T00:00:00,Urban,High,1,0
2026-04-16T00:00:00,Urban,High,1,0
2026-04-16T00:00:00,Urban,High,1,1
2026-04-16T00:00:00,Urban,High,1,1
2026-04-16T00:00:00,Urban,High,1,1
2026-04-16T00:00:00,Urban,High,1,0
2026-04-16T00:00:00,Urban,High,1,1
2026-04-16T00:00:00,Urban,High,1,1
2026-04-16T00:00:00,Urban,High,0,0
2026-04-16T00:00:00,Urban,High,0,0
2026-04-16T00:00:00,Urban,High,0,0
2026-04-16T00:00:00,Urban,High,0,0
2026-04-16T00:00:00,Urban,High,0,0
2026-04-16T00:00:00,Urban,High,0,0
2026-04-16T00:00:00,Urban,High,0,0
2026-04-16T00:00:00,Urban,High,0,0
2026-04-16T00:00:00,Urban,High,0,0
2026-04-16T00:00:00,Urban,High,0,0
2026-04-16T00:00:00,Urban,High,0,0
2026-04-16T00:00:00,Urban,High,0,0
2026-04-16T00:00:00,Urban,High,0,0
2026-04-16T00:00:00,Urban,High,0,0
2026-04-16T00:00:00,Urban,High,0,0
2026-04-16T00:00:00,Urban,High,0,0
2026-04-16T00:00:00,Urban,High,0,0
2026-04-16T00:00:00,Urban,High,0,0
2026-04-16T00:00:00,Urban,High,0,0
2026-04-16T00:00:00,Urban,High,0,0
2026-04-16T00:00:00,Urban,High,0,0
2026-04-16T00:00:00,Urban,High,0,0
2026-04-16T00:00:00,Urban,High,0,0
2026-04-16T00:00:00,Urban,High,0,0
2026-04-16T00:00:00,Urban,High,0,0
2026-04-16T00:00:00,Urban,High,0,0
2026-04-16T00:00:00,Urban,High,0,0
2026-04-16T00:00:00,Urban,High,0,0
2026-04-16T00:00:00,Urban,High,0,0
2026-04-16T00:00:00,Urban,High,0,0
2026-04-16T00:00:00,Urban,High,0,0
2026-04-16T00:00:00,Urban,High,0,0
2026-04-16T00:00:00,Urban,High,0,0
2026-04-16T00:00:00,Urban,High,0,0
2026-04-16T00:00:00,Urban,High,0,0
2026-04-16T00:00:00,Urban,High,0,0
2026-04-16T00:00:00,Urban,High,0,0
2026-04-16T00:00:00,Urban,High,0,0
2026-04-16T00:00:00,Urban,High,0,0
2026-04-16T00:00:00,Urban,High,0,0
2026-04-16T00:00:00,Urban,High,0,0
2026-04-16T00:00:00,Urban,High,0,0
2026-04-16T00:00:00,Urban,High,0,0
2026-04-16T00:00:00,Urban,High,0,0
2026-04-16T00:00:00,Urban,High,0,0
2026-04-16T00:00:00,Urban,High,0,0
2026-04-16T00:00:00,Urban,High,0,0
2026-04-16T00:00:00,Urban,High,0,0
2026-04-16T00:00:00,Urban,High,0,0
2026-04-16T00:00:00,Urban,High,0,0
2026-04-16T00:00:00,Urban,High,0,0
2026-04-16T00:00:00,Urban,High,0,0
2026-04-16T00:00:00,Urban,High,0,0
2026-04-16T00:00:00,Urban,High,0,0
2026-04-16T00:00:00,Urban,High,0,1
2026-04-16T00:00:00,Urban,High,0,0
2026-04-16T00:00:00,Urban,High,0,0
2026-04-16T00:00:00,Urban,High,0,0
2026-04-16T00:00:00,Urban,High,0,0
2026-04-16T00:00:00,Urban,High,0,0
2026-04-16T00:00:00,Urban,High,0,0
2026-04-16T00:00:00,Urban,High,0,0
2026-04-16T00:00:00,Urban,High,0,1
2026-04-16T00:00:00,Urban,High,0,0
2026-04-16T00:00:00,Urban,High,0,0
2026-04-16T00:00:00,Urban,High,0,0
2026-04-16T00:00:00,Urban,High,0,0
2026-04-16T00:00:00,Urban,High,0,0
2026-04-16T00:00:00,Urban,High,0,0
2026-04-16T00:00:00,Urban,High,0,0
2026-04-16T00:00:00,Urban,High,0,0
2026-04-16T00:00:00,Urban,High,0,0
2026-04-16T00:00:00,Urban,High,0,0
2026-04-16T00:00:00,Urban,High,0,0
2026-04-16T00:00:00,Urban,High,0,1
2026-04-16T00:00:00,Urban,High,0,0
2026-04-16T00:00:00,Urban,High,0,0
2026-04-16T00:00:00,Urban,High,0,0
2026-04-16T00:00:00,Urban,High,0,0
2026-04-16T00:00:00,Urban,High,0,0
2026-04-16T00:00:00,Urban,High,0,0
2026-04-16T00:00:00,Urban,High,0,0
2026-04-16T00:00:00,Urban,High,0,0
2026-04-16T00:00:00,Urban,Mid,1,1
2026-04-16T00:00:00,Urban,Mid,1,1
2026-04-16T00:00:00,Urban,Mid,1,1
2026-04-16T00:00:00,Urban,Mid,1,1
2026-04-16T00:00:00,Urban,Mid,1,1
2026-04-16T00:00:00,Urban,Mid,1,1
2026-04-16T00:00:00,Urban,Mid,1,1
2026-04-16T00:00:00,Urban,Mid,1,1
2026-04-16T00:00:00,Urban,Mid,1,1
2026-04-16T00:00:00,Urban,Mid,1,1
2026-04-16T00:00:00,Urban,Mid,1,1
2026-04-16T00:00:00,Urban,Mid,1,1
2026-04-16T00:00:00,Urban,Mid,1,1
2026-04-16T00:00:00,Urban,Mid,1,1
2026-04-16T00:00:00,Urban,Mid,1,1
2026-04-16T00:00:00,Urban,Mid,1,1
2026-04-16T00:00:00,Urban,Mid,1,1
2026-04-16T00:00:00,Urban,Mid,1,1
2026-04-16T00:00:00,Urban,Mid,1,1
2026-04-16T00:00:00,Urban,Mid,1,1
2026-04-16T00:00:00,Urban,Mid,1,1
2026-04-16T00:00:00,Urban,Mid,1,1
2026-04-16T00:00:00,Urban,Mid,1,1
2026-04-16T00:00:00,Urban,Mid,1,1
2026-04-16T00:00:00,Urban,Mid,1,1
2026-04-16T00:00:00,Urban,Mid,1,1
2026-04-16T00:00:00,Urban,Mid,1,1
2026-04-16T00:00:00,Urban,Mid,1,1
2026-04-16T00:00:00,Urban,Mid,1,1
2026-04-16T00:00:00,Urban,Mid,1,1
2026-04-16T00:00:00,Urban,Mid,1,1
2026-04-16T00:00:00,Urban,Mid,1,1
2026-04-16T00:00:00,Urban,Mid,1,1
2026-04-16T00:00:00,Urban,Mid,1,1
2026-04-16T00:00:00,Urban,Mid,1,1
2026-04-16T00:00:00,Urban,Mid,1,1
2026-04-16T00:00:00,Urban,Mid,1,1
2026-04-16T00:00:00,Urban,Mid,1,1
2026-04-16T00:00:00,Urban,Mid,1,1
2026-04-16T00:00:00,Urban,Mid,1,1
2026-04-16T00:00:00,Urban,Mid,1,1
2026-04-16T00:00:00,Urban,Mid,1,0
2026-04-16T00:00:00,Urban,Mid,1,1
2026-04-16T00:00:00,Urban,Mid,1,1
2026-04-16T00:00:00,Urban,Mid,1,1
2026-04-16T00:00:00,Urban,Mid,1,1
2026-04-16T00:00:00,Urban,Mid,1,1
2026-04-16T00:00:00,Urban,Mid,1,1
2026-04-16T00:00:00,Urban,Mid,1,1
2026-04-16T00:00:00,Urban,Mid,1,1
2026-04-16T00:00:00,Urban,Mid,1,1
2026-04-16T00:00:00,Urban,Mid,1,1
2026-04-16T00:00:00,Urban,Mid,1,1
2026-04-16T00:00:00,Urban,Mid,1,1
2026-04-16T00:00:00,Urban,Mid,1,1
2026-04-16T00:00:00,Urban,Mid,1,0
2026-04-16T00:00:00,Urban,Mid,1,1
2026-04-16T00:00:00,Urban,Mid,1,1
2026-04-16T00:00:00,Urban,Mid,1,1
2026-04-16T00:00:00,Urban,Mid,1,1
2026-04-16T00:00:00,Urban,Mid,1,1
2026-04-16T00:00:00,Urban,Mid,1,0
2026-04-16T00:00:00,Urban,Mid,1,1
2026-04-16T00:00:00,Urban,Mid,0,0
2026-04-16T00:00:00,Urban,Mid,0,0
2026-04-16T00:00:00,Urban,Mid,0,0
2026-04-16T00:00:00,Urban,Mid,0,0
2026-04-16T00:00:00,Urban,Mid,0,0
2026-04-16T00:00:00,Urban,Mid,0,0
2026-04-16T00:00:00,Urban,Mid,0,0
2026-04-16T00:00:00,Urban,Mid,0,0
2026-04-16T00:00:00,Urban,Mid,0,0
2026-04-16T00:00:00,Urban,Mid,0,0
2026-04-16T00:00:00,Urban,Mid,0,0
2026-04-16T00:00:00,Urban,Mid,0,0
2026-04-16T00:00:00,Urban,Mid,0,0
2026-04-16T00:00:00,Urban,Mid,0,0
2026-04-16T00:00:00,Urban,Mid,0,0
2026-04-16T00:00:00,Urban,Mid,0,0
2026-04-16T00:00:00,Urban,Mid,0,0
2026-04-16T00:00:00,Urban,Mid,0,0
2026-04-16T00:00:00,Urban,Mid,0,0
2026-04-16T00:00:00,Urban,Mid,0,0
2026-04-16T00:00:00,Urban,Mid,0,0
2026-04-16T00:00:00,Urban,Mid,0,0
2026-04-16T00:00:00,Urban,Mid,0,0
2026-04-16T00:00:00,Urban,Mid,0,0
2026-04-16T00:00:00,Urban,Mid,0,1
2026-04-16T00:00:00,Urban,Mid,0,0
2026-04-16T00:00:00,Urban,Mid,0,0
2026-04-16T00:00:00,Urban,Mid,0,0
2026-04-16T00:00:00,Urban,Mid,0,0
2026-04-16T00:00:00,Urban,Mid,0,1
2026-04-16T00:00:00,Urban,Mid,0,0
2026-04-16T00:00:00,Urban,Mid,0,0
2026-04-16T00:00:00,Urban,Mid,0,0
2026-04-16T00:00:00,Urban,Mid,0,0
2026-04-16T00:00:00,Urban,Mid,0,0
2026-04-16T00:00:00,Urban,Mid,0,0
2026-04-16T00:00:00,Urban,Mid,0,0
2026-04-16T00:00:00,Urban,Mid,0,0
2026-04-16T00:00:00,Urban,Mid,0,0
2026-04-16T00:00:00,Urban,Mid,0,0
2026-04-16T00:00:00,Urban,Mid,0,0
2026-04-16T00:00:00,Urban,Mid,0,0
2026-04-16T00:00:00,Urban,Mid,0,0
2026-04-16T00:00:00,Urban,Mid,0,0
2026-04-16T00:00:00,Urban,Mid,0,0
2026-04-16T00:00:00,Urban,Mid,0,0
2026-04-16T00:00:00,Urban,Mid,0,0
2026-04-16T00:00:00,Urban,Mid,0,0
2026-04-16T00:00:00,Urban,Mid,0,0
2026-04-16T00:00:00,Urban,Mid,0,0
2026-04-16T00:00:00,Urban,Mid,0,0
2026-04-16T00:00:00,Urban,Mid,0,0
2026-04-16T00:00:00,Urban,Mid,0,0
2026-04-16T00:00:00,Urban,Mid,0,0
2026-04-16T00:00:00,Urban,Mid,0,0
2026-04-16T00:00:00,Urban,Mid,0,0
2026-04-16T00:00:00,Urban,Mid,0,0
2026-04-16T00:00:00,Urban,Mid,0,0
2026-04-16T00:00:00,Urban,Mid,0,0
2026-04-16T00:00:00,Urban,Mid,0,0
2026-04-16T00:00:00,Urban,Mid,0,0
2026-04-16T00:00:00,Urban,Mid,0,0
2026-04-16T00:00:00,Urban,Mid,0,0
2026-04-16T00:00:00,Urban,Mid,0,0
2026-04-16T00:00:00,Urban,Mid,0,0
2026-04-16T00:00:00,Urban,Mid,0,0
2026-04-16T00:00:00,Urban,Mid,0,0
2026-04-16T00:00:00,Urban,Mid,0,0
2026-04-16T00:00:00,Urban,Mid,0,0
2026-04-16T00:00:00,Urban,Mid,0,0
2026-04-16T00:00:00,Urban,Mid,0,0
2026-04-16T00:00:00,Urban,Mid,0,0
2026-04-16T00:00:00,Urban,Mid,0,0
2026-04-16T00:00:00,Urban,Mid,0,0
2026-04-16T00:00:00,Urban,Mid,0,0
2026-04-16T00:00:00,Urban,Mid,0,1
2026-04-16T00:00:00,Urban,Mid,0,0
2026-04-16T00:00:00,Urban,Mid,0,0
2026-04-16T00:00:00,Urban,Mid,0,0
2026-04-16T00:00:00,Urban,Mid,0,0
2026-04-16T00:00:00,Urban,Mid,0,0
2026-04-16T00:00:00,Urban,Mid,0,0
2026-04-16T00:00:00,Urban,Mid,0,0
2026-04-16T00:00:00,Urban,Mid,0,0
2026-04-16T00:00:00,Urban,Mid,0,0
2026-04-16T00:00:00,Urban,Mid,0,0
2026-04-16T00:00:00,Urban,Mid,0,0
2026-04-16T00:00:00,Urban,Mid,0,0
2026-04-16T00:00:00,Urban,Mid,0,0
2026-04-16T00:00:00,Urban,Mid,0,0
2026-04-16T00:00:00,Urban,Mid,0,0
2026-04-16T00:00:00,Urban,Mid,0,0
2026-04-16T00:00:00,Urban,Mid,0,0
2026-04-16T00:00:00,Urban,Mid,0,0
2026-04-16T00:00:00,Urban,Mid,0,0
2026-04-16T00:00:00,Urban,Mid,0,0
2026-04-16T00:00:00,Urban,Mid,0,0
2026-04-16T00:00:00,Urban,Mid,0,1
2026-04-16T00:00:00,Urban,Mid,0,0
2026-04-16T00:00:00,Urban,Low,1,1
2026-04-16T00:00:00,Urban,Low,1,0
2026-04-16T00:00:00,Urban,Low,1,1
2026-04-16T00:00:00,Urban,Low,1,1
2026-04-16T00:00:00,Urban,Low,1,1
2026-04-16T00:00:00,Urban,Low,1,1
2026-04-16T00:00:00,Urban,Low,1,1
2026-04-16T00:00:00,Urban,Low,1,1
2026-04-16T00:00:00,Urban,Low,1,1
2026-04-16T00:00:00,Urban,Low,1,0
2026-04-16T00:00:00,Urban,Low,1,1
2026-04-16T00:00:00,Urban,Low,1,1
2026-04-16T00:00:00,Urban,Low,1,1
2026-04-16T00:00:00,Urban,Low,1,1
2026-04-16T00:00:00,Urban,Low,1,1
2026-04-16T00:00:00,Urban,Low,1,0
2026-04-16T00:00:00,Urban,Low,1,1
2026-04-16T00:00:00,Urban,Low,1,0
2026-04-16T00:00:00,Urban,Low,1,1
2026-04-16T00:00:00,Urban,Low,1,1
2026-04-16T00:00:00,Urban,Low,1,1
2026-04-16T00:00:00,Urban,Low,1,1
2026-04-16T00:00:00,Urban,Low,1,1
2026-04-16T00:00:00,Urban,Low,1,1
2026-04-16T00:00:00,Urban,Low,1,1
2026-04-16T00:00:00,Urban,Low,1,1
2026-04-16T00:00:00,Urban,Low,1,1
2026-04-16T00:00:00,Urban,Low,1,1
2026-04-16T00:00:00,Urban,Low,1,1
2026-04-16T00:00:00,Urban,Low,1,1
2026-04-16T00:00:00,Urban,Low,1,1
2026-04-16T00:00:00,Urban,Low,1,1
2026-04-16T00:00:00,Urban,Low,1,1
2026-04-16T00:00:00,Urban,Low,1,1
2026-04-16T00:00:00,Urban,Low,1,1
2026-04-16T00:00:00,Urban,Low,1,0
2026-04-16T00:00:00,Urban,Low,0,0
2026-04-16T00:00:00,Urban,Low,0,0
2026-04-16T00:00:00,Urban,Low,0,0
2026-04-16T00:00:00,Urban,Low,0,0
2026-04-16T00:00:00,Urban,Low,0,0
2026-04-16T00:00:00,Urban,Low,0,0
2026-04-16T00:00:00,Urban,Low,0,0
2026-04-16T00:00:00,Urban,Low,0,0
2026-04-16T00:00:00,Urban,Low,0,0
2026-04-16T00:00:00,Urban,Low,0,0
2026-04-16T00:00:00,Urban,Low,0,0
2026-04-16T00:00:00,Urban,Low,0,0
2026-04-16T00:00:00,Urban,Low,0,0
2026-04-16T00:00:00,Urban,Low,0,0
2026-04-16T00:00:00,Urban,Low,0,1
2026-04-16T00:00:00,Urban,Low,0,0
2026-04-16T00:00:00,Urban,Low,0,0
2026-04-16T00:00:00,Urban,Low,0,0
2026-04-16T00:00:00,Urban,Low,0,0
2026-04-16T00:00:00,Urban,Low,0,0
2026-04-16T00:00:00,Urban,Low,0,0
2026-04-16T00:00:00,Urban,Low,0,0
2026-04-16T00:00:00,Urban,Low,0,0
2026-04-16T00:00:00,Urban,Low,0,0
2026-04-16T00:00:00,Urban,Low,0,0
2026-04-16T00:00:00,Urban,Low,0,0
2026-04-16T00:00:00,Urban,Low,0,0
2026-04-16T00:00:00,Urban,Low,0,0
2026-04-16T00:00:00,Urban,Low,0,0
2026-04-16T00:00:00,Urban,Low,0,0
2026-04-16T00:00:00,Urban,Low,0,0
2026-04-16T00:00:00,Urban,Low,0,0
2026-04-16T00:00:00,Urban,Low,0,0
2026-04-16T00:00:00,Urban,Low,0,0
2026-04-16T00:00:00,Urban,Low,0,0
2026-04-16T00:00:00,Urban,Low,0,0
2026-04-16T00:00:00,Urban,Low,0,0
2026-04-16T00:00:00,Urban,Low,0,1
2026-04-16T00:00:00,Urban,Low,0,0
2026-04-16T00:00:00,Urban,Low,0,0
2026-04-16T00:00:00,Urban,Low,0,0
2026-04-16T00:00:00,Urban,Low,0,1
2026-04-16T00:00:00,Urban,Low,0,0
2026-04-16T00:00:00,Urban,Low,0,0
2026-04-16T00:00:00,Urban,Low,0,0
2026-04-16T00:00:00,Urban,Low,0,0
2026-04-16T00:00:00,Urban,Low,0,0
2026-04-16T00:00:00,Urban,Low,0,0
2026-04-16T00:00:00,Urban,Low,0,0
2026-04-16T00:00:00,Urban,Low,0,0
2026-04-16T00:00:00,Urban,Low,0,1
2026-04-16T00:00:00,Urban,Low,0,0
2026-04-16T00:00:00,Urban,Low,0,0
2026-04-16T00:00:00,Urban,Low,0,0
2026-04-16T00:00:00,Urban,Low,0,0
2026-04-16T00:00:00,Urban,Low,0,0
2026-04-16T00:00:00,Urban,Low,0,0
2026-04-16T00:00:00,Urban,Low,0,0
2026-04-16T00:00:00,Urban,Low,0,0
2026-04-16T00:00:00,Urban,Low,0,0
2026-04-16T00:00:00,Urban,Low,0,0
2026-04-16T00:00:00,Urban,Low,0,1
2026-04-16T00:00:00,Urban,Low,0,0
2026-04-16T00:00:00,Urban,Low,0,0
2026-04-16T00:00:00,Urban,Low,0,0
2026-04-16T00:00:00,Urban,Low,0,0
2026-04-16T00:00:00,Urban,Low,0,0
2026-04-16T00:00:00,Urban,Low,0,0
2026-04-16T00:00:00,Urban,Low,0,0
2026-04-16T00:00:00,Urban,Low,0,0
2026-04-16T00:00:00,Urban,Low,0,0
2026-04-16T00:00:00,Urban,Low,0,0
2026-04-16T00:00:00,Urban,Low,0,0
2026-04-16T00:00:00,Urban,Low,0,0
2026-04-16T00:00:00,Urban,Low,0,0
2026-04-16T00:00:00,Urban,Low,0,0
2026-04-16T00:00:00,Urban,Low,0,0
2026-04-16T00:00:00,Urban,Low,0,0
2026-04-16T00:00:00,Urban,Low,0,0
2026-04-16T00:00:00,Urban,Low,0,0
2026-04-16T00:00:00,Urban,Low,0,0
2026-04-16T00:00:00,Urban,Low,0,0
2026-04-16T00:00:00,Urban,Low,0,0
2026-04-16T00:00:00,Urban,Low,0,0
2026-04-16T00:00:00,Urban,Low,0,0
2026-04-16T00:00:00,Urban,Low,0,0
2026-04-16T00:00:00,Urban,Low,0,1
2026-04-16T00:00:00,Urban,Low,0,0
2026-04-16T00:00:00,Urban,Low,0,0
2026-04-16T00:00:00,Urban,Low,0,0
2026-04-16T00:00:00,Urban,Low,0,0
2026-04-16T00:00:00,Urban,Low,0,0
2026-04-16T00:00:00,Urban,Low,0,0
2026-04-16T00:00:00,Urban,Low,0,0
2026-04-16T00:00:00,Urban,Low,0,0
2026-04-16T00:00:00,Urban,Low,0,0
2026-04-16T00:00:00,Urban,Low,0,0
2026-04-16T00:00:00,Urban,Low,0,0
2026-04-16T00:00:00,Urban,Low,0,0
2026-04-16T00:00:00,Urban,Low,0,0
2026-04-16T00:00:00,Urban,Low,0,0
2026-04-16T00:00:00,Urban,Low,0,0
2026-04-16T00:00:00,Urban,Low,0,0
2026-04-16T00:00:00,Urban,Low,0,0
2026-04-16T00:00:00,Urban,Low,0,0
2026-04-16T00:00:00,Urban,Low,0,0
2026-04-16T00:00:00,Urban,Low,0,0
2026-04-16T00:00:00,Rural,High,1,1
2026-04-16T00:00:00,Rural,High,1,1
2026-04-16T00:00:00,Rural,High,1,0
2026-04-16T00:00:00,Rural,High,1,1
2026-04-16T00:00:00,Rural,High,1,1
2026-04-16T00:00:00,Rural,High,1,1
2026-04-16T00:00:00,Rural,High,1,1
2026-04-16T00:00:00,Rural,High,1,1
2026-04-16T00:00:00,Rural,High,1,1
2026-04-16T00:00:00,Rural,High,1,1
2026-04-16T00:00:00,Rural,High,1,1
2026-04-16T00:00:00,Rural,High,1,1
2026-04-16T00:00:00,Rural,High,1,1
2026-04-16T00:00:00,Rural,High,1,1
2026-04-16T00:00:00,Rural,High,1,1
2026-04-16T00:00:00,Rural,High,1,1
2026-04-16T00:00:00,Rural,High,1,0
2026-04-16T00:00:00,Rural,High,1,1
2026-04-16T00:00:00,Rural,High,1,1
2026-04-16T00:00:00,Rural,High,1,1
2026-04-16T00:00:00,Rural,High,1,1
2026-04-16T00:00:00,Rural,High,1,1
2026-04-16T00:00:00,Rural,High,1,1
2026-04-16T00:00:00,Rural,High,1,1
2026-04-16T00:00:00,Rural,High,1,1
2026-04-16T00:00:00,Rural,High,1,1
2026-04-16T00:00:00,Rural,High,1,1
2026-04-16T00:00:00,Rural,High,1,1
2026-04-16T00:00:00,Rural,High,1,1
2026-04-16T00:00:00,Rural,High,1,1
2026-04-16T00:00:00,Rural,High,1,1
2026-04-16T00:00:00,Rural,High,1,1
2026-04-16T00:00:00,Rural,High,1,1
2026-04-16T00:00:00,Rural,High,1,1
2026-04-16T00:00:00,Rural,High,1,1
2026-04-16T00:00:00,Rural,High,1,1
2026-04-16T00:00:00,Rural,High,1,1
2026-04-16T00:00:00,Rural,High,1,1
2026-04-16T00:00:00,Rural,High,1,1
2026-04-16T00:00:00,Rural,High,1,1
2026-04-16T00:00:00,Rural,High,1,1
2026-04-16T00:00:00,Rural,High,1,1
2026-04-16T00:00:00,Rural,High,1,1
2026-04-16T00:00:00,Rural,High,0,0
2026-04-16T00:00:00,Rural,High,0,0
2026-04-16T00:00:00,Rural,High,0,0
2026-04-16T00:00:00,Rural,High,0,0
2026-04-16T00:00:00,Rural,High,0,0
2026-04-16T00:00:00,Rural,High,0,0
2026-04-16T00:00:00,Rural,High,0,0
2026-04-16T00:00:00,Rural,High,0,0
2026-04-16T00:00:00,Rural,High,0,0
2026-04-16T00:00:00,Rural,High,0,0
2026-04-16T00:00:00,Rural,High,0,0
2026-04-16T00:00:00,Rural,High,0,0
2026-04-16T00:00:00,Rural,High,0,0
2026-04-16T00:00:00,Rural,High,0,0
2026-04-16T00:00:00,Rural,High,0,0
2026-04-16T00:00:00,Rural,High,0,0
2026-04-16T00:00:00,Rural,High,0,0
2026-04-16T00:00:00,Rural,High,0,0
2026-04-16T00:00:00,Rural,High,0,0
2026-04-16T00:00:00,Rural,High,0,0
2026-04-16T00:00:00,Rural,High,0,0
2026-04-16T00:00:00,Rural,High,0,0
2026-04-16T00:00:00,Rural,High,0,0
2026-04-16T00:00:00,Rural,High,0,0
2026-04-16T00:00:00,Rural,High,0,0
2026-04-16T00:00:00,Rural,High,0,0
2026-04-16T00:00:00,Rural,High,0,0
2026-04-16T00:00:00,Rural,High,0,0
2026-04-16T00:00:00,Rural,High,0,0
2026-04-16T00:00:00,Rural,High,0,0
2026-04-16T00:00:00,Rural,High,0,0
2026-04-16T00:00:00,Rural,High,0,0
2026-04-16T00:00:00,Rural,High,0,0
2026-04-16T00:00:00,Rural,High,0,0
2026-04-16T00:00:00,Rural,High,0,0
2026-04-16T00:00:00,Rural,High,0,0
2026-04-16T00:00:00,Rural,High,0,0
2026-04-16T00:00:00,Rural,High,0,0
2026-04-16T00:00:00,Rural,High,0,0
2026-04-16T00:00:00,Rural,High,0,0
2026-04-16T00:00:00,Rural,High,0,0
2026-04-16T00:00:00,Rural,High,0,0
2026-04-16T00:00:00,Rural,High,0,0
2026-04-16T00:00:00,Rural,High,0,0
2026-04-16T00:00:00,Rural,High,0,0
2026-04-16T00:00:00,Rural,High,0,0
2026-04-16T00:00:00,Rural,High,0,0
2026-04-16T00:00:00,Rural,High,0,0
2026-04-16T00:00:00,Rural,High,0,0
2026-04-16T00:00:00,Rural,High,0,0
2026-04-16T00:00:00,Rural,High,0,0
2026-04-16T00:00:00,Rural,High,0,0
2026-04-16T00:00:00,Rural,High,0,0
2026-04-16T00:00:00,Rural,High,0,0
2026-04-16T00:00:00,Rural,High,0,0
2026-04-16T00:00:00,Rural,High,0,0
2026-04-16T00:00:00,Rural,High,0,0
2026-04-16T00:00:00,Rural,High,0,0
2026-04-16T00:00:00,Rural,High,0,0
2026-04-16T00:00:00,Rural,High,0,0
2026-04-16T00:00:00,Rural,High,0,0
2026-04-16T00:00:00,Rural,High,0,0
2026-04-16T00:00:00,Rural,High,0,0
2026-04-16T00:00:00,Rural,High,0,0
2026-04-16T00:00:00,Rural,High,0,1
2026-04-16T00:00:00,Rural,High,0,0
2026-04-16T00:00:00,Rural,High,0,0
2026-04-16T00:00:00,Rural,High,0,0
2026-04-16T00:00:00,Rural,High,0,0
2026-04-16T00:00:00,Rural,High,0,0
2026-04-16T00:00:00,Rural,High,0,0
2026-04-16T00:00:00,Rural,High,0,0
2026-04-16T00:00:00,Rural,High,0,0
2026-04-16T00:00:00,Rural,High,0,0
2026-04-16T00:00:00,Rural,High,0,0
2026-04-16T00:00:00,Rural,High,0,0
2026-04-16T00:00:00,Rural,High,0,0
2026-04-16T00:00:00,Rural,High,0,0
2026-04-16T00:00:00,Rural,High,0,0
2026-04-16T00:00:00,Rural,High,0,0
2026-04-16T00:00:00,Rural,High,0,0
2026-04-16T00:00:00,Rural,High,0,0
2026-04-16T00:00:00,Rural,High,0,0
2026-04-16T00:00:00,Rural,High,0,0
2026-04-16T00:00:00,Rural,High,0,0
2026-04-16T00:00:00,Rural,High,0,0
2026-04-16T00:00:00,Rural,High,0,0
2026-04-16T00:00:00,Rural,High,0,0
2026-04-16T00:00:00,Rural,High,0,0
2026-04-16T00:00:00,Rural,High,0,0
2026-04-16T00:00:00,Rural,High,0,0
2026-04-16T00:00:00,Rural,High,0,0
2026-04-16T00:00:00,Rural,High,0,0
2026-04-16T00:00:00,Rural,High,0,0
2026-04-16T00:00:00,Rural,High,0,0
2026-04-16T00:00:00,Rural,High,0,0
2026-04-16T00:00:00,Rural,High,0,0
2026-04-16T00:00:00,Rural,High,0,0
2026-04-16T00:00:00,Rural,High,0,0
2026-04-16T00:00:00,Rural,High,0,0
2026-04-16T00:00:00,Rural,High,0,0
2026-04-16T00:00:00,Rural,High,0,0
2026-04-16T00:00:00,Rural,High,0,0
2026-04-16T00:00:00,Rural,Mid,1,1
2026-04-16T00:00:00,Rural,Mid,1,1
2026-04-16T00:00:00,Rural,Mid,1,0
2026-04-16T00:00:00,Rural,Mid,1,1
2026-04-16T00:00:00,Rural,Mid,1,1
2026-04-16T00:00:00,Rural,Mid,1,1
2026-04-16T00:00:00,Rural,Mid,1,1
2026-04-16T00:00:00,Rural,Mid,1,1
2026-04-16T00:00:00,Rural,Mid,1,1
2026-04-16T00:00:00,Rural,Mid,1,1
2026-04-16T00:00:00,Rural,Mid,1,1
2026-04-16T00:00:00,Rural,Mid,1,1
2026-04-16T00:00:00,Rural,Mid,1,1
2026-04-16T00:00:00,Rural,Mid,1,1
2026-04-16T00:00:00,Rural,Mid,1,1
2026-04-16T00:00:00,Rural,Mid,1,1
2026-04-16T00:00:00,Rural,Mid,1,1
2026-04-16T00:00:00,Rural,Mid,1,1
2026-04-16T00:00:00,Rural,Mid,1,1
2026-04-16T00:00:00,Rural,Mid,1,1
2026-04-16T00:00:00,Rural,Mid,1,1
2026-04-16T00:00:00,Rural,Mid,1,1
2026-04-16T00:00:00,Rural,Mid,1,1
2026-04-16T00:00:00,Rural,Mid,1,1
2026-04-16T00:00:00,Rural,Mid,1,1
2026-04-16T00:00:00,Rural,Mid,1,1
2026-04-16T00:00:00,Rural,Mid,1,1
2026-04-16T00:00:00,Rural,Mid,1,1
2026-04-16T00:00:00,Rural,Mid,1,0
2026-04-16T00:00:00,Rural,Mid,1,0
2026-04-16T00:00:00,Rural,Mid,1,1
2026-04-16T00:00:00,Rural,Mid,1,1
2026-04-16T00:00:00,Rural,Mid,1,1
2026-04-16T00:00:00,Rural,Mid,1,1
2026-04-16T00:00:00,Rural,Mid,1,1
2026-04-16T00:00:00,Rural,Mid,0,0
2026-04-16T00:00:00,Rural,Mid,0,0
2026-04-16T00:00:00,Rural,Mid,0,0
2026-04-16T00:00:00,Rural,Mid,0,0
2026-04-16T00:00:00,Rural,Mid,0,0
2026-04-16T00:00:00,Rural,Mid,0,0
2026-04-16T00:00:00,Rural,Mid,0,0
2026-04-16T00:00:00,Rural,Mid,0,0
2026-04-16T00:00:00,Rural,Mid,0,0
2026-04-16T00:00:00,Rural,Mid,0,0
2026-04-16T00:00:00,Rural,Mid,0,0
2026-04-16T00:00:00,Rural,Mid,0,0
2026-04-16T00:00:00,Rural,Mid,0,0
2026-04-16T00:00:00,Rural,Mid,0,0
2026-04-16T00:00:00,Rural,Mid,0,0
2026-04-16T00:00:00,Rural,Mid,0,0
2026-04-16T00:00:00,Rural,Mid,0,0
2026-04-16T00:00:00,Rural,Mid,0,0
2026-04-16T00:00:00,Rural,Mid,0,0
2026-04-16T00:00:00,Rural,Mid,0,0
2026-04-16T00:00:00,Rural,Mid,0,0
2026-04-16T00:00:00,Rural,Mid,0,0
2026-04-16T00:00:00,Rural,Mid,0,0
2026-04-16T00:00:00,Rural,Mid,0,0
2026-04-16T00:00:00,Rural,Mid,0,1
2026-04-16T00:00:00,Rural,Mid,0,0
2026-04-16T00:00:00,Rural,Mid,0,0
2026-04-16T00:00:00,Rural,Mid,0,0
2026-04-16T00:00:00,Rural,Mid,0,0
2026-04-16T00:00:00,Rural,Mid,0,0
2026-04-16T00:00:00,Rural,Mid,0,0
2026-04-16T00:00:00,Rural,Mid,0,0
2026-04-16T00:00:00,Rural,Mid,0,0
2026-04-16T00:00:00,Rural,Mid,0,0
2026-04-16T00:00:00,Rural,Mid,0,0
2026-04-16T00:00:00,Rural,Mid,0,1
2026-04-16T00:00:00,Rural,Mid,0,0
2026-04-16T00:00:00,Rural,Mid,0,0
2026-04-16T00:00:00,Rural,Mid,0,0
2026-04-16T00:00:00,Rural,Mid,0,0
2026-04-16T00:00:00,Rural,Mid,0,1
2026-04-16T00:00:00,Rural,Mid,0,0
2026-04-16T00:00:00,Rural,Mid,0,0
2026-04-16T00:00:00,Rural,Mid,0,0
2026-04-16T00:00:00,Rural,Mid,0,0
2026-04-16T00:00:00,Rural,Mid,0,0
2026-04-16T00:00:00,Rural,Mid,0,0
2026-04-16T00:00:00,Rural,Mid,0,0
2026-04-16T00:00:00,Rural,Mid,0,0
2026-04-16T00:00:00,Rural,Mid,0,0
2026-04-16T00:00:00,Rural,Mid,0,0
2026-04-16T00:00:00,Rural,Mid,0,0
2026-04-16T00:00:00,Rural,Mid,0,0
2026-04-16T00:00:00,Rural,Mid,0,1
2026-04-16T00:00:00,Rural,Mid,0,0
2026-04-16T00:00:00,Rural,Mid,0,0
2026-04-16T00:00:00,Rural,Mid,0,0
2026-04-16T00:00:00,Rural,Mid,0,1
2026-04-16T00:00:00,Rural,Mid,0,0
2026-04-16T00:00:00,Rural,Mid,0,0
2026-04-16T00:00:00,Rural,Mid,0,0
2026-04-16T00:00:00,Rural,Mid,0,0
2026-04-16T00:00:00,Rural,Mid,0,0
2026-04-16T00:00:00,Rural,Mid,0,0
2026-04-16T00:00:00,Rural,Mid,0,0
2026-04-16T00:00:00,Rural,Mid,0,0
2026-04-16T00:00:00,Rural,Mid,0,0
2026-04-16T00:00:00,Rural,Mid,0,0
2026-04-16T00:00:00,Rural,Mid,0,0
2026-04-16T00:00:00,Rural,Mid,0,0
2026-04-16T00:00:00,Rural,Mid,0,0
2026-04-16T00:00:00,Rural,Mid,0,0
2026-04-16T00:00:00,Rural,Mid,0,0
2026-04-16T00:00:00,Rural,Mid,0,0
2026-04-16T00:00:00,Rural,Mid,0,0
2026-04-16T00:00:00,Rural,Mid,0,0
2026-04-16T00:00:00,Rural,Mid,0,0
2026-04-16T00:00:00,Rural,Mid,0,0
2026-04-16T00:00:00,Rural,Mid,0,0
2026-04-16T00:00:00,Rural,Mid,0,0
2026-04-16T00:00:00,Rural,Mid,0,0
2026-04-16T00:00:00,Rural,Mid,0,0
2026-04-16T00:00:00,Rural,Mid,0,0
2026-04-16T00:00:00,Rural,Mid,0,0
2026-04-16T00:00:00,Rural,Mid,0,0
2026-04-16T00:00:00,Rural,Mid,0,0
2026-04-16T00:00:00,Rural,Mid,0,0
2026-04-16T00:00:00,Rural,Mid,0,0
2026-04-16T00:00:00,Rural,Mid,0,0
2026-04-16T00:00:00,Rural,Mid,0,0
2026-04-16T00:00:00,Rural,Mid,0,0
2026-04-16T00:00:00,Rural,Mid,0,0
2026-04-16T00:00:00,Rural,Mid,0,0
2026-04-16T00:00:00,Rural,Mid,0,0
2026-04-16T00:00:00,Rural,Mid,0,0
2026-04-16T00:00:00,Rural,Mid,0,0
2026-04-16T00:00:00,Rural,Mid,0,0
2026-04-16T00:00:00,Rural,Mid,0,0
2026-04-16T00:00:00,Rural,Mid,0,0
2026-04-16T00:00:00,Rural,Mid,0,0
2026-04-16T00:00:00,Rural,Mid,0,0
2026-04-16T00:00:00,Rural,Mid,0,0
2026-04-16T00:00:00,Rural,Mid,0,0
2026-04-16T00:00:00,Rural,Mid,0,0
2026-04-16T00:00:00,Rural,Mid,0,0
2026-04-16T00:00:00,Rural,Low,1,1
2026-04-16T00:00:00,Rural,Low,1,1
2026-04-16T00:00:00,Rural,Low,1,0
2026-04-16T00:00:00,Rural,Low,1,0
2026-04-16T00:00:00,Rural,Low,1,1
2026-04-16T00:00:00,Rural,Low,1,1
2026-04-16T00:00:00,Rural,Low,1,1
2026-04-16T00:00:00,Rural,Low,1,1
2026-04-16T00:00:00,Rural,Low,1,1
2026-04-16T00:00:00,Rural,Low,1,1
2026-04-16T00:00:00,Rural,Low,1,1
2026-04-16T00:00:00,Rural,Low,1,1
2026-04-16T00:00:00,Rural,Low,1,1
2026-04-16T00:00:00,Rural,Low,1,1
2026-04-16T00:00:00,Rural,Low,1,1
2026-04-16T00:00:00,Rural,Low,1,1
2026-04-16T00:00:00,Rural,Low,1,1
2026-04-16T00:00:00,Rural,Low,1,1
2026-04-16T00:00:00,Rural,Low,1,1
2026-04-16T00:00:00,Rural,Low,1,1
2026-04-16T00:00:00,Rural,Low,1,1
2026-04-16T00:00:00,Rural,Low,1,1
2026-04-16T00:00:00,Rural,Low,1,1
2026-04-16T00:00:00,Rural,Low,1,1
2026-04-16T00:00:00,Rural,Low,1,1
2026-04-16T00:00:00,Rural,Low,1,1
2026-04-16T00:00:00,Rural,Low,1,0
2026-04-16T00:00:00,Rural,Low,1,1
2026-04-16T00:00:00,Rural,Low,1,0
2026-04-16T00:00:00,Rural,Low,1,1
2026-04-16T00:00:00,Rural,Low,1,1
2026-04-16T00:00:00,Rural,Low,1,0
2026-04-16T00:00:00,Rural,Low,1,1
2026-04-16T00:00:00,Rural,Low,1,1
2026-04-16T00:00:00,Rural,Low,1,1
2026-04-16T00:00:00,Rural,Low,1,1
2026-04-16T00:00:00,Rural,Low,1,1
2026-04-16T00:00:00,Rural,Low,1,1
2026-04-16T00:00:00,Rural,Low,1,1
2026-04-16T00:00:00,Rural,Low,1,1
2026-04-16T00:00:00,Rural,Low,1,1
2026-04-16T00:00:00,Rural,Low,1,1
2026-04-16T00:00:00,Rural,Low,1,0
2026-04-16T00:00:00,Rural,Low,1,1
2026-04-16T00:00:00,Rural,Low,1,1
2026-04-16T00:00:00,Rural,Low,1,1
2026-04-16T00:00:00,Rural,Low,1,1
2026-04-16T00:00:00,Rural,Low,1,1
2026-04-16T00:00:00,Rural,Low,1,1
2026-04-16T00:00:00,Rural,Low,1,1
2026-04-16T00:00:00,Rural,Low,1,1
2026-04-16T00:00:00,Rural,Low,1,0
2026-04-16T00:00:00,Rural,Low,1,1
2026-04-16T00:00:00,Rural,Low,1,1
2026-04-16T00:00:00,Rural,Low,1,1
2026-04-16T00:00:00,Rural,Low,1,1
2026-04-16T00:00:00,Rural,Low,1,0
2026-04-16T00:00:00,Rural,Low,1,1
2026-04-16T00:00:00,Rural,Low,1,0
2026-04-16T00:00:00,Rural,Low,1,1
2026-04-16T00:00:00,Rural,Low,1,1
2026-04-16T00:00:00,Rural,Low,1,0
2026-04-16T00:00:00,Rural,Low,0,0
2026-04-16T00:00:00,Rural,Low,0,0
2026-04-16T00:00:00,Rural,Low,0,0
2026-04-16T00:00:00,Rural,Low,0,0
2026-04-16T00:00:00,Rural,Low,0,0
2026-04-16T00:00:00,Rural,Low,0,0
2026-04-16T00:00:00,Rural,Low,0,0
2026-04-16T00:00:00,Rural,Low,0,0
2026-04-16T00:00:00,Rural,Low,0,0
2026-04-16T00:00:00,Rural,Low,0,0
2026-04-16T00:00:00,Rural,Low,0,0
2026-04-16T00:00:00,Rural,Low,0,0
2026-04-16T00:00:00,Rural,Low,0,0
2026-04-16T00:00:00,Rural,Low,0,0
2026-04-16T00:00:00,Rural,Low,0,0
2026-04-16T00:00:00,Rural,Low,0,0
2026-04-16T00:00:00,Rural,Low,0,0
2026-04-16T00:00:00,Rural,Low,0,0
2026-04-16T00:00:00,Rural,Low,0,0
2026-04-16T00:00:00,Rural,Low,0,0
2026-04-16T00:00:00,Rural,Low,0,0
2026-04-16T00:00:00,Rural,Low,0,0
2026-04-16T00:00:00,Rural,Low,0,0
2026-04-16T00:00:00,Rural,Low,0,0
2026-04-16T00:00:00,Rural,Low,0,0
2026-04-16T00:00:00,Rural,Low,0,0
2026-04-16T00:00:00,Rural,Low,0,0
2026-04-16T00:00:00,Rural,Low,0,0
2026-04-16T00:00:00,Rural,Low,0,0
2026-04-16T00:00:00,Rural,Low,0,0
2026-04-16T00:00:00,Rural,Low,0,0
2026-04-16T00:00:00,Rural,Low,0,0
2026-04-16T00:00:00,Rural,Low,0,0
2026-04-16T00:00:00,Rural,Low,0,0
2026-04-16T00:00:00,Rural,Low,0,0
2026-04-16T00:00:00,Rural,Low,0,0
2026-04-16T00:00:00,Rural,Low,0,0
2026-04-16T00:00:00,Rural,Low,0,0
2026-04-16T00:00:00,Rural,Low,0,0
2026-04-16T00:00:00,Rural,Low,0,0
2026-04-16T00:00:00,Rural,Low,0,0
2026-04-16T00:00:00,Rural,Low,0,0
2026-04-16T00:00:00,Rural,Low,0,0
2026-04-16T00:00:00,Rural,Low,0,0
2026-04-16T00:00:00,Rural,Low,0,0
2026-04-16T00:00:00,Rural,Low,0,0
2026-04-16T00:00:00,Rural,Low,0,0
2026-04-16T00:00:00,Rural,Low,0,0
2026-04-16T00:00:00,Rural,Low,0,0
2026-04-16T00:00:00,Rural,Low,0,0
2026-04-16T00:00:00,Rural,Low,0,0
2026-04-16T00:00:00,Rural,Low,0,0
2026-04-16T00:00:00,Rural,Low,0,0
2026-04-16T00:00:00,Rural,Low,0,0
2026-04-16T00:00:00,Rural,Low,0,0
2026-04-16T00:00:00,Rural,Low,0,0
2026-04-16T00:00:00,Rural,Low,0,0
2026-04-16T00:00:00,Rural,Low,0,0
2026-04-16T00:00:00,Rural,Low,0,0
2026-04-16T00:00:00,Rural,Low,0,1
2026-04-16T00:00:00,Rural,Low,0,0
2026-04-16T00:00:00,Rural,Low,0,0
2026-04-16T00:00:00,Rural,Low,0,0
2026-04-16T00:00:00,Rural,Low,0,0
2026-04-16T00:00:00,Rural,Low,0,0
2026-04-16T00:00:00,Rural,Low,0,0
2026-04-16T00:00:00,Rural,Low,0,0
2026-04-16T00:00:00,Rural,Low,0,0
2026-04-16T00:00:00,Rural,Low,0,0
2026-04-16T00:00:00,Rural,Low,0,0
2026-04-16T00:00:00,Rural,Low,0,0
2026-04-16T00:00:00,Rural,Low,0,0
2026-04-16T00:00:00,Rural,Low,0,0
2026-04-16T00:00:00,Rural,Low,0,0
2026-04-16T00:00:00,Rural,Low,0,0
2026-04-16T00:00:00,Rural,Low,0,0
2026-04-16T00:00:00,Rural,Low,0,1
2026-04-16T00:00:00,Rural,Low,0,0
2026-04-16T00:00:00,Rural,Low,0,0
2026-04-16T00:00:00,Rural,Low,0,0
2026-04-16T00:00:00,Rural,Low,0,0
2026-04-16T00:00:00,Rural,Low,0,0
2026-04-16T00:00:00,Rural,Low,0,0
2026-04-16T00:00:00,Rural,Low,0,0
2026-04-16T00:00:00,Rural,Low,0,0
2026-04-16T00:00:00,Rural,Low,0,0
2026-04-16T00:00:00,Rural,Low,0,0
2026-04-16T00:00:00,Rural,Low,0,0
2026-04-16T00:00:00,Rural,Low,0,0
2026-04-16T00:00:00,Rural,Low,0,1
2026-04-16T00:00:00,Rural,Low,0,0
2026-04-16T00:00:00,Rural,Low,0,0
2026-04-16T00:00:00,Rural,Low,0,0
2026-04-17T00:00:00,Urban,High,1,1
2026-04-17T00:00:00,Urban,High,1,1
2026-04-17T00:00:00,Urban,High,1,1
2026-04-17T00:00:00,Urban,High,1,1
2026-04-17T00:00:00,Urban,High,1,1
2026-04-17T00:00:00,Urban,High,1,1
2026-04-17T00:00:00,Urban,High,1,1
2026-04-17T00:00:00,Urban,High,1,1
2026-04-17T00:00:00,Urban,High,1,1
2026-04-17T00:00:00,Urban,High,1,1
2026-04-17T00:00:00,Urban,High,1,1
2026-04-17T00:00:00,Urban,High,1,1
2026-04-17T00:00:00,Urban,High,1,1
2026-04-17T00:00:00,Urban,High,1,1
2026-04-17T00:00:00,Urban,High,1,1
2026-04-17T00:00:00,Urban,High,1,0
2026-04-17T00:00:00,Urban,High,1,1
2026-04-17T00:00:00,Urban,High,1,1
2026-04-17T00:00:00,Urban,High,1,1
2026-04-17T00:00:00,Urban,High,1,1
2026-04-17T00:00:00,Urban,High,1,1
2026-04-17T00:00:00,Urban,High,1,1
2026-04-17T00:00:00,Urban,High,1,1
2026-04-17T00:00:00,Urban,High,1,1
2026-04-17T00:00:00,Urban,High,1,0
2026-04-17T00:00:00,Urban,High,1,1
2026-04-17T00:00:00,Urban,High,1,1
2026-04-17T00:00:00,Urban,High,1,1
2026-04-17T00:00:00,Urban,High,1,1
2026-04-17T00:00:00,Urban,High,1,1
2026-04-17T00:00:00,Urban,High,1,1
2026-04-17T00:00:00,Urban,High,1,1
2026-04-17T00:00:00,Urban,High,1,1
2026-04-17T00:00:00,Urban,High,1,1
2026-04-17T00:00:00,Urban,High,1,0
2026-04-17T00:00:00,Urban,High,1,1
2026-04-17T00:00:00,Urban,High,1,1
2026-04-17T00:00:00,Urban,High,1,1
2026-04-17T00:00:00,Urban,High,1,1
2026-04-17T00:00:00,Urban,High,1,0
2026-04-17T00:00:00,Urban,High,1,1
2026-04-17T00:00:00,Urban,High,1,1
2026-04-17T00:00:00,Urban,High,1,1
2026-04-17T00:00:00,Urban,High,1,1
2026-04-17T00:00:00,Urban,High,1,1
2026-04-17T00:00:00,Urban,High,1,1
2026-04-17T00:00:00,Urban,High,1,1
2026-04-17T00:00:00,Urban,High,1,1
2026-04-17T00:00:00,Urban,High,1,1
2026-04-17T00:00:00,Urban,High,1,1
2026-04-17T00:00:00,Urban,High,1,1
2026-04-17T00:00:00,Urban,High,1,1
2026-04-17T00:00:00,Urban,High,1,1
2026-04-17T00:00:00,Urban,High,1,1
2026-04-17T00:00:00,Urban,High,0,0
2026-04-17T00:00:00,Urban,High,0,0
2026-04-17T00:00:00,Urban,High,0,0
2026-04-17T00:00:00,Urban,High,0,0
2026-04-17T00:00:00,Urban,High,0,1
2026-04-17T00:00:00,Urban,High,0,0
2026-04-17T00:00:00,Urban,High,0,0
2026-04-17T00:00:00,Urban,High,0,0
2026-04-17T00:00:00,Urban,High,0,0
2026-04-17T00:00:00,Urban,High,0,0
2026-04-17T00:00:00,Urban,High,0,0
2026-04-17T00:00:00,Urban,High,0,0
2026-04-17T00:00:00,Urban,High,0,0
2026-04-17T00:00:00,Urban,High,0,0
2026-04-17T00:00:00,Urban,High,0,0
2026-04-17T00:00:00,Urban,High,0,0
2026-04-17T00:00:00,Urban,High,0,0
2026-04-17T00:00:00,Urban,High,0,0
2026-04-17T00:00:00,Urban,High,0,0
2026-04-17T00:00:00,Urban,High,0,0
2026-04-17T00:00:00,Urban,High,0,0
2026-04-17T00:00:00,Urban,High,0,0
2026-04-17T00:00:00,Urban,High,0,0
2026-04-17T00:00:00,Urban,High,0,0
2026-04-17T00:00:00,Urban,High,0,0
2026-04-17T00:00:00,Urban,High,0,0
2026-04-17T00:00:00,Urban,High,0,0
2026-04-17T00:00:00,Urban,High,0,1
2026-04-17T00:00:00,Urban,High,0,0
2026-04-17T00:00:00,Urban,High,0,0
2026-04-17T00:00:00,Urban,High,0,0
2026-04-17T00:00:00,Urban,High,0,0
2026-04-17T00:00:00,Urban,High,0,0
2026-04-17T00:00:00,Urban,High,0,0
2026-04-17T00:00:00,Urban,High,0,0
2026-04-17T00:00:00,Urban,High,0,0
2026-04-17T00:00:00,Urban,High,0,0
2026-04-17T00:00:00,Urban,High,0,0
2026-04-17T00:00:00,Urban,High,0,1
2026-04-17T00:00:00,Urban,High,0,0
2026-04-17T00:00:00,Urban,High,0,0
2026-04-17T00:00:00,Urban,High,0,0
2026-04-17T00:00:00,Urban,High,0,0
2026-04-17T00:00:00,Urban,High,0,0
2026-04-17T00:00:00,Urban,High,0,0
2026-04-17T00:00:00,Urban,High,0,0
2026-04-17T00:00:00,Urban,High,0,0
2026-04-17T00:00:00,Urban,High,0,0
2026-04-17T00:00:00,Urban,High,0,0
2026-04-17T00:00:00,Urban,High,0,0
2026-04-17T00:00:00,Urban,High,0,0
2026-04-17T00:00:00,Urban,High,0,0
2026-04-17T00:00:00,Urban,High,0,0
2026-04-17T00:00:00,Urban,High,0,0
2026-04-17T00:00:00,Urban,High,0,0
2026-04-17T00:00:00,Urban,High,0,0
2026-04-17T00:00:00,Urban,High,0,0
2026-04-17T00:00:00,Urban,High,0,0
2026-04-17T00:00:00,Urban,High,0,0
2026-04-17T00:00:00,Urban,High,0,0
2026-04-17T00:00:00,Urban,High,0,0
2026-04-17T00:00:00,Urban,High,0,0
2026-04-17T00:00:00,Urban,High,0,0
2026-04-17T00:00:00,Urban,High,0,0
2026-04-17T00:00:00,Urban,High,0,0
2026-04-17T00:00:00,Urban,High,0,0
2026-04-17T00:00:00,Urban,High,0,0
2026-04-17T00:00:00,Urban,High,0,0
2026-04-17T00:00:00,Urban,High,0,0
2026-04-17T00:00:00,Urban,High,0,0
2026-04-17T00:00:00,Urban,High,0,0
2026-04-17T00:00:00,Urban,High,0,0
2026-04-17T00:00:00,Urban,High,0,0
2026-04-17T00:00:00,Urban,High,0,0
2026-04-17T00:00:00,Urban,High,0,0
2026-04-17T00:00:00,Urban,High,0,0
2026-04-17T00:00:00,Urban,High,0,0
2026-04-17T00:00:00,Urban,High,0,0
2026-04-17T00:00:00,Urban,High,0,0
2026-04-17T00:00:00,Urban,High,0,0
2026-04-17T00:00:00,Urban,High,0,0
2026-04-17T00:00:00,Urban,High,0,0
2026-04-17T00:00:00,Urban,High,0,0
2026-04-17T00:00:00,Urban,High,0,0
2026-04-17T00:00:00,Urban,High,0,1
2026-04-17T00:00:00,Urban,High,0,0
2026-04-17T00:00:00,Urban,High,0,0
2026-04-17T00:00:00,Urban,High,0,0
2026-04-17T00:00:00,Urban,High,0,0
2026-04-17T00:00:00,Urban,High,0,0
2026-04-17T00:00:00,Urban,High,0,0
2026-04-17T00:00:00,Urban,Mid,1,1
2026-04-17T00:00:00,Urban,Mid,1,1
2026-04-17T00:00:00,Urban,Mid,1,1
2026-04-17T00:00:00,Urban,Mid,1,1
2026-04-17T00:00:00,Urban,Mid,1,1
2026-04-17T00:00:00,Urban,Mid,1,1
2026-04-17T00:00:00,Urban,Mid,1,1
2026-04-17T00:00:00,Urban,Mid,1,1
2026-04-17T00:00:00,Urban,Mid,1,1
2026-04-17T00:00:00,Urban,Mid,1,1
2026-04-17T00:00:00,Urban,Mid,1,1
2026-04-17T00:00:00,Urban,Mid,1,1
2026-04-17T00:00:00,Urban,Mid,1,1
2026-04-17T00:00:00,Urban,Mid,1,1
2026-04-17T00:00:00,Urban,Mid,1,1
2026-04-17T00:00:00,Urban,Mid,1,1
2026-04-17T00:00:00,Urban,Mid,1,1
2026-04-17T00:00:00,Urban,Mid,1,1
2026-04-17T00:00:00,Urban,Mid,1,1
2026-04-17T00:00:00,Urban,Mid,1,0
2026-04-17T00:00:00,Urban,Mid,1,1
2026-04-17T00:00:00,Urban,Mid,1,1
2026-04-17T00:00:00,Urban,Mid,1,1
2026-04-17T00:00:00,Urban,Mid,1,1
2026-04-17T00:00:00,Urban,Mid,1,1
2026-04-17T00:00:00,Urban,Mid,1,1
2026-04-17T00:00:00,Urban,Mid,1,0
2026-04-17T00:00:00,Urban,Mid,1,1
2026-04-17T00:00:00,Urban,Mid,1,1
2026-04-17T00:00:00,Urban,Mid,1,1
2026-04-17T00:00:00,Urban,Mid,1,1
2026-04-17T00:00:00,Urban,Mid,1,0
2026-04-17T00:00:00,Urban,Mid,1,1
2026-04-17T00:00:00,Urban,Mid,1,1
2026-04-17T00:00:00,Urban,Mid,1,1
2026-04-17T00:00:00,Urban,Mid,1,1
2026-04-17T00:00:00,Urban,Mid,1,1
2026-04-17T00:00:00,Urban,Mid,1,1
2026-04-17T00:00:00,Urban,Mid,1,1
2026-04-17T00:00:00,Urban,Mid,1,1
2026-04-17T00:00:00,Urban,Mid,1,1
2026-04-17T00:00:00,Urban,Mid,1,1
2026-04-17T00:00:00,Urban,Mid,1,1
2026-04-17T00:00:00,Urban,Mid,1,1
2026-04-17T00:00:00,Urban,Mid,1,1
2026-04-17T00:00:00,Urban,Mid,1,1
2026-04-17T00:00:00,Urban,Mid,1,1
2026-04-17T00:00:00,Urban,Mid,1,1
2026-04-17T00:00:00,Urban,Mid,1,1
2026-04-17T00:00:00,Urban,Mid,1,1
2026-04-17T00:00:00,Urban,Mid,0,0
2026-04-17T00:00:00,Urban,Mid,0,0
2026-04-17T00:00:00,Urban,Mid,0,0
2026-04-17T00:00:00,Urban,Mid,0,0
2026-04-17T00:00:00,Urban,Mid,0,0
2026-04-17T00:00:00,Urban,Mid,0,0
2026-04-17T00:00:00,Urban,Mid,0,0
2026-04-17T00:00:00,Urban,Mid,0,0
2026-04-17T00:00:00,Urban,Mid,0,0
2026-04-17T00:00:00,Urban,Mid,0,0
2026-04-17T00:00:00,Urban,Mid,0,0
2026-04-17T00:00:00,Urban,Mid,0,0
2026-04-17T00:00:00,Urban,Mid,0,0
2026-04-17T00:00:00,Urban,Mid,0,0
2026-04-17T00:00:00,Urban,Mid,0,0
2026-04-17T00:00:00,Urban,Mid,0,0
2026-04-17T00:00:00,Urban,Mid,0,0
2026-04-17T00:00:00,Urban,Mid,0,0
2026-04-17T00:00:00,Urban,Mid,0,0
2026-04-17T00:00:00,Urban,Mid,0,0
2026-04-17T00:00:00,Urban,Mid,0,0
2026-04-17T00:00:00,Urban,Mid,0,0
2026-04-17T00:00:00,Urban,Mid,0,0
2026-04-17T00:00:00,Urban,Mid,0,0
2026-04-17T00:00:00,Urban,Mid,0,0
2026-04-17T00:00:00,Urban,Mid,0,0
2026-04-17T00:00:00,Urban,Mid,0,0
2026-04-17T00:00:00,Urban,Mid,0,0
2026-04-17T00:00:00,Urban,Mid,0,0
2026-04-17T00:00:00,Urban,Mid,0,0
2026-04-17T00:00:00,Urban,Mid,0,0
2026-04-17T00:00:00,Urban,Mid,0,0
2026-04-17T00:00:00,Urban,Mid,0,0
2026-04-17T00:00:00,Urban,Mid,0,0
2026-04-17T00:00:00,Urban,Mid,0,0
2026-04-17T00:00:00,Urban,Mid,0,0
2026-04-17T00:00:00,Urban,Mid,0,0
2026-04-17T00:00:00,Urban,Mid,0,0
2026-04-17T00:00:00,Urban,Mid,0,0
2026-04-17T00:00:00,Urban,Mid,0,0
2026-04-17T00:00:00,Urban,Mid,0,0
2026-04-17T00:00:00,Urban,Mid,0,0
2026-04-17T00:00:00,Urban,Mid,0,0
2026-04-17T00:00:00,Urban,Mid,0,0
2026-04-17T00:00:00,Urban,Mid,0,0
2026-04-17T00:00:00,Urban,Mid,0,0
2026-04-17T00:00:00,Urban,Mid,0,0
2026-04-17T00:00:00,Urban,Mid,0,0
2026-04-17T00:00:00,Urban,Mid,0,0
2026-04-17T00:00:00,Urban,Mid,0,0
2026-04-17T00:00:00,Urban,Mid,0,0
2026-04-17T00:00:00,Urban,Mid,0,0
2026-04-17T00:00:00,Urban,Mid,0,0
2026-04-17T00:00:00,Urban,Mid,0,0
2026-04-17T00:00:00,Urban,Mid,0,0
2026-04-17T00:00:00,Urban,Mid,0,0
2026-04-17T00:00:00,Urban,Mid,0,0
2026-04-17T00:00:00,Urban,Mid,0,0
2026-04-17T00:00:00,Urban,Mid,0,0
2026-04-17T00:00:00,Urban,Mid,0,0
2026-04-17T00:00:00,Urban,Mid,0,0
2026-04-17T00:00:00,Urban,Mid,0,0
2026-04-17T00:00:00,Urban,Mid,0,0
2026-04-17T00:00:00,Urban,Mid,0,0
2026-04-17T00:00:00,Urban,Mid,0,0
2026-04-17T00:00:00,Urban,Mid,0,0
2026-04-17T00:00:00,Urban,Mid,0,0
2026-04-17T00:00:00,Urban,Mid,0,0
2026-04-17T00:00:00,Urban,Mid,0,0
2026-04-17T00:00:00,Urban,Mid,0,0
2026-04-17T00:00:00,Urban,Mid,0,0
2026-04-17T00:00:00,Urban,Mid,0,0
2026-04-17T00:00:00,Urban,Mid,0,0
2026-04-17T00:00:00,Urban,Mid,0,0
2026-04-17T00:00:00,Urban,Mid,0,0
2026-04-17T00:00:00,Urban,Mid,0,0
2026-04-17T00:00:00,Urban,Mid,0,0
2026-04-17T00:00:00,Urban,Mid,0,0
2026-04-17T00:00:00,Urban,Mid,0,0
2026-04-17T00:00:00,Urban,Mid,0,0
2026-04-17T00:00:00,Urban,Mid,0,1
2026-04-17T00:00:00,Urban,Mid,0,0
2026-04-17T00:00:00,Urban,Mid,0,0
2026-04-17T00:00:00,Urban,Mid,0,0
2026-04-17T00:00:00,Urban,Mid,0,0
2026-04-17T00:00:00,Urban,Mid,0,0
2026-04-17T00:00:00,Urban,Mid,0,0
2026-04-17T00:00:00,Urban,Mid,0,0
2026-04-17T00:00:00,Urban,Mid,0,0
2026-04-17T00:00:00,Urban,Mid,0,0
2026-04-17T00:00:00,Urban,Mid,0,0
2026-04-17T00:00:00,Urban,Mid,0,0
2026-04-17T00:00:00,Urban,Mid,0,0
2026-04-17T00:00:00,Urban,Mid,0,0
2026-04-17T00:00:00,Urban,Mid,0,0
2026-04-17T00:00:00,Urban,Mid,0,0
2026-04-17T00:00:00,Urban,Mid,0,0
2026-04-17T00:00:00,Urban,Low,1,1
2026-04-17T00:00:00,Urban,Low,1,1
2026-04-17T00:00:00,Urban,Low,1,0
2026-04-17T00:00:00,Urban,Low,1,1
2026-04-17T00:00:00,Urban,Low,1,1
2026-04-17T00:00:00,Urban,Low,1,1
2026-04-17T00:00:00,Urban,Low,1,1
2026-04-17T00:00:00,Urban,Low,1,1
2026-04-17T00:00:00,Urban,Low,1,1
2026-04-17T00:00:00,Urban,Low,1,0
2026-04-17T00:00:00,Urban,Low,1,1
2026-04-17T00:00:00,Urban,Low,1,1
2026-04-17T00:00:00,Urban,Low,1,1
2026-04-17T00:00:00,Urban,Low,1,1
2026-04-17T00:00:00,Urban,Low,1,1
2026-04-17T00:00:00,Urban,Low,1,0
2026-04-17T00:00:00,Urban,Low,1,1
2026-04-17T00:00:00,Urban,Low,1,1
2026-04-17T00:00:00,Urban,Low,1,1
2026-04-17T00:00:00,Urban,Low,1,1
2026-04-17T00:00:00,Urban,Low,1,1
2026-04-17T00:00:00,Urban,Low,1,1
2026-04-17T00:00:00,Urban,Low,1,1
2026-04-17T00:00:00,Urban,Low,1,1
2026-04-17T00:00:00,Urban,Low,1,1
2026-04-17T00:00:00,Urban,Low,1,1
2026-04-17T00:00:00,Urban,Low,1,1
2026-04-17T00:00:00,Urban,Low,1,1
2026-04-17T00:00:00,Urban,Low,1,1
2026-04-17T00:00:00,Urban,Low,1,1
2026-04-17T00:00:00,Urban,Low,1,1
2026-04-17T00:00:00,Urban,Low,1,1
2026-04-17T00:00:00,Urban,Low,1,1
2026-04-17T00:00:00,Urban,Low,1,1
2026-04-17T00:00:00,Urban,Low,1,1
2026-04-17T00:00:00,Urban,Low,1,1
2026-04-17T00:00:00,Urban,Low,1,1
2026-04-17T00:00:00,Urban,Low,1,1
2026-04-17T00:00:00,Urban,Low,1,1
2026-04-17T00:00:00,Urban,Low,1,1
2026-04-17T00:00:00,Urban,Low,1,1
2026-04-17T00:00:00,Urban,Low,1,1
2026-04-17T00:00:00,Urban,Low,1,1
2026-04-17T00:00:00,Urban,Low,1,1
2026-04-17T00:00:00,Urban,Low,1,1
2026-04-17T00:00:00,Urban,Low,1,1
2026-04-17T00:00:00,Urban,Low,1,0
2026-04-17T00:00:00,Urban,Low,1,1
2026-04-17T00:00:00,Urban,Low,1,1
2026-04-17T00:00:00,Urban,Low,1,1
2026-04-17T00:00:00,Urban,Low,1,0
2026-04-17T00:00:00,Urban,Low,1,1
2026-04-17T00:00:00,Urban,Low,1,1
2026-04-17T00:00:00,Urban,Low,1,1
2026-04-17T00:00:00,Urban,Low,1,1
2026-04-17T00:00:00,Urban,Low,1,1
2026-04-17T00:00:00,Urban,Low,1,1
2026-04-17T00:00:00,Urban,Low,1,1
2026-04-17T00:00:00,Urban,Low,1,1
2026-04-17T00:00:00,Urban,Low,1,1
2026-04-17T00:00:00,Urban,Low,1,1
2026-04-17T00:00:00,Urban,Low,1,0
2026-04-17T00:00:00,Urban,Low,0,0
2026-04-17T00:00:00,Urban,Low,0,0
2026-04-17T00:00:00,Urban,Low,0,0
2026-04-17T00:00:00,Urban,Low,0,0
2026-04-17T00:00:00,Urban,Low,0,0
2026-04-17T00:00:00,Urban,Low,0,0
2026-04-17T00:00:00,Urban,Low,0,0
2026-04-17T00:00:00,Urban,Low,0,0
2026-04-17T00:00:00,Urban,Low,0,0
2026-04-17T00:00:00,Urban,Low,0,0
2026-04-17T00:00:00,Urban,Low,0,0
2026-04-17T00:00:00,Urban,Low,0,0
2026-04-17T00:00:00,Urban,Low,0,0
2026-04-17T00:00:00,Urban,Low,0,0
2026-04-17T00:00:00,Urban,Low,0,0
2026-04-17T00:00:00,Urban,Low,0,0
2026-04-17T00:00:00,Urban,Low,0,0
2026-04-17T00:00:00,Urban,Low,0,0
2026-04-17T00:00:00,Urban,Low,0,0
2026-04-17T00:00:00,Urban,Low,0,0
2026-04-17T00:00:00,Urban,Low,0,0
2026-04-17T00:00:00,Urban,Low,0,0
2026-04-17T00:00:00,Urban,Low,0,0
2026-04-17T00:00:00,Urban,Low,0,1
2026-04-17T00:00:00,Urban,Low,0,0
2026-04-17T00:00:00,Urban,Low,0,1
2026-04-17T00:00:00,Urban,Low,0,0
2026-04-17T00:00:00,Urban,Low,0,0
2026-04-17T00:00:00,Urban,Low,0,0
2026-04-17T00:00:00,Urban,Low,0,0
2026-04-17T00:00:00,Urban,Low,0,0
2026-04-17T00:00:00,Urban,Low,0,0
2026-04-17T00:00:00,Urban,Low,0,0
2026-04-17T00:00:00,Urban,Low,0,0
2026-04-17T00:00:00,Urban,Low,0,0
2026-04-17T00:00:00,Urban,Low,0,0
2026-04-17T00:00:00,Urban,Low,0,0
2026-04-17T00:00:00,Urban,Low,0,0
2026-04-17T00:00:00,Urban,Low,0,0
2026-04-17T00:00:00,Urban,Low,0,0
2026-04-17T00:00:00,Urban,Low,0,0
2026-04-17T00:00:00,Urban,Low,0,0
2026-04-17T00:00:00,Urban,Low,0,0
2026-04-17T00:00:00,Urban,Low,0,0
2026-04-17T00:00:00,Urban,Low,0,0
2026-04-17T00:00:00,Urban,Low,0,0
2026-04-17T00:00:00,Urban,Low,0,0
2026-04-17T00:00:00,Urban,Low,0,0
2026-04-17T00:00:00,Urban,Low,0,0
2026-04-17T00:00:00,Urban,Low,0,0
2026-04-17T00:00:00,Urban,Low,0,0
2026-04-17T00:00:00,Urban,Low,0,0
2026-04-17T00:00:00,Urban,Low,0,0
2026-04-17T00:00:00,Urban,Low,0,1
2026-04-17T00:00:00,Urban,Low,0,0
2026-04-17T00:00:00,Urban,Low,0,0
2026-04-17T00:00:00,Urban,Low,0,0
2026-04-17T00:00:00,Urban,Low,0,0
2026-04-17T00:00:00,Urban,Low,0,0
2026-04-17T00:00:00,Urban,Low,0,0
2026-04-17T00:00:00,Urban,Low,0,0
2026-04-17T00:00:00,Urban,Low,0,0
2026-04-17T00:00:00,Urban,Low,0,0
2026-04-17T00:00:00,Urban,Low,0,0
2026-04-17T00:00:00,Urban,Low,0,0
2026-04-17T00:00:00,Urban,Low,0,0
2026-04-17T00:00:00,Urban,Low,0,0
2026-04-17T00:00:00,Urban,Low,0,0
2026-04-17T00:00:00,Urban,Low,0,0
2026-04-17T00:00:00,Urban,Low,0,0
2026-04-17T00:00:00,Urban,Low,0,0
2026-04-17T00:00:00,Urban,Low,0,0
2026-04-17T00:00:00,Urban,Low,0,1
2026-04-17T00:00:00,Urban,Low,0,0
2026-04-17T00:00:00,Urban,Low,0,0
2026-04-17T00:00:00,Urban,Low,0,0
2026-04-17T00:00:00,Urban,Low,0,0
2026-04-17T00:00:00,Urban,Low,0,0
2026-04-17T00:00:00,Urban,Low,0,0
2026-04-17T00:00:00,Urban,Low,0,0
2026-04-17T00:00:00,Urban,Low,0,0
2026-04-17T00:00:00,Urban,Low,0,0
2026-04-17T00:00:00,Urban,Low,0,0
2026-04-17T00:00:00,Urban,Low,0,0
2026-04-17T00:00:00,Urban,Low,0,0
2026-04-17T00:00:00,Urban,Low,0,0
2026-04-17T00:00:00,Urban,Low,0,0
2026-04-17T00:00:00,Urban,Low,0,0
2026-04-17T00:00:00,Urban,Low,0,0
2026-04-17T00:00:00,Urban,Low,0,0
2026-04-17T00:00:00,Urban,Low,0,0
2026-04-17T00:00:00,Urban,Low,0,0
2026-04-17T00:00:00,Urban,Low,0,0
2026-04-17T00:00:00,Urban,Low,0,0
2026-04-17T00:00:00,Urban,Low,0,0
2026-04-17T00:00:00,Urban,Low,0,0
2026-04-17T00:00:00,Urban,Low,0,0
2026-04-17T00:00:00,Urban,Low,0,0
2026-04-17T00:00:00,Urban,Low,0,0
2026-04-17T00:00:00,Urban,Low,0,0
2026-04-17T00:00:00,Urban,Low,0,0
2026-04-17T00:00:00,Urban,Low,0,0
2026-04-17T00:00:00,Urban,Low,0,0
2026-04-17T00:00:00,Urban,Low,0,0
2026-04-17T00:00:00,Urban,Low,0,0
2026-04-17T00:00:00,Urban,Low,0,0
2026-04-17T00:00:00,Urban,Low,0,0
2026-04-17T00:00:00,Urban,Low,0,0
2026-04-17T00:00:00,Urban,Low,0,0
2026-04-17T00:00:00,Urban,Low,0,0
2026-04-17T00:00:00,Urban,Low,0,0
2026-04-17T00:00:00,Urban,Low,0,0
2026-04-17T00:00:00,Urban,Low,0,0
2026-04-17T00:00:00,Urban,Low,0,0
2026-04-17T00:00:00,Urban,Low,0,0
2026-04-17T00:00:00,Rural,High,1,0
2026-04-17T00:00:00,Rural,High,1,1
2026-04-17T00:00:00,Rural,High,1,1
2026-04-17T00:00:00,Rural,High,1,1
2026-04-17T00:00:00,Rural,High,1,1
2026-04-17T00:00:00,Rural,High,1,1
2026-04-17T00:00:00,Rural,High,1,1
2026-04-17T00:00:00,Rural,High,1,1
2026-04-17T00:00:00,Rural,High,1,0
2026-04-17T00:00:00,Rural,High,1,1
2026-04-17T00:00:00,Rural,High,1,1
2026-04-17T00:00:00,Rural,High,1,1
2026-04-17T00:00:00,Rural,High,1,1
2026-04-17T00:00:00,Rural,High,1,1
2026-04-17T00:00:00,Rural,High,1,1
2026-04-17T00:00:00,Rural,High,1,0
2026-04-17T00:00:00,Rural,High,1,1
2026-04-17T00:00:00,Rural,High,1,1
2026-04-17T00:00:00,Rural,High,1,1
2026-04-17T00:00:00,Rural,High,1,1
2026-04-17T00:00:00,Rural,High,1,0
2026-04-17T00:00:00,Rural,High,1,1
2026-04-17T00:00:00,Rural,High,1,1
2026-04-17T00:00:00,Rural,High,1,1
2026-04-17T00:00:00,Rural,High,1,1
2026-04-17T00:00:00,Rural,High,1,1
2026-04-17T00:00:00,Rural,High,1,1
2026-04-17T00:00:00,Rural,High,1,1
2026-04-17T00:00:00,Rural,High,1,1
2026-04-17T00:00:00,Rural,High,1,1
2026-04-17T00:00:00,Rural,High,1,1
2026-04-17T00:00:00,Rural,High,1,1
2026-04-17T00:00:00,Rural,High,1,1
2026-04-17T00:00:00,Rural,High,1,1
2026-04-17T00:00:00,Rural,High,1,1
2026-04-17T00:00:00,Rural,High,1,1
2026-04-17T00:00:00,Rural,High,1,1
2026-04-17T00:00:00,Rural,High,1,1
2026-04-17T00:00:00,Rural,High,1,1
2026-04-17T00:00:00,Rural,High,1,0
2026-04-17T00:00:00,Rural,High,1,1
2026-04-17T00:00:00,Rural,High,1,1
2026-04-17T00:00:00,Rural,High,1,1
2026-04-17T00:00:00,Rural,High,1,1
2026-04-17T00:00:00,Rural,High,1,1
2026-04-17T00:00:00,Rural,High,1,1
2026-04-17T00:00:00,Rural,High,1,1
2026-04-17T00:00:00,Rural,High,1,1
2026-04-17T00:00:00,Rural,High,1,1
2026-04-17T00:00:00,Rural,High,0,0
2026-04-17T00:00:00,Rural,High,0,0
2026-04-17T00:00:00,Rural,High,0,1
2026-04-17T00:00:00,Rural,High,0,0
2026-04-17T00:00:00,Rural,High,0,0
2026-04-17T00:00:00,Rural,High,0,0
2026-04-17T00:00:00,Rural,High,0,0
2026-04-17T00:00:00,Rural,High,0,0
2026-04-17T00:00:00,Rural,High,0,0
2026-04-17T00:00:00,Rural,High,0,0
2026-04-17T00:00:00,Rural,High,0,0
2026-04-17T00:00:00,Rural,High,0,0
2026-04-17T00:00:00,Rural,High,0,0
2026-04-17T00:00:00,Rural,High,0,0
2026-04-17T00:00:00,Rural,High,0,0
2026-04-17T00:00:00,Rural,High,0,0
2026-04-17T00:00:00,Rural,High,0,0
2026-04-17T00:00:00,Rural,High,0,0
2026-04-17T00:00:00,Rural,High,0,0
2026-04-17T00:00:00,Rural,High,0,0
2026-04-17T00:00:00,Rural,High,0,0
2026-04-17T00:00:00,Rural,High,0,0
2026-04-17T00:00:00,Rural,High,0,0
2026-04-17T00:00:00,Rural,High,0,0
2026-04-17T00:00:00,Rural,High,0,0
2026-04-17T00:00:00,Rural,High,0,0
2026-04-17T00:00:00,Rural,High,0,0
2026-04-17T00:00:00,Rural,High,0,0
2026-04-17T00:00:00,Rural,High,0,0
2026-04-17T00:00:00,Rural,High,0,0
2026-04-17T00:00:00,Rural,High,0,0
2026-04-17T00:00:00,Rural,High,0,0
2026-04-17T00:00:00,Rural,High,0,0
2026-04-17T00:00:00,Rural,High,0,0
2026-04-17T00:00:00,Rural,High,0,0
2026-04-17T00:00:00,Rural,High,0,0
2026-04-17T00:00:00,Rural,High,0,0
2026-04-17T00:00:00,Rural,High,0,0
2026-04-17T00:00:00,Rural,High,0,0
2026-04-17T00:00:00,Rural,High,0,0
2026-04-17T00:00:00,Rural,High,0,0
2026-04-17T00:00:00,Rural,High,0,0
2026-04-17T00:00:00,Rural,High,0,0
2026-04-17T00:00:00,Rural,High,0,0
2026-04-17T00:00:00,Rural,High,0,0
2026-04-17T00:00:00,Rural,High,0,0
2026-04-17T00:00:00,Rural,High,0,0
2026-04-17T00:00:00,Rural,High,0,0
2026-04-17T00:00:00,Rural,High,0,0
2026-04-17T00:00:00,Rural,High,0,0
2026-04-17T00:00:00,Rural,High,0,0
2026-04-17T00:00:00,Rural,High,0,0
2026-04-17T00:00:00,Rural,High,0,0
2026-04-17T00:00:00,Rural,High,0,0
2026-04-17T00:00:00,Rural,High,0,0
2026-04-17T00:00:00,Rural,High,0,0
2026-04-17T00:00:00,Rural,High,0,0
2026-04-17T00:00:00,Rural,High,0,0
2026-04-17T00:00:00,Rural,High,0,0
2026-04-17T00:00:00,Rural,High,0,0
2026-04-17T00:00:00,Rural,High,0,0
2026-04-17T00:00:00,Rural,High,0,0
2026-04-17T00:00:00,Rural,High,0,0
2026-04-17T00:00:00,Rural,High,0,0
2026-04-17T00:00:00,Rural,High,0,0
2026-04-17T00:00:00,Rural,High,0,0
2026-04-17T00:00:00,Rural,High,0,0
2026-04-17T00:00:00,Rural,High,0,0
2026-04-17T00:00:00,Rural,High,0,0
2026-04-17T00:00:00,Rural,High,0,0
2026-04-17T00:00:00,Rural,High,0,0
2026-04-17T00:00:00,Rural,High,0,0
2026-04-17T00:00:00,Rural,High,0,0
2026-04-17T00:00:00,Rural,High,0,0
2026-04-17T00:00:00,Rural,High,0,0
2026-04-17T00:00:00,Rural,High,0,0
2026-04-17T00:00:00,Rural,High,0,0
2026-04-17T00:00:00,Rural,High,0,0
2026-04-17T00:00:00,Rural,High,0,1
2026-04-17T00:00:00,Rural,High,0,0
2026-04-17T00:00:00,Rural,Mid,1,1
2026-04-17T00:00:00,Rural,Mid,1,1
2026-04-17T00:00:00,Rural,Mid,1,1
2026-04-17T00:00:00,Rural,Mid,1,1
2026-04-17T00:00:00,Rural,Mid,1,1
2026-04-17T00:00:00,Rural,Mid,1,1
2026-04-17T00:00:00,Rural,Mid,1,1
2026-04-17T00:00:00,Rural,Mid,1,1
2026-04-17T00:00:00,Rural,Mid,1,1
2026-04-17T00:00:00,Rural,Mid,1,1
2026-04-17T00:00:00,Rural,Mid,1,1
2026-04-17T00:00:00,Rural,Mid,1,0
2026-04-17T00:00:00,Rural,Mid,1,1
2026-04-17T00:00:00,Rural,Mid,1,1
2026-04-17T00:00:00,Rural,Mid,1,1
2026-04-17T00:00:00,Rural,Mid,1,1
2026-04-17T00:00:00,Rural,Mid,1,1
2026-04-17T00:00:00,Rural,Mid,1,1
2026-04-17T00:00:00,Rural,Mid,1,1
2026-04-17T00:00:00,Rural,Mid,1,1
2026-04-17T00:00:00,Rural,Mid,1,1
2026-04-17T00:00:00,Rural,Mid,1,1
2026-04-17T00:00:00,Rural,Mid,1,1
2026-04-17T00:00:00,Rural,Mid,1,1
2026-04-17T00:00:00,Rural,Mid,1,1
2026-04-17T00:00:00,Rural,Mid,1,1
2026-04-17T00:00:00,Rural,Mid,1,1
2026-04-17T00:00:00,Rural,Mid,1,0
2026-04-17T00:00:00,Rural,Mid,1,1
2026-04-17T00:00:00,Rural,Mid,1,1
2026-04-17T00:00:00,Rural,Mid,1,1
2026-04-17T00:00:00,Rural,Mid,1,1
2026-04-17T00:00:00,Rural,Mid,1,1
2026-04-17T00:00:00,Rural,Mid,1,1
2026-04-17T00:00:00,Rural,Mid,1,1
2026-04-17T00:00:00,Rural,Mid,1,0
2026-04-17T00:00:00,Rural,Mid,1,1
2026-04-17T00:00:00,Rural,Mid,1,1
2026-04-17T00:00:00,Rural,Mid,1,1
2026-04-17T00:00:00,Rural,Mid,1,1
2026-04-17T00:00:00,Rural,Mid,1,1
2026-04-17T00:00:00,Rural,Mid,1,0
2026-04-17T00:00:00,Rural,Mid,1,1
2026-04-17T00:00:00,Rural,Mid,1,1
2026-04-17T00:00:00,Rural,Mid,1,1
2026-04-17T00:00:00,Rural,Mid,1,1
2026-04-17T00:00:00,Rural,Mid,1,1
2026-04-17T00:00:00,Rural,Mid,0,0
2026-04-17T00:00:00,Rural,Mid,0,0
2026-04-17T00:00:00,Rural,Mid,0,0
2026-04-17T00:00:00,Rural,Mid,0,0
2026-04-17T00:00:00,Rural,Mid,0,0
2026-04-17T00:00:00,Rural,Mid,0,0
2026-04-17T00:00:00,Rural,Mid,0,0
2026-04-17T00:00:00,Rural,Mid,0,0
2026-04-17T00:00:00,Rural,Mid,0,0
2026-04-17T00:00:00,Rural,Mid,0,0
2026-04-17T00:00:00,Rural,Mid,0,0
2026-04-17T00:00:00,Rural,Mid,0,0
2026-04-17T00:00:00,Rural,Mid,0,0
2026-04-17T00:00:00,Rural,Mid,0,0
2026-04-17T00:00:00,Rural,Mid,0,0
2026-04-17T00:00:00,Rural,Mid,0,0
2026-04-17T00:00:00,Rural,Mid,0,0
2026-04-17T00:00:00,Rural,Mid,0,0
2026-04-17T00:00:00,Rural,Mid,0,0
2026-04-17T00:00:00,Rural,Mid,0,0
2026-04-17T00:00:00,Rural,Mid,0,0
2026-04-17T00:00:00,Rural,Mid,0,0
2026-04-17T00:00:00,Rural,Mid,0,1
2026-04-17T00:00:00,Rural,Mid,0,0
2026-04-17T00:00:00,Rural,Mid,0,0
2026-04-17T00:00:00,Rural,Mid,0,0
2026-04-17T00:00:00,Rural,Mid,0,0
2026-04-17T00:00:00,Rural,Mid,0,0
2026-04-17T00:00:00,Rural,Mid,0,0
2026-04-17T00:00:00,Rural,Mid,0,0
2026-04-17T00:00:00,Rural,Mid,0,0
2026-04-17T00:00:00,Rural,Mid,0,0
2026-04-17T00:00:00,Rural,Mid,0,0
2026-04-17T00:00:00,Rural,Mid,0,0
2026-04-17T00:00:00,Rural,Mid,0,0
2026-04-17T00:00:00,Rural,Mid,0,0
2026-04-17T00:00:00,Rural,Mid,0,0
2026-04-17T00:00:00,Rural,Mid,0,0
2026-04-17T00:00:00,Rural,Mid,0,0
2026-04-17T00:00:00,Rural,Mid,0,0
2026-04-17T00:00:00,Rural,Mid,0,0
2026-04-17T00:00:00,Rural,Mid,0,0
2026-04-17T00:00:00,Rural,Mid,0,0
2026-04-17T00:00:00,Rural,Mid,0,0
2026-04-17T00:00:00,Rural,Mid,0,0
2026-04-17T00:00:00,Rural,Mid,0,0
2026-04-17T00:00:00,Rural,Mid,0,0
2026-04-17T00:00:00,Rural,Mid,0,0
2026-04-17T00:00:00,Rural,Mid,0,0
2026-04-17T00:00:00,Rural,Mid,0,0
2026-04-17T00:00:00,Rural,Mid,0,0
2026-04-17T00:00:00,Rural,Mid,0,0
2026-04-17T00:00:00,Rural,Mid,0,0
2026-04-17T00:00:00,Rural,Mid,0,0
2026-04-17T00:00:00,Rural,Mid,0,0
2026-04-17T00:00:00,Rural,Mid,0,0
2026-04-17T00:00:00,Rural,Mid,0,1
2026-04-17T00:00:00,Rural,Mid,0,0
2026-04-17T00:00:00,Rural,Mid,0,0
2026-04-17T00:00:00,Rural,Mid,0,0
2026-04-17T00:00:00,Rural,Mid,0,0
2026-04-17T00:00:00,Rural,Mid,0,1
2026-04-17T00:00:00,Rural,Mid,0,0
2026-04-17T00:00:00,Rural,Mid,0,0
2026-04-17T00:00:00,Rural,Mid,0,0
2026-04-17T00:00:00,Rural,Mid,0,0
2026-04-17T00:00:00,Rural,Mid,0,0
2026-04-17T00:00:00,Rural,Mid,0,0
2026-04-17T00:00:00,Rural,Mid,0,0
2026-04-17T00:00:00,Rural,Mid,0,0
2026-04-17T00:00:00,Rural,Mid,0,0
2026-04-17T00:00:00,Rural,Mid,0,0
2026-04-17T00:00:00,Rural,Mid,0,0
2026-04-17T00:00:00,Rural,Mid,0,0
2026-04-17T00:00:00,Rural,Mid,0,0
2026-04-17T00:00:00,Rural,Mid,0,0
2026-04-17T00:00:00,Rural,Mid,0,1
2026-04-17T00:00:00,Rural,Mid,0,0
2026-04-17T00:00:00,Rural,Mid,0,0
2026-04-17T00:00:00,Rural,Mid,0,0
2026-04-17T00:00:00,Rural,Low,1,1
2026-04-17T00:00:00,Rural,Low,1,1
2026-04-17T00:00:00,Rural,Low,1,1
2026-04-17T00:00:00,Rural,Low,1,1
2026-04-17T00:00:00,Rural,Low,1,0
2026-04-17T00:00:00,Rural,Low,1,1
2026-04-17T00:00:00,Rural,Low,1,1
2026-04-17T00:00:00,Rural,Low,1,1
2026-04-17T00:00:00,Rural,Low,1,1
2026-04-17T00:00:00,Rural,Low,1,1
2026-04-17T00:00:00,Rural,Low,1,1
2026-04-17T00:00:00,Rural,Low,1,1
2026-04-17T00:00:00,Rural,Low,1,0
2026-04-17T00:00:00,Rural,Low,1,1
2026-04-17T00:00:00,Rural,Low,1,1
2026-04-17T00:00:00,Rural,Low,1,0
2026-04-17T00:00:00,Rural,Low,1,0
2026-04-17T00:00:00,Rural,Low,1,1
2026-04-17T00:00:00,Rural,Low,1,1
2026-04-17T00:00:00,Rural,Low,1,1
2026-04-17T00:00:00,Rural,Low,1,1
2026-04-17T00:00:00,Rural,Low,1,1
2026-04-17T00:00:00,Rural,Low,1,1
2026-04-17T00:00:00,Rural,Low,1,1
2026-04-17T00:00:00,Rural,Low,1,1
2026-04-17T00:00:00,Rural,Low,1,0
2026-04-17T00:00:00,Rural,Low,1,1
2026-04-17T00:00:00,Rural,Low,1,1
2026-04-17T00:00:00,Rural,Low,1,0
2026-04-17T00:00:00,Rural,Low,1,1
2026-04-17T00:00:00,Rural,Low,1,1
2026-04-17T00:00:00,Rural,Low,1,1
2026-04-17T00:00:00,Rural,Low,1,0
2026-04-17T00:00:00,Rural,Low,1,1
2026-04-17T00:00:00,Rural,Low,1,0
2026-04-17T00:00:00,Rural,Low,1,1
2026-04-17T00:00:00,Rural,Low,1,1
2026-04-17T00:00:00,Rural,Low,1,1
2026-04-17T00:00:00,Rural,Low,1,0
2026-04-17T00:00:00,Rural,Low,1,1
2026-04-17T00:00:00,Rural,Low,1,1
2026-04-17T00:00:00,Rural,Low,1,1
2026-04-17T00:00:00,Rural,Low,1,0
2026-04-17T00:00:00,Rural,Low,0,0
2026-04-17T00:00:00,Rural,Low,0,0
2026-04-17T00:00:00,Rural,Low,0,0
2026-04-17T00:00:00,Rural,Low,0,0
2026-04-17T00:00:00,Rural,Low,0,0
2026-04-17T00:00:00,Rural,Low,0,0
2026-04-17T00:00:00,Rural,Low,0,0
2026-04-17T00:00:00,Rural,Low,0,0
2026-04-17T00:00:00,Rural,Low,0,0
2026-04-17T00:00:00,Rural,Low,0,0
2026-04-17T00:00:00,Rural,Low,0,0
2026-04-17T00:00:00,Rural,Low,0,0
2026-04-17T00:00:00,Rural,Low,0,0
2026-04-17T00:00:00,Rural,Low,0,0
2026-04-17T00:00:00,Rural,Low,0,0
2026-04-17T00:00:00,Rural,Low,0,0
2026-04-17T00:00:00,Rural,Low,0,0
2026-04-17T00:00:00,Rural,Low,0,0
2026-04-17T00:00:00,Rural,Low,0,0
2026-04-17T00:00:00,Rural,Low,0,0
2026-04-17T00:00:00,Rural,Low,0,0
2026-04-17T00:00:00,Rural,Low,0,0
2026-04-17T00:00:00,Rural,Low,0,0
2026-04-17T00:00:00,Rural,Low,0,0
2026-04-17T00:00:00,Rural,Low,0,0
2026-04-17T00:00:00,Rural,Low,0,0
2026-04-17T00:00:00,Rural,Low,0,0
2026-04-17T00:00:00,Rural,Low,0,0
2026-04-17T00:00:00,Rural,Low,0,0
2026-04-17T00:00:00,Rural,Low,0,0
2026-04-17T00:00:00,Rural,Low,0,0
2026-04-17T00:00:00,Rural,Low,0,0
2026-04-17T00:00:00,Rural,Low,0,0
2026-04-17T00:00:00,Rural,Low,0,0
2026-04-17T00:00:00,Rural,Low,0,1
2026-04-17T00:00:00,Rural,Low,0,0
2026-04-17T00:00:00,Rural,Low,0,0
2026-04-17T00:00:00,Rural,Low,0,0
2026-04-17T00:00:00,Rural,Low,0,0
2026-04-17T00:00:00,Rural,Low,0,0
2026-04-17T00:00:00,Rural,Low,0,0
2026-04-17T00:00:00,Rural,Low,0,0
2026-04-17T00:00:00,Rural,Low,0,0
2026-04-17T00:00:00,Rural,Low,0,0
2026-04-17T00:00:00,Rural,Low,0,0
2026-04-17T00:00:00,Rural,Low,0,0
2026-04-17T00:00:00,Rural,Low,0,0
2026-04-17T00:00:00,Rural,Low,0,0
2026-04-17T00:00:00,Rural,Low,0,0
2026-04-17T00:00:00,Rural,Low,0,0
2026-04-17T00:00:00,Rural,Low,0,0
2026-04-17T00:00:00,Rural,Low,0,0
2026-04-17T00:00:00,Rural,Low,0,0
2026-04-17T00:00:00,Rural,Low,0,0
2026-04-17T00:00:00,Rural,Low,0,0
2026-04-17T00:00:00,Rural,Low,0,0
2026-04-17T00:00:00,Rural,Low,0,0
2026-04-17T00:00:00,Rural,Low,0,0
2026-04-17T00:00:00,Rural,Low,0,0
2026-04-17T00:00:00,Rural,Low,0,0
2026-04-17T00:00:00,Rural,Low,0,0
2026-04-17T00:00:00,Rural,Low,0,0
2026-04-17T00:00:00,Rural,Low,0,0
2026-04-17T00:00:00,Rural,Low,0,0
2026-04-17T00:00:00,Rural,Low,0,0
2026-04-17T00:00:00,Rural,Low,0,0
2026-04-17T00:00:00,Rural,Low,0,0
2026-04-17T00:00:00,Rural,Low,0,0
2026-04-17T00:00:00,Rural,Low,0,0
2026-04-17T00:00:00,Rural,Low,0,0
2026-04-17T00:00:00,Rural,Low,0,0
2026-04-17T00:00:00,Rural,Low,0,0
2026-04-17T00:00:00,Rural,Low,0,0
2026-04-17T00:00:00,Rural,Low,0,0
2026-04-17T00:00:00,Rural,Low,0,0
2026-04-17T00:00:00,Rural,Low,0,0
2026-04-17T00:00:00,Rural,Low,0,0
2026-04-17T00:00:00,Rural,Low,0,0
2026-04-17T00:00:00,Rural,Low,0,0
2026-04-17T00:00:00,Rural,Low,0,1
2026-04-17T00:00:00,Rural,Low,0,0
2026-04-17T00:00:00,Rural,Low,0,0
2026-04-17T00:00:00,Rural,Low,0,0
2026-04-17T00:00:00,Rural,Low,0,0
2026-04-17T00:00:00,Rural,Low,0,0
2026-04-17T00:00:00,Rural,Low,0,0
2026-04-17T00:00:00,Rural,Low,0,0
2026-04-17T00:00:00,Rural,Low,0,0
2026-04-17T00:00:00,Rural,Low,0,0
2026-04-17T00:00:00,Rural,Low,0,0
2026-04-17T00:00:00,Rural,Low,0,0
2026-04-17T00:00:00,Rural,Low,0,0
2026-04-17T00:00:00,Rural,Low,0,0
2026-04-17T00:00:00,Rural,Low,0,0
2026-04-17T00:00:00,Rural,Low,0,0
2026-04-17T00:00:00,Rural,Low,0,0
2026-04-17T00:00:00,Rural,Low,0,0
2026-04-17T00:00:00,Rural,Low,0,0
2026-04-17T00:00:00,Rural,Low,0,0
2026-04-17T00:00:00,Rural,Low,0,0
2026-04-17T00:00:00,Rural,Low,0,1
2026-04-17T00:00:00,Rural,Low,0,0
2026-04-17T00:00:00,Rural,Low,0,0
2026-04-17T00:00:00,Rural,Low,0,0
2026-04-17T00:00:00,Rural,Low,0,0
2026-04-17T00:00:00,Rural,Low,0,0
2026-04-17T00:00:00,Rural,Low,0,0
2026-04-17T00:00:00,Rural,Low,0,0
2026-04-17T00:00:00,Rural,Low,0,0
2026-04-17T00:00:00,Rural,Low,0,0
2026-04-17T00:00:00,Rural,Low,0,0
2026-04-17T00:00:00,Rural,Low,0,0
2026-04-17T00:00:00,Rural,Low,0,0
2026-04-18T00:00:00,Urban,High,1,1
2026-04-18T00:00:00,Urban,High,1,1
2026-04-18T00:00:00,Urban,High,1,1
2026-04-18T00:00:00,Urban,High,1,1
2026-04-18T00:00:00,Urban,High,1,1
2026-04-18T00:00:00,Urban,High,1,1
2026-04-18T00:00:00,Urban,High,1,1
2026-04-18T00:00:00,Urban,High,1,0
2026-04-18T00:00:00,Urban,High,1,1
2026-04-18T00:00:00,Urban,High,1,1
2026-04-18T00:00:00,Urban,High,1,1
2026-04-18T00:00:00,Urban,High,1,1
2026-04-18T00:00:00,Urban,High,1,1
2026-04-18T00:00:00,Urban,High,1,1
2026-04-18T00:00:00,Urban,High,1,1
2026-04-18T00:00:00,Urban,High,1,1
2026-04-18T00:00:00,Urban,High,1,0
2026-04-18T00:00:00,Urban,High,1,1
2026-04-18T00:00:00,Urban,High,1,1
2026-04-18T00:00:00,Urban,High,1,1
2026-04-18T00:00:00,Urban,High,1,1
2026-04-18T00:00:00,Urban,High,1,1
2026-04-18T00:00:00,Urban,High,1,1
2026-04-18T00:00:00,Urban,High,1,1
2026-04-18T00:00:00,Urban,High,1,1
2026-04-18T00:00:00,Urban,High,1,1
2026-04-18T00:00:00,Urban,High,1,1
2026-04-18T00:00:00,Urban,High,1,1
2026-04-18T00:00:00,Urban,High,1,0
2026-04-18T00:00:00,Urban,High,1,1
2026-04-18T00:00:00,Urban,High,1,1
2026-04-18T00:00:00,Urban,High,1,1
2026-04-18T00:00:00,Urban,High,1,1
2026-04-18T00:00:00,Urban,High,1,1
2026-04-18T00:00:00,Urban,High,1,1
2026-04-18T00:00:00,Urban,High,1,1
2026-04-18T00:00:00,Urban,High,1,1
2026-04-18T00:00:00,Urban,High,1,1
2026-04-18T00:00:00,Urban,High,1,1
2026-04-18T00:00:00,Urban,High,1,1
2026-04-18T00:00:00,Urban,High,1,1
2026-04-18T00:00:00,Urban,High,1,1
2026-04-18T00:00:00,Urban,High,1,1
2026-04-18T00:00:00,Urban,High,1,1
2026-04-18T00:00:00,Urban,High,1,1
2026-04-18T00:00:00,Urban,High,1,1
2026-04-18T00:00:00,Urban,High,0,0
2026-04-18T00:00:00,Urban,High,0,1
2026-04-18T00:00:00,Urban,High,0,0
2026-04-18T00:00:00,Urban,High,0,0
2026-04-18T00:00:00,Urban,High,0,0
2026-04-18T00:00:00,Urban,High,0,0
2026-04-18T00:00:00,Urban,High,0,0
2026-04-18T00:00:00,Urban,High,0,0
2026-04-18T00:00:00,Urban,High,0,0
2026-04-18T00:00:00,Urban,High,0,0
2026-04-18T00:00:00,Urban,High,0,0
2026-04-18T00:00:00,Urban,High,0,0
2026-04-18T00:00:00,Urban,High,0,0
2026-04-18T00:00:00,Urban,High,0,0
2026-04-18T00:00:00,Urban,High,0,0
2026-04-18T00:00:00,Urban,High,0,0
2026-04-18T00:00:00,Urban,High,0,0
2026-04-18T00:00:00,Urban,High,0,0
2026-04-18T00:00:00,Urban,High,0,0
2026-04-18T00:00:00,Urban,High,0,0
2026-04-18T00:00:00,Urban,High,0,0
2026-04-18T00:00:00,Urban,High,0,1
2026-04-18T00:00:00,Urban,High,0,0
2026-04-18T00:00:00,Urban,High,0,0
2026-04-18T00:00:00,Urban,High,0,0
2026-04-18T00:00:00,Urban,High,0,0
2026-04-18T00:00:00,Urban,High,0,0
2026-04-18T00:00:00,Urban,High,0,0
2026-04-18T00:00:00,Urban,High,0,0
2026-04-18T00:00:00,Urban,High,0,0
2026-04-18T00:00:00,Urban,High,0,0
2026-04-18T00:00:00,Urban,High,0,0
2026-04-18T00:00:00,Urban,High,0,0
2026-04-18T00:00:00,Urban,High,0,0
2026-04-18T00:00:00,Urban,High,0,0
2026-04-18T00:00:00,Urban,High,0,0
2026-04-18T00:00:00,Urban,High,0,0
2026-04-18T00:00:00,Urban,High,0,0
2026-04-18T00:00:00,Urban,High,0,0
2026-04-18T00:00:00,Urban,High,0,0
2026-04-18T00:00:00,Urban,High,0,0
2026-04-18T00:00:00,Urban,High,0,0
2026-04-18T00:00:00,Urban,High,0,0
2026-04-18T00:00:00,Urban,High,0,0
2026-04-18T00:00:00,Urban,High,0,0
2026-04-18T00:00:00,Urban,High,0,0
2026-04-18T00:00:00,Urban,High,0,1
2026-04-18T00:00:00,Urban,High,0,0
2026-04-18T00:00:00,Urban,High,0,0
2026-04-18T00:00:00,Urban,High,0,0
2026-04-18T00:00:00,Urban,High,0,0
2026-04-18T00:00:00,Urban,High,0,0
2026-04-18T00:00:00,Urban,High,0,0
2026-04-18T00:00:00,Urban,High,0,0
2026-04-18T00:00:00,Urban,High,0,1
2026-04-18T00:00:00,Urban,High,0,0
2026-04-18T00:00:00,Urban,High,0,0
2026-04-18T00:00:00,Urban,High,0,0
2026-04-18T00:00:00,Urban,High,0,0
2026-04-18T00:00:00,Urban,High,0,0
2026-04-18T00:00:00,Urban,High,0,0
2026-04-18T00:00:00,Urban,High,0,0
2026-04-18T00:00:00,Urban,High,0,0
2026-04-18T00:00:00,Urban,High,0,0
2026-04-18T00:00:00,Urban,High,0,0
2026-04-18T00:00:00,Urban,High,0,0
2026-04-18T00:00:00,Urban,High,0,0
2026-04-18T00:00:00,Urban,High,0,0
2026-04-18T00:00:00,Urban,High,0,0
2026-04-18T00:00:00,Urban,High,0,0
2026-04-18T00:00:00,Urban,High,0,0
2026-04-18T00:00:00,Urban,High,0,0
2026-04-18T00:00:00,Urban,High,0,1
2026-04-18T00:00:00,Urban,High,0,1
2026-04-18T00:00:00,Urban,High,0,0
2026-04-18T00:00:00,Urban,High,0,1
2026-04-18T00:00:00,Urban,High,0,0
2026-04-18T00:00:00,Urban,High,0,0
2026-04-18T00:00:00,Urban,High,0,0
2026-04-18T00:00:00,Urban,High,0,0
2026-04-18T00:00:00,Urban,High,0,0
2026-04-18T00:00:00,Urban,High,0,0
2026-04-18T00:00:00,Urban,High,0,0
2026-04-18T00:00:00,Urban,High,0,0
2026-04-18T00:00:00,Urban,High,0,0
2026-04-18T00:00:00,Urban,High,0,0
2026-04-18T00:00:00,Urban,High,0,0
2026-04-18T00:00:00,Urban,High,0,0
2026-04-18T00:00:00,Urban,High,0,0
2026-04-18T00:00:00,Urban,High,0,0
2026-04-18T00:00:00,Urban,High,0,0
2026-04-18T00:00:00,Urban,High,0,0
2026-04-18T00:00:00,Urban,High,0,0
2026-04-18T00:00:00,Urban,High,0,0
2026-04-18T00:00:00,Urban,High,0,0
2026-04-18T00:00:00,Urban,High,0,0
2026-04-18T00:00:00,Urban,High,0,0
2026-04-18T00:00:00,Urban,High,0,0
2026-04-18T00:00:00,Urban,High,0,0
2026-04-18T00:00:00,Urban,High,0,0
2026-04-18T00:00:00,Urban,High,0,0
2026-04-18T00:00:00,Urban,High,0,0
2026-04-18T00:00:00,Urban,High,0,0
2026-04-18T00:00:00,Urban,High,0,0
2026-04-18T00:00:00,Urban,High,0,0
2026-04-18T00:00:00,Urban,High,0,0
2026-04-18T00:00:00,Urban,High,0,0
2026-04-18T00:00:00,Urban,High,0,0
2026-04-18T00:00:00,Urban,High,0,0
2026-04-18T00:00:00,Urban,High,0,0
2026-04-18T00:00:00,Urban,High,0,0
2026-04-18T00:00:00,Urban,High,0,0
2026-04-18T00:00:00,Urban,High,0,0
2026-04-18T00:00:00,Urban,Mid,1,1
2026-04-18T00:00:00,Urban,Mid,1,1
2026-04-18T00:00:00,Urban,Mid,1,1
2026-04-18T00:00:00,Urban,Mid,1,1
2026-04-18T00:00:00,Urban,Mid,1,1
2026-04-18T00:00:00,Urban,Mid,1,1
2026-04-18T00:00:00,Urban,Mid,1,1
2026-04-18T00:00:00,Urban,Mid,1,1
2026-04-18T00:00:00,Urban,Mid,1,1
2026-04-18T00:00:00,Urban,Mid,1,1
2026-04-18T00:00:00,Urban,Mid,1,1
2026-04-18T00:00:00,Urban,Mid,1,1
2026-04-18T00:00:00,Urban,Mid,1,1
2026-04-18T00:00:00,Urban,Mid,1,1
2026-04-18T00:00:00,Urban,Mid,1,1
2026-04-18T00:00:00,Urban,Mid,1,1
2026-04-18T00:00:00,Urban,Mid,1,1
2026-04-18T00:00:00,Urban,Mid,1,1
2026-04-18T00:00:00,Urban,Mid,1,1
2026-04-18T00:00:00,Urban,Mid,1,1
2026-04-18T00:00:00,Urban,Mid,1,1
2026-04-18T00:00:00,Urban,Mid,1,1
2026-04-18T00:00:00,Urban,Mid,1,1
2026-04-18T00:00:00,Urban,Mid,1,1
2026-04-18T00:00:00,Urban,Mid,1,1
2026-04-18T00:00:00,Urban,Mid,1,1
2026-04-18T00:00:00,Urban,Mid,1,1
2026-04-18T00:00:00,Urban,Mid,1,1
2026-04-18T00:00:00,Urban,Mid,1,1
2026-04-18T00:00:00,Urban,Mid,1,1
2026-04-18T00:00:00,Urban,Mid,1,1
2026-04-18T00:00:00,Urban,Mid,1,1
2026-04-18T00:00:00,Urban,Mid,1,1
2026-04-18T00:00:00,Urban,Mid,1,1
2026-04-18T00:00:00,Urban,Mid,1,1
2026-04-18T00:00:00,Urban,Mid,1,1
2026-04-18T00:00:00,Urban,Mid,1,0
2026-04-18T00:00:00,Urban,Mid,1,1
2026-04-18T00:00:00,Urban,Mid,1,1
2026-04-18T00:00:00,Urban,Mid,1,1
2026-04-18T00:00:00,Urban,Mid,1,1
2026-04-18T00:00:00,Urban,Mid,1,1
2026-04-18T00:00:00,Urban,Mid,1,1
2026-04-18T00:00:00,Urban,Mid,1,1
2026-04-18T00:00:00,Urban,Mid,1,1
2026-04-18T00:00:00,Urban,Mid,1,1
2026-04-18T00:00:00,Urban,Mid,1,1
2026-04-18T00:00:00,Urban,Mid,1,1
2026-04-18T00:00:00,Urban,Mid,1,1
2026-04-18T00:00:00,Urban,Mid,1,1
2026-04-18T00:00:00,Urban,Mid,0,0
2026-04-18T00:00:00,Urban,Mid,0,0
2026-04-18T00:00:00,Urban,Mid,0,0
2026-04-18T00:00:00,Urban,Mid,0,0
2026-04-18T00:00:00,Urban,Mid,0,0
2026-04-18T00:00:00,Urban,Mid,0,0
2026-04-18T00:00:00,Urban,Mid,0,0
2026-04-18T00:00:00,Urban,Mid,0,0
2026-04-18T00:00:00,Urban,Mid,0,0
2026-04-18T00:00:00,Urban,Mid,0,0
2026-04-18T00:00:00,Urban,Mid,0,0
2026-04-18T00:00:00,Urban,Mid,0,0
2026-04-18T00:00:00,Urban,Mid,0,0
2026-04-18T00:00:00,Urban,Mid,0,0
2026-04-18T00:00:00,Urban,Mid,0,0
2026-04-18T00:00:00,Urban,Mid,0,0
2026-04-18T00:00:00,Urban,Mid,0,0
2026-04-18T00:00:00,Urban,Mid,0,0
2026-04-18T00:00:00,Urban,Mid,0,0
2026-04-18T00:00:00,Urban,Mid,0,0
2026-04-18T00:00:00,Urban,Mid,0,0
2026-04-18T00:00:00,Urban,Mid,0,0
2026-04-18T00:00:00,Urban,Mid,0,0
2026-04-18T00:00:00,Urban,Mid,0,0
2026-04-18T00:00:00,Urban,Mid,0,0
2026-04-18T00:00:00,Urban,Mid,0,0
2026-04-18T00:00:00,Urban,Mid,0,0
2026-04-18T00:00:00,Urban,Mid,0,0
2026-04-18T00:00:00,Urban,Mid,0,0
2026-04-18T00:00:00,Urban,Mid,0,0
2026-04-18T00:00:00,Urban,Mid,0,0
2026-04-18T00:00:00,Urban,Mid,0,0
2026-04-18T00:00:00,Urban,Mid,0,0
2026-04-18T00:00:00,Urban,Mid,0,0
2026-04-18T00:00:00,Urban,Mid,0,0
2026-04-18T00:00:00,Urban,Mid,0,0
2026-04-18T00:00:00,Urban,Mid,0,0
2026-04-18T00:00:00,Urban,Mid,0,0
2026-04-18T00:00:00,Urban,Mid,0,1
2026-04-18T00:00:00,Urban,Mid,0,0
2026-04-18T00:00:00,Urban,Mid,0,0
2026-04-18T00:00:00,Urban,Mid,0,0
2026-04-18T00:00:00,Urban,Mid,0,1
2026-04-18T00:00:00,Urban,Mid,0,0
2026-04-18T00:00:00,Urban,Mid,0,0
2026-04-18T00:00:00,Urban,Mid,0,0
2026-04-18T00:00:00,Urban,Mid,0,0
2026-04-18T00:00:00,Urban,Mid,0,0
2026-04-18T00:00:00,Urban,Mid,0,0
2026-04-18T00:00:00,Urban,Mid,0,0
2026-04-18T00:00:00,Urban,Mid,0,0
2026-04-18T00:00:00,Urban,Mid,0,0
2026-04-18T00:00:00,Urban,Mid,0,0
2026-04-18T00:00:00,Urban,Mid,0,0
2026-04-18T00:00:00,Urban,Mid,0,0
2026-04-18T00:00:00,Urban,Mid,0,0
2026-04-18T00:00:00,Urban,Mid,0,0
2026-04-18T00:00:00,Urban,Mid,0,0
2026-04-18T00:00:00,Urban,Mid,0,0
2026-04-18T00:00:00,Urban,Mid,0,0
2026-04-18T00:00:00,Urban,Mid,0,1
2026-04-18T00:00:00,Urban,Mid,0,0
2026-04-18T00:00:00,Urban,Mid,0,1
2026-04-18T00:00:00,Urban,Mid,0,0
2026-04-18T00:00:00,Urban,Mid,0,0
2026-04-18T00:00:00,Urban,Mid,0,0
2026-04-18T00:00:00,Urban,Mid,0,0
2026-04-18T00:00:00,Urban,Mid,0,0
2026-04-18T00:00:00,Urban,Mid,0,0
2026-04-18T00:00:00,Urban,Mid,0,0
2026-04-18T00:00:00,Urban,Mid,0,0
2026-04-18T00:00:00,Urban,Mid,0,0
2026-04-18T00:00:00,Urban,Mid,0,0
2026-04-18T00:00:00,Urban,Mid,0,0
2026-04-18T00:00:00,Urban,Mid,0,0
2026-04-18T00:00:00,Urban,Mid,0,0
2026-04-18T00:00:00,Urban,Mid,0,0
2026-04-18T00:00:00,Urban,Mid,0,0
2026-04-18T00:00:00,Urban,Mid,0,0
2026-04-18T00:00:00,Urban,Mid,0,0
2026-04-18T00:00:00,Urban,Mid,0,0
2026-04-18T00:00:00,Urban,Mid,0,0
2026-04-18T00:00:00,Urban,Low,1,1
2026-04-18T00:00:00,Urban,Low,1,1
2026-04-18T00:00:00,Urban,Low,1,1
2026-04-18T00:00:00,Urban,Low,1,1
2026-04-18T00:00:00,Urban,Low,1,1
2026-04-18T00:00:00,Urban,Low,1,1
2026-04-18T00:00:00,Urban,Low,1,1
2026-04-18T00:00:00,Urban,Low,1,1
2026-04-18T00:00:00,Urban,Low,1,1
2026-04-18T00:00:00,Urban,Low,1,1
2026-04-18T00:00:00,Urban,Low,1,1
2026-04-18T00:00:00,Urban,Low,1,1
2026-04-18T00:00:00,Urban,Low,1,1
2026-04-18T00:00:00,Urban,Low,1,1
2026-04-18T00:00:00,Urban,Low,1,1
2026-04-18T00:00:00,Urban,Low,1,0
2026-04-18T00:00:00,Urban,Low,1,1
2026-04-18T00:00:00,Urban,Low,1,0
2026-04-18T00:00:00,Urban,Low,1,1
2026-04-18T00:00:00,Urban,Low,1,1
2026-04-18T00:00:00,Urban,Low,1,0
2026-04-18T00:00:00,Urban,Low,1,1
2026-04-18T00:00:00,Urban,Low,1,1
2026-04-18T00:00:00,Urban,Low,1,1
2026-04-18T00:00:00,Urban,Low,1,1
2026-04-18T00:00:00,Urban,Low,1,1
2026-04-18T00:00:00,Urban,Low,1,1
2026-04-18T00:00:00,Urban,Low,1,1
2026-04-18T00:00:00,Urban,Low,1,1
2026-04-18T00:00:00,Urban,Low,1,1
2026-04-18T00:00:00,Urban,Low,1,1
2026-04-18T00:00:00,Urban,Low,1,1
2026-04-18T00:00:00,Urban,Low,1,1
2026-04-18T00:00:00,Urban,Low,1,1
2026-04-18T00:00:00,Urban,Low,1,0
2026-04-18T00:00:00,Urban,Low,1,1
2026-04-18T00:00:00,Urban,Low,1,1
2026-04-18T00:00:00,Urban,Low,1,1
2026-04-18T00:00:00,Urban,Low,1,1
2026-04-18T00:00:00,Urban,Low,1,1
2026-04-18T00:00:00,Urban,Low,1,1
2026-04-18T00:00:00,Urban,Low,0,0
2026-04-18T00:00:00,Urban,Low,0,0
2026-04-18T00:00:00,Urban,Low,0,0
2026-04-18T00:00:00,Urban,Low,0,0
2026-04-18T00:00:00,Urban,Low,0,0
2026-04-18T00:00:00,Urban,Low,0,0
2026-04-18T00:00:00,Urban,Low,0,0
2026-04-18T00:00:00,Urban,Low,0,0
2026-04-18T00:00:00,Urban,Low,0,0
2026-04-18T00:00:00,Urban,Low,0,0
2026-04-18T00:00:00,Urban,Low,0,0
2026-04-18T00:00:00,Urban,Low,0,0
2026-04-18T00:00:00,Urban,Low,0,0
2026-04-18T00:00:00,Urban,Low,0,0
2026-04-18T00:00:00,Urban,Low,0,0
2026-04-18T00:00:00,Urban,Low,0,0
2026-04-18T00:00:00,Urban,Low,0,0
2026-04-18T00:00:00,Urban,Low,0,0
2026-04-18T00:00:00,Urban,Low,0,0
2026-04-18T00:00:00,Urban,Low,0,0
2026-04-18T00:00:00,Urban,Low,0,0
2026-04-18T00:00:00,Urban,Low,0,0
2026-04-18T00:00:00,Urban,Low,0,0
2026-04-18T00:00:00,Urban,Low,0,0
2026-04-18T00:00:00,Urban,Low,0,0
2026-04-18T00:00:00,Urban,Low,0,0
2026-04-18T00:00:00,Urban,Low,0,0
2026-04-18T00:00:00,Urban,Low,0,0
2026-04-18T00:00:00,Urban,Low,0,0
2026-04-18T00:00:00,Urban,Low,0,0
2026-04-18T00:00:00,Urban,Low,0,0
2026-04-18T00:00:00,Urban,Low,0,0
2026-04-18T00:00:00,Urban,Low,0,0
2026-04-18T00:00:00,Urban,Low,0,0
2026-04-18T00:00:00,Urban,Low,0,0
2026-04-18T00:00:00,Urban,Low,0,0
2026-04-18T00:00:00,Urban,Low,0,0
2026-04-18T00:00:00,Urban,Low,0,0
2026-04-18T00:00:00,Urban,Low,0,0
2026-04-18T00:00:00,Urban,Low,0,0
2026-04-18T00:00:00,Urban,Low,0,0
2026-04-18T00:00:00,Urban,Low,0,0
2026-04-18T00:00:00,Urban,Low,0,0
2026-04-18T00:00:00,Urban,Low,0,0
2026-04-18T00:00:00,Urban,Low,0,0
2026-04-18T00:00:00,Urban,Low,0,0
2026-04-18T00:00:00,Urban,Low,0,0
2026-04-18T00:00:00,Urban,Low,0,0
2026-04-18T00:00:00,Urban,Low,0,0
2026-04-18T00:00:00,Urban,Low,0,0
2026-04-18T00:00:00,Urban,Low,0,0
2026-04-18T00:00:00,Urban,Low,0,0
2026-04-18T00:00:00,Urban,Low,0,0
2026-04-18T00:00:00,Urban,Low,0,1
2026-04-18T00:00:00,Urban,Low,0,0
2026-04-18T00:00:00,Urban,Low,0,0
2026-04-18T00:00:00,Urban,Low,0,0
2026-04-18T00:00:00,Urban,Low,0,0
2026-04-18T00:00:00,Urban,Low,0,0
2026-04-18T00:00:00,Urban,Low,0,0
2026-04-18T00:00:00,Urban,Low,0,0
2026-04-18T00:00:00,Urban,Low,0,0
2026-04-18T00:00:00,Urban,Low,0,0
2026-04-18T00:00:00,Urban,Low,0,0
2026-04-18T00:00:00,Urban,Low,0,0
2026-04-18T00:00:00,Urban,Low,0,0
2026-04-18T00:00:00,Urban,Low,0,0
2026-04-18T00:00:00,Urban,Low,0,0
2026-04-18T00:00:00,Urban,Low,0,0
2026-04-18T00:00:00,Urban,Low,0,0
2026-04-18T00:00:00,Urban,Low,0,0
2026-04-18T00:00:00,Urban,Low,0,0
2026-04-18T00:00:00,Urban,Low,0,0
2026-04-18T00:00:00,Urban,Low,0,0
2026-04-18T00:00:00,Urban,Low,0,0
2026-04-18T00:00:00,Urban,Low,0,0
2026-04-18T00:00:00,Urban,Low,0,0
2026-04-18T00:00:00,Urban,Low,0,0
2026-04-18T00:00:00,Urban,Low,0,0
2026-04-18T00:00:00,Urban,Low,0,0
2026-04-18T00:00:00,Urban,Low,0,0
2026-04-18T00:00:00,Urban,Low,0,0
2026-04-18T00:00:00,Urban,Low,0,0
2026-04-18T00:00:00,Urban,Low,0,0
2026-04-18T00:00:00,Urban,Low,0,0
2026-04-18T00:00:00,Urban,Low,0,0
2026-04-18T00:00:00,Urban,Low,0,0
2026-04-18T00:00:00,Urban,Low,0,0
2026-04-18T00:00:00,Rural,High,1,1
2026-04-18T00:00:00,Rural,High,1,1
2026-04-18T00:00:00,Rural,High,1,1
2026-04-18T00:00:00,Rural,High,1,1
2026-04-18T00:00:00,Rural,High,1,1
2026-04-18T00:00:00,Rural,High,1,1
2026-04-18T00:00:00,Rural,High,1,1
2026-04-18T00:00:00,Rural,High,1,1
2026-04-18T00:00:00,Rural,High,1,0
2026-04-18T00:00:00,Rural,High,1,1
2026-04-18T00:00:00,Rural,High,1,1
2026-04-18T00:00:00,Rural,High,1,1
2026-04-18T00:00:00,Rural,High,1,1
2026-04-18T00:00:00,Rural,High,1,1
2026-04-18T00:00:00,Rural,High,1,1
2026-04-18T00:00:00,Rural,High,1,1
2026-04-18T00:00:00,Rural,High,1,1
2026-04-18T00:00:00,Rural,High,1,1
2026-04-18T00:00:00,Rural,High,1,1
2026-04-18T00:00:00,Rural,High,1,1
2026-04-18T00:00:00,Rural,High,1,1
2026-04-18T00:00:00,Rural,High,1,1
2026-04-18T00:00:00,Rural,High,1,1
2026-04-18T00:00:00,Rural,High,1,1
2026-04-18T00:00:00,Rural,High,1,1
2026-04-18T00:00:00,Rural,High,1,1
2026-04-18T00:00:00,Rural,High,1,1
2026-04-18T00:00:00,Rural,High,1,1
2026-04-18T00:00:00,Rural,High,1,1
2026-04-18T00:00:00,Rural,High,1,1
2026-04-18T00:00:00,Rural,High,1,1
2026-04-18T00:00:00,Rural,High,1,1
2026-04-18T00:00:00,Rural,High,1,1
2026-04-18T00:00:00,Rural,High,1,1
2026-04-18T00:00:00,Rural,High,1,1
2026-04-18T00:00:00,Rural,High,1,1
2026-04-18T00:00:00,Rural,High,1,1
2026-04-18T00:00:00,Rural,High,1,1
2026-04-18T00:00:00,Rural,High,1,1
2026-04-18T00:00:00,Rural,High,1,1
2026-04-18T00:00:00,Rural,High,1,1
2026-04-18T00:00:00,Rural,High,1,1
2026-04-18T00:00:00,Rural,High,0,0
2026-04-18T00:00:00,Rural,High,0,0
2026-04-18T00:00:00,Rural,High,0,0
2026-04-18T00:00:00,Rural,High,0,0
2026-04-18T00:00:00,Rural,High,0,0
2026-04-18T00:00:00,Rural,High,0,0
2026-04-18T00:00:00,Rural,High,0,0
2026-04-18T00:00:00,Rural,High,0,0
2026-04-18T00:00:00,Rural,High,0,0
2026-04-18T00:00:00,Rural,High,0,0
2026-04-18T00:00:00,Rural,High,0,0
2026-04-18T00:00:00,Rural,High,0,0
2026-04-18T00:00:00,Rural,High,0,0
2026-04-18T00:00:00,Rural,High,0,0
2026-04-18T00:00:00,Rural,High,0,0
2026-04-18T00:00:00,Rural,High,0,0
2026-04-18T00:00:00,Rural,High,0,0
2026-04-18T00:00:00,Rural,High,0,0
2026-04-18T00:00:00,Rural,High,0,0
2026-04-18T00:00:00,Rural,High,0,0
2026-04-18T00:00:00,Rural,High,0,0
2026-04-18T00:00:00,Rural,High,0,0
2026-04-18T00:00:00,Rural,High,0,0
2026-04-18T00:00:00,Rural,High,0,0
2026-04-18T00:00:00,Rural,High,0,0
2026-04-18T00:00:00,Rural,High,0,0
2026-04-18T00:00:00,Rural,High,0,0
2026-04-18T00:00:00,Rural,High,0,0
2026-04-18T00:00:00,Rural,High,0,0
2026-04-18T00:00:00,Rural,High,0,0
2026-04-18T00:00:00,Rural,High,0,0
2026-04-18T00:00:00,Rural,High,0,0
2026-04-18T00:00:00,Rural,High,0,0
2026-04-18T00:00:00,Rural,High,0,0
2026-04-18T00:00:00,Rural,High,0,0
2026-04-18T00:00:00,Rural,High,0,0
2026-04-18T00:00:00,Rural,High,0,0
2026-04-18T00:00:00,Rural,High,0,0
2026-04-18T00:00:00,Rural,High,0,0
2026-04-18T00:00:00,Rural,High,0,0
2026-04-18T00:00:00,Rural,High,0,1
2026-04-18T00:00:00,Rural,High,0,0
2026-04-18T00:00:00,Rural,High,0,0
2026-04-18T00:00:00,Rural,High,0,0
2026-04-18T00:00:00,Rural,High,0,0
2026-04-18T00:00:00,Rural,High,0,0
2026-04-18T00:00:00,Rural,High,0,0
2026-04-18T00:00:00,Rural,High,0,1
2026-04-18T00:00:00,Rural,High,0,0
2026-04-18T00:00:00,Rural,High,0,0
2026-04-18T00:00:00,Rural,High,0,0
2026-04-18T00:00:00,Rural,High,0,0
2026-04-18T00:00:00,Rural,High,0,0
2026-04-18T00:00:00,Rural,High,0,0
2026-04-18T00:00:00,Rural,High,0,0
2026-04-18T00:00:00,Rural,High,0,0
2026-04-18T00:00:00,Rural,High,0,1
2026-04-18T00:00:00,Rural,High,0,0
2026-04-18T00:00:00,Rural,High,0,0
2026-04-18T00:00:00,Rural,High,0,0
2026-04-18T00:00:00,Rural,High,0,0
2026-04-18T00:00:00,Rural,High,0,0
2026-04-18T00:00:00,Rural,High,0,0
2026-04-18T00:00:00,Rural,High,0,0
2026-04-18T00:00:00,Rural,High,0,0
2026-04-18T00:00:00,Rural,High,0,0
2026-04-18T00:00:00,Rural,High,0,1
2026-04-18T00:00:00,Rural,High,0,0
2026-04-18T00:00:00,Rural,High,0,0
2026-04-18T00:00:00,Rural,High,0,0
2026-04-18T00:00:00,Rural,High,0,0
2026-04-18T00:00:00,Rural,High,0,0
2026-04-18T00:00:00,Rural,High,0,0
2026-04-18T00:00:00,Rural,High,0,0
2026-04-18T00:00:00,Rural,High,0,0
2026-04-18T00:00:00,Rural,High,0,0
2026-04-18T00:00:00,Rural,High,0,0
2026-04-18T00:00:00,Rural,High,0,0
2026-04-18T00:00:00,Rural,High,0,0
2026-04-18T00:00:00,Rural,High,0,0
2026-04-18T00:00:00,Rural,High,0,0
2026-04-18T00:00:00,Rural,High,0,0
2026-04-18T00:00:00,Rural,High,0,0
2026-04-18T00:00:00,Rural,Mid,1,0
2026-04-18T00:00:00,Rural,Mid,1,0
2026-04-18T00:00:00,Rural,Mid,1,1
2026-04-18T00:00:00,Rural,Mid,1,1
2026-04-18T00:00:00,Rural,Mid,1,1
2026-04-18T00:00:00,Rural,Mid,1,1
2026-04-18T00:00:00,Rural,Mid,1,1
2026-04-18T00:00:00,Rural,Mid,1,1
2026-04-18T00:00:00,Rural,Mid,1,1
2026-04-18T00:00:00,Rural,Mid,1,1
2026-04-18T00:00:00,Rural,Mid,1,1
2026-04-18T00:00:00,Rural,Mid,1,1
2026-04-18T00:00:00,Rural,Mid,1,1
2026-04-18T00:00:00,Rural,Mid,1,0
2026-04-18T00:00:00,Rural,Mid,1,1
2026-04-18T00:00:00,Rural,Mid,1,1
2026-04-18T00:00:00,Rural,Mid,1,1
2026-04-18T00:00:00,Rural,Mid,1,1
2026-04-18T00:00:00,Rural,Mid,1,1
2026-04-18T00:00:00,Rural,Mid,1,1
2026-04-18T00:00:00,Rural,Mid,1,1
2026-04-18T00:00:00,Rural,Mid,1,1
2026-04-18T00:00:00,Rural,Mid,1,0
2026-04-18T00:00:00,Rural,Mid,1,1
2026-04-18T00:00:00,Rural,Mid,1,1
2026-04-18T00:00:00,Rural,Mid,1,0
2026-04-18T00:00:00,Rural,Mid,1,1
2026-04-18T00:00:00,Rural,Mid,1,1
2026-04-18T00:00:00,Rural,Mid,1,1
2026-04-18T00:00:00,Rural,Mid,1,1
2026-04-18T00:00:00,Rural,Mid,1,1
2026-04-18T00:00:00,Rural,Mid,1,0
2026-04-18T00:00:00,Rural,Mid,1,1
2026-04-18T00:00:00,Rural,Mid,1,0
2026-04-18T00:00:00,Rural,Mid,1,1
2026-04-18T00:00:00,Rural,Mid,1,1
2026-04-18T00:00:00,Rural,Mid,1,1
2026-04-18T00:00:00,Rural,Mid,1,1
2026-04-18T00:00:00,Rural,Mid,1,1
2026-04-18T00:00:00,Rural,Mid,1,0
2026-04-18T00:00:00,Rural,Mid,1,1
2026-04-18T00:00:00,Rural,Mid,1,0
2026-04-18T00:00:00,Rural,Mid,1,1
2026-04-18T00:00:00,Rural,Mid,1,1
2026-04-18T00:00:00,Rural,Mid,1,1
2026-04-18T00:00:00,Rural,Mid,1,1
2026-04-18T00:00:00,Rural,Mid,1,1
2026-04-18T00:00:00,Rural,Mid,1,1
2026-04-18T00:00:00,Rural,Mid,1,1
2026-04-18T00:00:00,Rural,Mid,1,1
2026-04-18T00:00:00,Rural,Mid,0,0
2026-04-18T00:00:00,Rural,Mid,0,0
2026-04-18T00:00:00,Rural,Mid,0,0
2026-04-18T00:00:00,Rural,Mid,0,0
2026-04-18T00:00:00,Rural,Mid,0,0
2026-04-18T00:00:00,Rural,Mid,0,0
2026-04-18T00:00:00,Rural,Mid,0,1
2026-04-18T00:00:00,Rural,Mid,0,0
2026-04-18T00:00:00,Rural,Mid,0,0
2026-04-18T00:00:00,Rural,Mid,0,1
2026-04-18T00:00:00,Rural,Mid,0,0
2026-04-18T00:00:00,Rural,Mid,0,0
2026-04-18T00:00:00,Rural,Mid,0,0
2026-04-18T00:00:00,Rural,Mid,0,0
2026-04-18T00:00:00,Rural,Mid,0,0
2026-04-18T00:00:00,Rural,Mid,0,0
2026-04-18T00:00:00,Rural,Mid,0,0
2026-04-18T00:00:00,Rural,Mid,0,0
2026-04-18T00:00:00,Rural,Mid,0,0
2026-04-18T00:00:00,Rural,Mid,0,0
2026-04-18T00:00:00,Rural,Mid,0,0
2026-04-18T00:00:00,Rural,Mid,0,0
2026-04-18T00:00:00,Rural,Mid,0,0
2026-04-18T00:00:00,Rural,Mid,0,0
2026-04-18T00:00:00,Rural,Mid,0,0
2026-04-18T00:00:00,Rural,Mid,0,0
2026-04-18T00:00:00,Rural,Mid,0,0
2026-04-18T00:00:00,Rural,Mid,0,0
2026-04-18T00:00:00,Rural,Mid,0,0
2026-04-18T00:00:00,Rural,Mid,0,0
2026-04-18T00:00:00,Rural,Mid,0,0
2026-04-18T00:00:00,Rural,Mid,0,0
2026-04-18T00:00:00,Rural,Mid,0,1
2026-04-18T00:00:00,Rural,Mid,0,0
2026-04-18T00:00:00,Rural,Mid,0,0
2026-04-18T00:00:00,Rural,Mid,0,0
2026-04-18T00:00:00,Rural,Mid,0,0
2026-04-18T00:00:00,Rural,Mid,0,0
2026-04-18T00:00:00,Rural,Mid,0,0
2026-04-18T00:00:00,Rural,Mid,0,0
2026-04-18T00:00:00,Rural,Mid,0,0
2026-04-18T00:00:00,Rural,Mid,0,0
2026-04-18T00:00:00,Rural,Mid,0,0
2026-04-18T00:00:00,Rural,Mid,0,0
2026-04-18T00:00:00,Rural,Mid,0,0
2026-04-18T00:00:00,Rural,Mid,0,0
2026-04-18T00:00:00,Rural,Mid,0,0
2026-04-18T00:00:00,Rural,Mid,0,0
2026-04-18T00:00:00,Rural,Mid,0,0
2026-04-18T00:00:00,Rural,Mid,0,0
2026-04-18T00:00:00,Rural,Mid,0,0
2026-04-18T00:00:00,Rural,Mid,0,0
2026-04-18T00:00:00,Rural,Mid,0,0
2026-04-18T00:00:00,Rural,Mid,0,0
2026-04-18T00:00:00,Rural,Mid,0,0
2026-04-18T00:00:00,Rural,Mid,0,0
2026-04-18T00:00:00,Rural,Mid,0,0
2026-04-18T00:00:00,Rural,Mid,0,0
2026-04-18T00:00:00,Rural,Mid,0,0
2026-04-18T00:00:00,Rural,Mid,0,0
2026-04-18T00:00:00,Rural,Mid,0,0
2026-04-18T00:00:00,Rural,Mid,0,0
2026-04-18T00:00:00,Rural,Mid,0,0
2026-04-18T00:00:00,Rural,Mid,0,0
2026-04-18T00:00:00,Rural,Mid,0,0
2026-04-18T00:00:00,Rural,Mid,0,0
2026-04-18T00:00:00,Rural,Mid,0,0
2026-04-18T00:00:00,Rural,Mid,0,0
2026-04-18T00:00:00,Rural,Mid,0,0
2026-04-18T00:00:00,Rural,Mid,0,0
2026-04-18T00:00:00,Rural,Mid,0,0
2026-04-18T00:00:00,Rural,Mid,0,0
2026-04-18T00:00:00,Rural,Mid,0,0
2026-04-18T00:00:00,Rural,Mid,0,0
2026-04-18T00:00:00,Rural,Mid,0,0
2026-04-18T00:00:00,Rural,Mid,0,0
2026-04-18T00:00:00,Rural,Mid,0,0
2026-04-18T00:00:00,Rural,Mid,0,0
2026-04-18T00:00:00,Rural,Mid,0,0
2026-04-18T00:00:00,Rural,Mid,0,1
2026-04-18T00:00:00,Rural,Mid,0,0
2026-04-18T00:00:00,Rural,Mid,0,0
2026-04-18T00:00:00,Rural,Mid,0,0
2026-04-18T00:00:00,Rural,Mid,0,0
2026-04-18T00:00:00,Rural,Mid,0,0
2026-04-18T00:00:00,Rural,Mid,0,0
2026-04-18T00:00:00,Rural,Mid,0,0
2026-04-18T00:00:00,Rural,Mid,0,0
2026-04-18T00:00:00,Rural,Mid,0,0
2026-04-18T00:00:00,Rural,Mid,0,0
2026-04-18T00:00:00,Rural,Mid,0,0
2026-04-18T00:00:00,Rural,Mid,0,0
2026-04-18T00:00:00,Rural,Mid,0,0
2026-04-18T00:00:00,Rural,Mid,0,1
2026-04-18T00:00:00,Rural,Mid,0,0
2026-04-18T00:00:00,Rural,Mid,0,0
2026-04-18T00:00:00,Rural,Mid,0,0
2026-04-18T00:00:00,Rural,Mid,0,0
2026-04-18T00:00:00,Rural,Mid,0,0
2026-04-18T00:00:00,Rural,Mid,0,0
2026-04-18T00:00:00,Rural,Mid,0,0
2026-04-18T00:00:00,Rural,Mid,0,0
2026-04-18T00:00:00,Rural,Mid,0,0
2026-04-18T00:00:00,Rural,Mid,0,0
2026-04-18T00:00:00,Rural,Mid,0,0
2026-04-18T00:00:00,Rural,Mid,0,0
2026-04-18T00:00:00,Rural,Mid,0,0
2026-04-18T00:00:00,Rural,Mid,0,0
2026-04-18T00:00:00,Rural,Mid,0,0
2026-04-18T00:00:00,Rural,Mid,0,0
2026-04-18T00:00:00,Rural,Mid,0,0
2026-04-18T00:00:00,Rural,Mid,0,0
2026-04-18T00:00:00,Rural,Mid,0,0
2026-04-18T00:00:00,Rural,Mid,0,0
2026-04-18T00:00:00,Rural,Mid,0,0
2026-04-18T00:00:00,Rural,Mid,0,0
2026-04-18T00:00:00,Rural,Mid,0,0
2026-04-18T00:00:00,Rural,Mid,0,0
2026-04-18T00:00:00,Rural,Low,1,1
2026-04-18T00:00:00,Rural,Low,1,1
2026-04-18T00:00:00,Rural,Low,1,1
2026-04-18T00:00:00,Rural,Low,1,1
2026-04-18T00:00:00,Rural,Low,1,1
2026-04-18T00:00:00,Rural,Low,1,1
2026-04-18T00:00:00,Rural,Low,1,0
2026-04-18T00:00:00,Rural,Low,1,1
2026-04-18T00:00:00,Rural,Low,1,1
2026-04-18T00:00:00,Rural,Low,1,1
2026-04-18T00:00:00,Rural,Low,1,1
2026-04-18T00:00:00,Rural,Low,1,0
2026-04-18T00:00:00,Rural,Low,1,1
2026-04-18T00:00:00,Rural,Low,1,1
2026-04-18T00:00:00,Rural,Low,1,1
2026-04-18T00:00:00,Rural,Low,1,0
2026-04-18T00:00:00,Rural,Low,1,1
2026-04-18T00:00:00,Rural,Low,1,1
2026-04-18T00:00:00,Rural,Low,1,1
2026-04-18T00:00:00,Rural,Low,1,1
2026-04-18T00:00:00,Rural,Low,1,0
2026-04-18T00:00:00,Rural,Low,1,1
2026-04-18T00:00:00,Rural,Low,1,1
2026-04-18T00:00:00,Rural,Low,1,0
2026-04-18T00:00:00,Rural,Low,1,1
2026-04-18T00:00:00,Rural,Low,1,1
2026-04-18T00:00:00,Rural,Low,1,1
2026-04-18T00:00:00,Rural,Low,1,1
2026-04-18T00:00:00,Rural,Low,1,1
2026-04-18T00:00:00,Rural,Low,1,0
2026-04-18T00:00:00,Rural,Low,1,1
2026-04-18T00:00:00,Rural,Low,1,1
2026-04-18T00:00:00,Rural,Low,1,1
2026-04-18T00:00:00,Rural,Low,1,1
2026-04-18T00:00:00,Rural,Low,1,1
2026-04-18T00:00:00,Rural,Low,1,1
2026-04-18T00:00:00,Rural,Low,1,1
2026-04-18T00:00:00,Rural,Low,1,1
2026-04-18T00:00:00,Rural,Low,0,0
2026-04-18T00:00:00,Rural,Low,0,0
2026-04-18T00:00:00,Rural,Low,0,0
2026-04-18T00:00:00,Rural,Low,0,0
2026-04-18T00:00:00,Rural,Low,0,0
2026-04-18T00:00:00,Rural,Low,0,0
2026-04-18T00:00:00,Rural,Low,0,0
2026-04-18T00:00:00,Rural,Low,0,0
2026-04-18T00:00:00,Rural,Low,0,0
2026-04-18T00:00:00,Rural,Low,0,0
2026-04-18T00:00:00,Rural,Low,0,0
2026-04-18T00:00:00,Rural,Low,0,0
2026-04-18T00:00:00,Rural,Low,0,0
2026-04-18T00:00:00,Rural,Low,0,0
2026-04-18T00:00:00,Rural,Low,0,0
2026-04-18T00:00:00,Rural,Low,0,0
2026-04-18T00:00:00,Rural,Low,0,0
2026-04-18T00:00:00,Rural,Low,0,0
2026-04-18T00:00:00,Rural,Low,0,0
2026-04-18T00:00:00,Rural,Low,0,0
2026-04-18T00:00:00,Rural,Low,0,0
2026-04-18T00:00:00,Rural,Low,0,0
2026-04-18T00:00:00,Rural,Low,0,0
2026-04-18T00:00:00,Rural,Low,0,0
2026-04-18T00:00:00,Rural,Low,0,0
2026-04-18T00:00:00,Rural,Low,0,0
2026-04-18T00:00:00,Rural,Low,0,0
2026-04-18T00:00:00,Rural,Low,0,0
2026-04-18T00:00:00,Rural,Low,0,0
2026-04-18T00:00:00,Rural,Low,0,0
2026-04-18T00:00:00,Rural,Low,0,0
2026-04-18T00:00:00,Rural,Low,0,0
2026-04-18T00:00:00,Rural,Low,0,1
2026-04-18T00:00:00,Rural,Low,0,0
2026-04-18T00:00:00,Rural,Low,0,0
2026-04-18T00:00:00,Rural,Low,0,0
2026-04-18T00:00:00,Rural,Low,0,0
2026-04-18T00:00:00,Rural,Low,0,0
2026-04-18T00:00:00,Rural,Low,0,0
2026-04-18T00:00:00,Rural,Low,0,0
2026-04-18T00:00:00,Rural,Low,0,0
2026-04-18T00:00:00,Rural,Low,0,0
2026-04-18T00:00:00,Rural,Low,0,0
2026-04-18T00:00:00,Rural,Low,0,0
2026-04-18T00:00:00,Rural,Low,0,0
2026-04-18T00:00:00,Rural,Low,0,0
2026-04-18T00:00:00,Rural,Low,0,0
2026-04-18T00:00:00,Rural,Low,0,1
2026-04-18T00:00:00,Rural,Low,0,0
2026-04-18T00:00:00,Rural,Low,0,0
2026-04-18T00:00:00,Rural,Low,0,0
2026-04-18T00:00:00,Rural,Low,0,1
2026-04-18T00:00:00,Rural,Low,0,0
2026-04-18T00:00:00,Rural,Low,0,0
2026-04-18T00:00:00,Rural,Low,0,0
2026-04-18T00:00:00,Rural,Low,0,0
2026-04-18T00:00:00,Rural,Low,0,0
2026-04-18T00:00:00,Rural,Low,0,0
2026-04-18T00:00:00,Rural,Low,0,0
2026-04-18T00:00:00,Rural,Low,0,1
2026-04-18T00:00:00,Rural,Low,0,0
2026-04-18T00:00:00,Rural,Low,0,0
2026-04-18T00:00:00,Rural,Low,0,0
2026-04-18T00:00:00,Rural,Low,0,0
2026-04-18T00:00:00,Rural,Low,0,0
2026-04-18T00:00:00,Rural,Low,0,0
2026-04-18T00:00:00,Rural,Low,0,0
2026-04-18T00:00:00,Rural,Low,0,0
2026-04-18T00:00:00,Rural,Low,0,0
2026-04-18T00:00:00,Rural,Low,0,0
2026-04-18T00:00:00,Rural,Low,0,0
2026-04-18T00:00:00,Rural,Low,0,0
2026-04-18T00:00:00,Rural,Low,0,0
2026-04-18T00:00:00,Rural,Low,0,0
2026-04-18T00:00:00,Rural,Low,0,0
2026-04-18T00:00:00,Rural,Low,0,0
2026-04-18T00:00:00,Rural,Low,0,0
2026-04-18T00:00:00,Rural,Low,0,0
2026-04-18T00:00:00,Rural,Low,0,0
2026-04-18T00:00:00,Rural,Low,0,0
2026-04-18T00:00:00,Rural,Low,0,0
2026-04-18T00:00:00,Rural,Low,0,0
2026-04-18T00:00:00,Rural,Low,0,0
2026-04-18T00:00:00,Rural,Low,0,0
2026-04-18T00:00:00,Rural,Low,0,0
2026-04-18T00:00:00,Rural,Low,0,0
2026-04-18T00:00:00,Rural,Low,0,0
2026-04-18T00:00:00,Rural,Low,0,0
2026-04-18T00:00:00,Rural,Low,0,0
2026-04-18T00:00:00,Rural,Low,0,1
2026-04-18T00:00:00,Rural,Low,0,0
2026-04-18T00:00:00,Rural,Low,0,0
2026-04-18T00:00:00,Rural,Low,0,0
2026-04-18T00:00:00,Rural,Low,0,0
2026-04-18T00:00:00,Rural,Low,0,0
2026-04-18T00:00:00,Rural,Low,0,0
2026-04-18T00:00:00,Rural,Low,0,0
2026-04-18T00:00:00,Rural,Low,0,0
2026-04-18T00:00:00,Rural,Low,0,0
2026-04-18T00:00:00,Rural,Low,0,0
2026-04-18T00:00:00,Rural,Low,0,0
2026-04-18T00:00:00,Rural,Low,0,0
2026-04-19T00:00:00,Urban,High,1,1
2026-04-19T00:00:00,Urban,High,1,1
2026-04-19T00:00:00,Urban,High,1,1
2026-04-19T00:00:00,Urban,High,1,1
2026-04-19T00:00:00,Urban,High,1,0
2026-04-19T00:00:00,Urban,High,1,1
2026-04-19T00:00:00,Urban,High,1,1
2026-04-19T00:00:00,Urban,High,1,1
2026-04-19T00:00:00,Urban,High,1,1
2026-04-19T00:00:00,Urban,High,1,1
2026-04-19T00:00:00,Urban,High,1,1
2026-04-19T00:00:00,Urban,High,1,1
2026-04-19T00:00:00,Urban,High,1,1
2026-04-19T00:00:00,Urban,High,1,1
2026-04-19T00:00:00,Urban,High,1,1
2026-04-19T00:00:00,Urban,High,1,1
2026-04-19T00:00:00,Urban,High,1,1
2026-04-19T00:00:00,Urban,High,1,1
2026-04-19T00:00:00,Urban,High,1,0
2026-04-19T00:00:00,Urban,High,1,1
2026-04-19T00:00:00,Urban,High,1,1
2026-04-19T00:00:00,Urban,High,1,1
2026-04-19T00:00:00,Urban,High,1,1
2026-04-19T00:00:00,Urban,High,1,1
2026-04-19T00:00:00,Urban,High,1,1
2026-04-19T00:00:00,Urban,High,1,1
2026-04-19T00:00:00,Urban,High,1,1
2026-04-19T00:00:00,Urban,High,1,1
2026-04-19T00:00:00,Urban,High,1,1
2026-04-19T00:00:00,Urban,High,1,1
2026-04-19T00:00:00,Urban,High,1,1
2026-04-19T00:00:00,Urban,High,1,0
2026-04-19T00:00:00,Urban,High,1,1
2026-04-19T00:00:00,Urban,High,1,1
2026-04-19T00:00:00,Urban,High,1,0
2026-04-19T00:00:00,Urban,High,1,1
2026-04-19T00:00:00,Urban,High,1,1
2026-04-19T00:00:00,Urban,High,1,1
2026-04-19T00:00:00,Urban,High,1,1
2026-04-19T00:00:00,Urban,High,1,1
2026-04-19T00:00:00,Urban,High,1,1
2026-04-19T00:00:00,Urban,High,1,1
2026-04-19T00:00:00,Urban,High,1,1
2026-04-19T00:00:00,Urban,High,1,1
2026-04-19T00:00:00,Urban,High,1,1
2026-04-19T00:00:00,Urban,High,1,1
2026-04-19T00:00:00,Urban,High,1,1
2026-04-19T00:00:00,Urban,High,1,1
2026-04-19T00:00:00,Urban,High,1,1
2026-04-19T00:00:00,Urban,High,1,1
2026-04-19T00:00:00,Urban,High,1,0
2026-04-19T00:00:00,Urban,High,1,1
2026-04-19T00:00:00,Urban,High,1,1
2026-04-19T00:00:00,Urban,High,1,1
2026-04-19T00:00:00,Urban,High,1,1
2026-04-19T00:00:00,Urban,High,1,1
2026-04-19T00:00:00,Urban,High,1,1
2026-04-19T00:00:00,Urban,High,1,1
2026-04-19T00:00:00,Urban,High,1,1
2026-04-19T00:00:00,Urban,High,0,0
2026-04-19T00:00:00,Urban,High,0,0
2026-04-19T00:00:00,Urban,High,0,0
2026-04-19T00:00:00,Urban,High,0,0
2026-04-19T00:00:00,Urban,High,0,0
2026-04-19T00:00:00,Urban,High,0,0
2026-04-19T00:00:00,Urban,High,0,0
2026-04-19T00:00:00,Urban,High,0,0
2026-04-19T00:00:00,Urban,High,0,0
2026-04-19T00:00:00,Urban,High,0,0
2026-04-19T00:00:00,Urban,High,0,0
2026-04-19T00:00:00,Urban,High,0,0
2026-04-19T00:00:00,Urban,High,0,0
2026-04-19T00:00:00,Urban,High,0,0
2026-04-19T00:00:00,Urban,High,0,0
2026-04-19T00:00:00,Urban,High,0,0
2026-04-19T00:00:00,Urban,High,0,0
2026-04-19T00:00:00,Urban,High,0,0
2026-04-19T00:00:00,Urban,High,0,0
2026-04-19T00:00:00,Urban,High,0,0
2026-04-19T00:00:00,Urban,High,0,0
2026-04-19T00:00:00,Urban,High,0,1
2026-04-19T00:00:00,Urban,High,0,0
2026-04-19T00:00:00,Urban,High,0,0
2026-04-19T00:00:00,Urban,High,0,0
2026-04-19T00:00:00,Urban,High,0,0
2026-04-19T00:00:00,Urban,High,0,0
2026-04-19T00:00:00,Urban,High,0,0
2026-04-19T00:00:00,Urban,High,0,0
2026-04-19T00:00:00,Urban,High,0,0
2026-04-19T00:00:00,Urban,High,0,0
2026-04-19T00:00:00,Urban,High,0,0
2026-04-19T00:00:00,Urban,High,0,0
2026-04-19T00:00:00,Urban,High,0,0
2026-04-19T00:00:00,Urban,High,0,0
2026-04-19T00:00:00,Urban,High,0,0
2026-04-19T00:00:00,Urban,High,0,0
2026-04-19T00:00:00,Urban,High,0,0
2026-04-19T00:00:00,Urban,High,0,0
2026-04-19T00:00:00,Urban,High,0,0
2026-04-19T00:00:00,Urban,High,0,0
2026-04-19T00:00:00,Urban,High,0,0
2026-04-19T00:00:00,Urban,High,0,0
2026-04-19T00:00:00,Urban,High,0,0
2026-04-19T00:00:00,Urban,High,0,0
2026-04-19T00:00:00,Urban,High,0,0
2026-04-19T00:00:00,Urban,High,0,0
2026-04-19T00:00:00,Urban,High,0,0
2026-04-19T00:00:00,Urban,High,0,0
2026-04-19T00:00:00,Urban,High,0,0
2026-04-19T00:00:00,Urban,High,0,0
2026-04-19T00:00:00,Urban,High,0,0
2026-04-19T00:00:00,Urban,High,0,0
2026-04-19T00:00:00,Urban,High,0,0
2026-04-19T00:00:00,Urban,High,0,0
2026-04-19T00:00:00,Urban,High,0,0
2026-04-19T00:00:00,Urban,High,0,0
2026-04-19T00:00:00,Urban,High,0,0
2026-04-19T00:00:00,Urban,High,0,0
2026-04-19T00:00:00,Urban,High,0,0
2026-04-19T00:00:00,Urban,High,0,1
2026-04-19T00:00:00,Urban,High,0,0
2026-04-19T00:00:00,Urban,High,0,0
2026-04-19T00:00:00,Urban,High,0,0
2026-04-19T00:00:00,Urban,High,0,0
2026-04-19T00:00:00,Urban,High,0,0
2026-04-19T00:00:00,Urban,High,0,0
2026-04-19T00:00:00,Urban,High,0,0
2026-04-19T00:00:00,Urban,High,0,0
2026-04-19T00:00:00,Urban,High,0,0
2026-04-19T00:00:00,Urban,High,0,0
2026-04-19T00:00:00,Urban,High,0,0
2026-04-19T00:00:00,Urban,High,0,0
2026-04-19T00:00:00,Urban,High,0,0
2026-04-19T00:00:00,Urban,High,0,0
2026-04-19T00:00:00,Urban,High,0,0
2026-04-19T00:00:00,Urban,High,0,0
2026-04-19T00:00:00,Urban,High,0,0
2026-04-19T00:00:00,Urban,High,0,0
2026-04-19T00:00:00,Urban,High,0,0
2026-04-19T00:00:00,Urban,Mid,1,1
2026-04-19T00:00:00,Urban,Mid,1,1
2026-04-19T00:00:00,Urban,Mid,1,1
2026-04-19T00:00:00,Urban,Mid,1,1
2026-04-19T00:00:00,Urban,Mid,1,1
2026-04-19T00:00:00,Urban,Mid,1,1
2026-04-19T00:00:00,Urban,Mid,1,1
2026-04-19T00:00:00,Urban,Mid,1,1
2026-04-19T00:00:00,Urban,Mid,1,1
2026-04-19T00:00:00,Urban,Mid,1,1
2026-04-19T00:00:00,Urban,Mid,1,1
2026-04-19T00:00:00,Urban,Mid,1,1
2026-04-19T00:00:00,Urban,Mid,1,1
2026-04-19T00:00:00,Urban,Mid,1,1
2026-04-19T00:00:00,Urban,Mid,1,1
2026-04-19T00:00:00,Urban,Mid,1,1
2026-04-19T00:00:00,Urban,Mid,1,1
2026-04-19T00:00:00,Urban,Mid,1,1
2026-04-19T00:00:00,Urban,Mid,1,1
2026-04-19T00:00:00,Urban,Mid,1,1
2026-04-19T00:00:00,Urban,Mid,1,1
2026-04-19T00:00:00,Urban,Mid,1,1
2026-04-19T00:00:00,Urban,Mid,1,1
2026-04-19T00:00:00,Urban,Mid,1,1
2026-04-19T00:00:00,Urban,Mid,1,1
2026-04-19T00:00:00,Urban,Mid,1,1
2026-04-19T00:00:00,Urban,Mid,1,1
2026-04-19T00:00:00,Urban,Mid,1,1
2026-04-19T00:00:00,Urban,Mid,1,1
2026-04-19T00:00:00,Urban,Mid,1,1
2026-04-19T00:00:00,Urban,Mid,1,1
2026-04-19T00:00:00,Urban,Mid,1,1
2026-04-19T00:00:00,Urban,Mid,1,1
2026-04-19T00:00:00,Urban,Mid,1,1
2026-04-19T00:00:00,Urban,Mid,1,1
2026-04-19T00:00:00,Urban,Mid,1,1
2026-04-19T00:00:00,Urban,Mid,1,1
2026-04-19T00:00:00,Urban,Mid,1,1
2026-04-19T00:00:00,Urban,Mid,1,1
2026-04-19T00:00:00,Urban,Mid,1,0
2026-04-19T00:00:00,Urban,Mid,1,1
2026-04-19T00:00:00,Urban,Mid,0,0
2026-04-19T00:00:00,Urban,Mid,0,0
2026-04-19T00:00:00,Urban,Mid,0,0
2026-04-19T00:00:00,Urban,Mid,0,0
2026-04-19T00:00:00,Urban,Mid,0,0
2026-04-19T00:00:00,Urban,Mid,0,1
2026-04-19T00:00:00,Urban,Mid,0,0
2026-04-19T00:00:00,Urban,Mid,0,0
2026-04-19T00:00:00,Urban,Mid,0,0
2026-04-19T00:00:00,Urban,Mid,0,0
2026-04-19T00:00:00,Urban,Mid,0,0
2026-04-19T00:00:00,Urban,Mid,0,0
2026-04-19T00:00:00,Urban,Mid,0,0
2026-04-19T00:00:00,Urban,Mid,0,0
2026-04-19T00:00:00,Urban,Mid,0,0
2026-04-19T00:00:00,Urban,Mid,0,0
2026-04-19T00:00:00,Urban,Mid,0,0
2026-04-19T00:00:00,Urban,Mid,0,0
2026-04-19T00:00:00,Urban,Mid,0,0
2026-04-19T00:00:00,Urban,Mid,0,0
2026-04-19T00:00:00,Urban,Mid,0,0
2026-04-19T00:00:00,Urban,Mid,0,0
2026-04-19T00:00:00,Urban,Mid,0,0
2026-04-19T00:00:00,Urban,Mid,0,0
2026-04-19T00:00:00,Urban,Mid,0,0
2026-04-19T00:00:00,Urban,Mid,0,0
2026-04-19T00:00:00,Urban,Mid,0,0
2026-04-19T00:00:00,Urban,Mid,0,0
2026-04-19T00:00:00,Urban,Mid,0,0
2026-04-19T00:00:00,Urban,Mid,0,0
2026-04-19T00:00:00,Urban,Mid,0,0
2026-04-19T00:00:00,Urban,Mid,0,0
2026-04-19T00:00:00,Urban,Mid,0,0
2026-04-19T00:00:00,Urban,Mid,0,0
2026-04-19T00:00:00,Urban,Mid,0,0
2026-04-19T00:00:00,Urban,Mid,0,0
2026-04-19T00:00:00,Urban,Mid,0,0
2026-04-19T00:00:00,Urban,Mid,0,0
2026-04-19T00:00:00,Urban,Mid,0,1
2026-04-19T00:00:00,Urban,Mid,0,0
2026-04-19T00:00:00,Urban,Mid,0,0
2026-04-19T00:00:00,Urban,Mid,0,0
2026-04-19T00:00:00,Urban,Mid,0,0
2026-04-19T00:00:00,Urban,Mid,0,0
2026-04-19T00:00:00,Urban,Mid,0,0
2026-04-19T00:00:00,Urban,Mid,0,0
2026-04-19T00:00:00,Urban,Mid,0,0
2026-04-19T00:00:00,Urban,Mid,0,0
2026-04-19T00:00:00,Urban,Mid,0,0
2026-04-19T00:00:00,Urban,Mid,0,0
2026-04-19T00:00:00,Urban,Mid,0,0
2026-04-19T00:00:00,Urban,Mid,0,0
2026-04-19T00:00:00,Urban,Mid,0,0
2026-04-19T00:00:00,Urban,Mid,0,0
2026-04-19T00:00:00,Urban,Mid,0,0
2026-04-19T00:00:00,Urban,Mid,0,0
2026-04-19T00:00:00,Urban,Mid,0,0
2026-04-19T00:00:00,Urban,Mid,0,0
2026-04-19T00:00:00,Urban,Mid,0,0
2026-04-19T00:00:00,Urban,Mid,0,0
2026-04-19T00:00:00,Urban,Mid,0,1
2026-04-19T00:00:00,Urban,Mid,0,0
2026-04-19T00:00:00,Urban,Mid,0,0
2026-04-19T00:00:00,Urban,Mid,0,0
2026-04-19T00:00:00,Urban,Mid,0,0
2026-04-19T00:00:00,Urban,Mid,0,0
2026-04-19T00:00:00,Urban,Mid,0,0
2026-04-19T00:00:00,Urban,Mid,0,0
2026-04-19T00:00:00,Urban,Mid,0,0
2026-04-19T00:00:00,Urban,Mid,0,0
2026-04-19T00:00:00,Urban,Mid,0,0
2026-04-19T00:00:00,Urban,Mid,0,0
2026-04-19T00:00:00,Urban,Mid,0,0
2026-04-19T00:00:00,Urban,Mid,0,0
2026-04-19T00:00:00,Urban,Mid,0,0
2026-04-19T00:00:00,Urban,Mid,0,0
2026-04-19T00:00:00,Urban,Mid,0,0
2026-04-19T00:00:00,Urban,Mid,0,0
2026-04-19T00:00:00,Urban,Mid,0,0
2026-04-19T00:00:00,Urban,Mid,0,0
2026-04-19T00:00:00,Urban,Mid,0,0
2026-04-19T00:00:00,Urban,Mid,0,0
2026-04-19T00:00:00,Urban,Mid,0,1
2026-04-19T00:00:00,Urban,Mid,0,0
2026-04-19T00:00:00,Urban,Mid,0,0
2026-04-19T00:00:00,Urban,Mid,0,0
2026-04-19T00:00:00,Urban,Low,1,1
2026-04-19T00:00:00,Urban,Low,1,1
2026-04-19T00:00:00,Urban,Low,1,1
2026-04-19T00:00:00,Urban,Low,1,1
2026-04-19T00:00:00,Urban,Low,1,1
2026-04-19T00:00:00,Urban,Low,1,1
2026-04-19T00:00:00,Urban,Low,1,1
2026-04-19T00:00:00,Urban,Low,1,1
2026-04-19T00:00:00,Urban,Low,1,1
2026-04-19T00:00:00,Urban,Low,1,1
2026-04-19T00:00:00,Urban,Low,1,1
2026-04-19T00:00:00,Urban,Low,1,1
2026-04-19T00:00:00,Urban,Low,1,1
2026-04-19T00:00:00,Urban,Low,1,1
2026-04-19T00:00:00,Urban,Low,1,1
2026-04-19T00:00:00,Urban,Low,1,1
2026-04-19T00:00:00,Urban,Low,1,0
2026-04-19T00:00:00,Urban,Low,1,1
2026-04-19T00:00:00,Urban,Low,1,1
2026-04-19T00:00:00,Urban,Low,1,1
2026-04-19T00:00:00,Urban,Low,1,1
2026-04-19T00:00:00,Urban,Low,1,1
2026-04-19T00:00:00,Urban,Low,1,1
2026-04-19T00:00:00,Urban,Low,1,1
2026-04-19T00:00:00,Urban,Low,1,1
2026-04-19T00:00:00,Urban,Low,1,1
2026-04-19T00:00:00,Urban,Low,1,1
2026-04-19T00:00:00,Urban,Low,1,1
2026-04-19T00:00:00,Urban,Low,1,1
2026-04-19T00:00:00,Urban,Low,1,1
2026-04-19T00:00:00,Urban,Low,1,1
2026-04-19T00:00:00,Urban,Low,1,1
2026-04-19T00:00:00,Urban,Low,1,1
2026-04-19T00:00:00,Urban,Low,1,1
2026-04-19T00:00:00,Urban,Low,1,1
2026-04-19T00:00:00,Urban,Low,1,1
2026-04-19T00:00:00,Urban,Low,1,1
2026-04-19T00:00:00,Urban,Low,1,1
2026-04-19T00:00:00,Urban,Low,1,1
2026-04-19T00:00:00,Urban,Low,1,1
2026-04-19T00:00:00,Urban,Low,1,1
2026-04-19T00:00:00,Urban,Low,1,1
2026-04-19T00:00:00,Urban,Low,1,1
2026-04-19T00:00:00,Urban,Low,1,1
2026-04-19T00:00:00,Urban,Low,1,1
2026-04-19T00:00:00,Urban,Low,1,1
2026-04-19T00:00:00,Urban,Low,1,1
2026-04-19T00:00:00,Urban,Low,1,1
2026-04-19T00:00:00,Urban,Low,1,0
2026-04-19T00:00:00,Urban,Low,1,1
2026-04-19T00:00:00,Urban,Low,1,1
2026-04-19T00:00:00,Urban,Low,1,1
2026-04-19T00:00:00,Urban,Low,1,1
2026-04-19T00:00:00,Urban,Low,1,0
2026-04-19T00:00:00,Urban,Low,1,1
2026-04-19T00:00:00,Urban,Low,1,1
2026-04-19T00:00:00,Urban,Low,1,1
2026-04-19T00:00:00,Urban,Low,1,1
2026-04-19T00:00:00,Urban,Low,1,1
2026-04-19T00:00:00,Urban,Low,1,1
2026-04-19T00:00:00,Urban,Low,1,1
2026-04-19T00:00:00,Urban,Low,0,0
2026-04-19T00:00:00,Urban,Low,0,0
2026-04-19T00:00:00,Urban,Low,0,0
2026-04-19T00:00:00,Urban,Low,0,0
2026-04-19T00:00:00,Urban,Low,0,0
2026-04-19T00:00:00,Urban,Low,0,0
2026-04-19T00:00:00,Urban,Low,0,0
2026-04-19T00:00:00,Urban,Low,0,0
2026-04-19T00:00:00,Urban,Low,0,0
2026-04-19T00:00:00,Urban,Low,0,0
2026-04-19T00:00:00,Urban,Low,0,0
2026-04-19T00:00:00,Urban,Low,0,0
2026-04-19T00:00:00,Urban,Low,0,0
2026-04-19T00:00:00,Urban,Low,0,0
2026-04-19T00:00:00,Urban,Low,0,0
2026-04-19T00:00:00,Urban,Low,0,0
2026-04-19T00:00:00,Urban,Low,0,0
2026-04-19T00:00:00,Urban,Low,0,0
2026-04-19T00:00:00,Urban,Low,0,0
2026-04-19T00:00:00,Urban,Low,0,0
2026-04-19T00:00:00,Urban,Low,0,0
2026-04-19T00:00:00,Urban,Low,0,0
2026-04-19T00:00:00,Urban,Low,0,0
2026-04-19T00:00:00,Urban,Low,0,0
2026-04-19T00:00:00,Urban,Low,0,0
2026-04-19T00:00:00,Urban,Low,0,0
2026-04-19T00:00:00,Urban,Low,0,0
2026-04-19T00:00:00,Urban,Low,0,0
2026-04-19T00:00:00,Urban,Low,0,0
2026-04-19T00:00:00,Urban,Low,0,0
2026-04-19T00:00:00,Urban,Low,0,0
2026-04-19T00:00:00,Urban,Low,0,0
2026-04-19T00:00:00,Urban,Low,0,0
2026-04-19T00:00:00,Urban,Low,0,0
2026-04-19T00:00:00,Urban,Low,0,0
2026-04-19T00:00:00,Urban,Low,0,0
2026-04-19T00:00:00,Urban,Low,0,0
2026-04-19T00:00:00,Urban,Low,0,1
2026-04-19T00:00:00,Urban,Low,0,0
2026-04-19T00:00:00,Urban,Low,0,0
2026-04-19T00:00:00,Urban,Low,0,0
2026-04-19T00:00:00,Urban,Low,0,0
2026-04-19T00:00:00,Urban,Low,0,0
2026-04-19T00:00:00,Urban,Low,0,0
2026-04-19T00:00:00,Urban,Low,0,0
2026-04-19T00:00:00,Urban,Low,0,0
2026-04-19T00:00:00,Urban,Low,0,0
2026-04-19T00:00:00,Urban,Low,0,0
2026-04-19T00:00:00,Urban,Low,0,0
2026-04-19T00:00:00,Urban,Low,0,0
2026-04-19T00:00:00,Urban,Low,0,0
2026-04-19T00:00:00,Urban,Low,0,0
2026-04-19T00:00:00,Urban,Low,0,0
2026-04-19T00:00:00,Urban,Low,0,0
2026-04-19T00:00:00,Urban,Low,0,0
2026-04-19T00:00:00,Urban,Low,0,0
2026-04-19T00:00:00,Urban,Low,0,0
2026-04-19T00:00:00,Urban,Low,0,0
2026-04-19T00:00:00,Urban,Low,0,0
2026-04-19T00:00:00,Urban,Low,0,0
2026-04-19T00:00:00,Urban,Low,0,0
2026-04-19T00:00:00,Urban,Low,0,0
2026-04-19T00:00:00,Urban,Low,0,0
2026-04-19T00:00:00,Urban,Low,0,0
2026-04-19T00:00:00,Urban,Low,0,0
2026-04-19T00:00:00,Urban,Low,0,0
2026-04-19T00:00:00,Urban,Low,0,0
2026-04-19T00:00:00,Urban,Low,0,0
2026-04-19T00:00:00,Urban,Low,0,0
2026-04-19T00:00:00,Urban,Low,0,0
2026-04-19T00:00:00,Urban,Low,0,0
2026-04-19T00:00:00,Urban,Low,0,0
2026-04-19T00:00:00,Urban,Low,0,0
2026-04-19T00:00:00,Urban,Low,0,0
2026-04-19T00:00:00,Urban,Low,0,0
2026-04-19T00:00:00,Urban,Low,0,0
2026-04-19T00:00:00,Urban,Low,0,0
2026-04-19T00:00:00,Urban,Low,0,0
2026-04-19T00:00:00,Urban,Low,0,0
2026-04-19T00:00:00,Urban,Low,0,0
2026-04-19T00:00:00,Urban,Low,0,0
2026-04-19T00:00:00,Urban,Low,0,0
2026-04-19T00:00:00,Urban,Low,0,0
2026-04-19T00:00:00,Urban,Low,0,0
2026-04-19T00:00:00,Urban,Low,0,0
2026-04-19T00:00:00,Urban,Low,0,0
2026-04-19T00:00:00,Urban,Low,0,0
2026-04-19T00:00:00,Urban,Low,0,0
2026-04-19T00:00:00,Urban,Low,0,0
2026-04-19T00:00:00,Urban,Low,0,0
2026-04-19T00:00:00,Urban,Low,0,0
2026-04-19T00:00:00,Urban,Low,0,0
2026-04-19T00:00:00,Urban,Low,0,0
2026-04-19T00:00:00,Urban,Low,0,0
2026-04-19T00:00:00,Urban,Low,0,0
2026-04-19T00:00:00,Urban,Low,0,0
2026-04-19T00:00:00,Urban,Low,0,0
2026-04-19T00:00:00,Urban,Low,0,0
2026-04-19T00:00:00,Urban,Low,0,0
2026-04-19T00:00:00,Urban,Low,0,0
2026-04-19T00:00:00,Urban,Low,0,0
2026-04-19T00:00:00,Urban,Low,0,0
2026-04-19T00:00:00,Urban,Low,0,0
2026-04-19T00:00:00,Urban,Low,0,0
2026-04-19T00:00:00,Urban,Low,0,0
2026-04-19T00:00:00,Urban,Low,0,0
2026-04-19T00:00:00,Urban,Low,0,0
2026-04-19T00:00:00,Urban,Low,0,0
2026-04-19T00:00:00,Urban,Low,0,0
2026-04-19T00:00:00,Urban,Low,0,0
2026-04-19T00:00:00,Urban,Low,0,0
2026-04-19T00:00:00,Urban,Low,0,0
2026-04-19T00:00:00,Urban,Low,0,0
2026-04-19T00:00:00,Urban,Low,0,0
2026-04-19T00:00:00,Urban,Low,0,0
2026-04-19T00:00:00,Urban,Low,0,0
2026-04-19T00:00:00,Urban,Low,0,0
2026-04-19T00:00:00,Urban,Low,0,0
2026-04-19T00:00:00,Urban,Low,0,0
2026-04-19T00:00:00,Rural,High,1,1
2026-04-19T00:00:00,Rural,High,1,1
2026-04-19T00:00:00,Rural,High,1,1
2026-04-19T00:00:00,Rural,High,1,1
2026-04-19T00:00:00,Rural,High,1,1
2026-04-19T00:00:00,Rural,High,1,1
2026-04-19T00:00:00,Rural,High,1,1
2026-04-19T00:00:00,Rural,High,1,1
2026-04-19T00:00:00,Rural,High,1,1
2026-04-19T00:00:00,Rural,High,1,1
2026-04-19T00:00:00,Rural,High,1,1
2026-04-19T00:00:00,Rural,High,1,0
2026-04-19T00:00:00,Rural,High,1,1
2026-04-19T00:00:00,Rural,High,1,1
2026-04-19T00:00:00,Rural,High,1,1
2026-04-19T00:00:00,Rural,High,1,1
2026-04-19T00:00:00,Rural,High,1,1
2026-04-19T00:00:00,Rural,High,1,1
2026-04-19T00:00:00,Rural,High,1,0
2026-04-19T00:00:00,Rural,High,1,0
2026-04-19T00:00:00,Rural,High,1,1
2026-04-19T00:00:00,Rural,High,1,1
2026-04-19T00:00:00,Rural,High,1,1
2026-04-19T00:00:00,Rural,High,1,1
2026-04-19T00:00:00,Rural,High,1,1
2026-04-19T00:00:00,Rural,High,1,1
2026-04-19T00:00:00,Rural,High,1,1
2026-04-19T00:00:00,Rural,High,1,1
2026-04-19T00:00:00,Rural,High,1,1
2026-04-19T00:00:00,Rural,High,1,1
2026-04-19T00:00:00,Rural,High,1,1
2026-04-19T00:00:00,Rural,High,1,0
2026-04-19T00:00:00,Rural,High,1,0
2026-04-19T00:00:00,Rural,High,1,1
2026-04-19T00:00:00,Rural,High,1,1
2026-04-19T00:00:00,Rural,High,1,1
2026-04-19T00:00:00,Rural,High,1,1
2026-04-19T00:00:00,Rural,High,1,1
2026-04-19T00:00:00,Rural,High,1,1
2026-04-19T00:00:00,Rural,High,1,1
2026-04-19T00:00:00,Rural,High,1,1
2026-04-19T00:00:00,Rural,High,1,1
2026-04-19T00:00:00,Rural,High,1,1
2026-04-19T00:00:00,Rural,High,1,1
2026-04-19T00:00:00,Rural,High,1,1
2026-04-19T00:00:00,Rural,High,0,0
2026-04-19T00:00:00,Rural,High,0,0
2026-04-19T00:00:00,Rural,High,0,0
2026-04-19T00:00:00,Rural,High,0,0
2026-04-19T00:00:00,Rural,High,0,0
2026-04-19T00:00:00,Rural,High,0,0
2026-04-19T00:00:00,Rural,High,0,0
2026-04-19T00:00:00,Rural,High,0,0
2026-04-19T00:00:00,Rural,High,0,0
2026-04-19T00:00:00,Rural,High,0,0
2026-04-19T00:00:00,Rural,High,0,0
2026-04-19T00:00:00,Rural,High,0,0
2026-04-19T00:00:00,Rural,High,0,0
2026-04-19T00:00:00,Rural,High,0,0
2026-04-19T00:00:00,Rural,High,0,0
2026-04-19T00:00:00,Rural,High,0,0
2026-04-19T00:00:00,Rural,High,0,0
2026-04-19T00:00:00,Rural,High,0,0
2026-04-19T00:00:00,Rural,High,0,0
2026-04-19T00:00:00,Rural,High,0,1
2026-04-19T00:00:00,Rural,High,0,0
2026-04-19T00:00:00,Rural,High,0,1
2026-04-19T00:00:00,Rural,High,0,0
2026-04-19T00:00:00,Rural,High,0,0
2026-04-19T00:00:00,Rural,High,0,0
2026-04-19T00:00:00,Rural,High,0,0
2026-04-19T00:00:00,Rural,High,0,0
2026-04-19T00:00:00,Rural,High,0,0
2026-04-19T00:00:00,Rural,High,0,0
2026-04-19T00:00:00,Rural,High,0,0
2026-04-19T00:00:00,Rural,High,0,0
2026-04-19T00:00:00,Rural,High,0,0
2026-04-19T00:00:00,Rural,High,0,0
2026-04-19T00:00:00,Rural,High,0,0
2026-04-19T00:00:00,Rural,High,0,0
2026-04-19T00:00:00,Rural,High,0,0
2026-04-19T00:00:00,Rural,High,0,0
2026-04-19T00:00:00,Rural,High,0,0
2026-04-19T00:00:00,Rural,High,0,0
2026-04-19T00:00:00,Rural,High,0,0
2026-04-19T00:00:00,Rural,High,0,0
2026-04-19T00:00:00,Rural,High,0,0
2026-04-19T00:00:00,Rural,High,0,0
2026-04-19T00:00:00,Rural,High,0,0
2026-04-19T00:00:00,Rural,High,0,0
2026-04-19T00:00:00,Rural,High,0,0
2026-04-19T00:00:00,Rural,High,0,0
2026-04-19T00:00:00,Rural,High,0,0
2026-04-19T00:00:00,Rural,High,0,1
2026-04-19T00:00:00,Rural,High,0,0
2026-04-19T00:00:00,Rural,High,0,0
2026-04-19T00:00:00,Rural,High,0,0
2026-04-19T00:00:00,Rural,High,0,0
2026-04-19T00:00:00,Rural,High,0,0
2026-04-19T00:00:00,Rural,High,0,0
2026-04-19T00:00:00,Rural,High,0,0
2026-04-19T00:00:00,Rural,High,0,0
2026-04-19T00:00:00,Rural,High,0,0
2026-04-19T00:00:00,Rural,High,0,0
2026-04-19T00:00:00,Rural,High,0,0
2026-04-19T00:00:00,Rural,High,0,0
2026-04-19T00:00:00,Rural,High,0,0
2026-04-19T00:00:00,Rural,High,0,0
2026-04-19T00:00:00,Rural,High,0,0
2026-04-19T00:00:00,Rural,High,0,0
2026-04-19T00:00:00,Rural,High,0,0
2026-04-19T00:00:00,Rural,High,0,0
2026-04-19T00:00:00,Rural,High,0,0
2026-04-19T00:00:00,Rural,High,0,0
2026-04-19T00:00:00,Rural,High,0,0
2026-04-19T00:00:00,Rural,High,0,0
2026-04-19T00:00:00,Rural,High,0,0
2026-04-19T00:00:00,Rural,High,0,0
2026-04-19T00:00:00,Rural,High,0,0
2026-04-19T00:00:00,Rural,High,0,0
2026-04-19T00:00:00,Rural,High,0,0
2026-04-19T00:00:00,Rural,High,0,0
2026-04-19T00:00:00,Rural,High,0,0
2026-04-19T00:00:00,Rural,High,0,0
2026-04-19T00:00:00,Rural,High,0,0
2026-04-19T00:00:00,Rural,High,0,0
2026-04-19T00:00:00,Rural,Mid,1,1
2026-04-19T00:00:00,Rural,Mid,1,1
2026-04-19T00:00:00,Rural,Mid,1,1
2026-04-19T00:00:00,Rural,Mid,1,1
2026-04-19T00:00:00,Rural,Mid,1,1
2026-04-19T00:00:00,Rural,Mid,1,1
2026-04-19T00:00:00,Rural,Mid,1,1
2026-04-19T00:00:00,Rural,Mid,1,1
2026-04-19T00:00:00,Rural,Mid,1,1
2026-04-19T00:00:00,Rural,Mid,1,1
2026-04-19T00:00:00,Rural,Mid,1,1
2026-04-19T00:00:00,Rural,Mid,1,1
2026-04-19T00:00:00,Rural,Mid,1,1
2026-04-19T00:00:00,Rural,Mid,1,1
2026-04-19T00:00:00,Rural,Mid,1,1
2026-04-19T00:00:00,Rural,Mid,1,1
2026-04-19T00:00:00,Rural,Mid,1,0
2026-04-19T00:00:00,Rural,Mid,1,1
2026-04-19T00:00:00,Rural,Mid,1,1
2026-04-19T00:00:00,Rural,Mid,1,1
2026-04-19T00:00:00,Rural,Mid,1,1
2026-04-19T00:00:00,Rural,Mid,1,1
2026-04-19T00:00:00,Rural,Mid,1,1
2026-04-19T00:00:00,Rural,Mid,1,1
2026-04-19T00:00:00,Rural,Mid,1,1
2026-04-19T00:00:00,Rural,Mid,1,0
2026-04-19T00:00:00,Rural,Mid,1,1
2026-04-19T00:00:00,Rural,Mid,1,1
2026-04-19T00:00:00,Rural,Mid,1,0
2026-04-19T00:00:00,Rural,Mid,1,1
2026-04-19T00:00:00,Rural,Mid,1,1
2026-04-19T00:00:00,Rural,Mid,1,1
2026-04-19T00:00:00,Rural,Mid,1,1
2026-04-19T00:00:00,Rural,Mid,1,0
2026-04-19T00:00:00,Rural,Mid,1,1
2026-04-19T00:00:00,Rural,Mid,1,1
2026-04-19T00:00:00,Rural,Mid,1,1
2026-04-19T00:00:00,Rural,Mid,1,0
2026-04-19T00:00:00,Rural,Mid,1,1
2026-04-19T00:00:00,Rural,Mid,1,0
2026-04-19T00:00:00,Rural,Mid,1,1
2026-04-19T00:00:00,Rural,Mid,1,1
2026-04-19T00:00:00,Rural,Mid,1,1
2026-04-19T00:00:00,Rural,Mid,1,1
2026-04-19T00:00:00,Rural,Mid,0,0
2026-04-19T00:00:00,Rural,Mid,0,0
2026-04-19T00:00:00,Rural,Mid,0,0
2026-04-19T00:00:00,Rural,Mid,0,1
2026-04-19T00:00:00,Rural,Mid,0,0
2026-04-19T00:00:00,Rural,Mid,0,0
2026-04-19T00:00:00,Rural,Mid,0,0
2026-04-19T00:00:00,Rural,Mid,0,0
2026-04-19T00:00:00,Rural,Mid,0,0
2026-04-19T00:00:00,Rural,Mid,0,0
2026-04-19T00:00:00,Rural,Mid,0,0
2026-04-19T00:00:00,Rural,Mid,0,1
2026-04-19T00:00:00,Rural,Mid,0,0
2026-04-19T00:00:00,Rural,Mid,0,0
2026-04-19T00:00:00,Rural,Mid,0,0
2026-04-19T00:00:00,Rural,Mid,0,1
2026-04-19T00:00:00,Rural,Mid,0,0
2026-04-19T00:00:00,Rural,Mid,0,0
2026-04-19T00:00:00,Rural,Mid,0,0
2026-04-19T00:00:00,Rural,Mid,0,0
2026-04-19T00:00:00,Rural,Mid,0,0
2026-04-19T00:00:00,Rural,Mid,0,0
2026-04-19T00:00:00,Rural,Mid,0,0
2026-04-19T00:00:00,Rural,Mid,0,0
2026-04-19T00:00:00,Rural,Mid,0,0
2026-04-19T00:00:00,Rural,Mid,0,0
2026-04-19T00:00:00,Rural,Mid,0,0
2026-04-19T00:00:00,Rural,Mid,0,0
2026-04-19T00:00:00,Rural,Mid,0,0
2026-04-19T00:00:00,Rural,Mid,0,0
2026-04-19T00:00:00,Rural,Mid,0,0
2026-04-19T00:00:00,Rural,Mid,0,0
2026-04-19T00:00:00,Rural,Mid,0,0
2026-04-19T00:00:00,Rural,Mid,0,0
2026-04-19T00:00:00,Rural,Mid,0,0
2026-04-19T00:00:00,Rural,Mid,0,0
2026-04-19T00:00:00,Rural,Mid,0,0
2026-04-19T00:00:00,Rural,Mid,0,0
2026-04-19T00:00:00,Rural,Mid,0,0
2026-04-19T00:00:00,Rural,Mid,0,0
2026-04-19T00:00:00,Rural,Mid,0,0
2026-04-19T00:00:00,Rural,Mid,0,0
2026-04-19T00:00:00,Rural,Mid,0,0
2026-04-19T00:00:00,Rural,Mid,0,0
2026-04-19T00:00:00,Rural,Mid,0,0
2026-04-19T00:00:00,Rural,Mid,0,0
2026-04-19T00:00:00,Rural,Mid,0,0
2026-04-19T00:00:00,Rural,Mid,0,0
2026-04-19T00:00:00,Rural,Mid,0,0
2026-04-19T00:00:00,Rural,Mid,0,0
2026-04-19T00:00:00,Rural,Mid,0,0
2026-04-19T00:00:00,Rural,Mid,0,0
2026-04-19T00:00:00,Rural,Mid,0,0
2026-04-19T00:00:00,Rural,Mid,0,0
2026-04-19T00:00:00,Rural,Mid,0,0
2026-04-19T00:00:00,Rural,Mid,0,0
2026-04-19T00:00:00,Rural,Mid,0,0
2026-04-19T00:00:00,Rural,Mid,0,0
2026-04-19T00:00:00,Rural,Mid,0,0
2026-04-19T00:00:00,Rural,Mid,0,0
2026-04-19T00:00:00,Rural,Mid,0,1
2026-04-19T00:00:00,Rural,Mid,0,0
2026-04-19T00:00:00,Rural,Mid,0,0
2026-04-19T00:00:00,Rural,Mid,0,0
2026-04-19T00:00:00,Rural,Mid,0,0
2026-04-19T00:00:00,Rural,Mid,0,0
2026-04-19T00:00:00,Rural,Mid,0,0
2026-04-19T00:00:00,Rural,Mid,0,0
2026-04-19T00:00:00,Rural,Mid,0,0
2026-04-19T00:00:00,Rural,Mid,0,0
2026-04-19T00:00:00,Rural,Mid,0,0
2026-04-19T00:00:00,Rural,Mid,0,0
2026-04-19T00:00:00,Rural,Mid,0,0
2026-04-19T00:00:00,Rural,Mid,0,0
2026-04-19T00:00:00,Rural,Mid,0,0
2026-04-19T00:00:00,Rural,Mid,0,0
2026-04-19T00:00:00,Rural,Mid,0,0
2026-04-19T00:00:00,Rural,Mid,0,0
2026-04-19T00:00:00,Rural,Mid,0,0
2026-04-19T00:00:00,Rural,Mid,0,0
2026-04-19T00:00:00,Rural,Mid,0,0
2026-04-19T00:00:00,Rural,Mid,0,0
2026-04-19T00:00:00,Rural,Mid,0,0
2026-04-19T00:00:00,Rural,Mid,0,0
2026-04-19T00:00:00,Rural,Low,1,1
2026-04-19T00:00:00,Rural,Low,1,1
2026-04-19T00:00:00,Rural,Low,1,1
2026-04-19T00:00:00,Rural,Low,1,1
2026-04-19T00:00:00,Rural,Low,1,1
2026-04-19T00:00:00,Rural,Low,1,0
2026-04-19T00:00:00,Rural,Low,1,1
2026-04-19T00:00:00,Rural,Low,1,1
2026-04-19T00:00:00,Rural,Low,1,1
2026-04-19T00:00:00,Rural,Low,1,1
2026-04-19T00:00:00,Rural,Low,1,0
2026-04-19T00:00:00,Rural,Low,1,1
2026-04-19T00:00:00,Rural,Low,1,0
2026-04-19T00:00:00,Rural,Low,1,1
2026-04-19T00:00:00,Rural,Low,1,1
2026-04-19T00:00:00,Rural,Low,1,1
2026-04-19T00:00:00,Rural,Low,1,1
2026-04-19T00:00:00,Rural,Low,1,1
2026-04-19T00:00:00,Rural,Low,1,1
2026-04-19T00:00:00,Rural,Low,1,1
2026-04-19T00:00:00,Rural,Low,1,1
2026-04-19T00:00:00,Rural,Low,1,1
2026-04-19T00:00:00,Rural,Low,1,1
2026-04-19T00:00:00,Rural,Low,1,1
2026-04-19T00:00:00,Rural,Low,1,1
2026-04-19T00:00:00,Rural,Low,1,1
2026-04-19T00:00:00,Rural,Low,1,0
2026-04-19T00:00:00,Rural,Low,1,1
2026-04-19T00:00:00,Rural,Low,1,1
2026-04-19T00:00:00,Rural,Low,1,1
2026-04-19T00:00:00,Rural,Low,1,1
2026-04-19T00:00:00,Rural,Low,1,0
2026-04-19T00:00:00,Rural,Low,1,1
2026-04-19T00:00:00,Rural,Low,1,0
2026-04-19T00:00:00,Rural,Low,1,1
2026-04-19T00:00:00,Rural,Low,1,1
2026-04-19T00:00:00,Rural,Low,1,1
2026-04-19T00:00:00,Rural,Low,1,1
2026-04-19T00:00:00,Rural,Low,1,0
2026-04-19T00:00:00,Rural,Low,1,1
2026-04-19T00:00:00,Rural,Low,1,1
2026-04-19T00:00:00,Rural,Low,1,1
2026-04-19T00:00:00,Rural,Low,1,1
2026-04-19T00:00:00,Rural,Low,1,0
2026-04-19T00:00:00,Rural,Low,1,0
2026-04-19T00:00:00,Rural,Low,1,0
2026-04-19T00:00:00,Rural,Low,1,1
2026-04-19T00:00:00,Rural,Low,1,1
2026-04-19T00:00:00,Rural,Low,1,1
2026-04-19T00:00:00,Rural,Low,1,1
2026-04-19T00:00:00,Rural,Low,0,0
2026-04-19T00:00:00,Rural,Low,0,0
2026-04-19T00:00:00,Rural,Low,0,1
2026-04-19T00:00:00,Rural,Low,0,0
2026-04-19T00:00:00,Rural,Low,0,0
2026-04-19T00:00:00,Rural,Low,0,0
2026-04-19T00:00:00,Rural,Low,0,0
2026-04-19T00:00:00,Rural,Low,0,0
2026-04-19T00:00:00,Rural,Low,0,0
2026-04-19T00:00:00,Rural,Low,0,0
2026-04-19T00:00:00,Rural,Low,0,0
2026-04-19T00:00:00,Rural,Low,0,0
2026-04-19T00:00:00,Rural,Low,0,0
2026-04-19T00:00:00,Rural,Low,0,0
2026-04-19T00:00:00,Rural,Low,0,0
2026-04-19T00:00:00,Rural,Low,0,0
2026-04-19T00:00:00,Rural,Low,0,0
2026-04-19T00:00:00,Rural,Low,0,0
2026-04-19T00:00:00,Rural,Low,0,0
2026-04-19T00:00:00,Rural,Low,0,0
2026-04-19T00:00:00,Rural,Low,0,0
2026-04-19T00:00:00,Rural,Low,0,0
2026-04-19T00:00:00,Rural,Low,0,0
2026-04-19T00:00:00,Rural,Low,0,0
2026-04-19T00:00:00,Rural,Low,0,0
2026-04-19T00:00:00,Rural,Low,0,0
2026-04-19T00:00:00,Rural,Low,0,0
2026-04-19T00:00:00,Rural,Low,0,0
2026-04-19T00:00:00,Rural,Low,0,0
2026-04-19T00:00:00,Rural,Low,0,0
2026-04-19T00:00:00,Rural,Low,0,0
2026-04-19T00:00:00,Rural,Low,0,0
2026-04-19T00:00:00,Rural,Low,0,0
2026-04-19T00:00:00,Rural,Low,0,0
2026-04-19T00:00:00,Rural,Low,0,0
2026-04-19T00:00:00,Rural,Low,0,0
2026-04-19T00:00:00,Rural,Low,0,0
2026-04-19T00:00:00,Rural,Low,0,0
2026-04-19T00:00:00,Rural,Low,0,0
2026-04-19T00:00:00,Rural,Low,0,0
2026-04-19T00:00:00,Rural,Low,0,0
2026-04-19T00:00:00,Rural,Low,0,0
2026-04-19T00:00:00,Rural,Low,0,0
2026-04-19T00:00:00,Rural,Low,0,0
2026-04-19T00:00:00,Rural,Low,0,0
2026-04-19T00:00:00,Rural,Low,0,0
2026-04-19T00:00:00,Rural,Low,0,0
2026-04-19T00:00:00,Rural,Low,0,0
2026-04-19T00:00:00,Rural,Low,0,0
2026-04-19T00:00:00,Rural,Low,0,0
2026-04-19T00:00:00,Rural,Low,0,0
2026-04-19T00:00:00,Rural,Low,0,0
2026-04-19T00:00:00,Rural,Low,0,0
2026-04-19T00:00:00,Rural,Low,0,0
2026-04-19T00:00:00,Rural,Low,0,0
2026-04-19T00:00:00,Rural,Low,0,0
2026-04-19T00:00:00,Rural,Low,0,0
2026-04-19T00:00:00,Rural,Low,0,0
2026-04-19T00:00:00,Rural,Low,0,0
2026-04-19T00:00:00,Rural,Low,0,0
2026-04-19T00:00:00,Rural,Low,0,0
2026-04-19T00:00:00,Rural,Low,0,0
2026-04-19T00:00:00,Rural,Low,0,0
2026-04-19T00:00:00,Rural,Low,0,0
2026-04-19T00:00:00,Rural,Low,0,0
2026-04-19T00:00:00,Rural,Low,0,0
2026-04-19T00:00:00,Rural,Low,0,0
2026-04-19T00:00:00,Rural,Low,0,0
2026-04-19T00:00:00,Rural,Low,0,0
2026-04-19T00:00:00,Rural,Low,0,0
2026-04-19T00:00:00,Rural,Low,0,0
2026-04-19T00:00:00,Rural,Low,0,0
2026-04-19T00:00:00,Rural,Low,0,0
2026-04-19T00:00:00,Rural,Low,0,0
2026-04-19T00:00:00,Rural,Low,0,0
2026-04-19T00:00:00,Rural,Low,0,0
2026-04-19T00:00:00,Rural,Low,0,0
2026-04-19T00:00:00,Rural,Low,0,0
2026-04-19T00:00:00,Rural,Low,0,0
2026-04-19T00:00:00,Rural,Low,0,1
2026-04-19T00:00:00,Rural,Low,0,0
2026-04-19T00:00:00,Rural,Low,0,0
2026-04-19T00:00:00,Rural,Low,0,1
2026-04-19T00:00:00,Rural,Low,0,0
2026-04-19T00:00:00,Rural,Low,0,0
2026-04-19T00:00:00,Rural,Low,0,0
2026-04-19T00:00:00,Rural,Low,0,0
2026-04-19T00:00:00,Rural,Low,0,0
2026-04-19T00:00:00,Rural,Low,0,0
2026-04-19T00:00:00,Rural,Low,0,0
2026-04-19T00:00:00,Rural,Low,0,0
2026-04-19T00:00:00,Rural,Low,0,0
2026-04-19T00:00:00,Rural,Low,0,0
2026-04-19T00:00:00,Rural,Low,0,0
2026-04-19T00:00:00,Rural,Low,0,0
2026-04-19T00:00:00,Rural,Low,0,0
2026-04-19T00:00:00,Rural,Low,0,0
2026-04-19T00:00:00,Rural,Low,0,0
2026-04-19T00:00:00,Rural,Low,0,0
2026-04-19T00:00:00,Rural,Low,0,0
2026-04-19T00:00:00,Rural,Low,0,0
2026-04-19T00:00:00,Rural,Low,0,0
2026-04-19T00:00:00,Rural,Low,0,0
2026-04-19T00:00:00,Rural,Low,0,0
2026-04-19T00:00:00,Rural,Low,0,1
2026-04-19T00:00:00,Rural,Low,0,0
2026-04-19T00:00:00,Rural,Low,0,0
2026-04-19T00:00:00,Rural,Low,0,0
2026-04-19T00:00:00,Rural,Low,0,0
2026-04-19T00:00:00,Rural,Low,0,0
2026-04-19T00:00:00,Rural,Low,0,0
2026-04-19T00:00:00,Rural,Low,0,0
2026-04-20T00:00:00,Urban,High,1,1
2026-04-20T00:00:00,Urban,High,1,1
2026-04-20T00:00:00,Urban,High,1,1
2026-04-20T00:00:00,Urban,High,1,1
2026-04-20T00:00:00,Urban,High,1,0
2026-04-20T00:00:00,Urban,High,1,1
2026-04-20T00:00:00,Urban,High,1,1
2026-04-20T00:00:00,Urban,High,1,1
2026-04-20T00:00:00,Urban,High,1,1
2026-04-20T00:00:00,Urban,High,1,1
2026-04-20T00:00:00,Urban,High,1,1
2026-04-20T00:00:00,Urban,High,1,0
2026-04-20T00:00:00,Urban,High,1,1
2026-04-20T00:00:00,Urban,High,1,1
2026-04-20T00:00:00,Urban,High,1,1
2026-04-20T00:00:00,Urban,High,1,1
2026-04-20T00:00:00,Urban,High,1,1
2026-04-20T00:00:00,Urban,High,1,1
2026-04-20T00:00:00,Urban,High,1,1
2026-04-20T00:00:00,Urban,High,1,1
2026-04-20T00:00:00,Urban,High,1,1
2026-04-20T00:00:00,Urban,High,1,1
2026-04-20T00:00:00,Urban,High,1,1
2026-04-20T00:00:00,Urban,High,1,1
2026-04-20T00:00:00,Urban,High,1,1
2026-04-20T00:00:00,Urban,High,1,1
2026-04-20T00:00:00,Urban,High,1,1
2026-04-20T00:00:00,Urban,High,1,1
2026-04-20T00:00:00,Urban,High,1,1
2026-04-20T00:00:00,Urban,High,1,1
2026-04-20T00:00:00,Urban,High,1,1
2026-04-20T00:00:00,Urban,High,1,1
2026-04-20T00:00:00,Urban,High,1,1
2026-04-20T00:00:00,Urban,High,1,1
2026-04-20T00:00:00,Urban,High,1,0
2026-04-20T00:00:00,Urban,High,1,0
2026-04-20T00:00:00,Urban,High,1,1
2026-04-20T00:00:00,Urban,High,1,1
2026-04-20T00:00:00,Urban,High,0,0
2026-04-20T00:00:00,Urban,High,0,0
2026-04-20T00:00:00,Urban,High,0,0
2026-04-20T00:00:00,Urban,High,0,0
2026-04-20T00:00:00,Urban,High,0,0
2026-04-20T00:00:00,Urban,High,0,0
2026-04-20T00:00:00,Urban,High,0,0
2026-04-20T00:00:00,Urban,High,0,0
2026-04-20T00:00:00,Urban,High,0,0
2026-04-20T00:00:00,Urban,High,0,0
2026-04-20T00:00:00,Urban,High,0,0
2026-04-20T00:00:00,Urban,High,0,0
2026-04-20T00:00:00,Urban,High,0,0
2026-04-20T00:00:00,Urban,High,0,1
2026-04-20T00:00:00,Urban,High,0,0
2026-04-20T00:00:00,Urban,High,0,0
2026-04-20T00:00:00,Urban,High,0,0
2026-04-20T00:00:00,Urban,High,0,0
2026-04-20T00:00:00,Urban,High,0,1
2026-04-20T00:00:00,Urban,High,0,0
2026-04-20T00:00:00,Urban,High,0,0
2026-04-20T00:00:00,Urban,High,0,0
2026-04-20T00:00:00,Urban,High,0,0
2026-04-20T00:00:00,Urban,High,0,0
2026-04-20T00:00:00,Urban,High,0,0
2026-04-20T00:00:00,Urban,High,0,0
2026-04-20T00:00:00,Urban,High,0,0
2026-04-20T00:00:00,Urban,High,0,0
2026-04-20T00:00:00,Urban,High,0,0
2026-04-20T00:00:00,Urban,High,0,0
2026-04-20T00:00:00,Urban,High,0,0
2026-04-20T00:00:00,Urban,High,0,0
2026-04-20T00:00:00,Urban,High,0,0
2026-04-20T00:00:00,Urban,High,0,0
2026-04-20T00:00:00,Urban,High,0,0
2026-04-20T00:00:00,Urban,High,0,0
2026-04-20T00:00:00,Urban,High,0,0
2026-04-20T00:00:00,Urban,High,0,0
2026-04-20T00:00:00,Urban,High,0,0
2026-04-20T00:00:00,Urban,High,0,0
2026-04-20T00:00:00,Urban,High,0,0
2026-04-20T00:00:00,Urban,High,0,0
2026-04-20T00:00:00,Urban,High,0,0
2026-04-20T00:00:00,Urban,High,0,0
2026-04-20T00:00:00,Urban,High,0,0
2026-04-20T00:00:00,Urban,High,0,0
2026-04-20T00:00:00,Urban,High,0,0
2026-04-20T00:00:00,Urban,High,0,0
2026-04-20T00:00:00,Urban,High,0,0
2026-04-20T00:00:00,Urban,High,0,0
2026-04-20T00:00:00,Urban,High,0,0
2026-04-20T00:00:00,Urban,High,0,0
2026-04-20T00:00:00,Urban,High,0,0
2026-04-20T00:00:00,Urban,High,0,0
2026-04-20T00:00:00,Urban,High,0,0
2026-04-20T00:00:00,Urban,High,0,0
2026-04-20T00:00:00,Urban,High,0,1
2026-04-20T00:00:00,Urban,High,0,0
2026-04-20T00:00:00,Urban,High,0,0
2026-04-20T00:00:00,Urban,High,0,0
2026-04-20T00:00:00,Urban,High,0,0
2026-04-20T00:00:00,Urban,High,0,0
2026-04-20T00:00:00,Urban,High,0,0
2026-04-20T00:00:00,Urban,High,0,0
2026-04-20T00:00:00,Urban,High,0,0
2026-04-20T00:00:00,Urban,High,0,0
2026-04-20T00:00:00,Urban,High,0,0
2026-04-20T00:00:00,Urban,High,0,0
2026-04-20T00:00:00,Urban,High,0,1
2026-04-20T00:00:00,Urban,High,0,0
2026-04-20T00:00:00,Urban,High,0,0
2026-04-20T00:00:00,Urban,High,0,0
2026-04-20T00:00:00,Urban,High,0,0
2026-04-20T00:00:00,Urban,High,0,0
2026-04-20T00:00:00,Urban,High,0,0
2026-04-20T00:00:00,Urban,High,0,0
2026-04-20T00:00:00,Urban,High,0,0
2026-04-20T00:00:00,Urban,High,0,0
2026-04-20T00:00:00,Urban,High,0,0
2026-04-20T00:00:00,Urban,High,0,0
2026-04-20T00:00:00,Urban,High,0,0
2026-04-20T00:00:00,Urban,High,0,0
2026-04-20T00:00:00,Urban,High,0,0
2026-04-20T00:00:00,Urban,Mid,1,1
2026-04-20T00:00:00,Urban,Mid,1,1
2026-04-20T00:00:00,Urban,Mid,1,1
2026-04-20T00:00:00,Urban,Mid,1,1
2026-04-20T00:00:00,Urban,Mid,1,1
2026-04-20T00:00:00,Urban,Mid,1,1
2026-04-20T00:00:00,Urban,Mid,1,1
2026-04-20T00:00:00,Urban,Mid,1,1
2026-04-20T00:00:00,Urban,Mid,1,1
2026-04-20T00:00:00,Urban,Mid,1,0
2026-04-20T00:00:00,Urban,Mid,1,1
2026-04-20T00:00:00,Urban,Mid,1,1
2026-04-20T00:00:00,Urban,Mid,1,1
2026-04-20T00:00:00,Urban,Mid,1,0
2026-04-20T00:00:00,Urban,Mid,1,1
2026-04-20T00:00:00,Urban,Mid,1,1
2026-04-20T00:00:00,Urban,Mid,1,1
2026-04-20T00:00:00,Urban,Mid,1,1
2026-04-20T00:00:00,Urban,Mid,1,1
2026-04-20T00:00:00,Urban,Mid,1,1
2026-04-20T00:00:00,Urban,Mid,1,1
2026-04-20T00:00:00,Urban,Mid,1,1
2026-04-20T00:00:00,Urban,Mid,1,1
2026-04-20T00:00:00,Urban,Mid,1,1
2026-04-20T00:00:00,Urban,Mid,1,0
2026-04-20T00:00:00,Urban,Mid,1,1
2026-04-20T00:00:00,Urban,Mid,1,0
2026-04-20T00:00:00,Urban,Mid,1,1
2026-04-20T00:00:00,Urban,Mid,1,1
2026-04-20T00:00:00,Urban,Mid,1,1
2026-04-20T00:00:00,Urban,Mid,1,1
2026-04-20T00:00:00,Urban,Mid,1,1
2026-04-20T00:00:00,Urban,Mid,1,1
2026-04-20T00:00:00,Urban,Mid,1,1
2026-04-20T00:00:00,Urban,Mid,1,1
2026-04-20T00:00:00,Urban,Mid,1,1
2026-04-20T00:00:00,Urban,Mid,1,1
2026-04-20T00:00:00,Urban,Mid,1,1
2026-04-20T00:00:00,Urban,Mid,1,1
2026-04-20T00:00:00,Urban,Mid,1,1
2026-04-20T00:00:00,Urban,Mid,1,1
2026-04-20T00:00:00,Urban,Mid,1,1
2026-04-20T00:00:00,Urban,Mid,1,1
2026-04-20T00:00:00,Urban,Mid,1,1
2026-04-20T00:00:00,Urban,Mid,1,0
2026-04-20T00:00:00,Urban,Mid,1,1
2026-04-20T00:00:00,Urban,Mid,1,1
2026-04-20T00:00:00,Urban,Mid,1,1
2026-04-20T00:00:00,Urban,Mid,0,0
2026-04-20T00:00:00,Urban,Mid,0,0
2026-04-20T00:00:00,Urban,Mid,0,0
2026-04-20T00:00:00,Urban,Mid,0,0
2026-04-20T00:00:00,Urban,Mid,0,0
2026-04-20T00:00:00,Urban,Mid,0,0
2026-04-20T00:00:00,Urban,Mid,0,0
2026-04-20T00:00:00,Urban,Mid,0,0
2026-04-20T00:00:00,Urban,Mid,0,0
2026-04-20T00:00:00,Urban,Mid,0,0
2026-04-20T00:00:00,Urban,Mid,0,0
2026-04-20T00:00:00,Urban,Mid,0,1
2026-04-20T00:00:00,Urban,Mid,0,0
2026-04-20T00:00:00,Urban,Mid,0,0
2026-04-20T00:00:00,Urban,Mid,0,0
2026-04-20T00:00:00,Urban,Mid,0,0
2026-04-20T00:00:00,Urban,Mid,0,0
2026-04-20T00:00:00,Urban,Mid,0,0
2026-04-20T00:00:00,Urban,Mid,0,0
2026-04-20T00:00:00,Urban,Mid,0,0
2026-04-20T00:00:00,Urban,Mid,0,0
2026-04-20T00:00:00,Urban,Mid,0,0
2026-04-20T00:00:00,Urban,Mid,0,0
2026-04-20T00:00:00,Urban,Mid,0,0
2026-04-20T00:00:00,Urban,Mid,0,0
2026-04-20T00:00:00,Urban,Mid,0,0
2026-04-20T00:00:00,Urban,Mid,0,0
2026-04-20T00:00:00,Urban,Mid,0,0
2026-04-20T00:00:00,Urban,Mid,0,0
2026-04-20T00:00:00,Urban,Mid,0,0
2026-04-20T00:00:00,Urban,Mid,0,0
2026-04-20T00:00:00,Urban,Mid,0,0
2026-04-20T00:00:00,Urban,Mid,0,0
2026-04-20T00:00:00,Urban,Mid,0,0
2026-04-20T00:00:00,Urban,Mid,0,0
2026-04-20T00:00:00,Urban,Mid,0,1
2026-04-20T00:00:00,Urban,Mid,0,0
2026-04-20T00:00:00,Urban,Mid,0,0
2026-04-20T00:00:00,Urban,Mid,0,0
2026-04-20T00:00:00,Urban,Mid,0,0
2026-04-20T00:00:00,Urban,Mid,0,0
2026-04-20T00:00:00,Urban,Mid,0,0
2026-04-20T00:00:00,Urban,Mid,0,0
2026-04-20T00:00:00,Urban,Mid,0,0
2026-04-20T00:00:00,Urban,Mid,0,0
2026-04-20T00:00:00,Urban,Mid,0,0
2026-04-20T00:00:00,Urban,Mid,0,0
2026-04-20T00:00:00,Urban,Mid,0,0
2026-04-20T00:00:00,Urban,Mid,0,0
2026-04-20T00:00:00,Urban,Mid,0,0
2026-04-20T00:00:00,Urban,Mid,0,0
2026-04-20T00:00:00,Urban,Mid,0,0
2026-04-20T00:00:00,Urban,Mid,0,0
2026-04-20T00:00:00,Urban,Mid,0,1
2026-04-20T00:00:00,Urban,Mid,0,1
2026-04-20T00:00:00,Urban,Mid,0,0
2026-04-20T00:00:00,Urban,Mid,0,0
2026-04-20T00:00:00,Urban,Mid,0,1
2026-04-20T00:00:00,Urban,Mid,0,0
2026-04-20T00:00:00,Urban,Mid,0,0
2026-04-20T00:00:00,Urban,Mid,0,0
2026-04-20T00:00:00,Urban,Mid,0,0
2026-04-20T00:00:00,Urban,Mid,0,0
2026-04-20T00:00:00,Urban,Mid,0,0
2026-04-20T00:00:00,Urban,Mid,0,0
2026-04-20T00:00:00,Urban,Mid,0,0
2026-04-20T00:00:00,Urban,Mid,0,0
2026-04-20T00:00:00,Urban,Mid,0,0
2026-04-20T00:00:00,Urban,Mid,0,0
2026-04-20T00:00:00,Urban,Mid,0,1
2026-04-20T00:00:00,Urban,Mid,0,0
2026-04-20T00:00:00,Urban,Mid,0,0
2026-04-20T00:00:00,Urban,Mid,0,0
2026-04-20T00:00:00,Urban,Mid,0,1
2026-04-20T00:00:00,Urban,Mid,0,0
2026-04-20T00:00:00,Urban,Mid,0,0
2026-04-20T00:00:00,Urban,Mid,0,0
2026-04-20T00:00:00,Urban,Mid,0,0
2026-04-20T00:00:00,Urban,Mid,0,0
2026-04-20T00:00:00,Urban,Mid,0,0
2026-04-20T00:00:00,Urban,Mid,0,0
2026-04-20T00:00:00,Urban,Mid,0,0
2026-04-20T00:00:00,Urban,Mid,0,0
2026-04-20T00:00:00,Urban,Mid,0,0
2026-04-20T00:00:00,Urban,Mid,0,0
2026-04-20T00:00:00,Urban,Mid,0,0
2026-04-20T00:00:00,Urban,Mid,0,0
2026-04-20T00:00:00,Urban,Mid,0,0
2026-04-20T00:00:00,Urban,Mid,0,0
2026-04-20T00:00:00,Urban,Mid,0,0
2026-04-20T00:00:00,Urban,Mid,0,0
2026-04-20T00:00:00,Urban,Mid,0,0
2026-04-20T00:00:00,Urban,Mid,0,0
2026-04-20T00:00:00,Urban,Mid,0,0
2026-04-20T00:00:00,Urban,Mid,0,0
2026-04-20T00:00:00,Urban,Mid,0,0
2026-04-20T00:00:00,Urban,Mid,0,0
2026-04-20T00:00:00,Urban,Mid,0,0
2026-04-20T00:00:00,Urban,Mid,0,0
2026-04-20T00:00:00,Urban,Mid,0,0
2026-04-20T00:00:00,Urban,Mid,0,0
2026-04-20T00:00:00,Urban,Mid,0,0
2026-04-20T00:00:00,Urban,Low,1,1
2026-04-20T00:00:00,Urban,Low,1,1
2026-04-20T00:00:00,Urban,Low,1,1
2026-04-20T00:00:00,Urban,Low,1,1
2026-04-20T00:00:00,Urban,Low,1,1
2026-04-20T00:00:00,Urban,Low,1,1
2026-04-20T00:00:00,Urban,Low,1,1
2026-04-20T00:00:00,Urban,Low,1,1
2026-04-20T00:00:00,Urban,Low,1,1
2026-04-20T00:00:00,Urban,Low,1,1
2026-04-20T00:00:00,Urban,Low,1,1
2026-04-20T00:00:00,Urban,Low,1,1
2026-04-20T00:00:00,Urban,Low,1,1
2026-04-20T00:00:00,Urban,Low,1,1
2026-04-20T00:00:00,Urban,Low,1,1
2026-04-20T00:00:00,Urban,Low,1,1
2026-04-20T00:00:00,Urban,Low,1,1
2026-04-20T00:00:00,Urban,Low,1,1
2026-04-20T00:00:00,Urban,Low,1,1
2026-04-20T00:00:00,Urban,Low,1,1
2026-04-20T00:00:00,Urban,Low,1,1
2026-04-20T00:00:00,Urban,Low,1,1
2026-04-20T00:00:00,Urban,Low,1,1
2026-04-20T00:00:00,Urban,Low,1,1
2026-04-20T00:00:00,Urban,Low,1,1
2026-04-20T00:00:00,Urban,Low,1,0
2026-04-20T00:00:00,Urban,Low,1,1
2026-04-20T00:00:00,Urban,Low,1,0
2026-04-20T00:00:00,Urban,Low,1,1
2026-04-20T00:00:00,Urban,Low,1,1
2026-04-20T00:00:00,Urban,Low,1,1
2026-04-20T00:00:00,Urban,Low,1,1
2026-04-20T00:00:00,Urban,Low,1,1
2026-04-20T00:00:00,Urban,Low,1,1
2026-04-20T00:00:00,Urban,Low,1,0
2026-04-20T00:00:00,Urban,Low,1,1
2026-04-20T00:00:00,Urban,Low,1,1
2026-04-20T00:00:00,Urban,Low,1,0
2026-04-20T00:00:00,Urban,Low,1,0
2026-04-20T00:00:00,Urban,Low,1,1
2026-04-20T00:00:00,Urban,Low,1,1
2026-04-20T00:00:00,Urban,Low,1,1
2026-04-20T00:00:00,Urban,Low,1,1
2026-04-20T00:00:00,Urban,Low,1,1
2026-04-20T00:00:00,Urban,Low,1,1
2026-04-20T00:00:00,Urban,Low,1,1
2026-04-20T00:00:00,Urban,Low,1,1
2026-04-20T00:00:00,Urban,Low,1,1
2026-04-20T00:00:00,Urban,Low,1,1
2026-04-20T00:00:00,Urban,Low,1,1
2026-04-20T00:00:00,Urban,Low,1,1
2026-04-20T00:00:00,Urban,Low,1,1
2026-04-20T00:00:00,Urban,Low,1,1
2026-04-20T00:00:00,Urban,Low,1,1
2026-04-20T00:00:00,Urban,Low,1,1
2026-04-20T00:00:00,Urban,Low,1,1
2026-04-20T00:00:00,Urban,Low,1,1
2026-04-20T00:00:00,Urban,Low,1,1
2026-04-20T00:00:00,Urban,Low,1,1
2026-04-20T00:00:00,Urban,Low,1,1
2026-04-20T00:00:00,Urban,Low,1,1
2026-04-20T00:00:00,Urban,Low,1,1
2026-04-20T00:00:00,Urban,Low,1,0
2026-04-20T00:00:00,Urban,Low,1,0
2026-04-20T00:00:00,Urban,Low,0,0
2026-04-20T00:00:00,Urban,Low,0,0
2026-04-20T00:00:00,Urban,Low,0,0
2026-04-20T00:00:00,Urban,Low,0,0
2026-04-20T00:00:00,Urban,Low,0,0
2026-04-20T00:00:00,Urban,Low,0,0
2026-04-20T00:00:00,Urban,Low,0,0
2026-04-20T00:00:00,Urban,Low,0,0
2026-04-20T00:00:00,Urban,Low,0,1
2026-04-20T00:00:00,Urban,Low,0,0
2026-04-20T00:00:00,Urban,Low,0,0
2026-04-20T00:00:00,Urban,Low,0,0
2026-04-20T00:00:00,Urban,Low,0,0
2026-04-20T00:00:00,Urban,Low,0,0
2026-04-20T00:00:00,Urban,Low,0,0
2026-04-20T00:00:00,Urban,Low,0,0
2026-04-20T00:00:00,Urban,Low,0,0
2026-04-20T00:00:00,Urban,Low,0,0
2026-04-20T00:00:00,Urban,Low,0,0
2026-04-20T00:00:00,Urban,Low,0,0
2026-04-20T00:00:00,Urban,Low,0,0
2026-04-20T00:00:00,Urban,Low,0,0
2026-04-20T00:00:00,Urban,Low,0,0
2026-04-20T00:00:00,Urban,Low,0,0
2026-04-20T00:00:00,Urban,Low,0,0
2026-04-20T00:00:00,Urban,Low,0,0
2026-04-20T00:00:00,Urban,Low,0,0
2026-04-20T00:00:00,Urban,Low,0,0
2026-04-20T00:00:00,Urban,Low,0,0
2026-04-20T00:00:00,Urban,Low,0,0
2026-04-20T00:00:00,Urban,Low,0,0
2026-04-20T00:00:00,Urban,Low,0,0
2026-04-20T00:00:00,Urban,Low,0,0
2026-04-20T00:00:00,Urban,Low,0,0
2026-04-20T00:00:00,Urban,Low,0,0
2026-04-20T00:00:00,Urban,Low,0,0
2026-04-20T00:00:00,Urban,Low,0,0
2026-04-20T00:00:00,Urban,Low,0,0
2026-04-20T00:00:00,Urban,Low,0,0
2026-04-20T00:00:00,Urban,Low,0,0
2026-04-20T00:00:00,Urban,Low,0,0
2026-04-20T00:00:00,Urban,Low,0,0
2026-04-20T00:00:00,Urban,Low,0,0
2026-04-20T00:00:00,Urban,Low,0,0
2026-04-20T00:00:00,Urban,Low,0,0
2026-04-20T00:00:00,Urban,Low,0,0
2026-04-20T00:00:00,Urban,Low,0,0
2026-04-20T00:00:00,Urban,Low,0,0
2026-04-20T00:00:00,Urban,Low,0,0
2026-04-20T00:00:00,Urban,Low,0,0
2026-04-20T00:00:00,Urban,Low,0,0
2026-04-20T00:00:00,Urban,Low,0,0
2026-04-20T00:00:00,Urban,Low,0,0
2026-04-20T00:00:00,Urban,Low,0,0
2026-04-20T00:00:00,Urban,Low,0,0
2026-04-20T00:00:00,Urban,Low,0,0
2026-04-20T00:00:00,Urban,Low,0,0
2026-04-20T00:00:00,Urban,Low,0,0
2026-04-20T00:00:00,Urban,Low,0,0
2026-04-20T00:00:00,Urban,Low,0,1
2026-04-20T00:00:00,Urban,Low,0,0
2026-04-20T00:00:00,Urban,Low,0,0
2026-04-20T00:00:00,Urban,Low,0,0
2026-04-20T00:00:00,Urban,Low,0,0
2026-04-20T00:00:00,Urban,Low,0,0
2026-04-20T00:00:00,Urban,Low,0,0
2026-04-20T00:00:00,Urban,Low,0,0
2026-04-20T00:00:00,Urban,Low,0,0
2026-04-20T00:00:00,Urban,Low,0,0
2026-04-20T00:00:00,Urban,Low,0,0
2026-04-20T00:00:00,Urban,Low,0,0
2026-04-20T00:00:00,Urban,Low,0,0
2026-04-20T00:00:00,Urban,Low,0,1
2026-04-20T00:00:00,Urban,Low,0,0
2026-04-20T00:00:00,Urban,Low,0,0
2026-04-20T00:00:00,Urban,Low,0,0
2026-04-20T00:00:00,Urban,Low,0,0
2026-04-20T00:00:00,Urban,Low,0,1
2026-04-20T00:00:00,Urban,Low,0,0
2026-04-20T00:00:00,Urban,Low,0,0
2026-04-20T00:00:00,Urban,Low,0,1
2026-04-20T00:00:00,Urban,Low,0,0
2026-04-20T00:00:00,Urban,Low,0,0
2026-04-20T00:00:00,Urban,Low,0,1
2026-04-20T00:00:00,Urban,Low,0,0
2026-04-20T00:00:00,Urban,Low,0,0
2026-04-20T00:00:00,Urban,Low,0,0
2026-04-20T00:00:00,Urban,Low,0,0
2026-04-20T00:00:00,Urban,Low,0,0
2026-04-20T00:00:00,Rural,High,1,1
2026-04-20T00:00:00,Rural,High,1,1
2026-04-20T00:00:00,Rural,High,1,1
2026-04-20T00:00:00,Rural,High,1,1
2026-04-20T00:00:00,Rural,High,1,1
2026-04-20T00:00:00,Rural,High,1,1
2026-04-20T00:00:00,Rural,High,1,1
2026-04-20T00:00:00,Rural,High,1,1
2026-04-20T00:00:00,Rural,High,1,1
2026-04-20T00:00:00,Rural,High,1,1
2026-04-20T00:00:00,Rural,High,1,1
2026-04-20T00:00:00,Rural,High,1,1
2026-04-20T00:00:00,Rural,High,1,0
2026-04-20T00:00:00,Rural,High,1,1
2026-04-20T00:00:00,Rural,High,1,1
2026-04-20T00:00:00,Rural,High,1,1
2026-04-20T00:00:00,Rural,High,1,1
2026-04-20T00:00:00,Rural,High,1,1
2026-04-20T00:00:00,Rural,High,1,0
2026-04-20T00:00:00,Rural,High,1,1
2026-04-20T00:00:00,Rural,High,1,1
2026-04-20T00:00:00,Rural,High,1,1
2026-04-20T00:00:00,Rural,High,1,1
2026-04-20T00:00:00,Rural,High,1,1
2026-04-20T00:00:00,Rural,High,1,1
2026-04-20T00:00:00,Rural,High,1,1
2026-04-20T00:00:00,Rural,High,1,1
2026-04-20T00:00:00,Rural,High,1,1
2026-04-20T00:00:00,Rural,High,1,1
2026-04-20T00:00:00,Rural,High,1,1
2026-04-20T00:00:00,Rural,High,1,1
2026-04-20T00:00:00,Rural,High,1,1
2026-04-20T00:00:00,Rural,High,1,1
2026-04-20T00:00:00,Rural,High,1,1
2026-04-20T00:00:00,Rural,High,1,0
2026-04-20T00:00:00,Rural,High,1,1
2026-04-20T00:00:00,Rural,High,1,1
2026-04-20T00:00:00,Rural,High,1,1
2026-04-20T00:00:00,Rural,High,1,1
2026-04-20T00:00:00,Rural,High,1,1
2026-04-20T00:00:00,Rural,High,1,1
2026-04-20T00:00:00,Rural,High,1,1
2026-04-20T00:00:00,Rural,High,1,1
2026-04-20T00:00:00,Rural,High,1,1
2026-04-20T00:00:00,Rural,High,1,1
2026-04-20T00:00:00,Rural,High,1,1
2026-04-20T00:00:00,Rural,High,1,1
2026-04-20T00:00:00,Rural,High,1,1
2026-04-20T00:00:00,Rural,High,0,0
2026-04-20T00:00:00,Rural,High,0,0
2026-04-20T00:00:00,Rural,High,0,0
2026-04-20T00:00:00,Rural,High,0,0
2026-04-20T00:00:00,Rural,High,0,1
2026-04-20T00:00:00,Rural,High,0,0
2026-04-20T00:00:00,Rural,High,0,0
2026-04-20T00:00:00,Rural,High,0,0
2026-04-20T00:00:00,Rural,High,0,0
2026-04-20T00:00:00,Rural,High,0,0
2026-04-20T00:00:00,Rural,High,0,0
2026-04-20T00:00:00,Rural,High,0,0
2026-04-20T00:00:00,Rural,High,0,0
2026-04-20T00:00:00,Rural,High,0,0
2026-04-20T00:00:00,Rural,High,0,0
2026-04-20T00:00:00,Rural,High,0,0
2026-04-20T00:00:00,Rural,High,0,0
2026-04-20T00:00:00,Rural,High,0,0
2026-04-20T00:00:00,Rural,High,0,0
2026-04-20T00:00:00,Rural,High,0,0
2026-04-20T00:00:00,Rural,High,0,0
2026-04-20T00:00:00,Rural,High,0,0
2026-04-20T00:00:00,Rural,High,0,0
2026-04-20T00:00:00,Rural,High,0,0
2026-04-20T00:00:00,Rural,High,0,0
2026-04-20T00:00:00,Rural,High,0,0
2026-04-20T00:00:00,Rural,High,0,0
2026-04-20T00:00:00,Rural,High,0,0
2026-04-20T00:00:00,Rural,High,0,0
2026-04-20T00:00:00,Rural,High,0,0
2026-04-20T00:00:00,Rural,High,0,0
2026-04-20T00:00:00,Rural,High,0,0
2026-04-20T00:00:00,Rural,High,0,0
2026-04-20T00:00:00,Rural,High,0,0
2026-04-20T00:00:00,Rural,High,0,0
2026-04-20T00:00:00,Rural,High,0,0
2026-04-20T00:00:00,Rural,High,0,0
2026-04-20T00:00:00,Rural,High,0,0
2026-04-20T00:00:00,Rural,High,0,0
2026-04-20T00:00:00,Rural,High,0,0
2026-04-20T00:00:00,Rural,High,0,0
2026-04-20T00:00:00,Rural,High,0,0
2026-04-20T00:00:00,Rural,High,0,0
2026-04-20T00:00:00,Rural,High,0,0
2026-04-20T00:00:00,Rural,High,0,0
2026-04-20T00:00:00,Rural,High,0,0
2026-04-20T00:00:00,Rural,High,0,0
2026-04-20T00:00:00,Rural,High,0,0
2026-04-20T00:00:00,Rural,High,0,0
2026-04-20T00:00:00,Rural,High,0,1
2026-04-20T00:00:00,Rural,High,0,0
2026-04-20T00:00:00,Rural,High,0,1
2026-04-20T00:00:00,Rural,High,0,0
2026-04-20T00:00:00,Rural,High,0,0
2026-04-20T00:00:00,Rural,High,0,0
2026-04-20T00:00:00,Rural,High,0,0
2026-04-20T00:00:00,Rural,High,0,0
2026-04-20T00:00:00,Rural,High,0,0
2026-04-20T00:00:00,Rural,High,0,0
2026-04-20T00:00:00,Rural,High,0,0
2026-04-20T00:00:00,Rural,High,0,1
2026-04-20T00:00:00,Rural,High,0,0
2026-04-20T00:00:00,Rural,High,0,0
2026-04-20T00:00:00,Rural,High,0,0
2026-04-20T00:00:00,Rural,High,0,0
2026-04-20T00:00:00,Rural,High,0,0
2026-04-20T00:00:00,Rural,High,0,0
2026-04-20T00:00:00,Rural,High,0,0
2026-04-20T00:00:00,Rural,High,0,1
2026-04-20T00:00:00,Rural,High,0,0
2026-04-20T00:00:00,Rural,High,0,0
2026-04-20T00:00:00,Rural,High,0,0
2026-04-20T00:00:00,Rural,High,0,0
2026-04-20T00:00:00,Rural,High,0,0
2026-04-20T00:00:00,Rural,High,0,0
2026-04-20T00:00:00,Rural,High,0,0
2026-04-20T00:00:00,Rural,High,0,0
2026-04-20T00:00:00,Rural,High,0,0
2026-04-20T00:00:00,Rural,High,0,0
2026-04-20T00:00:00,Rural,High,0,0
2026-04-20T00:00:00,Rural,High,0,0
2026-04-20T00:00:00,Rural,High,0,0
2026-04-20T00:00:00,Rural,High,0,0
2026-04-20T00:00:00,Rural,High,0,0
2026-04-20T00:00:00,Rural,High,0,0
2026-04-20T00:00:00,Rural,High,0,0
2026-04-20T00:00:00,Rural,Mid,1,1
2026-04-20T00:00:00,Rural,Mid,1,1
2026-04-20T00:00:00,Rural,Mid,1,1
2026-04-20T00:00:00,Rural,Mid,1,1
2026-04-20T00:00:00,Rural,Mid,1,1
2026-04-20T00:00:00,Rural,Mid,1,1
2026-04-20T00:00:00,Rural,Mid,1,1
2026-04-20T00:00:00,Rural,Mid,1,1
2026-04-20T00:00:00,Rural,Mid,1,1
2026-04-20T00:00:00,Rural,Mid,1,1
2026-04-20T00:00:00,Rural,Mid,1,1
2026-04-20T00:00:00,Rural,Mid,1,1
2026-04-20T00:00:00,Rural,Mid,1,1
2026-04-20T00:00:00,Rural,Mid,1,1
2026-04-20T00:00:00,Rural,Mid,1,1
2026-04-20T00:00:00,Rural,Mid,1,1
2026-04-20T00:00:00,Rural,Mid,1,1
2026-04-20T00:00:00,Rural,Mid,1,1
2026-04-20T00:00:00,Rural,Mid,1,1
2026-04-20T00:00:00,Rural,Mid,1,0
2026-04-20T00:00:00,Rural,Mid,1,1
2026-04-20T00:00:00,Rural,Mid,1,1
2026-04-20T00:00:00,Rural,Mid,1,1
2026-04-20T00:00:00,Rural,Mid,1,1
2026-04-20T00:00:00,Rural,Mid,1,1
2026-04-20T00:00:00,Rural,Mid,1,1
2026-04-20T00:00:00,Rural,Mid,1,1
2026-04-20T00:00:00,Rural,Mid,1,1
2026-04-20T00:00:00,Rural,Mid,1,1
2026-04-20T00:00:00,Rural,Mid,1,0
2026-04-20T00:00:00,Rural,Mid,1,1
2026-04-20T00:00:00,Rural,Mid,1,1
2026-04-20T00:00:00,Rural,Mid,1,1
2026-04-20T00:00:00,Rural,Mid,1,1
2026-04-20T00:00:00,Rural,Mid,1,1
2026-04-20T00:00:00,Rural,Mid,1,0
2026-04-20T00:00:00,Rural,Mid,1,0
2026-04-20T00:00:00,Rural,Mid,1,1
2026-04-20T00:00:00,Rural,Mid,1,1
2026-04-20T00:00:00,Rural,Mid,1,1
2026-04-20T00:00:00,Rural,Mid,1,1
2026-04-20T00:00:00,Rural,Mid,0,0
2026-04-20T00:00:00,Rural,Mid,0,0
2026-04-20T00:00:00,Rural,Mid,0,0
2026-04-20T00:00:00,Rural,Mid,0,0
2026-04-20T00:00:00,Rural,Mid,0,0
2026-04-20T00:00:00,Rural,Mid,0,0
2026-04-20T00:00:00,Rural,Mid,0,0
2026-04-20T00:00:00,Rural,Mid,0,0
2026-04-20T00:00:00,Rural,Mid,0,0
2026-04-20T00:00:00,Rural,Mid,0,0
2026-04-20T00:00:00,Rural,Mid,0,0
2026-04-20T00:00:00,Rural,Mid,0,0
2026-04-20T00:00:00,Rural,Mid,0,0
2026-04-20T00:00:00,Rural,Mid,0,0
2026-04-20T00:00:00,Rural,Mid,0,0
2026-04-20T00:00:00,Rural,Mid,0,0
2026-04-20T00:00:00,Rural,Mid,0,0
2026-04-20T00:00:00,Rural,Mid,0,0
2026-04-20T00:00:00,Rural,Mid,0,0
2026-04-20T00:00:00,Rural,Mid,0,0
2026-04-20T00:00:00,Rural,Mid,0,0
2026-04-20T00:00:00,Rural,Mid,0,0
2026-04-20T00:00:00,Rural,Mid,0,0
2026-04-20T00:00:00,Rural,Mid,0,0
2026-04-20T00:00:00,Rural,Mid,0,0
2026-04-20T00:00:00,Rural,Mid,0,0
2026-04-20T00:00:00,Rural,Mid,0,0
2026-04-20T00:00:00,Rural,Mid,0,0
2026-04-20T00:00:00,Rural,Mid,0,0
2026-04-20T00:00:00,Rural,Mid,0,0
2026-04-20T00:00:00,Rural,Mid,0,0
2026-04-20T00:00:00,Rural,Mid,0,0
2026-04-20T00:00:00,Rural,Mid,0,0
2026-04-20T00:00:00,Rural,Mid,0,0
2026-04-20T00:00:00,Rural,Mid,0,0
2026-04-20T00:00:00,Rural,Mid,0,0
2026-04-20T00:00:00,Rural,Mid,0,0
2026-04-20T00:00:00,Rural,Mid,0,0
2026-04-20T00:00:00,Rural,Mid,0,0
2026-04-20T00:00:00,Rural,Mid,0,0
2026-04-20T00:00:00,Rural,Mid,0,0
2026-04-20T00:00:00,Rural,Mid,0,0
2026-04-20T00:00:00,Rural,Mid,0,1
2026-04-20T00:00:00,Rural,Mid,0,0
2026-04-20T00:00:00,Rural,Mid,0,0
2026-04-20T00:00:00,Rural,Mid,0,0
2026-04-20T00:00:00,Rural,Mid,0,0
2026-04-20T00:00:00,Rural,Mid,0,0
2026-04-20T00:00:00,Rural,Mid,0,0
2026-04-20T00:00:00,Rural,Mid,0,0
2026-04-20T00:00:00,Rural,Mid,0,0
2026-04-20T00:00:00,Rural,Mid,0,0
2026-04-20T00:00:00,Rural,Mid,0,0
2026-04-20T00:00:00,Rural,Mid,0,0
2026-04-20T00:00:00,Rural,Mid,0,0
2026-04-20T00:00:00,Rural,Mid,0,0
2026-04-20T00:00:00,Rural,Mid,0,0
2026-04-20T00:00:00,Rural,Mid,0,0
2026-04-20T00:00:00,Rural,Mid,0,0
2026-04-20T00:00:00,Rural,Mid,0,0
2026-04-20T00:00:00,Rural,Mid,0,0
2026-04-20T00:00:00,Rural,Mid,0,0
2026-04-20T00:00:00,Rural,Mid,0,0
2026-04-20T00:00:00,Rural,Mid,0,0
2026-04-20T00:00:00,Rural,Mid,0,0
2026-04-20T00:00:00,Rural,Mid,0,0
2026-04-20T00:00:00,Rural,Mid,0,0
2026-04-20T00:00:00,Rural,Mid,0,0
2026-04-20T00:00:00,Rural,Mid,0,0
2026-04-20T00:00:00,Rural,Mid,0,0
2026-04-20T00:00:00,Rural,Mid,0,0
2026-04-20T00:00:00,Rural,Mid,0,0
2026-04-20T00:00:00,Rural,Mid,0,0
2026-04-20T00:00:00,Rural,Mid,0,0
2026-04-20T00:00:00,Rural,Mid,0,0
2026-04-20T00:00:00,Rural,Mid,0,0
2026-04-20T00:00:00,Rural,Mid,0,0
2026-04-20T00:00:00,Rural,Mid,0,0
2026-04-20T00:00:00,Rural,Mid,0,0
2026-04-20T00:00:00,Rural,Mid,0,0
2026-04-20T00:00:00,Rural,Mid,0,0
2026-04-20T00:00:00,Rural,Mid,0,0
2026-04-20T00:00:00,Rural,Mid,0,0
2026-04-20T00:00:00,Rural,Mid,0,0
2026-04-20T00:00:00,Rural,Mid,0,0
2026-04-20T00:00:00,Rural,Mid,0,0
2026-04-20T00:00:00,Rural,Mid,0,0
2026-04-20T00:00:00,Rural,Mid,0,0
2026-04-20T00:00:00,Rural,Mid,0,0
2026-04-20T00:00:00,Rural,Mid,0,0
2026-04-20T00:00:00,Rural,Mid,0,0
2026-04-20T00:00:00,Rural,Mid,0,0
2026-04-20T00:00:00,Rural,Mid,0,0
2026-04-20T00:00:00,Rural,Mid,0,0
2026-04-20T00:00:00,Rural,Mid,0,0
2026-04-20T00:00:00,Rural,Mid,0,0
2026-04-20T00:00:00,Rural,Mid,0,0
2026-04-20T00:00:00,Rural,Mid,0,0
2026-04-20T00:00:00,Rural,Mid,0,0
2026-04-20T00:00:00,Rural,Mid,0,0
2026-04-20T00:00:00,Rural,Mid,0,0
2026-04-20T00:00:00,Rural,Mid,0,0
2026-04-20T00:00:00,Rural,Mid,0,0
2026-04-20T00:00:00,Rural,Mid,0,0
2026-04-20T00:00:00,Rural,Mid,0,0
2026-04-20T00:00:00,Rural,Mid,0,0
2026-04-20T00:00:00,Rural,Mid,0,0
2026-04-20T00:00:00,Rural,Mid,0,1
2026-04-20T00:00:00,Rural,Mid,0,0
2026-04-20T00:00:00,Rural,Mid,0,0
2026-04-20T00:00:00,Rural,Mid,0,0
2026-04-20T00:00:00,Rural,Mid,0,0
2026-04-20T00:00:00,Rural,Mid,0,0
2026-04-20T00:00:00,Rural,Mid,0,0
2026-04-20T00:00:00,Rural,Mid,0,0
2026-04-20T00:00:00,Rural,Mid,0,0
2026-04-20T00:00:00,Rural,Mid,0,0
2026-04-20T00:00:00,Rural,Low,1,1
2026-04-20T00:00:00,Rural,Low,1,1
2026-04-20T00:00:00,Rural,Low,1,1
2026-04-20T00:00:00,Rural,Low,1,1
2026-04-20T00:00:00,Rural,Low,1,1
2026-04-20T00:00:00,Rural,Low,1,1
2026-04-20T00:00:00,Rural,Low,1,1
2026-04-20T00:00:00,Rural,Low,1,1
2026-04-20T00:00:00,Rural,Low,1,1
2026-04-20T00:00:00,Rural,Low,1,1
2026-04-20T00:00:00,Rural,Low,1,1
2026-04-20T00:00:00,Rural,Low,1,1
2026-04-20T00:00:00,Rural,Low,1,1
2026-04-20T00:00:00,Rural,Low,1,1
2026-04-20T00:00:00,Rural,Low,1,1
2026-04-20T00:00:00,Rural,Low,1,1
2026-04-20T00:00:00,Rural,Low,1,1
2026-04-20T00:00:00,Rural,Low,1,1
2026-04-20T00:00:00,Rural,Low,1,1
2026-04-20T00:00:00,Rural,Low,1,1
2026-04-20T00:00:00,Rural,Low,1,1
2026-04-20T00:00:00,Rural,Low,1,1
2026-04-20T00:00:00,Rural,Low,1,1
2026-04-20T00:00:00,Rural,Low,1,1
2026-04-20T00:00:00,Rural,Low,1,1
2026-04-20T00:00:00,Rural,Low,1,1
2026-04-20T00:00:00,Rural,Low,1,1
2026-04-20T00:00:00,Rural,Low,1,1
2026-04-20T00:00:00,Rural,Low,1,1
2026-04-20T00:00:00,Rural,Low,1,1
2026-04-20T00:00:00,Rural,Low,1,0
2026-04-20T00:00:00,Rural,Low,1,0
2026-04-20T00:00:00,Rural,Low,1,1
2026-04-20T00:00:00,Rural,Low,1,1
2026-04-20T00:00:00,Rural,Low,1,1
2026-04-20T00:00:00,Rural,Low,1,1
2026-04-20T00:00:00,Rural,Low,1,1
2026-04-20T00:00:00,Rural,Low,0,0
2026-04-20T00:00:00,Rural,Low,0,0
2026-04-20T00:00:00,Rural,Low,0,0
2026-04-20T00:00:00,Rural,Low,0,0
2026-04-20T00:00:00,Rural,Low,0,0
2026-04-20T00:00:00,Rural,Low,0,1
2026-04-20T00:00:00,Rural,Low,0,0
2026-04-20T00:00:00,Rural,Low,0,0
2026-04-20T00:00:00,Rural,Low,0,0
2026-04-20T00:00:00,Rural,Low,0,1
2026-04-20T00:00:00,Rural,Low,0,0
2026-04-20T00:00:00,Rural,Low,0,0
2026-04-20T00:00:00,Rural,Low,0,0
2026-04-20T00:00:00,Rural,Low,0,0
2026-04-20T00:00:00,Rural,Low,0,0
2026-04-20T00:00:00,Rural,Low,0,0
2026-04-20T00:00:00,Rural,Low,0,0
2026-04-20T00:00:00,Rural,Low,0,0
2026-04-20T00:00:00,Rural,Low,0,0
2026-04-20T00:00:00,Rural,Low,0,0
2026-04-20T00:00:00,Rural,Low,0,1
2026-04-20T00:00:00,Rural,Low,0,0
2026-04-20T00:00:00,Rural,Low,0,0
2026-04-20T00:00:00,Rural,Low,0,0
2026-04-20T00:00:00,Rural,Low,0,0
2026-04-20T00:00:00,Rural,Low,0,0
2026-04-20T00:00:00,Rural,Low,0,1
2026-04-20T00:00:00,Rural,Low,0,0
2026-04-20T00:00:00,Rural,Low,0,0
2026-04-20T00:00:00,Rural,Low,0,0
2026-04-20T00:00:00,Rural,Low,0,0
2026-04-20T00:00:00,Rural,Low,0,0
2026-04-20T00:00:00,Rural,Low,0,0
2026-04-20T00:00:00,Rural,Low,0,0
2026-04-20T00:00:00,Rural,Low,0,0
2026-04-20T00:00:00,Rural,Low,0,0
2026-04-20T00:00:00,Rural,Low,0,0
2026-04-20T00:00:00,Rural,Low,0,0
2026-04-20T00:00:00,Rural,Low,0,0
2026-04-20T00:00:00,Rural,Low,0,0
2026-04-20T00:00:00,Rural,Low,0,0
2026-04-20T00:00:00,Rural,Low,0,0
2026-04-20T00:00:00,Rural,Low,0,1
2026-04-20T00:00:00,Rural,Low,0,0
2026-04-20T00:00:00,Rural,Low,0,0
2026-04-20T00:00:00,Rural,Low,0,0
2026-04-20T00:00:00,Rural,Low,0,0
2026-04-20T00:00:00,Rural,Low,0,0
2026-04-20T00:00:00,Rural,Low,0,0
2026-04-20T00:00:00,Rural,Low,0,0
2026-04-20T00:00:00,Rural,Low,0,0
2026-04-20T00:00:00,Rural,Low,0,1
2026-04-20T00:00:00,Rural,Low,0,0
2026-04-20T00:00:00,Rural,Low,0,0
2026-04-20T00:00:00,Rural,Low,0,0
2026-04-20T00:00:00,Rural,Low,0,0
2026-04-20T00:00:00,Rural,Low,0,0
2026-04-20T00:00:00,Rural,Low,0,0
2026-04-20T00:00:00,Rural,Low,0,0
2026-04-20T00:00:00,Rural,Low,0,0
2026-04-20T00:00:00,Rural,Low,0,0
2026-04-20T00:00:00,Rural,Low,0,0
2026-04-20T00:00:00,Rural,Low,0,0
2026-04-20T00:00:00,Rural,Low,0,0
2026-04-20T00:00:00,Rural,Low,0,0
2026-04-20T00:00:00,Rural,Low,0,0
2026-04-20T00:00:00,Rural,Low,0,0
2026-04-20T00:00:00,Rural,Low,0,0
2026-04-20T00:00:00,Rural,Low,0,0
2026-04-20T00:00:00,Rural,Low,0,0
2026-04-20T00:00:00,Rural,Low,0,0
2026-04-20T00:00:00,Rural,Low,0,0
2026-04-20T00:00:00,Rural,Low,0,0
2026-04-20T00:00:00,Rural,Low,0,0
2026-04-20T00:00:00,Rural,Low,0,0
2026-04-20T00:00:00,Rural,Low,0,0
2026-04-20T00:00:00,Rural,Low,0,1
2026-04-20T00:00:00,Rural,Low,0,0
2026-04-20T00:00:00,Rural,Low,0,0
2026-04-20T00:00:00,Rural,Low,0,0
2026-04-20T00:00:00,Rural,Low,0,0
2026-04-20T00:00:00,Rural,Low,0,0
2026-04-20T00:00:00,Rural,Low,0,0
2026-04-20T00:00:00,Rural,Low,0,0
2026-04-20T00:00:00,Rural,Low,0,0
2026-04-20T00:00:00,Rural,Low,0,0
2026-04-20T00:00:00,Rural,Low,0,0
2026-04-20T00:00:00,Rural,Low,0,0
2026-04-20T00:00:00,Rural,Low,0,0
2026-04-20T00:00:00,Rural,Low,0,0
2026-04-20T00:00:00,Rural,Low,0,0
2026-04-20T00:00:00,Rural,Low,0,0
2026-04-20T00:00:00,Rural,Low,0,0
2026-04-20T00:00:00,Rural,Low,0,0
2026-04-20T00:00:00,Rural,Low,0,0
2026-04-20T00:00:00,Rural,Low,0,0
2026-04-20T00:00:00,Rural,Low,0,0
2026-04-20T00:00:00,Rural,Low,0,0
2026-04-20T00:00:00,Rural,Low,0,0
2026-04-20T00:00:00,Rural,Low,0,0
2026-04-20T00:00:00,Rural,Low,0,0
2026-04-20T00:00:00,Rural,Low,0,0
2026-04-20T00:00:00,Rural,Low,0,0
2026-04-20T00:00:00,Rural,Low,0,0
2026-04-20T00:00:00,Rural,Low,0,0
2026-04-20T00:00:00,Rural,Low,0,0
2026-04-20T00:00:00,Rural,Low,0,0
2026-04-21T00:00:00,Urban,High,1,1
2026-04-21T00:00:00,Urban,High,1,1
2026-04-21T00:00:00,Urban,High,1,0
2026-04-21T00:00:00,Urban,High,1,1
2026-04-21T00:00:00,Urban,High,1,0
2026-04-21T00:00:00,Urban,High,1,1
2026-04-21T00:00:00,Urban,High,1,1
2026-04-21T00:00:00,Urban,High,1,1
2026-04-21T00:00:00,Urban,High,1,1
2026-04-21T00:00:00,Urban,High,1,1
2026-04-21T00:00:00,Urban,High,1,1
2026-04-21T00:00:00,Urban,High,1,1
2026-04-21T00:00:00,Urban,High,1,0
2026-04-21T00:00:00,Urban,High,1,1
2026-04-21T00:00:00,Urban,High,1,1
2026-04-21T00:00:00,Urban,High,1,1
2026-04-21T00:00:00,Urban,High,1,1
2026-04-21T00:00:00,Urban,High,1,1
2026-04-21T00:00:00,Urban,High,1,1
2026-04-21T00:00:00,Urban,High,1,1
2026-04-21T00:00:00,Urban,High,1,1
2026-04-21T00:00:00,Urban,High,1,1
2026-04-21T00:00:00,Urban,High,1,1
2026-04-21T00:00:00,Urban,High,1,1
2026-04-21T00:00:00,Urban,High,1,0
2026-04-21T00:00:00,Urban,High,1,1
2026-04-21T00:00:00,Urban,High,1,1
2026-04-21T00:00:00,Urban,High,1,1
2026-04-21T00:00:00,Urban,High,1,1
2026-04-21T00:00:00,Urban,High,1,1
2026-04-21T00:00:00,Urban,High,1,1
2026-04-21T00:00:00,Urban,High,1,1
2026-04-21T00:00:00,Urban,High,1,1
2026-04-21T00:00:00,Urban,High,1,1
2026-04-21T00:00:00,Urban,High,1,1
2026-04-21T00:00:00,Urban,High,1,1
2026-04-21T00:00:00,Urban,High,1,1
2026-04-21T00:00:00,Urban,High,1,0
2026-04-21T00:00:00,Urban,High,1,1
2026-04-21T00:00:00,Urban,High,1,1
2026-04-21T00:00:00,Urban,High,1,1
2026-04-21T00:00:00,Urban,High,1,1
2026-04-21T00:00:00,Urban,High,1,1
2026-04-21T00:00:00,Urban,High,1,1
2026-04-21T00:00:00,Urban,High,0,0
2026-04-21T00:00:00,Urban,High,0,0
2026-04-21T00:00:00,Urban,High,0,0
2026-04-21T00:00:00,Urban,High,0,0
2026-04-21T00:00:00,Urban,High,0,0
2026-04-21T00:00:00,Urban,High,0,0
2026-04-21T00:00:00,Urban,High,0,0
2026-04-21T00:00:00,Urban,High,0,0
2026-04-21T00:00:00,Urban,High,0,0
2026-04-21T00:00:00,Urban,High,0,0
2026-04-21T00:00:00,Urban,High,0,0
2026-04-21T00:00:00,Urban,High,0,0
2026-04-21T00:00:00,Urban,High,0,0
2026-04-21T00:00:00,Urban,High,0,0
2026-04-21T00:00:00,Urban,High,0,0
2026-04-21T00:00:00,Urban,High,0,0
2026-04-21T00:00:00,Urban,High,0,0
2026-04-21T00:00:00,Urban,High,0,0
2026-04-21T00:00:00,Urban,High,0,0
2026-04-21T00:00:00,Urban,High,0,0
2026-04-21T00:00:00,Urban,High,0,0
2026-04-21T00:00:00,Urban,High,0,0
2026-04-21T00:00:00,Urban,High,0,0
2026-04-21T00:00:00,Urban,High,0,0
2026-04-21T00:00:00,Urban,High,0,1
2026-04-21T00:00:00,Urban,High,0,0
2026-04-21T00:00:00,Urban,High,0,1
2026-04-21T00:00:00,Urban,High,0,0
2026-04-21T00:00:00,Urban,High,0,0
2026-04-21T00:00:00,Urban,High,0,1
2026-04-21T00:00:00,Urban,High,0,0
2026-04-21T00:00:00,Urban,High,0,0
2026-04-21T00:00:00,Urban,High,0,0
2026-04-21T00:00:00,Urban,High,0,0
2026-04-21T00:00:00,Urban,High,0,0
2026-04-21T00:00:00,Urban,High,0,0
2026-04-21T00:00:00,Urban,High,0,0
2026-04-21T00:00:00,Urban,High,0,0
2026-04-21T00:00:00,Urban,High,0,0
2026-04-21T00:00:00,Urban,High,0,0
2026-04-21T00:00:00,Urban,High,0,0
2026-04-21T00:00:00,Urban,High,0,0
2026-04-21T00:00:00,Urban,High,0,0
2026-04-21T00:00:00,Urban,High,0,0
2026-04-21T00:00:00,Urban,High,0,1
2026-04-21T00:00:00,Urban,High,0,0
2026-04-21T00:00:00,Urban,High,0,0
2026-04-21T00:00:00,Urban,High,0,0
2026-04-21T00:00:00,Urban,High,0,0
2026-04-21T00:00:00,Urban,High,0,0
2026-04-21T00:00:00,Urban,High,0,0
2026-04-21T00:00:00,Urban,High,0,0
2026-04-21T00:00:00,Urban,High,0,0
2026-04-21T00:00:00,Urban,High,0,0
2026-04-21T00:00:00,Urban,High,0,0
2026-04-21T00:00:00,Urban,High,0,0
2026-04-21T00:00:00,Urban,High,0,0
2026-04-21T00:00:00,Urban,High,0,0
2026-04-21T00:00:00,Urban,High,0,0
2026-04-21T00:00:00,Urban,High,0,0
2026-04-21T00:00:00,Urban,High,0,0
2026-04-21T00:00:00,Urban,High,0,0
2026-04-21T00:00:00,Urban,High,0,0
2026-04-21T00:00:00,Urban,High,0,0
2026-04-21T00:00:00,Urban,High,0,0
2026-04-21T00:00:00,Urban,High,0,0
2026-04-21T00:00:00,Urban,High,0,0
2026-04-21T00:00:00,Urban,High,0,1
2026-04-21T00:00:00,Urban,High,0,0
2026-04-21T00:00:00,Urban,High,0,0
2026-04-21T00:00:00,Urban,High,0,0
2026-04-21T00:00:00,Urban,High,0,0
2026-04-21T00:00:00,Urban,High,0,0
2026-04-21T00:00:00,Urban,High,0,0
2026-04-21T00:00:00,Urban,High,0,0
2026-04-21T00:00:00,Urban,High,0,1
2026-04-21T00:00:00,Urban,High,0,0
2026-04-21T00:00:00,Urban,High,0,1
2026-04-21T00:00:00,Urban,High,0,0
2026-04-21T00:00:00,Urban,High,0,0
2026-04-21T00:00:00,Urban,High,0,0
2026-04-21T00:00:00,Urban,High,0,0
2026-04-21T00:00:00,Urban,High,0,0
2026-04-21T00:00:00,Urban,High,0,0
2026-04-21T00:00:00,Urban,High,0,0
2026-04-21T00:00:00,Urban,High,0,0
2026-04-21T00:00:00,Urban,High,0,0
2026-04-21T00:00:00,Urban,High,0,0
2026-04-21T00:00:00,Urban,High,0,0
2026-04-21T00:00:00,Urban,High,0,1
2026-04-21T00:00:00,Urban,High,0,0
2026-04-21T00:00:00,Urban,High,0,0
2026-04-21T00:00:00,Urban,High,0,0
2026-04-21T00:00:00,Urban,High,0,0
2026-04-21T00:00:00,Urban,High,0,0
2026-04-21T00:00:00,Urban,High,0,0
2026-04-21T00:00:00,Urban,High,0,0
2026-04-21T00:00:00,Urban,High,0,0
2026-04-21T00:00:00,Urban,High,0,0
2026-04-21T00:00:00,Urban,High,0,0
2026-04-21T00:00:00,Urban,High,0,0
2026-04-21T00:00:00,Urban,High,0,0
2026-04-21T00:00:00,Urban,High,0,0
2026-04-21T00:00:00,Urban,High,0,0
2026-04-21T00:00:00,Urban,High,0,0
2026-04-21T00:00:00,Urban,High,0,0
2026-04-21T00:00:00,Urban,High,0,0
2026-04-21T00:00:00,Urban,Mid,1,1
2026-04-21T00:00:00,Urban,Mid,1,1
2026-04-21T00:00:00,Urban,Mid,1,1
2026-04-21T00:00:00,Urban,Mid,1,0
2026-04-21T00:00:00,Urban,Mid,1,1
2026-04-21T00:00:00,Urban,Mid,1,1
2026-04-21T00:00:00,Urban,Mid,1,1
2026-04-21T00:00:00,Urban,Mid,1,0
2026-04-21T00:00:00,Urban,Mid,1,1
2026-04-21T00:00:00,Urban,Mid,1,1
2026-04-21T00:00:00,Urban,Mid,1,1
2026-04-21T00:00:00,Urban,Mid,1,1
2026-04-21T00:00:00,Urban,Mid,1,0
2026-04-21T00:00:00,Urban,Mid,1,1
2026-04-21T00:00:00,Urban,Mid,1,1
2026-04-21T00:00:00,Urban,Mid,1,1
2026-04-21T00:00:00,Urban,Mid,1,1
2026-04-21T00:00:00,Urban,Mid,1,1
2026-04-21T00:00:00,Urban,Mid,1,1
2026-04-21T00:00:00,Urban,Mid,1,1
2026-04-21T00:00:00,Urban,Mid,1,1
2026-04-21T00:00:00,Urban,Mid,1,1
2026-04-21T00:00:00,Urban,Mid,1,1
2026-04-21T00:00:00,Urban,Mid,1,1
2026-04-21T00:00:00,Urban,Mid,1,1
2026-04-21T00:00:00,Urban,Mid,1,1
2026-04-21T00:00:00,Urban,Mid,1,1
2026-04-21T00:00:00,Urban,Mid,1,1
2026-04-21T00:00:00,Urban,Mid,1,0
2026-04-21T00:00:00,Urban,Mid,1,1
2026-04-21T00:00:00,Urban,Mid,1,1
2026-04-21T00:00:00,Urban,Mid,1,1
2026-04-21T00:00:00,Urban,Mid,1,1
2026-04-21T00:00:00,Urban,Mid,1,1
2026-04-21T00:00:00,Urban,Mid,1,1
2026-04-21T00:00:00,Urban,Mid,1,1
2026-04-21T00:00:00,Urban,Mid,1,1
2026-04-21T00:00:00,Urban,Mid,1,1
2026-04-21T00:00:00,Urban,Mid,1,1
2026-04-21T00:00:00,Urban,Mid,1,1
2026-04-21T00:00:00,Urban,Mid,1,1
2026-04-21T00:00:00,Urban,Mid,1,1
2026-04-21T00:00:00,Urban,Mid,1,0
2026-04-21T00:00:00,Urban,Mid,1,1
2026-04-21T00:00:00,Urban,Mid,1,1
2026-04-21T00:00:00,Urban,Mid,1,1
2026-04-21T00:00:00,Urban,Mid,1,1
2026-04-21T00:00:00,Urban,Mid,1,1
2026-04-21T00:00:00,Urban,Mid,1,0
2026-04-21T00:00:00,Urban,Mid,1,1
2026-04-21T00:00:00,Urban,Mid,1,1
2026-04-21T00:00:00,Urban,Mid,1,1
2026-04-21T00:00:00,Urban,Mid,1,0
2026-04-21T00:00:00,Urban,Mid,1,1
2026-04-21T00:00:00,Urban,Mid,1,1
2026-04-21T00:00:00,Urban,Mid,0,0
2026-04-21T00:00:00,Urban,Mid,0,0
2026-04-21T00:00:00,Urban,Mid,0,0
2026-04-21T00:00:00,Urban,Mid,0,0
2026-04-21T00:00:00,Urban,Mid,0,0
2026-04-21T00:00:00,Urban,Mid,0,0
2026-04-21T00:00:00,Urban,Mid,0,0
2026-04-21T00:00:00,Urban,Mid,0,0
2026-04-21T00:00:00,Urban,Mid,0,0
2026-04-21T00:00:00,Urban,Mid,0,0
2026-04-21T00:00:00,Urban,Mid,0,0
2026-04-21T00:00:00,Urban,Mid,0,0
2026-04-21T00:00:00,Urban,Mid,0,0
2026-04-21T00:00:00,Urban,Mid,0,0
2026-04-21T00:00:00,Urban,Mid,0,0
2026-04-21T00:00:00,Urban,Mid,0,0
2026-04-21T00:00:00,Urban,Mid,0,0
2026-04-21T00:00:00,Urban,Mid,0,0
2026-04-21T00:00:00,Urban,Mid,0,0
2026-04-21T00:00:00,Urban,Mid,0,0
2026-04-21T00:00:00,Urban,Mid,0,0
2026-04-21T00:00:00,Urban,Mid,0,0
2026-04-21T00:00:00,Urban,Mid,0,0
2026-04-21T00:00:00,Urban,Mid,0,0
2026-04-21T00:00:00,Urban,Mid,0,0
2026-04-21T00:00:00,Urban,Mid,0,0
2026-04-21T00:00:00,Urban,Mid,0,0
2026-04-21T00:00:00,Urban,Mid,0,0
2026-04-21T00:00:00,Urban,Mid,0,0
2026-04-21T00:00:00,Urban,Mid,0,0
2026-04-21T00:00:00,Urban,Mid,0,0
2026-04-21T00:00:00,Urban,Mid,0,0
2026-04-21T00:00:00,Urban,Mid,0,0
2026-04-21T00:00:00,Urban,Mid,0,0
2026-04-21T00:00:00,Urban,Mid,0,0
2026-04-21T00:00:00,Urban,Mid,0,0
2026-04-21T00:00:00,Urban,Mid,0,0
2026-04-21T00:00:00,Urban,Mid,0,0
2026-04-21T00:00:00,Urban,Mid,0,0
2026-04-21T00:00:00,Urban,Mid,0,0
2026-04-21T00:00:00,Urban,Mid,0,0
2026-04-21T00:00:00,Urban,Mid,0,0
2026-04-21T00:00:00,Urban,Mid,0,0
2026-04-21T00:00:00,Urban,Mid,0,0
2026-04-21T00:00:00,Urban,Mid,0,0
2026-04-21T00:00:00,Urban,Mid,0,0
2026-04-21T00:00:00,Urban,Mid,0,0
2026-04-21T00:00:00,Urban,Mid,0,0
2026-04-21T00:00:00,Urban,Mid,0,0
2026-04-21T00:00:00,Urban,Mid,0,0
2026-04-21T00:00:00,Urban,Mid,0,0
2026-04-21T00:00:00,Urban,Mid,0,0
2026-04-21T00:00:00,Urban,Mid,0,0
2026-04-21T00:00:00,Urban,Mid,0,0
2026-04-21T00:00:00,Urban,Mid,0,0
2026-04-21T00:00:00,Urban,Mid,0,0
2026-04-21T00:00:00,Urban,Mid,0,0
2026-04-21T00:00:00,Urban,Mid,0,0
2026-04-21T00:00:00,Urban,Mid,0,0
2026-04-21T00:00:00,Urban,Mid,0,0
2026-04-21T00:00:00,Urban,Mid,0,0
2026-04-21T00:00:00,Urban,Mid,0,0
2026-04-21T00:00:00,Urban,Mid,0,0
2026-04-21T00:00:00,Urban,Mid,0,1
2026-04-21T00:00:00,Urban,Mid,0,0
2026-04-21T00:00:00,Urban,Mid,0,0
2026-04-21T00:00:00,Urban,Mid,0,0
2026-04-21T00:00:00,Urban,Mid,0,0
2026-04-21T00:00:00,Urban,Mid,0,0
2026-04-21T00:00:00,Urban,Mid,0,0
2026-04-21T00:00:00,Urban,Mid,0,0
2026-04-21T00:00:00,Urban,Mid,0,0
2026-04-21T00:00:00,Urban,Mid,0,0
2026-04-21T00:00:00,Urban,Mid,0,1
2026-04-21T00:00:00,Urban,Mid,0,0
2026-04-21T00:00:00,Urban,Mid,0,0
2026-04-21T00:00:00,Urban,Mid,0,0
2026-04-21T00:00:00,Urban,Mid,0,0
2026-04-21T00:00:00,Urban,Mid,0,0
2026-04-21T00:00:00,Urban,Mid,0,0
2026-04-21T00:00:00,Urban,Mid,0,0
2026-04-21T00:00:00,Urban,Mid,0,0
2026-04-21T00:00:00,Urban,Mid,0,0
2026-04-21T00:00:00,Urban,Mid,0,0
2026-04-21T00:00:00,Urban,Mid,0,0
2026-04-21T00:00:00,Urban,Mid,0,0
2026-04-21T00:00:00,Urban,Mid,0,0
2026-04-21T00:00:00,Urban,Mid,0,0
2026-04-21T00:00:00,Urban,Mid,0,0
2026-04-21T00:00:00,Urban,Mid,0,0
2026-04-21T00:00:00,Urban,Mid,0,0
2026-04-21T00:00:00,Urban,Mid,0,0
2026-04-21T00:00:00,Urban,Mid,0,0
2026-04-21T00:00:00,Urban,Mid,0,0
2026-04-21T00:00:00,Urban,Mid,0,0
2026-04-21T00:00:00,Urban,Mid,0,0
2026-04-21T00:00:00,Urban,Mid,0,0
2026-04-21T00:00:00,Urban,Low,1,1
2026-04-21T00:00:00,Urban,Low,1,1
2026-04-21T00:00:00,Urban,Low,1,1
2026-04-21T00:00:00,Urban,Low,1,0
2026-04-21T00:00:00,Urban,Low,1,1
2026-04-21T00:00:00,Urban,Low,1,0
2026-04-21T00:00:00,Urban,Low,1,1
2026-04-21T00:00:00,Urban,Low,1,1
2026-04-21T00:00:00,Urban,Low,1,1
2026-04-21T00:00:00,Urban,Low,1,1
2026-04-21T00:00:00,Urban,Low,1,1
2026-04-21T00:00:00,Urban,Low,1,1
2026-04-21T00:00:00,Urban,Low,1,1
2026-04-21T00:00:00,Urban,Low,1,0
2026-04-21T00:00:00,Urban,Low,1,1
2026-04-21T00:00:00,Urban,Low,1,1
2026-04-21T00:00:00,Urban,Low,1,1
2026-04-21T00:00:00,Urban,Low,1,1
2026-04-21T00:00:00,Urban,Low,1,1
2026-04-21T00:00:00,Urban,Low,1,1
2026-04-21T00:00:00,Urban,Low,1,1
2026-04-21T00:00:00,Urban,Low,1,1
2026-04-21T00:00:00,Urban,Low,1,1
2026-04-21T00:00:00,Urban,Low,1,0
2026-04-21T00:00:00,Urban,Low,1,1
2026-04-21T00:00:00,Urban,Low,1,1
2026-04-21T00:00:00,Urban,Low,1,1
2026-04-21T00:00:00,Urban,Low,1,1
2026-04-21T00:00:00,Urban,Low,1,1
2026-04-21T00:00:00,Urban,Low,1,1
2026-04-21T00:00:00,Urban,Low,1,1
2026-04-21T00:00:00,Urban,Low,1,1
2026-04-21T00:00:00,Urban,Low,1,1
2026-04-21T00:00:00,Urban,Low,1,0
2026-04-21T00:00:00,Urban,Low,1,0
2026-04-21T00:00:00,Urban,Low,1,1
2026-04-21T00:00:00,Urban,Low,1,0
2026-04-21T00:00:00,Urban,Low,1,0
2026-04-21T00:00:00,Urban,Low,1,1
2026-04-21T00:00:00,Urban,Low,0,0
2026-04-21T00:00:00,Urban,Low,0,0
2026-04-21T00:00:00,Urban,Low,0,0
2026-04-21T00:00:00,Urban,Low,0,0
2026-04-21T00:00:00,Urban,Low,0,0
2026-04-21T00:00:00,Urban,Low,0,0
2026-04-21T00:00:00,Urban,Low,0,0
2026-04-21T00:00:00,Urban,Low,0,0
2026-04-21T00:00:00,Urban,Low,0,0
2026-04-21T00:00:00,Urban,Low,0,0
2026-04-21T00:00:00,Urban,Low,0,0
2026-04-21T00:00:00,Urban,Low,0,0
2026-04-21T00:00:00,Urban,Low,0,0
2026-04-21T00:00:00,Urban,Low,0,0
2026-04-21T00:00:00,Urban,Low,0,0
2026-04-21T00:00:00,Urban,Low,0,0
2026-04-21T00:00:00,Urban,Low,0,0
2026-04-21T00:00:00,Urban,Low,0,0
2026-04-21T00:00:00,Urban,Low,0,0
2026-04-21T00:00:00,Urban,Low,0,0
2026-04-21T00:00:00,Urban,Low,0,0
2026-04-21T00:00:00,Urban,Low,0,0
2026-04-21T00:00:00,Urban,Low,0,0
2026-04-21T00:00:00,Urban,Low,0,0
2026-04-21T00:00:00,Urban,Low,0,0
2026-04-21T00:00:00,Urban,Low,0,0
2026-04-21T00:00:00,Urban,Low,0,0
2026-04-21T00:00:00,Urban,Low,0,0
2026-04-21T00:00:00,Urban,Low,0,0
2026-04-21T00:00:00,Urban,Low,0,0
2026-04-21T00:00:00,Urban,Low,0,0
2026-04-21T00:00:00,Urban,Low,0,0
2026-04-21T00:00:00,Urban,Low,0,0
2026-04-21T00:00:00,Urban,Low,0,0
2026-04-21T00:00:00,Urban,Low,0,0
2026-04-21T00:00:00,Urban,Low,0,0
2026-04-21T00:00:00,Urban,Low,0,0
2026-04-21T00:00:00,Urban,Low,0,0
2026-04-21T00:00:00,Urban,Low,0,0
2026-04-21T00:00:00,Urban,Low,0,0
2026-04-21T00:00:00,Urban,Low,0,0
2026-04-21T00:00:00,Urban,Low,0,0
2026-04-21T00:00:00,Urban,Low,0,0
2026-04-21T00:00:00,Urban,Low,0,0
2026-04-21T00:00:00,Urban,Low,0,0
2026-04-21T00:00:00,Urban,Low,0,0
2026-04-21T00:00:00,Urban,Low,0,0
2026-04-21T00:00:00,Urban,Low,0,0
2026-04-21T00:00:00,Urban,Low,0,0
2026-04-21T00:00:00,Urban,Low,0,0
2026-04-21T00:00:00,Urban,Low,0,0
2026-04-21T00:00:00,Urban,Low,0,0
2026-04-21T00:00:00,Urban,Low,0,0
2026-04-21T00:00:00,Urban,Low,0,0
2026-04-21T00:00:00,Urban,Low,0,0
2026-04-21T00:00:00,Urban,Low,0,0
2026-04-21T00:00:00,Urban,Low,0,0
2026-04-21T00:00:00,Urban,Low,0,0
2026-04-21T00:00:00,Urban,Low,0,0
2026-04-21T00:00:00,Urban,Low,0,0
2026-04-21T00:00:00,Urban,Low,0,0
2026-04-21T00:00:00,Urban,Low,0,0
2026-04-21T00:00:00,Urban,Low,0,0
2026-04-21T00:00:00,Urban,Low,0,0
2026-04-21T00:00:00,Urban,Low,0,0
2026-04-21T00:00:00,Urban,Low,0,0
2026-04-21T00:00:00,Urban,Low,0,0
2026-04-21T00:00:00,Urban,Low,0,0
2026-04-21T00:00:00,Urban,Low,0,0
2026-04-21T00:00:00,Urban,Low,0,0
2026-04-21T00:00:00,Urban,Low,0,0
2026-04-21T00:00:00,Urban,Low,0,0
2026-04-21T00:00:00,Urban,Low,0,0
2026-04-21T00:00:00,Urban,Low,0,0
2026-04-21T00:00:00,Urban,Low,0,0
2026-04-21T00:00:00,Urban,Low,0,0
2026-04-21T00:00:00,Urban,Low,0,0
2026-04-21T00:00:00,Urban,Low,0,0
2026-04-21T00:00:00,Urban,Low,0,0
2026-04-21T00:00:00,Urban,Low,0,0
2026-04-21T00:00:00,Urban,Low,0,0
2026-04-21T00:00:00,Urban,Low,0,0
2026-04-21T00:00:00,Urban,Low,0,0
2026-04-21T00:00:00,Urban,Low,0,0
2026-04-21T00:00:00,Urban,Low,0,0
2026-04-21T00:00:00,Urban,Low,0,0
2026-04-21T00:00:00,Urban,Low,0,0
2026-04-21T00:00:00,Urban,Low,0,0
2026-04-21T00:00:00,Urban,Low,0,0
2026-04-21T00:00:00,Urban,Low,0,0
2026-04-21T00:00:00,Urban,Low,0,0
2026-04-21T00:00:00,Urban,Low,0,0
2026-04-21T00:00:00,Urban,Low,0,0
2026-04-21T00:00:00,Urban,Low,0,0
2026-04-21T00:00:00,Urban,Low,0,0
2026-04-21T00:00:00,Urban,Low,0,0
2026-04-21T00:00:00,Urban,Low,0,0
2026-04-21T00:00:00,Urban,Low,0,0
2026-04-21T00:00:00,Urban,Low,0,0
2026-04-21T00:00:00,Urban,Low,0,0
2026-04-21T00:00:00,Urban,Low,0,0
2026-04-21T00:00:00,Rural,High,1,1
2026-04-21T00:00:00,Rural,High,1,1
2026-04-21T00:00:00,Rural,High,1,1
2026-04-21T00:00:00,Rural,High,1,0
2026-04-21T00:00:00,Rural,High,1,1
2026-04-21T00:00:00,Rural,High,1,1
2026-04-21T00:00:00,Rural,High,1,1
2026-04-21T00:00:00,Rural,High,1,1
2026-04-21T00:00:00,Rural,High,1,1
2026-04-21T00:00:00,Rural,High,1,1
2026-04-21T00:00:00,Rural,High,1,1
2026-04-21T00:00:00,Rural,High,1,1
2026-04-21T00:00:00,Rural,High,1,1
2026-04-21T00:00:00,Rural,High,1,1
2026-04-21T00:00:00,Rural,High,1,1
2026-04-21T00:00:00,Rural,High,1,1
2026-04-21T00:00:00,Rural,High,1,1
2026-04-21T00:00:00,Rural,High,1,1
2026-04-21T00:00:00,Rural,High,1,1
2026-04-21T00:00:00,Rural,High,1,1
2026-04-21T00:00:00,Rural,High,1,1
2026-04-21T00:00:00,Rural,High,1,1
2026-04-21T00:00:00,Rural,High,1,1
2026-04-21T00:00:00,Rural,High,1,1
2026-04-21T00:00:00,Rural,High,1,1
2026-04-21T00:00:00,Rural,High,1,1
2026-04-21T00:00:00,Rural,High,1,1
2026-04-21T00:00:00,Rural,High,1,1
2026-04-21T00:00:00,Rural,High,1,1
2026-04-21T00:00:00,Rural,High,1,1
2026-04-21T00:00:00,Rural,High,1,1
2026-04-21T00:00:00,Rural,High,1,1
2026-04-21T00:00:00,Rural,High,1,1
2026-04-21T00:00:00,Rural,High,1,1
2026-04-21T00:00:00,Rural,High,1,1
2026-04-21T00:00:00,Rural,High,0,0
2026-04-21T00:00:00,Rural,High,0,0
2026-04-21T00:00:00,Rural,High,0,0
2026-04-21T00:00:00,Rural,High,0,0
2026-04-21T00:00:00,Rural,High,0,0
2026-04-21T00:00:00,Rural,High,0,0
2026-04-21T00:00:00,Rural,High,0,0
2026-04-21T00:00:00,Rural,High,0,0
2026-04-21T00:00:00,Rural,High,0,0
2026-04-21T00:00:00,Rural,High,0,0
2026-04-21T00:00:00,Rural,High,0,0
2026-04-21T00:00:00,Rural,High,0,0
2026-04-21T00:00:00,Rural,High,0,0
2026-04-21T00:00:00,Rural,High,0,0
2026-04-21T00:00:00,Rural,High,0,0
2026-04-21T00:00:00,Rural,High,0,0
2026-04-21T00:00:00,Rural,High,0,0
2026-04-21T00:00:00,Rural,High,0,0
2026-04-21T00:00:00,Rural,High,0,0
2026-04-21T00:00:00,Rural,High,0,0
2026-04-21T00:00:00,Rural,High,0,0
2026-04-21T00:00:00,Rural,High,0,0
2026-04-21T00:00:00,Rural,High,0,0
2026-04-21T00:00:00,Rural,High,0,0
2026-04-21T00:00:00,Rural,High,0,0
2026-04-21T00:00:00,Rural,High,0,0
2026-04-21T00:00:00,Rural,High,0,0
2026-04-21T00:00:00,Rural,High,0,0
2026-04-21T00:00:00,Rural,High,0,0
2026-04-21T00:00:00,Rural,High,0,0
2026-04-21T00:00:00,Rural,High,0,0
2026-04-21T00:00:00,Rural,High,0,0
2026-04-21T00:00:00,Rural,High,0,0
2026-04-21T00:00:00,Rural,High,0,0
2026-04-21T00:00:00,Rural,High,0,0
2026-04-21T00:00:00,Rural,High,0,0
2026-04-21T00:00:00,Rural,High,0,0
2026-04-21T00:00:00,Rural,High,0,0
2026-04-21T00:00:00,Rural,High,0,0
2026-04-21T00:00:00,Rural,High,0,0
2026-04-21T00:00:00,Rural,High,0,0
2026-04-21T00:00:00,Rural,High,0,0
2026-04-21T00:00:00,Rural,High,0,0
2026-04-21T00:00:00,Rural,High,0,0
2026-04-21T00:00:00,Rural,High,0,0
2026-04-21T00:00:00,Rural,High,0,0
2026-04-21T00:00:00,Rural,High,0,0
2026-04-21T00:00:00,Rural,High,0,0
2026-04-21T00:00:00,Rural,High,0,0
2026-04-21T00:00:00,Rural,High,0,0
2026-04-21T00:00:00,Rural,High,0,0
2026-04-21T00:00:00,Rural,High,0,0
2026-04-21T00:00:00,Rural,High,0,0
2026-04-21T00:00:00,Rural,High,0,0
2026-04-21T00:00:00,Rural,High,0,0
2026-04-21T00:00:00,Rural,High,0,0
2026-04-21T00:00:00,Rural,High,0,0
2026-04-21T00:00:00,Rural,High,0,0
2026-04-21T00:00:00,Rural,High,0,0
2026-04-21T00:00:00,Rural,High,0,0
2026-04-21T00:00:00,Rural,High,0,0
2026-04-21T00:00:00,Rural,High,0,0
2026-04-21T00:00:00,Rural,High,0,0
2026-04-21T00:00:00,Rural,High,0,0
2026-04-21T00:00:00,Rural,High,0,0
2026-04-21T00:00:00,Rural,High,0,0
2026-04-21T00:00:00,Rural,High,0,0
2026-04-21T00:00:00,Rural,High,0,0
2026-04-21T00:00:00,Rural,High,0,0
2026-04-21T00:00:00,Rural,High,0,0
2026-04-21T00:00:00,Rural,High,0,0
2026-04-21T00:00:00,Rural,High,0,0
2026-04-21T00:00:00,Rural,High,0,0
2026-04-21T00:00:00,Rural,High,0,0
2026-04-21T00:00:00,Rural,High,0,0
2026-04-21T00:00:00,Rural,High,0,0
2026-04-21T00:00:00,Rural,High,0,0
2026-04-21T00:00:00,Rural,High,0,0
2026-04-21T00:00:00,Rural,High,0,0
2026-04-21T00:00:00,Rural,High,0,0
2026-04-21T00:00:00,Rural,High,0,0
2026-04-21T00:00:00,Rural,High,0,0
2026-04-21T00:00:00,Rural,High,0,0
2026-04-21T00:00:00,Rural,High,0,0
2026-04-21T00:00:00,Rural,High,0,0
2026-04-21T00:00:00,Rural,High,0,0
2026-04-21T00:00:00,Rural,High,0,0
2026-04-21T00:00:00,Rural,High,0,0
2026-04-21T00:00:00,Rural,High,0,0
2026-04-21T00:00:00,Rural,High,0,0
2026-04-21T00:00:00,Rural,High,0,0
2026-04-21T00:00:00,Rural,High,0,0
2026-04-21T00:00:00,Rural,High,0,0
2026-04-21T00:00:00,Rural,High,0,0
2026-04-21T00:00:00,Rural,High,0,0
2026-04-21T00:00:00,Rural,High,0,0
2026-04-21T00:00:00,Rural,High,0,0
2026-04-21T00:00:00,Rural,High,0,0
2026-04-21T00:00:00,Rural,High,0,0
2026-04-21T00:00:00,Rural,High,0,0
2026-04-21T00:00:00,Rural,High,0,0
2026-04-21T00:00:00,Rural,High,0,0
2026-04-21T00:00:00,Rural,High,0,0
2026-04-21T00:00:00,Rural,High,0,0
2026-04-21T00:00:00,Rural,High,0,0
2026-04-21T00:00:00,Rural,High,0,0
2026-04-21T00:00:00,Rural,High,0,1
2026-04-21T00:00:00,Rural,High,0,0
2026-04-21T00:00:00,Rural,High,0,0
2026-04-21T00:00:00,Rural,Mid,1,1
2026-04-21T00:00:00,Rural,Mid,1,1
2026-04-21T00:00:00,Rural,Mid,1,1
2026-04-21T00:00:00,Rural,Mid,1,1
2026-04-21T00:00:00,Rural,Mid,1,1
2026-04-21T00:00:00,Rural,Mid,1,1
2026-04-21T00:00:00,Rural,Mid,1,1
2026-04-21T00:00:00,Rural,Mid,1,1
2026-04-21T00:00:00,Rural,Mid,1,1
2026-04-21T00:00:00,Rural,Mid,1,1
2026-04-21T00:00:00,Rural,Mid,1,1
2026-04-21T00:00:00,Rural,Mid,1,0
2026-04-21T00:00:00,Rural,Mid,1,1
2026-04-21T00:00:00,Rural,Mid,1,1
2026-04-21T00:00:00,Rural,Mid,1,1
2026-04-21T00:00:00,Rural,Mid,1,0
2026-04-21T00:00:00,Rural,Mid,1,1
2026-04-21T00:00:00,Rural,Mid,1,1
2026-04-21T00:00:00,Rural,Mid,1,1
2026-04-21T00:00:00,Rural,Mid,1,1
2026-04-21T00:00:00,Rural,Mid,1,1
2026-04-21T00:00:00,Rural,Mid,1,1
2026-04-21T00:00:00,Rural,Mid,1,1
2026-04-21T00:00:00,Rural,Mid,1,1
2026-04-21T00:00:00,Rural,Mid,1,1
2026-04-21T00:00:00,Rural,Mid,1,1
2026-04-21T00:00:00,Rural,Mid,1,1
2026-04-21T00:00:00,Rural,Mid,1,1
2026-04-21T00:00:00,Rural,Mid,1,0
2026-04-21T00:00:00,Rural,Mid,1,1
2026-04-21T00:00:00,Rural,Mid,1,1
2026-04-21T00:00:00,Rural,Mid,1,1
2026-04-21T00:00:00,Rural,Mid,1,1
2026-04-21T00:00:00,Rural,Mid,1,1
2026-04-21T00:00:00,Rural,Mid,1,0
2026-04-21T00:00:00,Rural,Mid,1,1
2026-04-21T00:00:00,Rural,Mid,1,1
2026-04-21T00:00:00,Rural,Mid,1,1
2026-04-21T00:00:00,Rural,Mid,1,1
2026-04-21T00:00:00,Rural,Mid,1,1
2026-04-21T00:00:00,Rural,Mid,1,1
2026-04-21T00:00:00,Rural,Mid,1,1
2026-04-21T00:00:00,Rural,Mid,1,0
2026-04-21T00:00:00,Rural,Mid,1,1
2026-04-21T00:00:00,Rural,Mid,1,1
2026-04-21T00:00:00,Rural,Mid,0,0
2026-04-21T00:00:00,Rural,Mid,0,0
2026-04-21T00:00:00,Rural,Mid,0,0
2026-04-21T00:00:00,Rural,Mid,0,0
2026-04-21T00:00:00,Rural,Mid,0,0
2026-04-21T00:00:00,Rural,Mid,0,0
2026-04-21T00:00:00,Rural,Mid,0,0
2026-04-21T00:00:00,Rural,Mid,0,0
2026-04-21T00:00:00,Rural,Mid,0,0
2026-04-21T00:00:00,Rural,Mid,0,0
2026-04-21T00:00:00,Rural,Mid,0,0
2026-04-21T00:00:00,Rural,Mid,0,0
2026-04-21T00:00:00,Rural,Mid,0,0
2026-04-21T00:00:00,Rural,Mid,0,0
2026-04-21T00:00:00,Rural,Mid,0,0
2026-04-21T00:00:00,Rural,Mid,0,0
2026-04-21T00:00:00,Rural,Mid,0,0
2026-04-21T00:00:00,Rural,Mid,0,0
2026-04-21T00:00:00,Rural,Mid,0,0
2026-04-21T00:00:00,Rural,Mid,0,0
2026-04-21T00:00:00,Rural,Mid,0,0
2026-04-21T00:00:00,Rural,Mid,0,0
2026-04-21T00:00:00,Rural,Mid,0,0
2026-04-21T00:00:00,Rural,Mid,0,0
2026-04-21T00:00:00,Rural,Mid,0,0
2026-04-21T00:00:00,Rural,Mid,0,0
2026-04-21T00:00:00,Rural,Mid,0,0
2026-04-21T00:00:00,Rural,Mid,0,0
2026-04-21T00:00:00,Rural,Mid,0,0
2026-04-21T00:00:00,Rural,Mid,0,0
2026-04-21T00:00:00,Rural,Mid,0,0
2026-04-21T00:00:00,Rural,Mid,0,0
2026-04-21T00:00:00,Rural,Mid,0,0
2026-04-21T00:00:00,Rural,Mid,0,0
2026-04-21T00:00:00,Rural,Mid,0,0
2026-04-21T00:00:00,Rural,Mid,0,0
2026-04-21T00:00:00,Rural,Mid,0,0
2026-04-21T00:00:00,Rural,Mid,0,0
2026-04-21T00:00:00,Rural,Mid,0,0
2026-04-21T00:00:00,Rural,Mid,0,0
2026-04-21T00:00:00,Rural,Mid,0,0
2026-04-21T00:00:00,Rural,Mid,0,0
2026-04-21T00:00:00,Rural,Mid,0,0
2026-04-21T00:00:00,Rural,Mid,0,0
2026-04-21T00:00:00,Rural,Mid,0,0
2026-04-21T00:00:00,Rural,Mid,0,0
2026-04-21T00:00:00,Rural,Mid,0,0
2026-04-21T00:00:00,Rural,Mid,0,0
2026-04-21T00:00:00,Rural,Mid,0,0
2026-04-21T00:00:00,Rural,Mid,0,0
2026-04-21T00:00:00,Rural,Mid,0,0
2026-04-21T00:00:00,Rural,Mid,0,0
2026-04-21T00:00:00,Rural,Mid,0,0
2026-04-21T00:00:00,Rural,Mid,0,0
2026-04-21T00:00:00,Rural,Mid,0,0
2026-04-21T00:00:00,Rural,Mid,0,0
2026-04-21T00:00:00,Rural,Mid,0,0
2026-04-21T00:00:00,Rural,Mid,0,0
2026-04-21T00:00:00,Rural,Mid,0,0
2026-04-21T00:00:00,Rural,Mid,0,0
2026-04-21T00:00:00,Rural,Mid,0,0
2026-04-21T00:00:00,Rural,Mid,0,0
2026-04-21T00:00:00,Rural,Mid,0,0
2026-04-21T00:00:00,Rural,Mid,0,0
2026-04-21T00:00:00,Rural,Mid,0,0
2026-04-21T00:00:00,Rural,Mid,0,0
2026-04-21T00:00:00,Rural,Mid,0,0
2026-04-21T00:00:00,Rural,Mid,0,0
2026-04-21T00:00:00,Rural,Mid,0,0
2026-04-21T00:00:00,Rural,Mid,0,1
2026-04-21T00:00:00,Rural,Mid,0,0
2026-04-21T00:00:00,Rural,Mid,0,0
2026-04-21T00:00:00,Rural,Mid,0,1
2026-04-21T00:00:00,Rural,Mid,0,0
2026-04-21T00:00:00,Rural,Mid,0,0
2026-04-21T00:00:00,Rural,Mid,0,0
2026-04-21T00:00:00,Rural,Mid,0,0
2026-04-21T00:00:00,Rural,Mid,0,0
2026-04-21T00:00:00,Rural,Mid,0,0
2026-04-21T00:00:00,Rural,Mid,0,0
2026-04-21T00:00:00,Rural,Mid,0,0
2026-04-21T00:00:00,Rural,Mid,0,0
2026-04-21T00:00:00,Rural,Mid,0,1
2026-04-21T00:00:00,Rural,Mid,0,0
2026-04-21T00:00:00,Rural,Mid,0,0
2026-04-21T00:00:00,Rural,Mid,0,0
2026-04-21T00:00:00,Rural,Mid,0,0
2026-04-21T00:00:00,Rural,Mid,0,0
2026-04-21T00:00:00,Rural,Mid,0,0
2026-04-21T00:00:00,Rural,Mid,0,0
2026-04-21T00:00:00,Rural,Mid,0,0
2026-04-21T00:00:00,Rural,Mid,0,1
2026-04-21T00:00:00,Rural,Mid,0,0
2026-04-21T00:00:00,Rural,Mid,0,0
2026-04-21T00:00:00,Rural,Mid,0,0
2026-04-21T00:00:00,Rural,Mid,0,0
2026-04-21T00:00:00,Rural,Mid,0,1
2026-04-21T00:00:00,Rural,Mid,0,0
2026-04-21T00:00:00,Rural,Low,1,1
2026-04-21T00:00:00,Rural,Low,1,1
2026-04-21T00:00:00,Rural,Low,1,1
2026-04-21T00:00:00,Rural,Low,1,1
2026-04-21T00:00:00,Rural,Low,1,0
2026-04-21T00:00:00,Rural,Low,1,1
2026-04-21T00:00:00,Rural,Low,1,1
2026-04-21T00:00:00,Rural,Low,1,1
2026-04-21T00:00:00,Rural,Low,1,1
2026-04-21T00:00:00,Rural,Low,1,1
2026-04-21T00:00:00,Rural,Low,1,1
2026-04-21T00:00:00,Rural,Low,1,1
2026-04-21T00:00:00,Rural,Low,1,1
2026-04-21T00:00:00,Rural,Low,1,1
2026-04-21T00:00:00,Rural,Low,1,1
2026-04-21T00:00:00,Rural,Low,1,1
2026-04-21T00:00:00,Rural,Low,1,0
2026-04-21T00:00:00,Rural,Low,1,1
2026-04-21T00:00:00,Rural,Low,1,1
2026-04-21T00:00:00,Rural,Low,1,1
2026-04-21T00:00:00,Rural,Low,1,1
2026-04-21T00:00:00,Rural,Low,1,1
2026-04-21T00:00:00,Rural,Low,1,1
2026-04-21T00:00:00,Rural,Low,1,1
2026-04-21T00:00:00,Rural,Low,1,0
2026-04-21T00:00:00,Rural,Low,1,1
2026-04-21T00:00:00,Rural,Low,1,1
2026-04-21T00:00:00,Rural,Low,1,1
2026-04-21T00:00:00,Rural,Low,1,0
2026-04-21T00:00:00,Rural,Low,1,1
2026-04-21T00:00:00,Rural,Low,1,1
2026-04-21T00:00:00,Rural,Low,1,1
2026-04-21T00:00:00,Rural,Low,1,1
2026-04-21T00:00:00,Rural,Low,1,1
2026-04-21T00:00:00,Rural,Low,1,0
2026-04-21T00:00:00,Rural,Low,1,1
2026-04-21T00:00:00,Rural,Low,1,0
2026-04-21T00:00:00,Rural,Low,1,0
2026-04-21T00:00:00,Rural,Low,1,1
2026-04-21T00:00:00,Rural,Low,1,1
2026-04-21T00:00:00,Rural,Low,1,1
2026-04-21T00:00:00,Rural,Low,1,1
2026-04-21T00:00:00,Rural,Low,1,1
2026-04-21T00:00:00,Rural,Low,1,1
2026-04-21T00:00:00,Rural,Low,1,1
2026-04-21T00:00:00,Rural,Low,1,1
2026-04-21T00:00:00,Rural,Low,1,1
2026-04-21T00:00:00,Rural,Low,1,1
2026-04-21T00:00:00,Rural,Low,1,1
2026-04-21T00:00:00,Rural,Low,1,1
2026-04-21T00:00:00,Rural,Low,1,1
2026-04-21T00:00:00,Rural,Low,1,1
2026-04-21T00:00:00,Rural,Low,1,1
2026-04-21T00:00:00,Rural,Low,1,1
2026-04-21T00:00:00,Rural,Low,1,1
2026-04-21T00:00:00,Rural,Low,1,1
2026-04-21T00:00:00,Rural,Low,1,0
2026-04-21T00:00:00,Rural,Low,1,0
2026-04-21T00:00:00,Rural,Low,1,1
2026-04-21T00:00:00,Rural,Low,1,1
2026-04-21T00:00:00,Rural,Low,1,1
2026-04-21T00:00:00,Rural,Low,1,1
2026-04-21T00:00:00,Rural,Low,0,0
2026-04-21T00:00:00,Rural,Low,0,0
2026-04-21T00:00:00,Rural,Low,0,0
2026-04-21T00:00:00,Rural,Low,0,0
2026-04-21T00:00:00,Rural,Low,0,1
2026-04-21T00:00:00,Rural,Low,0,0
2026-04-21T00:00:00,Rural,Low,0,0
2026-04-21T00:00:00,Rural,Low,0,0
2026-04-21T00:00:00,Rural,Low,0,0
2026-04-21T00:00:00,Rural,Low,0,0
2026-04-21T00:00:00,Rural,Low,0,0
2026-04-21T00:00:00,Rural,Low,0,0
2026-04-21T00:00:00,Rural,Low,0,0
2026-04-21T00:00:00,Rural,Low,0,0
2026-04-21T00:00:00,Rural,Low,0,0
2026-04-21T00:00:00,Rural,Low,0,0
2026-04-21T00:00:00,Rural,Low,0,0
2026-04-21T00:00:00,Rural,Low,0,0
2026-04-21T00:00:00,Rural,Low,0,0
2026-04-21T00:00:00,Rural,Low,0,0
2026-04-21T00:00:00,Rural,Low,0,0
2026-04-21T00:00:00,Rural,Low,0,0
2026-04-21T00:00:00,Rural,Low,0,1
2026-04-21T00:00:00,Rural,Low,0,0
2026-04-21T00:00:00,Rural,Low,0,1
2026-04-21T00:00:00,Rural,Low,0,1
2026-04-21T00:00:00,Rural,Low,0,0
2026-04-21T00:00:00,Rural,Low,0,0
2026-04-21T00:00:00,Rural,Low,0,0
2026-04-21T00:00:00,Rural,Low,0,0
2026-04-21T00:00:00,Rural,Low,0,0
2026-04-21T00:00:00,Rural,Low,0,0
2026-04-21T00:00:00,Rural,Low,0,0
2026-04-21T00:00:00,Rural,Low,0,0
2026-04-21T00:00:00,Rural,Low,0,0
2026-04-21T00:00:00,Rural,Low,0,0
2026-04-21T00:00:00,Rural,Low,0,0
2026-04-21T00:00:00,Rural,Low,0,0
2026-04-21T00:00:00,Rural,Low,0,0
2026-04-21T00:00:00,Rural,Low,0,0
2026-04-21T00:00:00,Rural,Low,0,0
2026-04-21T00:00:00,Rural,Low,0,0
2026-04-21T00:00:00,Rural,Low,0,0
2026-04-21T00:00:00,Rural,Low,0,0
2026-04-21T00:00:00,Rural,Low,0,0
2026-04-21T00:00:00,Rural,Low,0,0
2026-04-21T00:00:00,Rural,Low,0,0
2026-04-21T00:00:00,Rural,Low,0,0
2026-04-21T00:00:00,Rural,Low,0,0
2026-04-21T00:00:00,Rural,Low,0,0
2026-04-21T00:00:00,Rural,Low,0,0
2026-04-21T00:00:00,Rural,Low,0,0
2026-04-21T00:00:00,Rural,Low,0,0
2026-04-21T00:00:00,Rural,Low,0,0
2026-04-21T00:00:00,Rural,Low,0,0
2026-04-21T00:00:00,Rural,Low,0,0
2026-04-21T00:00:00,Rural,Low,0,0
2026-04-21T00:00:00,Rural,Low,0,0
2026-04-21T00:00:00,Rural,Low,0,0
2026-04-21T00:00:00,Rural,Low,0,0
2026-04-21T00:00:00,Rural,Low,0,0
2026-04-21T00:00:00,Rural,Low,0,0
2026-04-21T00:00:00,Rural,Low,0,0
2026-04-21T00:00:00,Rural,Low,0,0
2026-04-21T00:00:00,Rural,Low,0,0
2026-04-21T00:00:00,Rural,Low,0,0
2026-04-21T00:00:00,Rural,Low,0,0
2026-04-21T00:00:00,Rural,Low,0,0
2026-04-21T00:00:00,Rural,Low,0,0
2026-04-21T00:00:00,Rural,Low,0,0
2026-04-21T00:00:00,Rural,Low,0,0
2026-04-21T00:00:00,Rural,Low,0,0
2026-04-21T00:00:00,Rural,Low,0,1
2026-04-21T00:00:00,Rural,Low,0,0
2026-04-21T00:00:00,Rural,Low,0,0
2026-04-21T00:00:00,Rural,Low,0,0
2026-04-21T00:00:00,Rural,Low,0,0
2026-04-21T00:00:00,Rural,Low,0,0
2026-04-21T00:00:00,Rural,Low,0,0
2026-04-21T00:00:00,Rural,Low,0,0
2026-04-21T00:00:00,Rural,Low,0,1
2026-04-22T00:00:00,Urban,High,1,1
2026-04-22T00:00:00,Urban,High,1,1
2026-04-22T00:00:00,Urban,High,1,1
2026-04-22T00:00:00,Urban,High,1,1
2026-04-22T00:00:00,Urban,High,1,0
2026-04-22T00:00:00,Urban,High,1,1
2026-04-22T00:00:00,Urban,High,1,1
2026-04-22T00:00:00,Urban,High,1,1
2026-04-22T00:00:00,Urban,High,1,1
2026-04-22T00:00:00,Urban,High,1,1
2026-04-22T00:00:00,Urban,High,1,0
2026-04-22T00:00:00,Urban,High,1,1
2026-04-22T00:00:00,Urban,High,1,1
2026-04-22T00:00:00,Urban,High,1,1
2026-04-22T00:00:00,Urban,High,1,1
2026-04-22T00:00:00,Urban,High,1,1
2026-04-22T00:00:00,Urban,High,1,1
2026-04-22T00:00:00,Urban,High,1,1
2026-04-22T00:00:00,Urban,High,1,1
2026-04-22T00:00:00,Urban,High,1,1
2026-04-22T00:00:00,Urban,High,1,1
2026-04-22T00:00:00,Urban,High,1,1
2026-04-22T00:00:00,Urban,High,1,1
2026-04-22T00:00:00,Urban,High,1,1
2026-04-22T00:00:00,Urban,High,1,1
2026-04-22T00:00:00,Urban,High,1,1
2026-04-22T00:00:00,Urban,High,1,1
2026-04-22T00:00:00,Urban,High,1,1
2026-04-22T00:00:00,Urban,High,1,1
2026-04-22T00:00:00,Urban,High,1,1
2026-04-22T00:00:00,Urban,High,1,1
2026-04-22T00:00:00,Urban,High,1,1
2026-04-22T00:00:00,Urban,High,1,1
2026-04-22T00:00:00,Urban,High,1,1
2026-04-22T00:00:00,Urban,High,1,1
2026-04-22T00:00:00,Urban,High,1,0
2026-04-22T00:00:00,Urban,High,1,1
2026-04-22T00:00:00,Urban,High,1,1
2026-04-22T00:00:00,Urban,High,1,1
2026-04-22T00:00:00,Urban,High,1,1
2026-04-22T00:00:00,Urban,High,1,1
2026-04-22T00:00:00,Urban,High,1,1
2026-04-22T00:00:00,Urban,High,1,1
2026-04-22T00:00:00,Urban,High,0,0
2026-04-22T00:00:00,Urban,High,0,0
2026-04-22T00:00:00,Urban,High,0,0
2026-04-22T00:00:00,Urban,High,0,0
2026-04-22T00:00:00,Urban,High,0,0
2026-04-22T00:00:00,Urban,High,0,0
2026-04-22T00:00:00,Urban,High,0,0
2026-04-22T00:00:00,Urban,High,0,0
2026-04-22T00:00:00,Urban,High,0,0
2026-04-22T00:00:00,Urban,High,0,0
2026-04-22T00:00:00,Urban,High,0,0
2026-04-22T00:00:00,Urban,High,0,0
2026-04-22T00:00:00,Urban,High,0,0
2026-04-22T00:00:00,Urban,High,0,0
2026-04-22T00:00:00,Urban,High,0,0
2026-04-22T00:00:00,Urban,High,0,0
2026-04-22T00:00:00,Urban,High,0,0
2026-04-22T00:00:00,Urban,High,0,0
2026-04-22T00:00:00,Urban,High,0,1
2026-04-22T00:00:00,Urban,High,0,0
2026-04-22T00:00:00,Urban,High,0,1
2026-04-22T00:00:00,Urban,High,0,0
2026-04-22T00:00:00,Urban,High,0,0
2026-04-22T00:00:00,Urban,High,0,0
2026-04-22T00:00:00,Urban,High,0,0
2026-04-22T00:00:00,Urban,High,0,0
2026-04-22T00:00:00,Urban,High,0,0
2026-04-22T00:00:00,Urban,High,0,0
2026-04-22T00:00:00,Urban,High,0,0
2026-04-22T00:00:00,Urban,High,0,0
2026-04-22T00:00:00,Urban,High,0,0
2026-04-22T00:00:00,Urban,High,0,0
2026-04-22T00:00:00,Urban,High,0,0
2026-04-22T00:00:00,Urban,High,0,0
2026-04-22T00:00:00,Urban,High,0,0
2026-04-22T00:00:00,Urban,High,0,0
2026-04-22T00:00:00,Urban,High,0,0
2026-04-22T00:00:00,Urban,High,0,0
2026-04-22T00:00:00,Urban,High,0,0
2026-04-22T00:00:00,Urban,High,0,0
2026-04-22T00:00:00,Urban,High,0,0
2026-04-22T00:00:00,Urban,High,0,0
2026-04-22T00:00:00,Urban,High,0,0
2026-04-22T00:00:00,Urban,High,0,1
2026-04-22T00:00:00,Urban,High,0,0
2026-04-22T00:00:00,Urban,High,0,0
2026-04-22T00:00:00,Urban,High,0,0
2026-04-22T00:00:00,Urban,High,0,0
2026-04-22T00:00:00,Urban,High,0,0
2026-04-22T00:00:00,Urban,High,0,0
2026-04-22T00:00:00,Urban,High,0,0
2026-04-22T00:00:00,Urban,High,0,0
2026-04-22T00:00:00,Urban,High,0,0
2026-04-22T00:00:00,Urban,High,0,0
2026-04-22T00:00:00,Urban,High,0,0
2026-04-22T00:00:00,Urban,High,0,0
2026-04-22T00:00:00,Urban,High,0,0
2026-04-22T00:00:00,Urban,High,0,0
2026-04-22T00:00:00,Urban,High,0,0
2026-04-22T00:00:00,Urban,High,0,0
2026-04-22T00:00:00,Urban,High,0,0
2026-04-22T00:00:00,Urban,High,0,0
2026-04-22T00:00:00,Urban,High,0,0
2026-04-22T00:00:00,Urban,High,0,0
2026-04-22T00:00:00,Urban,High,0,0
2026-04-22T00:00:00,Urban,High,0,0
2026-04-22T00:00:00,Urban,High,0,0
2026-04-22T00:00:00,Urban,High,0,0
2026-04-22T00:00:00,Urban,High,0,0
2026-04-22T00:00:00,Urban,High,0,0
2026-04-22T00:00:00,Urban,High,0,0
2026-04-22T00:00:00,Urban,High,0,0
2026-04-22T00:00:00,Urban,High,0,0
2026-04-22T00:00:00,Urban,High,0,0
2026-04-22T00:00:00,Urban,High,0,0
2026-04-22T00:00:00,Urban,High,0,0
2026-04-22T00:00:00,Urban,High,0,0
2026-04-22T00:00:00,Urban,High,0,0
2026-04-22T00:00:00,Urban,High,0,0
2026-04-22T00:00:00,Urban,High,0,0
2026-04-22T00:00:00,Urban,High,0,0
2026-04-22T00:00:00,Urban,High,0,0
2026-04-22T00:00:00,Urban,High,0,0
2026-04-22T00:00:00,Urban,Mid,1,1
2026-04-22T00:00:00,Urban,Mid,1,1
2026-04-22T00:00:00,Urban,Mid,1,0
2026-04-22T00:00:00,Urban,Mid,1,0
2026-04-22T00:00:00,Urban,Mid,1,1
2026-04-22T00:00:00,Urban,Mid,1,1
2026-04-22T00:00:00,Urban,Mid,1,1
2026-04-22T00:00:00,Urban,Mid,1,1
2026-04-22T00:00:00,Urban,Mid,1,1
2026-04-22T00:00:00,Urban,Mid,1,1
2026-04-22T00:00:00,Urban,Mid,1,1
2026-04-22T00:00:00,Urban,Mid,1,0
2026-04-22T00:00:00,Urban,Mid,1,1
2026-04-22T00:00:00,Urban,Mid,1,1
2026-04-22T00:00:00,Urban,Mid,1,1
2026-04-22T00:00:00,Urban,Mid,1,1
2026-04-22T00:00:00,Urban,Mid,1,1
2026-04-22T00:00:00,Urban,Mid,1,1
2026-04-22T00:00:00,Urban,Mid,1,1
2026-04-22T00:00:00,Urban,Mid,1,1
2026-04-22T00:00:00,Urban,Mid,1,1
2026-04-22T00:00:00,Urban,Mid,1,0
2026-04-22T00:00:00,Urban,Mid,1,1
2026-04-22T00:00:00,Urban,Mid,1,1
2026-04-22T00:00:00,Urban,Mid,1,1
2026-04-22T00:00:00,Urban,Mid,1,1
2026-04-22T00:00:00,Urban,Mid,1,1
2026-04-22T00:00:00,Urban,Mid,1,1
2026-04-22T00:00:00,Urban,Mid,1,1
2026-04-22T00:00:00,Urban,Mid,1,1
2026-04-22T00:00:00,Urban,Mid,1,1
2026-04-22T00:00:00,Urban,Mid,1,1
2026-04-22T00:00:00,Urban,Mid,1,0
2026-04-22T00:00:00,Urban,Mid,1,1
2026-04-22T00:00:00,Urban,Mid,1,1
2026-04-22T00:00:00,Urban,Mid,1,1
2026-04-22T00:00:00,Urban,Mid,1,1
2026-04-22T00:00:00,Urban,Mid,1,1
2026-04-22T00:00:00,Urban,Mid,1,1
2026-04-22T00:00:00,Urban,Mid,1,1
2026-04-22T00:00:00,Urban,Mid,1,1
2026-04-22T00:00:00,Urban,Mid,1,1
2026-04-22T00:00:00,Urban,Mid,1,1
2026-04-22T00:00:00,Urban,Mid,1,1
2026-04-22T00:00:00,Urban,Mid,1,1
2026-04-22T00:00:00,Urban,Mid,1,1
2026-04-22T00:00:00,Urban,Mid,1,1
2026-04-22T00:00:00,Urban,Mid,1,1
2026-04-22T00:00:00,Urban,Mid,1,1
2026-04-22T00:00:00,Urban,Mid,1,1
2026-04-22T00:00:00,Urban,Mid,1,1
2026-04-22T00:00:00,Urban,Mid,0,0
2026-04-22T00:00:00,Urban,Mid,0,0
2026-04-22T00:00:00,Urban,Mid,0,0
2026-04-22T00:00:00,Urban,Mid,0,0
2026-04-22T00:00:00,Urban,Mid,0,0
2026-04-22T00:00:00,Urban,Mid,0,0
2026-04-22T00:00:00,Urban,Mid,0,0
2026-04-22T00:00:00,Urban,Mid,0,0
2026-04-22T00:00:00,Urban,Mid,0,0
2026-04-22T00:00:00,Urban,Mid,0,0
2026-04-22T00:00:00,Urban,Mid,0,0
2026-04-22T00:00:00,Urban,Mid,0,0
2026-04-22T00:00:00,Urban,Mid,0,0
2026-04-22T00:00:00,Urban,Mid,0,0
2026-04-22T00:00:00,Urban,Mid,0,0
2026-04-22T00:00:00,Urban,Mid,0,0
2026-04-22T00:00:00,Urban,Mid,0,1
2026-04-22T00:00:00,Urban,Mid,0,0
2026-04-22T00:00:00,Urban,Mid,0,0
2026-04-22T00:00:00,Urban,Mid,0,0
2026-04-22T00:00:00,Urban,Mid,0,0
2026-04-22T00:00:00,Urban,Mid,0,0
2026-04-22T00:00:00,Urban,Mid,0,0
2026-04-22T00:00:00,Urban,Mid,0,0
2026-04-22T00:00:00,Urban,Mid,0,0
2026-04-22T00:00:00,Urban,Mid,0,0
2026-04-22T00:00:00,Urban,Mid,0,0
2026-04-22T00:00:00,Urban,Mid,0,0
2026-04-22T00:00:00,Urban,Mid,0,0
2026-04-22T00:00:00,Urban,Mid,0,0
2026-04-22T00:00:00,Urban,Mid,0,0
2026-04-22T00:00:00,Urban,Mid,0,0
2026-04-22T00:00:00,Urban,Mid,0,0
2026-04-22T00:00:00,Urban,Mid,0,0
2026-04-22T00:00:00,Urban,Mid,0,0
2026-04-22T00:00:00,Urban,Mid,0,1
2026-04-22T00:00:00,Urban,Mid,0,0
2026-04-22T00:00:00,Urban,Mid,0,0
2026-04-22T00:00:00,Urban,Mid,0,0
2026-04-22T00:00:00,Urban,Mid,0,0
2026-04-22T00:00:00,Urban,Mid,0,0
2026-04-22T00:00:00,Urban,Mid,0,0
2026-04-22T00:00:00,Urban,Mid,0,0
2026-04-22T00:00:00,Urban,Mid,0,0
2026-04-22T00:00:00,Urban,Mid,0,0
2026-04-22T00:00:00,Urban,Mid,0,0
2026-04-22T00:00:00,Urban,Mid,0,0
2026-04-22T00:00:00,Urban,Mid,0,0
2026-04-22T00:00:00,Urban,Mid,0,0
2026-04-22T00:00:00,Urban,Mid,0,0
2026-04-22T00:00:00,Urban,Mid,0,0
2026-04-22T00:00:00,Urban,Mid,0,1
2026-04-22T00:00:00,Urban,Mid,0,0
2026-04-22T00:00:00,Urban,Mid,0,0
2026-04-22T00:00:00,Urban,Mid,0,0
2026-04-22T00:00:00,Urban,Mid,0,1
2026-04-22T00:00:00,Urban,Mid,0,0
2026-04-22T00:00:00,Urban,Mid,0,0
2026-04-22T00:00:00,Urban,Mid,0,0
2026-04-22T00:00:00,Urban,Mid,0,0
2026-04-22T00:00:00,Urban,Mid,0,0
2026-04-22T00:00:00,Urban,Mid,0,0
2026-04-22T00:00:00,Urban,Mid,0,1
2026-04-22T00:00:00,Urban,Mid,0,0
2026-04-22T00:00:00,Urban,Mid,0,0
2026-04-22T00:00:00,Urban,Mid,0,0
2026-04-22T00:00:00,Urban,Mid,0,0
2026-04-22T00:00:00,Urban,Mid,0,0
2026-04-22T00:00:00,Urban,Mid,0,0
2026-04-22T00:00:00,Urban,Mid,0,0
2026-04-22T00:00:00,Urban,Mid,0,0
2026-04-22T00:00:00,Urban,Mid,0,0
2026-04-22T00:00:00,Urban,Mid,0,0
2026-04-22T00:00:00,Urban,Mid,0,0
2026-04-22T00:00:00,Urban,Mid,0,0
2026-04-22T00:00:00,Urban,Mid,0,0
2026-04-22T00:00:00,Urban,Mid,0,0
2026-04-22T00:00:00,Urban,Mid,0,0
2026-04-22T00:00:00,Urban,Mid,0,0
2026-04-22T00:00:00,Urban,Mid,0,0
2026-04-22T00:00:00,Urban,Mid,0,0
2026-04-22T00:00:00,Urban,Mid,0,0
2026-04-22T00:00:00,Urban,Mid,0,0
2026-04-22T00:00:00,Urban,Mid,0,0
2026-04-22T00:00:00,Urban,Mid,0,0
2026-04-22T00:00:00,Urban,Mid,0,0
2026-04-22T00:00:00,Urban,Mid,0,0
2026-04-22T00:00:00,Urban,Mid,0,0
2026-04-22T00:00:00,Urban,Mid,0,0
2026-04-22T00:00:00,Urban,Mid,0,0
2026-04-22T00:00:00,Urban,Mid,0,0
2026-04-22T00:00:00,Urban,Mid,0,0
2026-04-22T00:00:00,Urban,Mid,0,0
2026-04-22T00:00:00,Urban,Mid,0,0
2026-04-22T00:00:00,Urban,Mid,0,0
2026-04-22T00:00:00,Urban,Low,1,1
2026-04-22T00:00:00,Urban,Low,1,1
2026-04-22T00:00:00,Urban,Low,1,1
2026-04-22T00:00:00,Urban,Low,1,1
2026-04-22T00:00:00,Urban,Low,1,1
2026-04-22T00:00:00,Urban,Low,1,1
2026-04-22T00:00:00,Urban,Low,1,1
2026-04-22T00:00:00,Urban,Low,1,1
2026-04-22T00:00:00,Urban,Low,1,1
2026-04-22T00:00:00,Urban,Low,1,1
2026-04-22T00:00:00,Urban,Low,1,1
2026-04-22T00:00:00,Urban,Low,1,1
2026-04-22T00:00:00,Urban,Low,1,1
2026-04-22T00:00:00,Urban,Low,1,1
2026-04-22T00:00:00,Urban,Low,1,0
2026-04-22T00:00:00,Urban,Low,1,1
2026-04-22T00:00:00,Urban,Low,1,1
2026-04-22T00:00:00,Urban,Low,1,1
2026-04-22T00:00:00,Urban,Low,1,1
2026-04-22T00:00:00,Urban,Low,1,1
2026-04-22T00:00:00,Urban,Low,1,1
2026-04-22T00:00:00,Urban,Low,1,1
2026-04-22T00:00:00,Urban,Low,1,1
2026-04-22T00:00:00,Urban,Low,1,1
2026-04-22T00:00:00,Urban,Low,1,1
2026-04-22T00:00:00,Urban,Low,1,1
2026-04-22T00:00:00,Urban,Low,1,1
2026-04-22T00:00:00,Urban,Low,1,1
2026-04-22T00:00:00,Urban,Low,1,0
2026-04-22T00:00:00,Urban,Low,1,1
2026-04-22T00:00:00,Urban,Low,1,1
2026-04-22T00:00:00,Urban,Low,1,1
2026-04-22T00:00:00,Urban,Low,1,1
2026-04-22T00:00:00,Urban,Low,1,1
2026-04-22T00:00:00,Urban,Low,1,1
2026-04-22T00:00:00,Urban,Low,1,0
2026-04-22T00:00:00,Urban,Low,1,0
2026-04-22T00:00:00,Urban,Low,1,1
2026-04-22T00:00:00,Urban,Low,1,1
2026-04-22T00:00:00,Urban,Low,1,1
2026-04-22T00:00:00,Urban,Low,1,0
2026-04-22T00:00:00,Urban,Low,1,1
2026-04-22T00:00:00,Urban,Low,0,0
2026-04-22T00:00:00,Urban,Low,0,0
2026-04-22T00:00:00,Urban,Low,0,0
2026-04-22T00:00:00,Urban,Low,0,0
2026-04-22T00:00:00,Urban,Low,0,0
2026-04-22T00:00:00,Urban,Low,0,0
2026-04-22T00:00:00,Urban,Low,0,0
2026-04-22T00:00:00,Urban,Low,0,0
2026-04-22T00:00:00,Urban,Low,0,0
2026-04-22T00:00:00,Urban,Low,0,0
2026-04-22T00:00:00,Urban,Low,0,0
2026-04-22T00:00:00,Urban,Low,0,0
2026-04-22T00:00:00,Urban,Low,0,0
2026-04-22T00:00:00,Urban,Low,0,0
2026-04-22T00:00:00,Urban,Low,0,0
2026-04-22T00:00:00,Urban,Low,0,0
2026-04-22T00:00:00,Urban,Low,0,1
2026-04-22T00:00:00,Urban,Low,0,0
2026-04-22T00:00:00,Urban,Low,0,0
2026-04-22T00:00:00,Urban,Low,0,0
2026-04-22T00:00:00,Urban,Low,0,0
2026-04-22T00:00:00,Urban,Low,0,1
2026-04-22T00:00:00,Urban,Low,0,0
2026-04-22T00:00:00,Urban,Low,0,0
2026-04-22T00:00:00,Urban,Low,0,0
2026-04-22T00:00:00,Urban,Low,0,0
2026-04-22T00:00:00,Urban,Low,0,0
2026-04-22T00:00:00,Urban,Low,0,0
2026-04-22T00:00:00,Urban,Low,0,0
2026-04-22T00:00:00,Urban,Low,0,0
2026-04-22T00:00:00,Urban,Low,0,0
2026-04-22T00:00:00,Urban,Low,0,0
2026-04-22T00:00:00,Urban,Low,0,0
2026-04-22T00:00:00,Urban,Low,0,0
2026-04-22T00:00:00,Urban,Low,0,0
2026-04-22T00:00:00,Urban,Low,0,0
2026-04-22T00:00:00,Urban,Low,0,0
2026-04-22T00:00:00,Urban,Low,0,0
2026-04-22T00:00:00,Urban,Low,0,0
2026-04-22T00:00:00,Urban,Low,0,0
2026-04-22T00:00:00,Urban,Low,0,0
2026-04-22T00:00:00,Urban,Low,0,0
2026-04-22T00:00:00,Urban,Low,0,0
2026-04-22T00:00:00,Urban,Low,0,0
2026-04-22T00:00:00,Urban,Low,0,0
2026-04-22T00:00:00,Urban,Low,0,0
2026-04-22T00:00:00,Urban,Low,0,0
2026-04-22T00:00:00,Urban,Low,0,0
2026-04-22T00:00:00,Urban,Low,0,1
2026-04-22T00:00:00,Urban,Low,0,0
2026-04-22T00:00:00,Urban,Low,0,0
2026-04-22T00:00:00,Urban,Low,0,0
2026-04-22T00:00:00,Urban,Low,0,0
2026-04-22T00:00:00,Urban,Low,0,0
2026-04-22T00:00:00,Urban,Low,0,1
2026-04-22T00:00:00,Urban,Low,0,0
2026-04-22T00:00:00,Urban,Low,0,0
2026-04-22T00:00:00,Urban,Low,0,0
2026-04-22T00:00:00,Urban,Low,0,0
2026-04-22T00:00:00,Urban,Low,0,0
2026-04-22T00:00:00,Urban,Low,0,0
2026-04-22T00:00:00,Urban,Low,0,0
2026-04-22T00:00:00,Urban,Low,0,0
2026-04-22T00:00:00,Urban,Low,0,0
2026-04-22T00:00:00,Urban,Low,0,1
2026-04-22T00:00:00,Urban,Low,0,0
2026-04-22T00:00:00,Urban,Low,0,0
2026-04-22T00:00:00,Urban,Low,0,0
2026-04-22T00:00:00,Urban,Low,0,0
2026-04-22T00:00:00,Urban,Low,0,0
2026-04-22T00:00:00,Urban,Low,0,0
2026-04-22T00:00:00,Urban,Low,0,0
2026-04-22T00:00:00,Urban,Low,0,0
2026-04-22T00:00:00,Urban,Low,0,0
2026-04-22T00:00:00,Urban,Low,0,0
2026-04-22T00:00:00,Urban,Low,0,0
2026-04-22T00:00:00,Urban,Low,0,0
2026-04-22T00:00:00,Urban,Low,0,0
2026-04-22T00:00:00,Urban,Low,0,0
2026-04-22T00:00:00,Urban,Low,0,0
2026-04-22T00:00:00,Urban,Low,0,0
2026-04-22T00:00:00,Urban,Low,0,0
2026-04-22T00:00:00,Urban,Low,0,0
2026-04-22T00:00:00,Urban,Low,0,0
2026-04-22T00:00:00,Urban,Low,0,1
2026-04-22T00:00:00,Urban,Low,0,0
2026-04-22T00:00:00,Urban,Low,0,0
2026-04-22T00:00:00,Urban,Low,0,1
2026-04-22T00:00:00,Urban,Low,0,0
2026-04-22T00:00:00,Urban,Low,0,0
2026-04-22T00:00:00,Urban,Low,0,0
2026-04-22T00:00:00,Urban,Low,0,0
2026-04-22T00:00:00,Urban,Low,0,0
2026-04-22T00:00:00,Urban,Low,0,0
2026-04-22T00:00:00,Urban,Low,0,0
2026-04-22T00:00:00,Urban,Low,0,0
2026-04-22T00:00:00,Urban,Low,0,0
2026-04-22T00:00:00,Urban,Low,0,0
2026-04-22T00:00:00,Urban,Low,0,0
2026-04-22T00:00:00,Urban,Low,0,0
2026-04-22T00:00:00,Rural,High,1,1
2026-04-22T00:00:00,Rural,High,1,1
2026-04-22T00:00:00,Rural,High,1,1
2026-04-22T00:00:00,Rural,High,1,1
2026-04-22T00:00:00,Rural,High,1,1
2026-04-22T00:00:00,Rural,High,1,0
2026-04-22T00:00:00,Rural,High,1,1
2026-04-22T00:00:00,Rural,High,1,1
2026-04-22T00:00:00,Rural,High,1,1
2026-04-22T00:00:00,Rural,High,1,1
2026-04-22T00:00:00,Rural,High,1,1
2026-04-22T00:00:00,Rural,High,1,1
2026-04-22T00:00:00,Rural,High,1,1
2026-04-22T00:00:00,Rural,High,1,1
2026-04-22T00:00:00,Rural,High,1,1
2026-04-22T00:00:00,Rural,High,1,1
2026-04-22T00:00:00,Rural,High,1,0
2026-04-22T00:00:00,Rural,High,1,0
2026-04-22T00:00:00,Rural,High,1,1
2026-04-22T00:00:00,Rural,High,1,1
2026-04-22T00:00:00,Rural,High,1,1
2026-04-22T00:00:00,Rural,High,1,1
2026-04-22T00:00:00,Rural,High,1,1
2026-04-22T00:00:00,Rural,High,1,1
2026-04-22T00:00:00,Rural,High,1,1
2026-04-22T00:00:00,Rural,High,1,1
2026-04-22T00:00:00,Rural,High,1,1
2026-04-22T00:00:00,Rural,High,1,1
2026-04-22T00:00:00,Rural,High,1,1
2026-04-22T00:00:00,Rural,High,1,1
2026-04-22T00:00:00,Rural,High,1,1
2026-04-22T00:00:00,Rural,High,1,1
2026-04-22T00:00:00,Rural,High,1,1
2026-04-22T00:00:00,Rural,High,1,1
2026-04-22T00:00:00,Rural,High,1,1
2026-04-22T00:00:00,Rural,High,1,1
2026-04-22T00:00:00,Rural,High,1,1
2026-04-22T00:00:00,Rural,High,1,1
2026-04-22T00:00:00,Rural,High,1,1
2026-04-22T00:00:00,Rural,High,1,1
2026-04-22T00:00:00,Rural,High,1,1
2026-04-22T00:00:00,Rural,High,1,0
2026-04-22T00:00:00,Rural,High,1,1
2026-04-22T00:00:00,Rural,High,1,1
2026-04-22T00:00:00,Rural,High,1,1
2026-04-22T00:00:00,Rural,High,1,1
2026-04-22T00:00:00,Rural,High,1,1
2026-04-22T00:00:00,Rural,High,1,1
2026-04-22T00:00:00,Rural,High,1,1
2026-04-22T00:00:00,Rural,High,1,1
2026-04-22T00:00:00,Rural,High,1,1
2026-04-22T00:00:00,Rural,High,1,1
2026-04-22T00:00:00,Rural,High,1,1
2026-04-22T00:00:00,Rural,High,1,1
2026-04-22T00:00:00,Rural,High,1,1
2026-04-22T00:00:00,Rural,High,1,1
2026-04-22T00:00:00,Rural,High,1,1
2026-04-22T00:00:00,Rural,High,0,0
2026-04-22T00:00:00,Rural,High,0,0
2026-04-22T00:00:00,Rural,High,0,0
2026-04-22T00:00:00,Rural,High,0,0
2026-04-22T00:00:00,Rural,High,0,0
2026-04-22T00:00:00,Rural,High,0,0
2026-04-22T00:00:00,Rural,High,0,0
2026-04-22T00:00:00,Rural,High,0,0
2026-04-22T00:00:00,Rural,High,0,0
2026-04-22T00:00:00,Rural,High,0,0
2026-04-22T00:00:00,Rural,High,0,0
2026-04-22T00:00:00,Rural,High,0,0
2026-04-22T00:00:00,Rural,High,0,0
2026-04-22T00:00:00,Rural,High,0,0
2026-04-22T00:00:00,Rural,High,0,0
2026-04-22T00:00:00,Rural,High,0,0
2026-04-22T00:00:00,Rural,High,0,0
2026-04-22T00:00:00,Rural,High,0,0
2026-04-22T00:00:00,Rural,High,0,0
2026-04-22T00:00:00,Rural,High,0,0
2026-04-22T00:00:00,Rural,High,0,0
2026-04-22T00:00:00,Rural,High,0,0
2026-04-22T00:00:00,Rural,High,0,0
2026-04-22T00:00:00,Rural,High,0,0
2026-04-22T00:00:00,Rural,High,0,0
2026-04-22T00:00:00,Rural,High,0,0
2026-04-22T00:00:00,Rural,High,0,0
2026-04-22T00:00:00,Rural,High,0,0
2026-04-22T00:00:00,Rural,High,0,0
2026-04-22T00:00:00,Rural,High,0,0
2026-04-22T00:00:00,Rural,High,0,0
2026-04-22T00:00:00,Rural,High,0,0
2026-04-22T00:00:00,Rural,High,0,0
2026-04-22T00:00:00,Rural,High,0,0
2026-04-22T00:00:00,Rural,High,0,0
2026-04-22T00:00:00,Rural,High,0,0
2026-04-22T00:00:00,Rural,High,0,1
2026-04-22T00:00:00,Rural,High,0,0
2026-04-22T00:00:00,Rural,High,0,0
2026-04-22T00:00:00,Rural,High,0,0
2026-04-22T00:00:00,Rural,High,0,0
2026-04-22T00:00:00,Rural,High,0,0
2026-04-22T00:00:00,Rural,High,0,0
2026-04-22T00:00:00,Rural,High,0,0
2026-04-22T00:00:00,Rural,High,0,0
2026-04-22T00:00:00,Rural,High,0,0
2026-04-22T00:00:00,Rural,High,0,0
2026-04-22T00:00:00,Rural,High,0,0
2026-04-22T00:00:00,Rural,High,0,0
2026-04-22T00:00:00,Rural,High,0,0
2026-04-22T00:00:00,Rural,High,0,0
2026-04-22T00:00:00,Rural,High,0,0
2026-04-22T00:00:00,Rural,High,0,0
2026-04-22T00:00:00,Rural,High,0,0
2026-04-22T00:00:00,Rural,High,0,0
2026-04-22T00:00:00,Rural,High,0,0
2026-04-22T00:00:00,Rural,High,0,0
2026-04-22T00:00:00,Rural,High,0,0
2026-04-22T00:00:00,Rural,High,0,0
2026-04-22T00:00:00,Rural,High,0,0
2026-04-22T00:00:00,Rural,High,0,0
2026-04-22T00:00:00,Rural,High,0,0
2026-04-22T00:00:00,Rural,High,0,0
2026-04-22T00:00:00,Rural,High,0,0
2026-04-22T00:00:00,Rural,High,0,0
2026-04-22T00:00:00,Rural,High,0,0
2026-04-22T00:00:00,Rural,High,0,0
2026-04-22T00:00:00,Rural,High,0,0
2026-04-22T00:00:00,Rural,High,0,0
2026-04-22T00:00:00,Rural,High,0,0
2026-04-22T00:00:00,Rural,High,0,0
2026-04-22T00:00:00,Rural,High,0,0
2026-04-22T00:00:00,Rural,High,0,0
2026-04-22T00:00:00,Rural,High,0,0
2026-04-22T00:00:00,Rural,High,0,0
2026-04-22T00:00:00,Rural,High,0,0
2026-04-22T00:00:00,Rural,High,0,0
2026-04-22T00:00:00,Rural,High,0,0
2026-04-22T00:00:00,Rural,High,0,0
2026-04-22T00:00:00,Rural,High,0,0
2026-04-22T00:00:00,Rural,High,0,0
2026-04-22T00:00:00,Rural,High,0,1
2026-04-22T00:00:00,Rural,High,0,1
2026-04-22T00:00:00,Rural,High,0,0
2026-04-22T00:00:00,Rural,High,0,0
2026-04-22T00:00:00,Rural,High,0,0
2026-04-22T00:00:00,Rural,High,0,0
2026-04-22T00:00:00,Rural,High,0,0
2026-04-22T00:00:00,Rural,High,0,0
2026-04-22T00:00:00,Rural,High,0,0
2026-04-22T00:00:00,Rural,High,0,0
2026-04-22T00:00:00,Rural,High,0,0
2026-04-22T00:00:00,Rural,High,0,0
2026-04-22T00:00:00,Rural,High,0,0
2026-04-22T00:00:00,Rural,High,0,0
2026-04-22T00:00:00,Rural,High,0,0
2026-04-22T00:00:00,Rural,High,0,0
2026-04-22T00:00:00,Rural,High,0,0
2026-04-22T00:00:00,Rural,High,0,0
2026-04-22T00:00:00,Rural,High,0,0
2026-04-22T00:00:00,Rural,High,0,0
2026-04-22T00:00:00,Rural,High,0,0
2026-04-22T00:00:00,Rural,High,0,0
2026-04-22T00:00:00,Rural,High,0,0
2026-04-22T00:00:00,Rural,High,0,0
2026-04-22T00:00:00,Rural,High,0,0
2026-04-22T00:00:00,Rural,High,0,0
2026-04-22T00:00:00,Rural,High,0,0
2026-04-22T00:00:00,Rural,High,0,0
2026-04-22T00:00:00,Rural,High,0,0
2026-04-22T00:00:00,Rural,High,0,0
2026-04-22T00:00:00,Rural,Mid,1,1
2026-04-22T00:00:00,Rural,Mid,1,1
2026-04-22T00:00:00,Rural,Mid,1,1
2026-04-22T00:00:00,Rural,Mid,1,1
2026-04-22T00:00:00,Rural,Mid,1,1
2026-04-22T00:00:00,Rural,Mid,1,1
2026-04-22T00:00:00,Rural,Mid,1,1
2026-04-22T00:00:00,Rural,Mid,1,1
2026-04-22T00:00:00,Rural,Mid,1,1
2026-04-22T00:00:00,Rural,Mid,1,1
2026-04-22T00:00:00,Rural,Mid,1,1
2026-04-22T00:00:00,Rural,Mid,1,1
2026-04-22T00:00:00,Rural,Mid,1,1
2026-04-22T00:00:00,Rural,Mid,1,1
2026-04-22T00:00:00,Rural,Mid,1,1
2026-04-22T00:00:00,Rural,Mid,1,1
2026-04-22T00:00:00,Rural,Mid,1,1
2026-04-22T00:00:00,Rural,Mid,1,1
2026-04-22T00:00:00,Rural,Mid,1,0
2026-04-22T00:00:00,Rural,Mid,1,1
2026-04-22T00:00:00,Rural,Mid,1,1
2026-04-22T00:00:00,Rural,Mid,1,1
2026-04-22T00:00:00,Rural,Mid,1,1
2026-04-22T00:00:00,Rural,Mid,1,1
2026-04-22T00:00:00,Rural,Mid,1,1
2026-04-22T00:00:00,Rural,Mid,1,1
2026-04-22T00:00:00,Rural,Mid,1,1
2026-04-22T00:00:00,Rural,Mid,1,1
2026-04-22T00:00:00,Rural,Mid,1,0
2026-04-22T00:00:00,Rural,Mid,1,1
2026-04-22T00:00:00,Rural,Mid,1,1
2026-04-22T00:00:00,Rural,Mid,1,1
2026-04-22T00:00:00,Rural,Mid,1,1
2026-04-22T00:00:00,Rural,Mid,1,1
2026-04-22T00:00:00,Rural,Mid,1,1
2026-04-22T00:00:00,Rural,Mid,1,1
2026-04-22T00:00:00,Rural,Mid,1,1
2026-04-22T00:00:00,Rural,Mid,1,1
2026-04-22T00:00:00,Rural,Mid,1,1
2026-04-22T00:00:00,Rural,Mid,1,1
2026-04-22T00:00:00,Rural,Mid,1,1
2026-04-22T00:00:00,Rural,Mid,1,1
2026-04-22T00:00:00,Rural,Mid,1,1
2026-04-22T00:00:00,Rural,Mid,1,1
2026-04-22T00:00:00,Rural,Mid,1,0
2026-04-22T00:00:00,Rural,Mid,1,1
2026-04-22T00:00:00,Rural,Mid,0,0
2026-04-22T00:00:00,Rural,Mid,0,0
2026-04-22T00:00:00,Rural,Mid,0,0
2026-04-22T00:00:00,Rural,Mid,0,0
2026-04-22T00:00:00,Rural,Mid,0,0
2026-04-22T00:00:00,Rural,Mid,0,0
2026-04-22T00:00:00,Rural,Mid,0,0
2026-04-22T00:00:00,Rural,Mid,0,0
2026-04-22T00:00:00,Rural,Mid,0,0
2026-04-22T00:00:00,Rural,Mid,0,0
2026-04-22T00:00:00,Rural,Mid,0,0
2026-04-22T00:00:00,Rural,Mid,0,0
2026-04-22T00:00:00,Rural,Mid,0,0
2026-04-22T00:00:00,Rural,Mid,0,0
2026-04-22T00:00:00,Rural,Mid,0,0
2026-04-22T00:00:00,Rural,Mid,0,0
2026-04-22T00:00:00,Rural,Mid,0,0
2026-04-22T00:00:00,Rural,Mid,0,0
2026-04-22T00:00:00,Rural,Mid,0,0
2026-04-22T00:00:00,Rural,Mid,0,0
2026-04-22T00:00:00,Rural,Mid,0,0
2026-04-22T00:00:00,Rural,Mid,0,0
2026-04-22T00:00:00,Rural,Mid,0,1
2026-04-22T00:00:00,Rural,Mid,0,0
2026-04-22T00:00:00,Rural,Mid,0,0
2026-04-22T00:00:00,Rural,Mid,0,0
2026-04-22T00:00:00,Rural,Mid,0,0
2026-04-22T00:00:00,Rural,Mid,0,0
2026-04-22T00:00:00,Rural,Mid,0,0
2026-04-22T00:00:00,Rural,Mid,0,0
2026-04-22T00:00:00,Rural,Mid,0,0
2026-04-22T00:00:00,Rural,Mid,0,0
2026-04-22T00:00:00,Rural,Mid,0,0
2026-04-22T00:00:00,Rural,Mid,0,0
2026-04-22T00:00:00,Rural,Mid,0,0
2026-04-22T00:00:00,Rural,Mid,0,0
2026-04-22T00:00:00,Rural,Mid,0,0
2026-04-22T00:00:00,Rural,Mid,0,0
2026-04-22T00:00:00,Rural,Mid,0,0
2026-04-22T00:00:00,Rural,Mid,0,0
2026-04-22T00:00:00,Rural,Mid,0,0
2026-04-22T00:00:00,Rural,Mid,0,0
2026-04-22T00:00:00,Rural,Mid,0,0
2026-04-22T00:00:00,Rural,Mid,0,1
2026-04-22T00:00:00,Rural,Mid,0,0
2026-04-22T00:00:00,Rural,Mid,0,0
2026-04-22T00:00:00,Rural,Mid,0,0
2026-04-22T00:00:00,Rural,Mid,0,0
2026-04-22T00:00:00,Rural,Mid,0,0
2026-04-22T00:00:00,Rural,Mid,0,0
2026-04-22T00:00:00,Rural,Mid,0,0
2026-04-22T00:00:00,Rural,Mid,0,0
2026-04-22T00:00:00,Rural,Mid,0,0
2026-04-22T00:00:00,Rural,Mid,0,0
2026-04-22T00:00:00,Rural,Mid,0,0
2026-04-22T00:00:00,Rural,Mid,0,0
2026-04-22T00:00:00,Rural,Mid,0,0
2026-04-22T00:00:00,Rural,Mid,0,0
2026-04-22T00:00:00,Rural,Mid,0,0
2026-04-22T00:00:00,Rural,Mid,0,0
2026-04-22T00:00:00,Rural,Mid,0,0
2026-04-22T00:00:00,Rural,Mid,0,0
2026-04-22T00:00:00,Rural,Mid,0,0
2026-04-22T00:00:00,Rural,Mid,0,0
2026-04-22T00:00:00,Rural,Mid,0,0
2026-04-22T00:00:00,Rural,Mid,0,0
2026-04-22T00:00:00,Rural,Mid,0,0
2026-04-22T00:00:00,Rural,Mid,0,0
2026-04-22T00:00:00,Rural,Mid,0,0
2026-04-22T00:00:00,Rural,Mid,0,0
2026-04-22T00:00:00,Rural,Mid,0,0
2026-04-22T00:00:00,Rural,Mid,0,0
2026-04-22T00:00:00,Rural,Mid,0,0
2026-04-22T00:00:00,Rural,Mid,0,0
2026-04-22T00:00:00,Rural,Mid,0,0
2026-04-22T00:00:00,Rural,Mid,0,0
2026-04-22T00:00:00,Rural,Mid,0,0
2026-04-22T00:00:00,Rural,Mid,0,1
2026-04-22T00:00:00,Rural,Mid,0,0
2026-04-22T00:00:00,Rural,Mid,0,0
2026-04-22T00:00:00,Rural,Mid,0,0
2026-04-22T00:00:00,Rural,Mid,0,0
2026-04-22T00:00:00,Rural,Mid,0,0
2026-04-22T00:00:00,Rural,Mid,0,0
2026-04-22T00:00:00,Rural,Mid,0,0
2026-04-22T00:00:00,Rural,Mid,0,0
2026-04-22T00:00:00,Rural,Mid,0,0
2026-04-22T00:00:00,Rural,Mid,0,0
2026-04-22T00:00:00,Rural,Mid,0,0
2026-04-22T00:00:00,Rural,Mid,0,0
2026-04-22T00:00:00,Rural,Mid,0,0
2026-04-22T00:00:00,Rural,Mid,0,0
2026-04-22T00:00:00,Rural,Mid,0,0
2026-04-22T00:00:00,Rural,Mid,0,0
2026-04-22T00:00:00,Rural,Mid,0,0
2026-04-22T00:00:00,Rural,Mid,0,0
2026-04-22T00:00:00,Rural,Mid,0,0
2026-04-22T00:00:00,Rural,Mid,0,0
2026-04-22T00:00:00,Rural,Mid,0,0
2026-04-22T00:00:00,Rural,Mid,0,0
2026-04-22T00:00:00,Rural,Mid,0,0
2026-04-22T00:00:00,Rural,Mid,0,1
2026-04-22T00:00:00,Rural,Mid,0,0
2026-04-22T00:00:00,Rural,Mid,0,0
2026-04-22T00:00:00,Rural,Mid,0,0
2026-04-22T00:00:00,Rural,Mid,0,0
2026-04-22T00:00:00,Rural,Mid,0,0
2026-04-22T00:00:00,Rural,Mid,0,0
2026-04-22T00:00:00,Rural,Mid,0,0
2026-04-22T00:00:00,Rural,Mid,0,0
2026-04-22T00:00:00,Rural,Mid,0,0
2026-04-22T00:00:00,Rural,Mid,0,0
2026-04-22T00:00:00,Rural,Mid,0,0
2026-04-22T00:00:00,Rural,Mid,0,0
2026-04-22T00:00:00,Rural,Mid,0,0
2026-04-22T00:00:00,Rural,Mid,0,0
2026-04-22T00:00:00,Rural,Mid,0,0
2026-04-22T00:00:00,Rural,Low,1,1
2026-04-22T00:00:00,Rural,Low,1,1
2026-04-22T00:00:00,Rural,Low,1,1
2026-04-22T00:00:00,Rural,Low,1,1
2026-04-22T00:00:00,Rural,Low,1,1
2026-04-22T00:00:00,Rural,Low,1,1
2026-04-22T00:00:00,Rural,Low,1,1
2026-04-22T00:00:00,Rural,Low,1,1
2026-04-22T00:00:00,Rural,Low,1,0
2026-04-22T00:00:00,Rural,Low,1,1
2026-04-22T00:00:00,Rural,Low,1,0
2026-04-22T00:00:00,Rural,Low,1,1
2026-04-22T00:00:00,Rural,Low,1,1
2026-04-22T00:00:00,Rural,Low,1,1
2026-04-22T00:00:00,Rural,Low,1,0
2026-04-22T00:00:00,Rural,Low,1,1
2026-04-22T00:00:00,Rural,Low,1,1
2026-04-22T00:00:00,Rural,Low,1,0
2026-04-22T00:00:00,Rural,Low,1,1
2026-04-22T00:00:00,Rural,Low,1,1
2026-04-22T00:00:00,Rural,Low,1,1
2026-04-22T00:00:00,Rural,Low,1,0
2026-04-22T00:00:00,Rural,Low,1,1
2026-04-22T00:00:00,Rural,Low,1,1
2026-04-22T00:00:00,Rural,Low,1,1
2026-04-22T00:00:00,Rural,Low,1,1
2026-04-22T00:00:00,Rural,Low,1,1
2026-04-22T00:00:00,Rural,Low,1,1
2026-04-22T00:00:00,Rural,Low,1,1
2026-04-22T00:00:00,Rural,Low,1,1
2026-04-22T00:00:00,Rural,Low,1,1
2026-04-22T00:00:00,Rural,Low,1,1
2026-04-22T00:00:00,Rural,Low,1,0
2026-04-22T00:00:00,Rural,Low,1,1
2026-04-22T00:00:00,Rural,Low,1,0
2026-04-22T00:00:00,Rural,Low,1,1
2026-04-22T00:00:00,Rural,Low,0,0
2026-04-22T00:00:00,Rural,Low,0,0
2026-04-22T00:00:00,Rural,Low,0,0
2026-04-22T00:00:00,Rural,Low,0,0
2026-04-22T00:00:00,Rural,Low,0,0
2026-04-22T00:00:00,Rural,Low,0,0
2026-04-22T00:00:00,Rural,Low,0,0
2026-04-22T00:00:00,Rural,Low,0,0
2026-04-22T00:00:00,Rural,Low,0,0
2026-04-22T00:00:00,Rural,Low,0,0
2026-04-22T00:00:00,Rural,Low,0,0
2026-04-22T00:00:00,Rural,Low,0,0
2026-04-22T00:00:00,Rural,Low,0,0
2026-04-22T00:00:00,Rural,Low,0,0
2026-04-22T00:00:00,Rural,Low,0,0
2026-04-22T00:00:00,Rural,Low,0,0
2026-04-22T00:00:00,Rural,Low,0,0
2026-04-22T00:00:00,Rural,Low,0,0
2026-04-22T00:00:00,Rural,Low,0,0
2026-04-22T00:00:00,Rural,Low,0,0
2026-04-22T00:00:00,Rural,Low,0,0
2026-04-22T00:00:00,Rural,Low,0,0
2026-04-22T00:00:00,Rural,Low,0,0
2026-04-22T00:00:00,Rural,Low,0,0
2026-04-22T00:00:00,Rural,Low,0,0
2026-04-22T00:00:00,Rural,Low,0,0
2026-04-22T00:00:00,Rural,Low,0,0
2026-04-22T00:00:00,Rural,Low,0,0
2026-04-22T00:00:00,Rural,Low,0,0
2026-04-22T00:00:00,Rural,Low,0,0
2026-04-22T00:00:00,Rural,Low,0,0
2026-04-22T00:00:00,Rural,Low,0,0
2026-04-22T00:00:00,Rural,Low,0,0
2026-04-22T00:00:00,Rural,Low,0,0
2026-04-22T00:00:00,Rural,Low,0,0
2026-04-22T00:00:00,Rural,Low,0,0
2026-04-22T00:00:00,Rural,Low,0,0
2026-04-22T00:00:00,Rural,Low,0,0
2026-04-22T00:00:00,Rural,Low,0,0
2026-04-22T00:00:00,Rural,Low,0,0
2026-04-22T00:00:00,Rural,Low,0,0
2026-04-22T00:00:00,Rural,Low,0,0
2026-04-22T00:00:00,Rural,Low,0,0
2026-04-22T00:00:00,Rural,Low,0,0
2026-04-22T00:00:00,Rural,Low,0,0
2026-04-22T00:00:00,Rural,Low,0,0
2026-04-22T00:00:00,Rural,Low,0,0
2026-04-22T00:00:00,Rural,Low,0,0
2026-04-22T00:00:00,Rural,Low,0,0
2026-04-22T00:00:00,Rural,Low,0,0
2026-04-22T00:00:00,Rural,Low,0,0
2026-04-22T00:00:00,Rural,Low,0,0
2026-04-22T00:00:00,Rural,Low,0,0
2026-04-22T00:00:00,Rural,Low,0,0
2026-04-22T00:00:00,Rural,Low,0,0
2026-04-22T00:00:00,Rural,Low,0,0
2026-04-22T00:00:00,Rural,Low,0,0
2026-04-22T00:00:00,Rural,Low,0,0
2026-04-22T00:00:00,Rural,Low,0,0
2026-04-22T00:00:00,Rural,Low,0,0
2026-04-22T00:00:00,Rural,Low,0,0
2026-04-22T00:00:00,Rural,Low,0,0
2026-04-22T00:00:00,Rural,Low,0,0
2026-04-22T00:00:00,Rural,Low,0,0
2026-04-22T00:00:00,Rural,Low,0,0
2026-04-22T00:00:00,Rural,Low,0,0
2026-04-22T00:00:00,Rural,Low,0,0
2026-04-22T00:00:00,Rural,Low,0,0
2026-04-22T00:00:00,Rural,Low,0,0
2026-04-22T00:00:00,Rural,Low,0,0
2026-04-22T00:00:00,Rural,Low,0,0
2026-04-22T00:00:00,Rural,Low,0,0
2026-04-22T00:00:00,Rural,Low,0,0
2026-04-22T00:00:00,Rural,Low,0,0
2026-04-22T00:00:00,Rural,Low,0,0
2026-04-22T00:00:00,Rural,Low,0,0
2026-04-22T00:00:00,Rural,Low,0,1
2026-04-22T00:00:00,Rural,Low,0,0
2026-04-22T00:00:00,Rural,Low,0,0
2026-04-22T00:00:00,Rural,Low,0,0
2026-04-22T00:00:00,Rural,Low,0,0
2026-04-22T00:00:00,Rural,Low,0,0
2026-04-22T00:00:00,Rural,Low,0,0
2026-04-22T00:00:00,Rural,Low,0,0
2026-04-22T00:00:00,Rural,Low,0,0
2026-04-22T00:00:00,Rural,Low,0,0
2026-04-22T00:00:00,Rural,Low,0,0
2026-04-22T00:00:00,Rural,Low,0,0
2026-04-22T00:00:00,Rural,Low,0,0
2026-04-22T00:00:00,Rural,Low,0,0
2026-04-22T00:00:00,Rural,Low,0,0
2026-04-22T00:00:00,Rural,Low,0,0
2026-04-22T00:00:00,Rural,Low,0,0
2026-04-22T00:00:00,Rural,Low,0,0
2026-04-22T00:00:00,Rural,Low,0,0
2026-04-22T00:00:00,Rural,Low,0,0
2026-04-22T00:00:00,Rural,Low,0,0
2026-04-22T00:00:00,Rural,Low,0,0
2026-04-22T00:00:00,Rural,Low,0,0
2026-04-22T00:00:00,Rural,Low,0,0
2026-04-22T00:00:00,Rural,Low,0,0
2026-04-23T00:00:00,Urban,High,1,1
2026-04-23T00:00:00,Urban,High,1,1
2026-04-23T00:00:00,Urban,High,1,1
2026-04-23T00:00:00,Urban,High,1,1
2026-04-23T00:00:00,Urban,High,1,1
2026-04-23T00:00:00,Urban,High,1,1
2026-04-23T00:00:00,Urban,High,1,1
2026-04-23T00:00:00,Urban,High,1,1
2026-04-23T00:00:00,Urban,High,1,1
2026-04-23T00:00:00,Urban,High,1,1
2026-04-23T00:00:00,Urban,High,1,1
2026-04-23T00:00:00,Urban,High,1,1
2026-04-23T00:00:00,Urban,High,1,1
2026-04-23T00:00:00,Urban,High,1,1
2026-04-23T00:00:00,Urban,High,1,1
2026-04-23T00:00:00,Urban,High,1,1
2026-04-23T00:00:00,Urban,High,1,1
2026-04-23T00:00:00,Urban,High,1,1
2026-04-23T00:00:00,Urban,High,1,1
2026-04-23T00:00:00,Urban,High,1,1
2026-04-23T00:00:00,Urban,High,1,1
2026-04-23T00:00:00,Urban,High,1,1
2026-04-23T00:00:00,Urban,High,1,1
2026-04-23T00:00:00,Urban,High,1,1
2026-04-23T00:00:00,Urban,High,1,1
2026-04-23T00:00:00,Urban,High,1,1
2026-04-23T00:00:00,Urban,High,1,1
2026-04-23T00:00:00,Urban,High,1,1
2026-04-23T00:00:00,Urban,High,1,1
2026-04-23T00:00:00,Urban,High,1,1
2026-04-23T00:00:00,Urban,High,1,1
2026-04-23T00:00:00,Urban,High,1,1
2026-04-23T00:00:00,Urban,High,1,1
2026-04-23T00:00:00,Urban,High,1,1
2026-04-23T00:00:00,Urban,High,1,1
2026-04-23T00:00:00,Urban,High,1,1
2026-04-23T00:00:00,Urban,High,1,1
2026-04-23T00:00:00,Urban,High,1,1
2026-04-23T00:00:00,Urban,High,1,1
2026-04-23T00:00:00,Urban,High,1,1
2026-04-23T00:00:00,Urban,High,1,1
2026-04-23T00:00:00,Urban,High,1,1
2026-04-23T00:00:00,Urban,High,1,1
2026-04-23T00:00:00,Urban,High,1,1
2026-04-23T00:00:00,Urban,High,1,1
2026-04-23T00:00:00,Urban,High,1,1
2026-04-23T00:00:00,Urban,High,1,1
2026-04-23T00:00:00,Urban,High,1,0
2026-04-23T00:00:00,Urban,High,1,1
2026-04-23T00:00:00,Urban,High,1,1
2026-04-23T00:00:00,Urban,High,1,1
2026-04-23T00:00:00,Urban,High,1,1
2026-04-23T00:00:00,Urban,High,1,1
2026-04-23T00:00:00,Urban,High,1,1
2026-04-23T00:00:00,Urban,High,1,1
2026-04-23T00:00:00,Urban,High,1,1
2026-04-23T00:00:00,Urban,High,1,1
2026-04-23T00:00:00,Urban,High,1,1
2026-04-23T00:00:00,Urban,High,1,1
2026-04-23T00:00:00,Urban,High,1,1
2026-04-23T00:00:00,Urban,High,1,1
2026-04-23T00:00:00,Urban,High,1,1
2026-04-23T00:00:00,Urban,High,1,1
2026-04-23T00:00:00,Urban,High,0,1
2026-04-23T00:00:00,Urban,High,0,0
2026-04-23T00:00:00,Urban,High,0,0
2026-04-23T00:00:00,Urban,High,0,1
2026-04-23T00:00:00,Urban,High,0,1
2026-04-23T00:00:00,Urban,High,0,0
2026-04-23T00:00:00,Urban,High,0,0
2026-04-23T00:00:00,Urban,High,0,0
2026-04-23T00:00:00,Urban,High,0,0
2026-04-23T00:00:00,Urban,High,0,0
2026-04-23T00:00:00,Urban,High,0,0
2026-04-23T00:00:00,Urban,High,0,0
2026-04-23T00:00:00,Urban,High,0,0
2026-04-23T00:00:00,Urban,High,0,0
2026-04-23T00:00:00,Urban,High,0,0
2026-04-23T00:00:00,Urban,High,0,0
2026-04-23T00:00:00,Urban,High,0,0
2026-04-23T00:00:00,Urban,High,0,0
2026-04-23T00:00:00,Urban,High,0,0
2026-04-23T00:00:00,Urban,High,0,0
2026-04-23T00:00:00,Urban,High,0,0
2026-04-23T00:00:00,Urban,High,0,0
2026-04-23T00:00:00,Urban,High,0,0
2026-04-23T00:00:00,Urban,High,0,1
2026-04-23T00:00:00,Urban,High,0,0
2026-04-23T00:00:00,Urban,High,0,0
2026-04-23T00:00:00,Urban,High,0,0
2026-04-23T00:00:00,Urban,High,0,0
2026-04-23T00:00:00,Urban,High,0,0
2026-04-23T00:00:00,Urban,High,0,0
2026-04-23T00:00:00,Urban,High,0,0
2026-04-23T00:00:00,Urban,High,0,0
2026-04-23T00:00:00,Urban,High,0,0
2026-04-23T00:00:00,Urban,High,0,0
2026-04-23T00:00:00,Urban,High,0,0
2026-04-23T00:00:00,Urban,High,0,0
2026-04-23T00:00:00,Urban,High,0,1
2026-04-23T00:00:00,Urban,High,0,0
2026-04-23T00:00:00,Urban,High,0,1
2026-04-23T00:00:00,Urban,High,0,0
2026-04-23T00:00:00,Urban,High,0,0
2026-04-23T00:00:00,Urban,High,0,0
2026-04-23T00:00:00,Urban,High,0,0
2026-04-23T00:00:00,Urban,High,0,0
2026-04-23T00:00:00,Urban,High,0,0
2026-04-23T00:00:00,Urban,High,0,1
2026-04-23T00:00:00,Urban,High,0,0
2026-04-23T00:00:00,Urban,High,0,1
2026-04-23T00:00:00,Urban,High,0,0
2026-04-23T00:00:00,Urban,High,0,1
2026-04-23T00:00:00,Urban,High,0,0
2026-04-23T00:00:00,Urban,High,0,0
2026-04-23T00:00:00,Urban,High,0,0
2026-04-23T00:00:00,Urban,High,0,0
2026-04-23T00:00:00,Urban,High,0,0
2026-04-23T00:00:00,Urban,High,0,0
2026-04-23T00:00:00,Urban,High,0,0
2026-04-23T00:00:00,Urban,High,0,0
2026-04-23T00:00:00,Urban,High,0,0
2026-04-23T00:00:00,Urban,High,0,0
2026-04-23T00:00:00,Urban,High,0,0
2026-04-23T00:00:00,Urban,High,0,0
2026-04-23T00:00:00,Urban,High,0,0
2026-04-23T00:00:00,Urban,High,0,0
2026-04-23T00:00:00,Urban,High,0,0
2026-04-23T00:00:00,Urban,High,0,0
2026-04-23T00:00:00,Urban,High,0,0
2026-04-23T00:00:00,Urban,High,0,0
2026-04-23T00:00:00,Urban,High,0,0
2026-04-23T00:00:00,Urban,High,0,0
2026-04-23T00:00:00,Urban,High,0,0
2026-04-23T00:00:00,Urban,High,0,0
2026-04-23T00:00:00,Urban,High,0,0
2026-04-23T00:00:00,Urban,High,0,0
2026-04-23T00:00:00,Urban,High,0,0
2026-04-23T00:00:00,Urban,High,0,0
2026-04-23T00:00:00,Urban,High,0,0
2026-04-23T00:00:00,Urban,High,0,0
2026-04-23T00:00:00,Urban,High,0,0
2026-04-23T00:00:00,Urban,High,0,1
2026-04-23T00:00:00,Urban,High,0,1
2026-04-23T00:00:00,Urban,High,0,0
2026-04-23T00:00:00,Urban,High,0,0
2026-04-23T00:00:00,Urban,High,0,0
2026-04-23T00:00:00,Urban,High,0,0
2026-04-23T00:00:00,Urban,High,0,0
2026-04-23T00:00:00,Urban,High,0,0
2026-04-23T00:00:00,Urban,High,0,0
2026-04-23T00:00:00,Urban,Mid,1,1
2026-04-23T00:00:00,Urban,Mid,1,1
2026-04-23T00:00:00,Urban,Mid,1,1
2026-04-23T00:00:00,Urban,Mid,1,1
2026-04-23T00:00:00,Urban,Mid,1,1
2026-04-23T00:00:00,Urban,Mid,1,1
2026-04-23T00:00:00,Urban,Mid,1,1
2026-04-23T00:00:00,Urban,Mid,1,1
2026-04-23T00:00:00,Urban,Mid,1,1
2026-04-23T00:00:00,Urban,Mid,1,0
2026-04-23T00:00:00,Urban,Mid,1,1
2026-04-23T00:00:00,Urban,Mid,1,1
2026-04-23T00:00:00,Urban,Mid,1,1
2026-04-23T00:00:00,Urban,Mid,1,1
2026-04-23T00:00:00,Urban,Mid,1,1
2026-04-23T00:00:00,Urban,Mid,1,1
2026-04-23T00:00:00,Urban,Mid,1,0
2026-04-23T00:00:00,Urban,Mid,1,1
2026-04-23T00:00:00,Urban,Mid,1,1
2026-04-23T00:00:00,Urban,Mid,1,1
2026-04-23T00:00:00,Urban,Mid,1,1
2026-04-23T00:00:00,Urban,Mid,1,1
2026-04-23T00:00:00,Urban,Mid,1,1
2026-04-23T00:00:00,Urban,Mid,1,1
2026-04-23T00:00:00,Urban,Mid,1,1
2026-04-23T00:00:00,Urban,Mid,1,1
2026-04-23T00:00:00,Urban,Mid,1,1
2026-04-23T00:00:00,Urban,Mid,1,1
2026-04-23T00:00:00,Urban,Mid,1,1
2026-04-23T00:00:00,Urban,Mid,1,1
2026-04-23T00:00:00,Urban,Mid,1,1
2026-04-23T00:00:00,Urban,Mid,1,1
2026-04-23T00:00:00,Urban,Mid,1,1
2026-04-23T00:00:00,Urban,Mid,1,1
2026-04-23T00:00:00,Urban,Mid,1,1
2026-04-23T00:00:00,Urban,Mid,1,0
2026-04-23T00:00:00,Urban,Mid,1,1
2026-04-23T00:00:00,Urban,Mid,1,1
2026-04-23T00:00:00,Urban,Mid,1,1
2026-04-23T00:00:00,Urban,Mid,1,1
2026-04-23T00:00:00,Urban,Mid,1,1
2026-04-23T00:00:00,Urban,Mid,1,1
2026-04-23T00:00:00,Urban,Mid,1,1
2026-04-23T00:00:00,Urban,Mid,1,1
2026-04-23T00:00:00,Urban,Mid,0,0
2026-04-23T00:00:00,Urban,Mid,0,0
2026-04-23T00:00:00,Urban,Mid,0,0
2026-04-23T00:00:00,Urban,Mid,0,0
2026-04-23T00:00:00,Urban,Mid,0,1
2026-04-23T00:00:00,Urban,Mid,0,0
2026-04-23T00:00:00,Urban,Mid,0,0
2026-04-23T00:00:00,Urban,Mid,0,0
2026-04-23T00:00:00,Urban,Mid,0,0
2026-04-23T00:00:00,Urban,Mid,0,0
2026-04-23T00:00:00,Urban,Mid,0,0
2026-04-23T00:00:00,Urban,Mid,0,0
2026-04-23T00:00:00,Urban,Mid,0,0
2026-04-23T00:00:00,Urban,Mid,0,0
2026-04-23T00:00:00,Urban,Mid,0,0
2026-04-23T00:00:00,Urban,Mid,0,0
2026-04-23T00:00:00,Urban,Mid,0,0
2026-04-23T00:00:00,Urban,Mid,0,0
2026-04-23T00:00:00,Urban,Mid,0,0
2026-04-23T00:00:00,Urban,Mid,0,0
2026-04-23T00:00:00,Urban,Mid,0,0
2026-04-23T00:00:00,Urban,Mid,0,0
2026-04-23T00:00:00,Urban,Mid,0,0
2026-04-23T00:00:00,Urban,Mid,0,0
2026-04-23T00:00:00,Urban,Mid,0,0
2026-04-23T00:00:00,Urban,Mid,0,0
2026-04-23T00:00:00,Urban,Mid,0,0
2026-04-23T00:00:00,Urban,Mid,0,0
2026-04-23T00:00:00,Urban,Mid,0,0
2026-04-23T00:00:00,Urban,Mid,0,0
2026-04-23T00:00:00,Urban,Mid,0,0
2026-04-23T00:00:00,Urban,Mid,0,0
2026-04-23T00:00:00,Urban,Mid,0,0
2026-04-23T00:00:00,Urban,Mid,0,0
2026-04-23T00:00:00,Urban,Mid,0,0
2026-04-23T00:00:00,Urban,Mid,0,0
2026-04-23T00:00:00,Urban,Mid,0,0
2026-04-23T00:00:00,Urban,Mid,0,0
2026-04-23T00:00:00,Urban,Mid,0,0
2026-04-23T00:00:00,Urban,Mid,0,0
2026-04-23T00:00:00,Urban,Mid,0,0
2026-04-23T00:00:00,Urban,Mid,0,0
2026-04-23T00:00:00,Urban,Mid,0,0
2026-04-23T00:00:00,Urban,Mid,0,0
2026-04-23T00:00:00,Urban,Mid,0,0
2026-04-23T00:00:00,Urban,Mid,0,0
2026-04-23T00:00:00,Urban,Mid,0,0
2026-04-23T00:00:00,Urban,Mid,0,0
2026-04-23T00:00:00,Urban,Mid,0,0
2026-04-23T00:00:00,Urban,Mid,0,0
2026-04-23T00:00:00,Urban,Mid,0,0
2026-04-23T00:00:00,Urban,Mid,0,0
2026-04-23T00:00:00,Urban,Mid,0,1
2026-04-23T00:00:00,Urban,Mid,0,0
2026-04-23T00:00:00,Urban,Mid,0,0
2026-04-23T00:00:00,Urban,Mid,0,0
2026-04-23T00:00:00,Urban,Mid,0,0
2026-04-23T00:00:00,Urban,Mid,0,0
2026-04-23T00:00:00,Urban,Mid,0,0
2026-04-23T00:00:00,Urban,Mid,0,0
2026-04-23T00:00:00,Urban,Mid,0,0
2026-04-23T00:00:00,Urban,Mid,0,0
2026-04-23T00:00:00,Urban,Mid,0,0
2026-04-23T00:00:00,Urban,Mid,0,0
2026-04-23T00:00:00,Urban,Mid,0,0
2026-04-23T00:00:00,Urban,Mid,0,0
2026-04-23T00:00:00,Urban,Mid,0,0
2026-04-23T00:00:00,Urban,Mid,0,0
2026-04-23T00:00:00,Urban,Mid,0,0
2026-04-23T00:00:00,Urban,Mid,0,0
2026-04-23T00:00:00,Urban,Mid,0,0
2026-04-23T00:00:00,Urban,Mid,0,0
2026-04-23T00:00:00,Urban,Mid,0,0
2026-04-23T00:00:00,Urban,Mid,0,0
2026-04-23T00:00:00,Urban,Mid,0,0
2026-04-23T00:00:00,Urban,Mid,0,0
2026-04-23T00:00:00,Urban,Mid,0,0
2026-04-23T00:00:00,Urban,Mid,0,0
2026-04-23T00:00:00,Urban,Mid,0,0
2026-04-23T00:00:00,Urban,Mid,0,0
2026-04-23T00:00:00,Urban,Mid,0,0
2026-04-23T00:00:00,Urban,Mid,0,0
2026-04-23T00:00:00,Urban,Mid,0,0
2026-04-23T00:00:00,Urban,Mid,0,0
2026-04-23T00:00:00,Urban,Mid,0,0
2026-04-23T00:00:00,Urban,Mid,0,0
2026-04-23T00:00:00,Urban,Mid,0,0
2026-04-23T00:00:00,Urban,Mid,0,0
2026-04-23T00:00:00,Urban,Mid,0,0
2026-04-23T00:00:00,Urban,Low,1,0
2026-04-23T00:00:00,Urban,Low,1,1
2026-04-23T00:00:00,Urban,Low,1,1
2026-04-23T00:00:00,Urban,Low,1,1
2026-04-23T00:00:00,Urban,Low,1,1
2026-04-23T00:00:00,Urban,Low,1,1
2026-04-23T00:00:00,Urban,Low,1,1
2026-04-23T00:00:00,Urban,Low,1,1
2026-04-23T00:00:00,Urban,Low,1,1
2026-04-23T00:00:00,Urban,Low,1,1
2026-04-23T00:00:00,Urban,Low,1,1
2026-04-23T00:00:00,Urban,Low,1,1
2026-04-23T00:00:00,Urban,Low,1,1
2026-04-23T00:00:00,Urban,Low,1,1
2026-04-23T00:00:00,Urban,Low,1,1
2026-04-23T00:00:00,Urban,Low,1,1
2026-04-23T00:00:00,Urban,Low,1,1
2026-04-23T00:00:00,Urban,Low,1,1
2026-04-23T00:00:00,Urban,Low,1,1
2026-04-23T00:00:00,Urban,Low,1,1
2026-04-23T00:00:00,Urban,Low,1,1
2026-04-23T00:00:00,Urban,Low,1,1
2026-04-23T00:00:00,Urban,Low,1,1
2026-04-23T00:00:00,Urban,Low,1,1
2026-04-23T00:00:00,Urban,Low,1,1
2026-04-23T00:00:00,Urban,Low,1,1
2026-04-23T00:00:00,Urban,Low,1,1
2026-04-23T00:00:00,Urban,Low,1,1
2026-04-23T00:00:00,Urban,Low,1,1
2026-04-23T00:00:00,Urban,Low,1,1
2026-04-23T00:00:00,Urban,Low,1,1
2026-04-23T00:00:00,Urban,Low,1,1
2026-04-23T00:00:00,Urban,Low,1,1
2026-04-23T00:00:00,Urban,Low,1,1
2026-04-23T00:00:00,Urban,Low,1,1
2026-04-23T00:00:00,Urban,Low,1,1
2026-04-23T00:00:00,Urban,Low,1,0
2026-04-23T00:00:00,Urban,Low,1,1
2026-04-23T00:00:00,Urban,Low,1,1
2026-04-23T00:00:00,Urban,Low,1,1
2026-04-23T00:00:00,Urban,Low,1,1
2026-04-23T00:00:00,Urban,Low,1,0
2026-04-23T00:00:00,Urban,Low,1,1
2026-04-23T00:00:00,Urban,Low,1,1
2026-04-23T00:00:00,Urban,Low,1,1
2026-04-23T00:00:00,Urban,Low,1,1
2026-04-23T00:00:00,Urban,Low,1,1
2026-04-23T00:00:00,Urban,Low,1,1
2026-04-23T00:00:00,Urban,Low,0,0
2026-04-23T00:00:00,Urban,Low,0,0
2026-04-23T00:00:00,Urban,Low,0,0
2026-04-23T00:00:00,Urban,Low,0,0
2026-04-23T00:00:00,Urban,Low,0,0
2026-04-23T00:00:00,Urban,Low,0,0
2026-04-23T00:00:00,Urban,Low,0,0
2026-04-23T00:00:00,Urban,Low,0,0
2026-04-23T00:00:00,Urban,Low,0,0
2026-04-23T00:00:00,Urban,Low,0,0
2026-04-23T00:00:00,Urban,Low,0,0
2026-04-23T00:00:00,Urban,Low,0,0
2026-04-23T00:00:00,Urban,Low,0,0
2026-04-23T00:00:00,Urban,Low,0,0
2026-04-23T00:00:00,Urban,Low,0,0
2026-04-23T00:00:00,Urban,Low,0,0
2026-04-23T00:00:00,Urban,Low,0,0
2026-04-23T00:00:00,Urban,Low,0,0
2026-04-23T00:00:00,Urban,Low,0,0
2026-04-23T00:00:00,Urban,Low,0,0
2026-04-23T00:00:00,Urban,Low,0,0
2026-04-23T00:00:00,Urban,Low,0,0
2026-04-23T00:00:00,Urban,Low,0,0
2026-04-23T00:00:00,Urban,Low,0,0
2026-04-23T00:00:00,Urban,Low,0,0
2026-04-23T00:00:00,Urban,Low,0,0
2026-04-23T00:00:00,Urban,Low,0,0
2026-04-23T00:00:00,Urban,Low,0,0
2026-04-23T00:00:00,Urban,Low,0,0
2026-04-23T00:00:00,Urban,Low,0,0
2026-04-23T00:00:00,Urban,Low,0,0
2026-04-23T00:00:00,Urban,Low,0,0
2026-04-23T00:00:00,Urban,Low,0,0
2026-04-23T00:00:00,Urban,Low,0,0
2026-04-23T00:00:00,Urban,Low,0,0
2026-04-23T00:00:00,Urban,Low,0,0
2026-04-23T00:00:00,Urban,Low,0,0
2026-04-23T00:00:00,Urban,Low,0,0
2026-04-23T00:00:00,Urban,Low,0,0
2026-04-23T00:00:00,Urban,Low,0,0
2026-04-23T00:00:00,Urban,Low,0,0
2026-04-23T00:00:00,Urban,Low,0,0
2026-04-23T00:00:00,Urban,Low,0,0
2026-04-23T00:00:00,Urban,Low,0,0
2026-04-23T00:00:00,Urban,Low,0,0
2026-04-23T00:00:00,Urban,Low,0,0
2026-04-23T00:00:00,Urban,Low,0,0
2026-04-23T00:00:00,Urban,Low,0,0
2026-04-23T00:00:00,Urban,Low,0,0
2026-04-23T00:00:00,Urban,Low,0,0
2026-04-23T00:00:00,Urban,Low,0,0
2026-04-23T00:00:00,Urban,Low,0,0
2026-04-23T00:00:00,Urban,Low,0,0
2026-04-23T00:00:00,Urban,Low,0,0
2026-04-23T00:00:00,Urban,Low,0,0
2026-04-23T00:00:00,Urban,Low,0,0
2026-04-23T00:00:00,Urban,Low,0,0
2026-04-23T00:00:00,Urban,Low,0,0
2026-04-23T00:00:00,Urban,Low,0,0
2026-04-23T00:00:00,Urban,Low,0,0
2026-04-23T00:00:00,Urban,Low,0,0
2026-04-23T00:00:00,Urban,Low,0,0
2026-04-23T00:00:00,Urban,Low,0,1
2026-04-23T00:00:00,Urban,Low,0,1
2026-04-23T00:00:00,Urban,Low,0,0
2026-04-23T00:00:00,Urban,Low,0,0
2026-04-23T00:00:00,Urban,Low,0,0
2026-04-23T00:00:00,Urban,Low,0,0
2026-04-23T00:00:00,Urban,Low,0,0
2026-04-23T00:00:00,Urban,Low,0,0
2026-04-23T00:00:00,Urban,Low,0,0
2026-04-23T00:00:00,Urban,Low,0,0
2026-04-23T00:00:00,Urban,Low,0,0
2026-04-23T00:00:00,Urban,Low,0,0
2026-04-23T00:00:00,Urban,Low,0,0
2026-04-23T00:00:00,Urban,Low,0,0
2026-04-23T00:00:00,Urban,Low,0,0
2026-04-23T00:00:00,Urban,Low,0,0
2026-04-23T00:00:00,Urban,Low,0,0
2026-04-23T00:00:00,Urban,Low,0,0
2026-04-23T00:00:00,Urban,Low,0,0
2026-04-23T00:00:00,Urban,Low,0,0
2026-04-23T00:00:00,Urban,Low,0,0
2026-04-23T00:00:00,Urban,Low,0,0
2026-04-23T00:00:00,Urban,Low,0,0
2026-04-23T00:00:00,Urban,Low,0,0
2026-04-23T00:00:00,Urban,Low,0,0
2026-04-23T00:00:00,Urban,Low,0,0
2026-04-23T00:00:00,Urban,Low,0,0
2026-04-23T00:00:00,Urban,Low,0,0
2026-04-23T00:00:00,Urban,Low,0,0
2026-04-23T00:00:00,Urban,Low,0,0
2026-04-23T00:00:00,Urban,Low,0,0
2026-04-23T00:00:00,Urban,Low,0,0
2026-04-23T00:00:00,Rural,High,1,1
2026-04-23T00:00:00,Rural,High,1,1
2026-04-23T00:00:00,Rural,High,1,1
2026-04-23T00:00:00,Rural,High,1,1
2026-04-23T00:00:00,Rural,High,1,1
2026-04-23T00:00:00,Rural,High,1,0
2026-04-23T00:00:00,Rural,High,1,1
2026-04-23T00:00:00,Rural,High,1,1
2026-04-23T00:00:00,Rural,High,1,1
2026-04-23T00:00:00,Rural,High,1,1
2026-04-23T00:00:00,Rural,High,1,1
2026-04-23T00:00:00,Rural,High,1,1
2026-04-23T00:00:00,Rural,High,1,1
2026-04-23T00:00:00,Rural,High,1,1
2026-04-23T00:00:00,Rural,High,1,1
2026-04-23T00:00:00,Rural,High,1,1
2026-04-23T00:00:00,Rural,High,1,1
2026-04-23T00:00:00,Rural,High,1,1
2026-04-23T00:00:00,Rural,High,1,1
2026-04-23T00:00:00,Rural,High,1,1
2026-04-23T00:00:00,Rural,High,1,1
2026-04-23T00:00:00,Rural,High,1,1
2026-04-23T00:00:00,Rural,High,1,1
2026-04-23T00:00:00,Rural,High,1,0
2026-04-23T00:00:00,Rural,High,1,1
2026-04-23T00:00:00,Rural,High,1,1
2026-04-23T00:00:00,Rural,High,1,1
2026-04-23T00:00:00,Rural,High,1,1
2026-04-23T00:00:00,Rural,High,1,1
2026-04-23T00:00:00,Rural,High,1,1
2026-04-23T00:00:00,Rural,High,1,1
2026-04-23T00:00:00,Rural,High,1,1
2026-04-23T00:00:00,Rural,High,1,1
2026-04-23T00:00:00,Rural,High,1,1
2026-04-23T00:00:00,Rural,High,1,1
2026-04-23T00:00:00,Rural,High,1,1
2026-04-23T00:00:00,Rural,High,1,1
2026-04-23T00:00:00,Rural,High,1,1
2026-04-23T00:00:00,Rural,High,1,1
2026-04-23T00:00:00,Rural,High,1,1
2026-04-23T00:00:00,Rural,High,1,1
2026-04-23T00:00:00,Rural,High,1,1
2026-04-23T00:00:00,Rural,High,1,1
2026-04-23T00:00:00,Rural,High,1,1
2026-04-23T00:00:00,Rural,High,1,1
2026-04-23T00:00:00,Rural,High,1,0
2026-04-23T00:00:00,Rural,High,1,1
2026-04-23T00:00:00,Rural,High,1,1
2026-04-23T00:00:00,Rural,High,1,1
2026-04-23T00:00:00,Rural,High,1,1
2026-04-23T00:00:00,Rural,High,1,1
2026-04-23T00:00:00,Rural,High,1,1
2026-04-23T00:00:00,Rural,High,1,1
2026-04-23T00:00:00,Rural,High,1,1
2026-04-23T00:00:00,Rural,High,1,1
2026-04-23T00:00:00,Rural,High,0,0
2026-04-23T00:00:00,Rural,High,0,0
2026-04-23T00:00:00,Rural,High,0,0
2026-04-23T00:00:00,Rural,High,0,0
2026-04-23T00:00:00,Rural,High,0,0
2026-04-23T00:00:00,Rural,High,0,1
2026-04-23T00:00:00,Rural,High,0,0
2026-04-23T00:00:00,Rural,High,0,0
2026-04-23T00:00:00,Rural,High,0,0
2026-04-23T00:00:00,Rural,High,0,0
2026-04-23T00:00:00,Rural,High,0,0
2026-04-23T00:00:00,Rural,High,0,0
2026-04-23T00:00:00,Rural,High,0,0
2026-04-23T00:00:00,Rural,High,0,1
2026-04-23T00:00:00,Rural,High,0,0
2026-04-23T00:00:00,Rural,High,0,1
2026-04-23T00:00:00,Rural,High,0,0
2026-04-23T00:00:00,Rural,High,0,0
2026-04-23T00:00:00,Rural,High,0,0
2026-04-23T00:00:00,Rural,High,0,0
2026-04-23T00:00:00,Rural,High,0,0
2026-04-23T00:00:00,Rural,High,0,0
2026-04-23T00:00:00,Rural,High,0,0
2026-04-23T00:00:00,Rural,High,0,0
2026-04-23T00:00:00,Rural,High,0,0
2026-04-23T00:00:00,Rural,High,0,0
2026-04-23T00:00:00,Rural,High,0,0
2026-04-23T00:00:00,Rural,High,0,0
2026-04-23T00:00:00,Rural,High,0,0
2026-04-23T00:00:00,Rural,High,0,0
2026-04-23T00:00:00,Rural,High,0,0
2026-04-23T00:00:00,Rural,High,0,0
2026-04-23T00:00:00,Rural,High,0,0
2026-04-23T00:00:00,Rural,High,0,0
2026-04-23T00:00:00,Rural,High,0,0
2026-04-23T00:00:00,Rural,High,0,0
2026-04-23T00:00:00,Rural,High,0,0
2026-04-23T00:00:00,Rural,High,0,0
2026-04-23T00:00:00,Rural,High,0,0
2026-04-23T00:00:00,Rural,High,0,0
2026-04-23T00:00:00,Rural,High,0,0
2026-04-23T00:00:00,Rural,High,0,0
2026-04-23T00:00:00,Rural,High,0,0
2026-04-23T00:00:00,Rural,High,0,0
2026-04-23T00:00:00,Rural,High,0,0
2026-04-23T00:00:00,Rural,High,0,0
2026-04-23T00:00:00,Rural,High,0,0
2026-04-23T00:00:00,Rural,High,0,0
2026-04-23T00:00:00,Rural,High,0,0
2026-04-23T00:00:00,Rural,High,0,0
2026-04-23T00:00:00,Rural,High,0,0
2026-04-23T00:00:00,Rural,High,0,0
2026-04-23T00:00:00,Rural,High,0,0
2026-04-23T00:00:00,Rural,High,0,0
2026-04-23T00:00:00,Rural,High,0,0
2026-04-23T00:00:00,Rural,High,0,0
2026-04-23T00:00:00,Rural,High,0,0
2026-04-23T00:00:00,Rural,High,0,0
2026-04-23T00:00:00,Rural,High,0,1
2026-04-23T00:00:00,Rural,High,0,0
2026-04-23T00:00:00,Rural,High,0,0
2026-04-23T00:00:00,Rural,High,0,0
2026-04-23T00:00:00,Rural,High,0,0
2026-04-23T00:00:00,Rural,High,0,0
2026-04-23T00:00:00,Rural,High,0,0
2026-04-23T00:00:00,Rural,High,0,0
2026-04-23T00:00:00,Rural,High,0,0
2026-04-23T00:00:00,Rural,High,0,0
2026-04-23T00:00:00,Rural,High,0,0
2026-04-23T00:00:00,Rural,High,0,0
2026-04-23T00:00:00,Rural,High,0,0
2026-04-23T00:00:00,Rural,High,0,0
2026-04-23T00:00:00,Rural,High,0,0
2026-04-23T00:00:00,Rural,High,0,0
2026-04-23T00:00:00,Rural,High,0,0
2026-04-23T00:00:00,Rural,High,0,0
2026-04-23T00:00:00,Rural,High,0,0
2026-04-23T00:00:00,Rural,High,0,0
2026-04-23T00:00:00,Rural,High,0,0
2026-04-23T00:00:00,Rural,High,0,0
2026-04-23T00:00:00,Rural,High,0,0
2026-04-23T00:00:00,Rural,High,0,0
2026-04-23T00:00:00,Rural,High,0,0
2026-04-23T00:00:00,Rural,High,0,0
2026-04-23T00:00:00,Rural,High,0,1
2026-04-23T00:00:00,Rural,High,0,0
2026-04-23T00:00:00,Rural,High,0,0
2026-04-23T00:00:00,Rural,High,0,1
2026-04-23T00:00:00,Rural,High,0,0
2026-04-23T00:00:00,Rural,High,0,0
2026-04-23T00:00:00,Rural,High,0,0
2026-04-23T00:00:00,Rural,High,0,0
2026-04-23T00:00:00,Rural,High,0,0
2026-04-23T00:00:00,Rural,High,0,0
2026-04-23T00:00:00,Rural,High,0,0
2026-04-23T00:00:00,Rural,High,0,0
2026-04-23T00:00:00,Rural,High,0,0
2026-04-23T00:00:00,Rural,High,0,0
2026-04-23T00:00:00,Rural,High,0,0
2026-04-23T00:00:00,Rural,High,0,0
2026-04-23T00:00:00,Rural,High,0,0
2026-04-23T00:00:00,Rural,High,0,0
2026-04-23T00:00:00,Rural,High,0,0
2026-04-23T00:00:00,Rural,Mid,1,1
2026-04-23T00:00:00,Rural,Mid,1,1
2026-04-23T00:00:00,Rural,Mid,1,1
2026-04-23T00:00:00,Rural,Mid,1,1
2026-04-23T00:00:00,Rural,Mid,1,1
2026-04-23T00:00:00,Rural,Mid,1,1
2026-04-23T00:00:00,Rural,Mid,1,1
2026-04-23T00:00:00,Rural,Mid,1,1
2026-04-23T00:00:00,Rural,Mid,1,1
2026-04-23T00:00:00,Rural,Mid,1,1
2026-04-23T00:00:00,Rural,Mid,1,1
2026-04-23T00:00:00,Rural,Mid,1,1
2026-04-23T00:00:00,Rural,Mid,1,1
2026-04-23T00:00:00,Rural,Mid,1,1
2026-04-23T00:00:00,Rural,Mid,1,1
2026-04-23T00:00:00,Rural,Mid,1,1
2026-04-23T00:00:00,Rural,Mid,1,1
2026-04-23T00:00:00,Rural,Mid,1,1
2026-04-23T00:00:00,Rural,Mid,1,0
2026-04-23T00:00:00,Rural,Mid,1,1
2026-04-23T00:00:00,Rural,Mid,1,1
2026-04-23T00:00:00,Rural,Mid,1,0
2026-04-23T00:00:00,Rural,Mid,1,1
2026-04-23T00:00:00,Rural,Mid,1,1
2026-04-23T00:00:00,Rural,Mid,1,1
2026-04-23T00:00:00,Rural,Mid,1,0
2026-04-23T00:00:00,Rural,Mid,1,1
2026-04-23T00:00:00,Rural,Mid,1,1
2026-04-23T00:00:00,Rural,Mid,1,1
2026-04-23T00:00:00,Rural,Mid,1,1
2026-04-23T00:00:00,Rural,Mid,1,1
2026-04-23T00:00:00,Rural,Mid,1,0
2026-04-23T00:00:00,Rural,Mid,1,1
2026-04-23T00:00:00,Rural,Mid,1,1
2026-04-23T00:00:00,Rural,Mid,1,1
2026-04-23T00:00:00,Rural,Mid,1,1
2026-04-23T00:00:00,Rural,Mid,1,1
2026-04-23T00:00:00,Rural,Mid,1,1
2026-04-23T00:00:00,Rural,Mid,1,1
2026-04-23T00:00:00,Rural,Mid,1,1
2026-04-23T00:00:00,Rural,Mid,1,1
2026-04-23T00:00:00,Rural,Mid,1,1
2026-04-23T00:00:00,Rural,Mid,1,1
2026-04-23T00:00:00,Rural,Mid,1,1
2026-04-23T00:00:00,Rural,Mid,1,1
2026-04-23T00:00:00,Rural,Mid,1,1
2026-04-23T00:00:00,Rural,Mid,1,1
2026-04-23T00:00:00,Rural,Mid,1,1
2026-04-23T00:00:00,Rural,Mid,1,1
2026-04-23T00:00:00,Rural,Mid,1,1
2026-04-23T00:00:00,Rural,Mid,1,1
2026-04-23T00:00:00,Rural,Mid,1,1
2026-04-23T00:00:00,Rural,Mid,1,1
2026-04-23T00:00:00,Rural,Mid,1,1
2026-04-23T00:00:00,Rural,Mid,1,0
2026-04-23T00:00:00,Rural,Mid,1,1
2026-04-23T00:00:00,Rural,Mid,1,1
2026-04-23T00:00:00,Rural,Mid,0,0
2026-04-23T00:00:00,Rural,Mid,0,1
2026-04-23T00:00:00,Rural,Mid,0,0
2026-04-23T00:00:00,Rural,Mid,0,0
2026-04-23T00:00:00,Rural,Mid,0,0
2026-04-23T00:00:00,Rural,Mid,0,0
2026-04-23T00:00:00,Rural,Mid,0,0
2026-04-23T00:00:00,Rural,Mid,0,0
2026-04-23T00:00:00,Rural,Mid,0,0
2026-04-23T00:00:00,Rural,Mid,0,0
2026-04-23T00:00:00,Rural,Mid,0,0
2026-04-23T00:00:00,Rural,Mid,0,0
2026-04-23T00:00:00,Rural,Mid,0,0
2026-04-23T00:00:00,Rural,Mid,0,0
2026-04-23T00:00:00,Rural,Mid,0,0
2026-04-23T00:00:00,Rural,Mid,0,0
2026-04-23T00:00:00,Rural,Mid,0,0
2026-04-23T00:00:00,Rural,Mid,0,0
2026-04-23T00:00:00,Rural,Mid,0,0
2026-04-23T00:00:00,Rural,Mid,0,0
2026-04-23T00:00:00,Rural,Mid,0,0
2026-04-23T00:00:00,Rural,Mid,0,1
2026-04-23T00:00:00,Rural,Mid,0,0
2026-04-23T00:00:00,Rural,Mid,0,0
2026-04-23T00:00:00,Rural,Mid,0,0
2026-04-23T00:00:00,Rural,Mid,0,0
2026-04-23T00:00:00,Rural,Mid,0,0
2026-04-23T00:00:00,Rural,Mid,0,0
2026-04-23T00:00:00,Rural,Mid,0,0
2026-04-23T00:00:00,Rural,Mid,0,0
2026-04-23T00:00:00,Rural,Mid,0,0
2026-04-23T00:00:00,Rural,Mid,0,0
2026-04-23T00:00:00,Rural,Mid,0,0
2026-04-23T00:00:00,Rural,Mid,0,0
2026-04-23T00:00:00,Rural,Mid,0,0
2026-04-23T00:00:00,Rural,Mid,0,0
2026-04-23T00:00:00,Rural,Mid,0,0
2026-04-23T00:00:00,Rural,Mid,0,0
2026-04-23T00:00:00,Rural,Mid,0,0
2026-04-23T00:00:00,Rural,Mid,0,0
2026-04-23T00:00:00,Rural,Mid,0,0
2026-04-23T00:00:00,Rural,Mid,0,0
2026-04-23T00:00:00,Rural,Mid,0,0
2026-04-23T00:00:00,Rural,Mid,0,0
2026-04-23T00:00:00,Rural,Mid,0,0
2026-04-23T00:00:00,Rural,Mid,0,0
2026-04-23T00:00:00,Rural,Mid,0,0
2026-04-23T00:00:00,Rural,Mid,0,0
2026-04-23T00:00:00,Rural,Mid,0,0
2026-04-23T00:00:00,Rural,Mid,0,0
2026-04-23T00:00:00,Rural,Mid,0,0
2026-04-23T00:00:00,Rural,Mid,0,0
2026-04-23T00:00:00,Rural,Mid,0,0
2026-04-23T00:00:00,Rural,Mid,0,0
2026-04-23T00:00:00,Rural,Mid,0,0
2026-04-23T00:00:00,Rural,Mid,0,0
2026-04-23T00:00:00,Rural,Mid,0,0
2026-04-23T00:00:00,Rural,Mid,0,0
2026-04-23T00:00:00,Rural,Mid,0,0
2026-04-23T00:00:00,Rural,Mid,0,0
2026-04-23T00:00:00,Rural,Mid,0,0
2026-04-23T00:00:00,Rural,Mid,0,0
2026-04-23T00:00:00,Rural,Mid,0,0
2026-04-23T00:00:00,Rural,Mid,0,0
2026-04-23T00:00:00,Rural,Mid,0,0
2026-04-23T00:00:00,Rural,Mid,0,0
2026-04-23T00:00:00,Rural,Mid,0,0
2026-04-23T00:00:00,Rural,Mid,0,0
2026-04-23T00:00:00,Rural,Mid,0,0
2026-04-23T00:00:00,Rural,Mid,0,0
2026-04-23T00:00:00,Rural,Mid,0,0
2026-04-23T00:00:00,Rural,Mid,0,0
2026-04-23T00:00:00,Rural,Mid,0,0
2026-04-23T00:00:00,Rural,Mid,0,0
2026-04-23T00:00:00,Rural,Mid,0,0
2026-04-23T00:00:00,Rural,Mid,0,0
2026-04-23T00:00:00,Rural,Mid,0,0
2026-04-23T00:00:00,Rural,Mid,0,0
2026-04-23T00:00:00,Rural,Mid,0,1
2026-04-23T00:00:00,Rural,Mid,0,0
2026-04-23T00:00:00,Rural,Mid,0,0
2026-04-23T00:00:00,Rural,Mid,0,0
2026-04-23T00:00:00,Rural,Mid,0,0
2026-04-23T00:00:00,Rural,Mid,0,0
2026-04-23T00:00:00,Rural,Low,1,1
2026-04-23T00:00:00,Rural,Low,1,1
2026-04-23T00:00:00,Rural,Low,1,1
2026-04-23T00:00:00,Rural,Low,1,1
2026-04-23T00:00:00,Rural,Low,1,0
2026-04-23T00:00:00,Rural,Low,1,1
2026-04-23T00:00:00,Rural,Low,1,1
2026-04-23T00:00:00,Rural,Low,1,1
2026-04-23T00:00:00,Rural,Low,1,1
2026-04-23T00:00:00,Rural,Low,1,1
2026-04-23T00:00:00,Rural,Low,1,1
2026-04-23T00:00:00,Rural,Low,1,1
2026-04-23T00:00:00,Rural,Low,1,1
2026-04-23T00:00:00,Rural,Low,1,1
2026-04-23T00:00:00,Rural,Low,1,1
2026-04-23T00:00:00,Rural,Low,1,1
2026-04-23T00:00:00,Rural,Low,1,1
2026-04-23T00:00:00,Rural,Low,1,1
2026-04-23T00:00:00,Rural,Low,1,1
2026-04-23T00:00:00,Rural,Low,1,1
2026-04-23T00:00:00,Rural,Low,1,1
2026-04-23T00:00:00,Rural,Low,1,1
2026-04-23T00:00:00,Rural,Low,1,1
2026-04-23T00:00:00,Rural,Low,1,0
2026-04-23T00:00:00,Rural,Low,1,1
2026-04-23T00:00:00,Rural,Low,1,1
2026-04-23T00:00:00,Rural,Low,1,1
2026-04-23T00:00:00,Rural,Low,1,1
2026-04-23T00:00:00,Rural,Low,1,1
2026-04-23T00:00:00,Rural,Low,1,1
2026-04-23T00:00:00,Rural,Low,1,1
2026-04-23T00:00:00,Rural,Low,1,0
2026-04-23T00:00:00,Rural,Low,1,1
2026-04-23T00:00:00,Rural,Low,1,1
2026-04-23T00:00:00,Rural,Low,1,0
2026-04-23T00:00:00,Rural,Low,1,1
2026-04-23T00:00:00,Rural,Low,1,1
2026-04-23T00:00:00,Rural,Low,1,1
2026-04-23T00:00:00,Rural,Low,1,1
2026-04-23T00:00:00,Rural,Low,1,1
2026-04-23T00:00:00,Rural,Low,1,1
2026-04-23T00:00:00,Rural,Low,1,1
2026-04-23T00:00:00,Rural,Low,1,0
2026-04-23T00:00:00,Rural,Low,1,1
2026-04-23T00:00:00,Rural,Low,1,1
2026-04-23T00:00:00,Rural,Low,1,1
2026-04-23T00:00:00,Rural,Low,1,1
2026-04-23T00:00:00,Rural,Low,1,1
2026-04-23T00:00:00,Rural,Low,1,1
2026-04-23T00:00:00,Rural,Low,1,1
2026-04-23T00:00:00,Rural,Low,1,1
2026-04-23T00:00:00,Rural,Low,1,0
2026-04-23T00:00:00,Rural,Low,1,0
2026-04-23T00:00:00,Rural,Low,1,1
2026-04-23T00:00:00,Rural,Low,1,0
2026-04-23T00:00:00,Rural,Low,1,1
2026-04-23T00:00:00,Rural,Low,1,1
2026-04-23T00:00:00,Rural,Low,1,1
2026-04-23T00:00:00,Rural,Low,1,1
2026-04-23T00:00:00,Rural,Low,0,0
2026-04-23T00:00:00,Rural,Low,0,0
2026-04-23T00:00:00,Rural,Low,0,0
2026-04-23T00:00:00,Rural,Low,0,0
2026-04-23T00:00:00,Rural,Low,0,0
2026-04-23T00:00:00,Rural,Low,0,0
2026-04-23T00:00:00,Rural,Low,0,0
2026-04-23T00:00:00,Rural,Low,0,0
2026-04-23T00:00:00,Rural,Low,0,0
2026-04-23T00:00:00,Rural,Low,0,0
2026-04-23T00:00:00,Rural,Low,0,0
2026-04-23T00:00:00,Rural,Low,0,0
2026-04-23T00:00:00,Rural,Low,0,0
2026-04-23T00:00:00,Rural,Low,0,0
2026-04-23T00:00:00,Rural,Low,0,0
2026-04-23T00:00:00,Rural,Low,0,1
2026-04-23T00:00:00,Rural,Low,0,0
2026-04-23T00:00:00,Rural,Low,0,0
2026-04-23T00:00:00,Rural,Low,0,0
2026-04-23T00:00:00,Rural,Low,0,0
2026-04-23T00:00:00,Rural,Low,0,0
2026-04-23T00:00:00,Rural,Low,0,0
2026-04-23T00:00:00,Rural,Low,0,0
2026-04-23T00:00:00,Rural,Low,0,0
2026-04-23T00:00:00,Rural,Low,0,0
2026-04-23T00:00:00,Rural,Low,0,0
2026-04-23T00:00:00,Rural,Low,0,0
2026-04-23T00:00:00,Rural,Low,0,0
2026-04-23T00:00:00,Rural,Low,0,0
2026-04-23T00:00:00,Rural,Low,0,0
2026-04-23T00:00:00,Rural,Low,0,0
2026-04-23T00:00:00,Rural,Low,0,0
2026-04-23T00:00:00,Rural,Low,0,0
2026-04-23T00:00:00,Rural,Low,0,0
2026-04-23T00:00:00,Rural,Low,0,0
2026-04-23T00:00:00,Rural,Low,0,0
2026-04-23T00:00:00,Rural,Low,0,1
2026-04-23T00:00:00,Rural,Low,0,0
2026-04-23T00:00:00,Rural,Low,0,0
2026-04-23T00:00:00,Rural,Low,0,0
2026-04-23T00:00:00,Rural,Low,0,0
2026-04-23T00:00:00,Rural,Low,0,0
2026-04-23T00:00:00,Rural,Low,0,0
2026-04-23T00:00:00,Rural,Low,0,0
2026-04-23T00:00:00,Rural,Low,0,1
2026-04-23T00:00:00,Rural,Low,0,0
2026-04-23T00:00:00,Rural,Low,0,0
2026-04-23T00:00:00,Rural,Low,0,0
2026-04-23T00:00:00,Rural,Low,0,0
2026-04-23T00:00:00,Rural,Low,0,0
2026-04-23T00:00:00,Rural,Low,0,0
2026-04-23T00:00:00,Rural,Low,0,0
2026-04-23T00:00:00,Rural,Low,0,0
2026-04-23T00:00:00,Rural,Low,0,0
2026-04-23T00:00:00,Rural,Low,0,0
2026-04-23T00:00:00,Rural,Low,0,0
2026-04-23T00:00:00,Rural,Low,0,0
2026-04-23T00:00:00,Rural,Low,0,0
2026-04-23T00:00:00,Rural,Low,0,0
2026-04-23T00:00:00,Rural,Low,0,0
2026-04-23T00:00:00,Rural,Low,0,0
2026-04-23T00:00:00,Rural,Low,0,0
2026-04-23T00:00:00,Rural,Low,0,0
2026-04-23T00:00:00,Rural,Low,0,0
2026-04-23T00:00:00,Rural,Low,0,0
2026-04-23T00:00:00,Rural,Low,0,0
2026-04-23T00:00:00,Rural,Low,0,0
2026-04-23T00:00:00,Rural,Low,0,0
2026-04-23T00:00:00,Rural,Low,0,0
2026-04-23T00:00:00,Rural,Low,0,0
2026-04-23T00:00:00,Rural,Low,0,0
2026-04-23T00:00:00,Rural,Low,0,0
2026-04-23T00:00:00,Rural,Low,0,0
2026-04-23T00:00:00,Rural,Low,0,0
2026-04-23T00:00:00,Rural,Low,0,0
2026-04-23T00:00:00,Rural,Low,0,1
2026-04-23T00:00:00,Rural,Low,0,0
2026-04-23T00:00:00,Rural,Low,0,0
2026-04-23T00:00:00,Rural,Low,0,0
2026-04-23T00:00:00,Rural,Low,0,0
2026-04-23T00:00:00,Rural,Low,0,0
2026-04-23T00:00:00,Rural,Low,0,0
2026-04-23T00:00:00,Rural,Low,0,0
2026-04-23T00:00:00,Rural,Low,0,0
2026-04-23T00:00:00,Rural,Low,0,0
2026-04-23T00:00:00,Rural,Low,0,0
2026-04-23T00:00:00,Rural,Low,0,0
2026-04-23T00:00:00,Rural,Low,0,0
2026-04-23T00:00:00,Rural,Low,0,0
2026-04-23T00:00:00,Rural,Low,0,0
2026-04-23T00:00:00,Rural,Low,0,0
2026-04-23T00:00:00,Rural,Low,0,0
2026-04-23T00:00:00,Rural,Low,0,0
2026-04-23T00:00:00,Rural,Low,0,0
2026-04-23T00:00:00,Rural,Low,0,0
2026-04-23T00:00:00,Rural,Low,0,0
2026-04-23T00:00:00,Rural,Low,0,0
2026-04-23T00:00:00,Rural,Low,0,0
2026-04-23T00:00:00,Rural,Low,0,0
2026-04-23T00:00:00,Rural,Low,0,0
2026-04-23T00:00:00,Rural,Low,0,0
2026-04-23T00:00:00,Rural,Low,0,0
2026-04-23T00:00:00,Rural,Low,0,0
2026-04-23T00:00:00,Rural,Low,0,0
2026-04-24T00:00:00,Urban,High,1,1
2026-04-24T00:00:00,Urban,High,1,1
2026-04-24T00:00:00,Urban,High,1,1
2026-04-24T00:00:00,Urban,High,1,1
2026-04-24T00:00:00,Urban,High,1,1
2026-04-24T00:00:00,Urban,High,1,1
2026-04-24T00:00:00,Urban,High,1,1
2026-04-24T00:00:00,Urban,High,1,1
2026-04-24T00:00:00,Urban,High,1,1
2026-04-24T00:00:00,Urban,High,1,1
2026-04-24T00:00:00,Urban,High,1,1
2026-04-24T00:00:00,Urban,High,1,1
2026-04-24T00:00:00,Urban,High,1,1
2026-04-24T00:00:00,Urban,High,1,1
2026-04-24T00:00:00,Urban,High,1,1
2026-04-24T00:00:00,Urban,High,1,1
2026-04-24T00:00:00,Urban,High,1,1
2026-04-24T00:00:00,Urban,High,1,1
2026-04-24T00:00:00,Urban,High,1,1
2026-04-24T00:00:00,Urban,High,1,1
2026-04-24T00:00:00,Urban,High,1,1
2026-04-24T00:00:00,Urban,High,1,0
2026-04-24T00:00:00,Urban,High,1,1
2026-04-24T00:00:00,Urban,High,1,0
2026-04-24T00:00:00,Urban,High,1,1
2026-04-24T00:00:00,Urban,High,1,1
2026-04-24T00:00:00,Urban,High,1,1
2026-04-24T00:00:00,Urban,High,1,1
2026-04-24T00:00:00,Urban,High,1,1
2026-04-24T00:00:00,Urban,High,1,0
2026-04-24T00:00:00,Urban,High,1,1
2026-04-24T00:00:00,Urban,High,1,1
2026-04-24T00:00:00,Urban,High,1,1
2026-04-24T00:00:00,Urban,High,1,1
2026-04-24T00:00:00,Urban,High,1,1
2026-04-24T00:00:00,Urban,High,1,1
2026-04-24T00:00:00,Urban,High,0,0
2026-04-24T00:00:00,Urban,High,0,0
2026-04-24T00:00:00,Urban,High,0,0
2026-04-24T00:00:00,Urban,High,0,0
2026-04-24T00:00:00,Urban,High,0,0
2026-04-24T00:00:00,Urban,High,0,0
2026-04-24T00:00:00,Urban,High,0,0
2026-04-24T00:00:00,Urban,High,0,0
2026-04-24T00:00:00,Urban,High,0,0
2026-04-24T00:00:00,Urban,High,0,0
2026-04-24T00:00:00,Urban,High,0,0
2026-04-24T00:00:00,Urban,High,0,0
2026-04-24T00:00:00,Urban,High,0,0
2026-04-24T00:00:00,Urban,High,0,0
2026-04-24T00:00:00,Urban,High,0,0
2026-04-24T00:00:00,Urban,High,0,0
2026-04-24T00:00:00,Urban,High,0,0
2026-04-24T00:00:00,Urban,High,0,1
2026-04-24T00:00:00,Urban,High,0,0
2026-04-24T00:00:00,Urban,High,0,0
2026-04-24T00:00:00,Urban,High,0,0
2026-04-24T00:00:00,Urban,High,0,0
2026-04-24T00:00:00,Urban,High,0,0
2026-04-24T00:00:00,Urban,High,0,0
2026-04-24T00:00:00,Urban,High,0,0
2026-04-24T00:00:00,Urban,High,0,0
2026-04-24T00:00:00,Urban,High,0,0
2026-04-24T00:00:00,Urban,High,0,0
2026-04-24T00:00:00,Urban,High,0,0
2026-04-24T00:00:00,Urban,High,0,0
2026-04-24T00:00:00,Urban,High,0,0
2026-04-24T00:00:00,Urban,High,0,1
2026-04-24T00:00:00,Urban,High,0,0
2026-04-24T00:00:00,Urban,High,0,0
2026-04-24T00:00:00,Urban,High,0,0
2026-04-24T00:00:00,Urban,High,0,0
2026-04-24T00:00:00,Urban,High,0,0
2026-04-24T00:00:00,Urban,High,0,0
2026-04-24T00:00:00,Urban,High,0,0
2026-04-24T00:00:00,Urban,High,0,0
2026-04-24T00:00:00,Urban,High,0,0
2026-04-24T00:00:00,Urban,High,0,0
2026-04-24T00:00:00,Urban,High,0,0
2026-04-24T00:00:00,Urban,High,0,0
2026-04-24T00:00:00,Urban,High,0,0
2026-04-24T00:00:00,Urban,High,0,0
2026-04-24T00:00:00,Urban,High,0,0
2026-04-24T00:00:00,Urban,High,0,0
2026-04-24T00:00:00,Urban,High,0,0
2026-04-24T00:00:00,Urban,High,0,0
2026-04-24T00:00:00,Urban,High,0,0
2026-04-24T00:00:00,Urban,High,0,0
2026-04-24T00:00:00,Urban,High,0,0
2026-04-24T00:00:00,Urban,High,0,0
2026-04-24T00:00:00,Urban,High,0,0
2026-04-24T00:00:00,Urban,High,0,0
2026-04-24T00:00:00,Urban,High,0,0
2026-04-24T00:00:00,Urban,High,0,0
2026-04-24T00:00:00,Urban,High,0,0
2026-04-24T00:00:00,Urban,High,0,0
2026-04-24T00:00:00,Urban,High,0,0
2026-04-24T00:00:00,Urban,High,0,0
2026-04-24T00:00:00,Urban,High,0,0
2026-04-24T00:00:00,Urban,High,0,0
2026-04-24T00:00:00,Urban,High,0,0
2026-04-24T00:00:00,Urban,High,0,0
2026-04-24T00:00:00,Urban,High,0,0
2026-04-24T00:00:00,Urban,High,0,0
2026-04-24T00:00:00,Urban,High,0,0
2026-04-24T00:00:00,Urban,High,0,0
2026-04-24T00:00:00,Urban,High,0,0
2026-04-24T00:00:00,Urban,High,0,0
2026-04-24T00:00:00,Urban,High,0,0
2026-04-24T00:00:00,Urban,High,0,0
2026-04-24T00:00:00,Urban,High,0,0
2026-04-24T00:00:00,Urban,High,0,0
2026-04-24T00:00:00,Urban,High,0,0
2026-04-24T00:00:00,Urban,High,0,0
2026-04-24T00:00:00,Urban,High,0,0
2026-04-24T00:00:00,Urban,High,0,0
2026-04-24T00:00:00,Urban,High,0,1
2026-04-24T00:00:00,Urban,High,0,0
2026-04-24T00:00:00,Urban,High,0,0
2026-04-24T00:00:00,Urban,High,0,0
2026-04-24T00:00:00,Urban,High,0,0
2026-04-24T00:00:00,Urban,High,0,0
2026-04-24T00:00:00,Urban,High,0,0
2026-04-24T00:00:00,Urban,High,0,0
2026-04-24T00:00:00,Urban,High,0,0
2026-04-24T00:00:00,Urban,High,0,0
2026-04-24T00:00:00,Urban,High,0,0
2026-04-24T00:00:00,Urban,High,0,0
2026-04-24T00:00:00,Urban,High,0,0
2026-04-24T00:00:00,Urban,High,0,0
2026-04-24T00:00:00,Urban,High,0,0
2026-04-24T00:00:00,Urban,High,0,0
2026-04-24T00:00:00,Urban,High,0,0
2026-04-24T00:00:00,Urban,High,0,0
2026-04-24T00:00:00,Urban,High,0,0
2026-04-24T00:00:00,Urban,High,0,0
2026-04-24T00:00:00,Urban,High,0,0
2026-04-24T00:00:00,Urban,High,0,0
2026-04-24T00:00:00,Urban,High,0,0
2026-04-24T00:00:00,Urban,High,0,0
2026-04-24T00:00:00,Urban,High,0,0
2026-04-24T00:00:00,Urban,High,0,0
2026-04-24T00:00:00,Urban,High,0,0
2026-04-24T00:00:00,Urban,High,0,0
2026-04-24T00:00:00,Urban,High,0,0
2026-04-24T00:00:00,Urban,High,0,0
2026-04-24T00:00:00,Urban,High,0,0
2026-04-24T00:00:00,Urban,High,0,0
2026-04-24T00:00:00,Urban,High,0,0
2026-04-24T00:00:00,Urban,High,0,0
2026-04-24T00:00:00,Urban,High,0,0
2026-04-24T00:00:00,Urban,High,0,0
2026-04-24T00:00:00,Urban,High,0,0
2026-04-24T00:00:00,Urban,Mid,1,1
2026-04-24T00:00:00,Urban,Mid,1,1
2026-04-24T00:00:00,Urban,Mid,1,1
2026-04-24T00:00:00,Urban,Mid,1,1
2026-04-24T00:00:00,Urban,Mid,1,1
2026-04-24T00:00:00,Urban,Mid,1,1
2026-04-24T00:00:00,Urban,Mid,1,1
2026-04-24T00:00:00,Urban,Mid,1,1
2026-04-24T00:00:00,Urban,Mid,1,0
2026-04-24T00:00:00,Urban,Mid,1,1
2026-04-24T00:00:00,Urban,Mid,1,1
2026-04-24T00:00:00,Urban,Mid,1,1
2026-04-24T00:00:00,Urban,Mid,1,1
2026-04-24T00:00:00,Urban,Mid,1,1
2026-04-24T00:00:00,Urban,Mid,1,1
2026-04-24T00:00:00,Urban,Mid,1,1
2026-04-24T00:00:00,Urban,Mid,1,1
2026-04-24T00:00:00,Urban,Mid,1,1
2026-04-24T00:00:00,Urban,Mid,1,1
2026-04-24T00:00:00,Urban,Mid,1,1
2026-04-24T00:00:00,Urban,Mid,1,1
2026-04-24T00:00:00,Urban,Mid,1,1
2026-04-24T00:00:00,Urban,Mid,1,0
2026-04-24T00:00:00,Urban,Mid,1,1
2026-04-24T00:00:00,Urban,Mid,1,1
2026-04-24T00:00:00,Urban,Mid,1,0
2026-04-24T00:00:00,Urban,Mid,1,1
2026-04-24T00:00:00,Urban,Mid,1,1
2026-04-24T00:00:00,Urban,Mid,1,1
2026-04-24T00:00:00,Urban,Mid,1,1
2026-04-24T00:00:00,Urban,Mid,1,1
2026-04-24T00:00:00,Urban,Mid,1,1
2026-04-24T00:00:00,Urban,Mid,1,1
2026-04-24T00:00:00,Urban,Mid,1,1
2026-04-24T00:00:00,Urban,Mid,1,1
2026-04-24T00:00:00,Urban,Mid,1,1
2026-04-24T00:00:00,Urban,Mid,1,1
2026-04-24T00:00:00,Urban,Mid,1,1
2026-04-24T00:00:00,Urban,Mid,1,1
2026-04-24T00:00:00,Urban,Mid,1,1
2026-04-24T00:00:00,Urban,Mid,1,1
2026-04-24T00:00:00,Urban,Mid,1,1
2026-04-24T00:00:00,Urban,Mid,1,1
2026-04-24T00:00:00,Urban,Mid,1,1
2026-04-24T00:00:00,Urban,Mid,1,1
2026-04-24T00:00:00,Urban,Mid,1,1
2026-04-24T00:00:00,Urban,Mid,1,1
2026-04-24T00:00:00,Urban,Mid,1,1
2026-04-24T00:00:00,Urban,Mid,1,1
2026-04-24T00:00:00,Urban,Mid,1,1
2026-04-24T00:00:00,Urban,Mid,1,1
2026-04-24T00:00:00,Urban,Mid,1,1
2026-04-24T00:00:00,Urban,Mid,1,1
2026-04-24T00:00:00,Urban,Mid,1,1
2026-04-24T00:00:00,Urban,Mid,1,1
2026-04-24T00:00:00,Urban,Mid,1,1
2026-04-24T00:00:00,Urban,Mid,1,1
2026-04-24T00:00:00,Urban,Mid,1,1
2026-04-24T00:00:00,Urban,Mid,1,1
2026-04-24T00:00:00,Urban,Mid,0,0
2026-04-24T00:00:00,Urban,Mid,0,0
2026-04-24T00:00:00,Urban,Mid,0,0
2026-04-24T00:00:00,Urban,Mid,0,0
2026-04-24T00:00:00,Urban,Mid,0,0
2026-04-24T00:00:00,Urban,Mid,0,0
2026-04-24T00:00:00,Urban,Mid,0,0
2026-04-24T00:00:00,Urban,Mid,0,0
2026-04-24T00:00:00,Urban,Mid,0,0
2026-04-24T00:00:00,Urban,Mid,0,0
2026-04-24T00:00:00,Urban,Mid,0,0
2026-04-24T00:00:00,Urban,Mid,0,0
2026-04-24T00:00:00,Urban,Mid,0,0
2026-04-24T00:00:00,Urban,Mid,0,0
2026-04-24T00:00:00,Urban,Mid,0,0
2026-04-24T00:00:00,Urban,Mid,0,0
2026-04-24T00:00:00,Urban,Mid,0,0
2026-04-24T00:00:00,Urban,Mid,0,0
2026-04-24T00:00:00,Urban,Mid,0,0
2026-04-24T00:00:00,Urban,Mid,0,0
2026-04-24T00:00:00,Urban,Mid,0,0
2026-04-24T00:00:00,Urban,Mid,0,0
2026-04-24T00:00:00,Urban,Mid,0,0
2026-04-24T00:00:00,Urban,Mid,0,0
2026-04-24T00:00:00,Urban,Mid,0,0
2026-04-24T00:00:00,Urban,Mid,0,0
2026-04-24T00:00:00,Urban,Mid,0,0
2026-04-24T00:00:00,Urban,Mid,0,0
2026-04-24T00:00:00,Urban,Mid,0,0
2026-04-24T00:00:00,Urban,Mid,0,0
2026-04-24T00:00:00,Urban,Mid,0,0
2026-04-24T00:00:00,Urban,Mid,0,0
2026-04-24T00:00:00,Urban,Mid,0,0
2026-04-24T00:00:00,Urban,Mid,0,0
2026-04-24T00:00:00,Urban,Mid,0,0
2026-04-24T00:00:00,Urban,Mid,0,0
2026-04-24T00:00:00,Urban,Mid,0,0
2026-04-24T00:00:00,Urban,Mid,0,0
2026-04-24T00:00:00,Urban,Mid,0,0
2026-04-24T00:00:00,Urban,Mid,0,0
2026-04-24T00:00:00,Urban,Mid,0,1
2026-04-24T00:00:00,Urban,Mid,0,0
2026-04-24T00:00:00,Urban,Mid,0,0
2026-04-24T00:00:00,Urban,Mid,0,0
2026-04-24T00:00:00,Urban,Mid,0,0
2026-04-24T00:00:00,Urban,Mid,0,0
2026-04-24T00:00:00,Urban,Mid,0,0
2026-04-24T00:00:00,Urban,Mid,0,1
2026-04-24T00:00:00,Urban,Mid,0,0
2026-04-24T00:00:00,Urban,Mid,0,0
2026-04-24T00:00:00,Urban,Mid,0,0
2026-04-24T00:00:00,Urban,Mid,0,0
2026-04-24T00:00:00,Urban,Mid,0,0
2026-04-24T00:00:00,Urban,Mid,0,0
2026-04-24T00:00:00,Urban,Mid,0,0
2026-04-24T00:00:00,Urban,Mid,0,0
2026-04-24T00:00:00,Urban,Mid,0,0
2026-04-24T00:00:00,Urban,Mid,0,0
2026-04-24T00:00:00,Urban,Mid,0,0
2026-04-24T00:00:00,Urban,Mid,0,0
2026-04-24T00:00:00,Urban,Mid,0,0
2026-04-24T00:00:00,Urban,Mid,0,0
2026-04-24T00:00:00,Urban,Mid,0,0
2026-04-24T00:00:00,Urban,Mid,0,0
2026-04-24T00:00:00,Urban,Mid,0,0
2026-04-24T00:00:00,Urban,Mid,0,0
2026-04-24T00:00:00,Urban,Mid,0,0
2026-04-24T00:00:00,Urban,Mid,0,0
2026-04-24T00:00:00,Urban,Mid,0,0
2026-04-24T00:00:00,Urban,Mid,0,0
2026-04-24T00:00:00,Urban,Mid,0,0
2026-04-24T00:00:00,Urban,Mid,0,0
2026-04-24T00:00:00,Urban,Mid,0,0
2026-04-24T00:00:00,Urban,Mid,0,0
2026-04-24T00:00:00,Urban,Mid,0,0
2026-04-24T00:00:00,Urban,Mid,0,0
2026-04-24T00:00:00,Urban,Mid,0,0
2026-04-24T00:00:00,Urban,Mid,0,0
2026-04-24T00:00:00,Urban,Mid,0,0
2026-04-24T00:00:00,Urban,Mid,0,0
2026-04-24T00:00:00,Urban,Mid,0,0
2026-04-24T00:00:00,Urban,Mid,0,0
2026-04-24T00:00:00,Urban,Mid,0,0
2026-04-24T00:00:00,Urban,Mid,0,0
2026-04-24T00:00:00,Urban,Mid,0,0
2026-04-24T00:00:00,Urban,Mid,0,0
2026-04-24T00:00:00,Urban,Mid,0,0
2026-04-24T00:00:00,Urban,Low,1,1
2026-04-24T00:00:00,Urban,Low,1,1
2026-04-24T00:00:00,Urban,Low,1,1
2026-04-24T00:00:00,Urban,Low,1,1
2026-04-24T00:00:00,Urban,Low,1,1
2026-04-24T00:00:00,Urban,Low,1,1
2026-04-24T00:00:00,Urban,Low,1,1
2026-04-24T00:00:00,Urban,Low,1,1
2026-04-24T00:00:00,Urban,Low,1,0
2026-04-24T00:00:00,Urban,Low,1,1
2026-04-24T00:00:00,Urban,Low,1,1
2026-04-24T00:00:00,Urban,Low,1,1
2026-04-24T00:00:00,Urban,Low,1,1
2026-04-24T00:00:00,Urban,Low,1,1
2026-04-24T00:00:00,Urban,Low,1,1
2026-04-24T00:00:00,Urban,Low,1,1
2026-04-24T00:00:00,Urban,Low,1,1
2026-04-24T00:00:00,Urban,Low,1,1
2026-04-24T00:00:00,Urban,Low,1,1
2026-04-24T00:00:00,Urban,Low,1,1
2026-04-24T00:00:00,Urban,Low,1,1
2026-04-24T00:00:00,Urban,Low,1,1
2026-04-24T00:00:00,Urban,Low,1,1
2026-04-24T00:00:00,Urban,Low,1,1
2026-04-24T00:00:00,Urban,Low,1,1
2026-04-24T00:00:00,Urban,Low,1,1
2026-04-24T00:00:00,Urban,Low,1,1
2026-04-24T00:00:00,Urban,Low,1,1
2026-04-24T00:00:00,Urban,Low,1,1
2026-04-24T00:00:00,Urban,Low,1,1
2026-04-24T00:00:00,Urban,Low,1,1
2026-04-24T00:00:00,Urban,Low,1,1
2026-04-24T00:00:00,Urban,Low,1,1
2026-04-24T00:00:00,Urban,Low,1,1
2026-04-24T00:00:00,Urban,Low,1,1
2026-04-24T00:00:00,Urban,Low,1,1
2026-04-24T00:00:00,Urban,Low,1,1
2026-04-24T00:00:00,Urban,Low,1,1
2026-04-24T00:00:00,Urban,Low,0,0
2026-04-24T00:00:00,Urban,Low,0,0
2026-04-24T00:00:00,Urban,Low,0,0
2026-04-24T00:00:00,Urban,Low,0,0
2026-04-24T00:00:00,Urban,Low,0,0
2026-04-24T00:00:00,Urban,Low,0,0
2026-04-24T00:00:00,Urban,Low,0,0
2026-04-24T00:00:00,Urban,Low,0,0
2026-04-24T00:00:00,Urban,Low,0,0
2026-04-24T00:00:00,Urban,Low,0,0
2026-04-24T00:00:00,Urban,Low,0,0
2026-04-24T00:00:00,Urban,Low,0,0
2026-04-24T00:00:00,Urban,Low,0,0
2026-04-24T00:00:00,Urban,Low,0,0
2026-04-24T00:00:00,Urban,Low,0,0
2026-04-24T00:00:00,Urban,Low,0,0
2026-04-24T00:00:00,Urban,Low,0,0
2026-04-24T00:00:00,Urban,Low,0,0
2026-04-24T00:00:00,Urban,Low,0,0
2026-04-24T00:00:00,Urban,Low,0,0
2026-04-24T00:00:00,Urban,Low,0,0
2026-04-24T00:00:00,Urban,Low,0,0
2026-04-24T00:00:00,Urban,Low,0,1
2026-04-24T00:00:00,Urban,Low,0,0
2026-04-24T00:00:00,Urban,Low,0,0
2026-04-24T00:00:00,Urban,Low,0,0
2026-04-24T00:00:00,Urban,Low,0,0
2026-04-24T00:00:00,Urban,Low,0,0
2026-04-24T00:00:00,Urban,Low,0,0
2026-04-24T00:00:00,Urban,Low,0,0
2026-04-24T00:00:00,Urban,Low,0,0
2026-04-24T00:00:00,Urban,Low,0,0
2026-04-24T00:00:00,Urban,Low,0,0
2026-04-24T00:00:00,Urban,Low,0,0
2026-04-24T00:00:00,Urban,Low,0,0
2026-04-24T00:00:00,Urban,Low,0,0
2026-04-24T00:00:00,Urban,Low,0,0
2026-04-24T00:00:00,Urban,Low,0,0
2026-04-24T00:00:00,Urban,Low,0,0
2026-04-24T00:00:00,Urban,Low,0,0
2026-04-24T00:00:00,Urban,Low,0,0
2026-04-24T00:00:00,Urban,Low,0,0
2026-04-24T00:00:00,Urban,Low,0,0
2026-04-24T00:00:00,Urban,Low,0,0
2026-04-24T00:00:00,Urban,Low,0,0
2026-04-24T00:00:00,Urban,Low,0,0
2026-04-24T00:00:00,Urban,Low,0,0
2026-04-24T00:00:00,Urban,Low,0,0
2026-04-24T00:00:00,Urban,Low,0,0
2026-04-24T00:00:00,Urban,Low,0,0
2026-04-24T00:00:00,Urban,Low,0,0
2026-04-24T00:00:00,Urban,Low,0,0
2026-04-24T00:00:00,Urban,Low,0,0
2026-04-24T00:00:00,Urban,Low,0,0
2026-04-24T00:00:00,Urban,Low,0,0
2026-04-24T00:00:00,Urban,Low,0,0
2026-04-24T00:00:00,Urban,Low,0,0
2026-04-24T00:00:00,Urban,Low,0,0
2026-04-24T00:00:00,Urban,Low,0,0
2026-04-24T00:00:00,Urban,Low,0,0
2026-04-24T00:00:00,Urban,Low,0,0
2026-04-24T00:00:00,Urban,Low,0,0
2026-04-24T00:00:00,Urban,Low,0,0
2026-04-24T00:00:00,Urban,Low,0,0
2026-04-24T00:00:00,Urban,Low,0,0
2026-04-24T00:00:00,Urban,Low,0,0
2026-04-24T00:00:00,Urban,Low,0,0
2026-04-24T00:00:00,Urban,Low,0,0
2026-04-24T00:00:00,Urban,Low,0,0
2026-04-24T00:00:00,Urban,Low,0,0
2026-04-24T00:00:00,Urban,Low,0,0
2026-04-24T00:00:00,Urban,Low,0,0
2026-04-24T00:00:00,Urban,Low,0,0
2026-04-24T00:00:00,Urban,Low,0,0
2026-04-24T00:00:00,Urban,Low,0,0
2026-04-24T00:00:00,Urban,Low,0,0
2026-04-24T00:00:00,Urban,Low,0,0
2026-04-24T00:00:00,Urban,Low,0,0
2026-04-24T00:00:00,Urban,Low,0,0
2026-04-24T00:00:00,Urban,Low,0,0
2026-04-24T00:00:00,Urban,Low,0,0
2026-04-24T00:00:00,Urban,Low,0,0
2026-04-24T00:00:00,Urban,Low,0,0
2026-04-24T00:00:00,Urban,Low,0,0
2026-04-24T00:00:00,Urban,Low,0,0
2026-04-24T00:00:00,Urban,Low,0,0
2026-04-24T00:00:00,Urban,Low,0,0
2026-04-24T00:00:00,Urban,Low,0,0
2026-04-24T00:00:00,Urban,Low,0,0
2026-04-24T00:00:00,Urban,Low,0,0
2026-04-24T00:00:00,Urban,Low,0,0
2026-04-24T00:00:00,Urban,Low,0,0
2026-04-24T00:00:00,Urban,Low,0,0
2026-04-24T00:00:00,Urban,Low,0,0
2026-04-24T00:00:00,Urban,Low,0,0
2026-04-24T00:00:00,Urban,Low,0,0
2026-04-24T00:00:00,Urban,Low,0,0
2026-04-24T00:00:00,Urban,Low,0,0
2026-04-24T00:00:00,Urban,Low,0,0
2026-04-24T00:00:00,Urban,Low,0,0
2026-04-24T00:00:00,Urban,Low,0,0
2026-04-24T00:00:00,Urban,Low,0,0
2026-04-24T00:00:00,Urban,Low,0,0
2026-04-24T00:00:00,Urban,Low,0,0
2026-04-24T00:00:00,Urban,Low,0,0
2026-04-24T00:00:00,Urban,Low,0,0
2026-04-24T00:00:00,Urban,Low,0,0
2026-04-24T00:00:00,Urban,Low,0,0
2026-04-24T00:00:00,Urban,Low,0,0
2026-04-24T00:00:00,Urban,Low,0,0
2026-04-24T00:00:00,Urban,Low,0,1
2026-04-24T00:00:00,Urban,Low,0,0
2026-04-24T00:00:00,Urban,Low,0,0
2026-04-24T00:00:00,Urban,Low,0,1
2026-04-24T00:00:00,Urban,Low,0,0
2026-04-24T00:00:00,Urban,Low,0,0
2026-04-24T00:00:00,Rural,High,1,1
2026-04-24T00:00:00,Rural,High,1,1
2026-04-24T00:00:00,Rural,High,1,1
2026-04-24T00:00:00,Rural,High,1,1
2026-04-24T00:00:00,Rural,High,1,1
2026-04-24T00:00:00,Rural,High,1,1
2026-04-24T00:00:00,Rural,High,1,1
2026-04-24T00:00:00,Rural,High,1,1
2026-04-24T00:00:00,Rural,High,1,1
2026-04-24T00:00:00,Rural,High,1,1
2026-04-24T00:00:00,Rural,High,1,1
2026-04-24T00:00:00,Rural,High,1,1
2026-04-24T00:00:00,Rural,High,1,1
2026-04-24T00:00:00,Rural,High,1,1
2026-04-24T00:00:00,Rural,High,1,1
2026-04-24T00:00:00,Rural,High,1,1
2026-04-24T00:00:00,Rural,High,1,1
2026-04-24T00:00:00,Rural,High,1,1
2026-04-24T00:00:00,Rural,High,1,1
2026-04-24T00:00:00,Rural,High,1,1
2026-04-24T00:00:00,Rural,High,1,1
2026-04-24T00:00:00,Rural,High,1,1
2026-04-24T00:00:00,Rural,High,1,1
2026-04-24T00:00:00,Rural,High,1,1
2026-04-24T00:00:00,Rural,High,1,1
2026-04-24T00:00:00,Rural,High,1,1
2026-04-24T00:00:00,Rural,High,1,1
2026-04-24T00:00:00,Rural,High,1,1
2026-04-24T00:00:00,Rural,High,1,1
2026-04-24T00:00:00,Rural,High,1,0
2026-04-24T00:00:00,Rural,High,1,1
2026-04-24T00:00:00,Rural,High,1,1
2026-04-24T00:00:00,Rural,High,1,1
2026-04-24T00:00:00,Rural,High,1,1
2026-04-24T00:00:00,Rural,High,1,1
2026-04-24T00:00:00,Rural,High,1,1
2026-04-24T00:00:00,Rural,High,1,1
2026-04-24T00:00:00,Rural,High,1,1
2026-04-24T00:00:00,Rural,High,1,1
2026-04-24T00:00:00,Rural,High,1,1
2026-04-24T00:00:00,Rural,High,1,1
2026-04-24T00:00:00,Rural,High,1,1
2026-04-24T00:00:00,Rural,High,0,0
2026-04-24T00:00:00,Rural,High,0,0
2026-04-24T00:00:00,Rural,High,0,0
2026-04-24T00:00:00,Rural,High,0,0
2026-04-24T00:00:00,Rural,High,0,0
2026-04-24T00:00:00,Rural,High,0,0
2026-04-24T00:00:00,Rural,High,0,0
2026-04-24T00:00:00,Rural,High,0,0
2026-04-24T00:00:00,Rural,High,0,0
2026-04-24T00:00:00,Rural,High,0,0
2026-04-24T00:00:00,Rural,High,0,0
2026-04-24T00:00:00,Rural,High,0,0
2026-04-24T00:00:00,Rural,High,0,0
2026-04-24T00:00:00,Rural,High,0,0
2026-04-24T00:00:00,Rural,High,0,0
2026-04-24T00:00:00,Rural,High,0,0
2026-04-24T00:00:00,Rural,High,0,0
2026-04-24T00:00:00,Rural,High,0,0
2026-04-24T00:00:00,Rural,High,0,0
2026-04-24T00:00:00,Rural,High,0,0
2026-04-24T00:00:00,Rural,High,0,0
2026-04-24T00:00:00,Rural,High,0,0
2026-04-24T00:00:00,Rural,High,0,0
2026-04-24T00:00:00,Rural,High,0,0
2026-04-24T00:00:00,Rural,High,0,0
2026-04-24T00:00:00,Rural,High,0,0
2026-04-24T00:00:00,Rural,High,0,0
2026-04-24T00:00:00,Rural,High,0,0
2026-04-24T00:00:00,Rural,High,0,0
2026-04-24T00:00:00,Rural,High,0,0
2026-04-24T00:00:00,Rural,High,0,0
2026-04-24T00:00:00,Rural,High,0,0
2026-04-24T00:00:00,Rural,High,0,0
2026-04-24T00:00:00,Rural,High,0,0
2026-04-24T00:00:00,Rural,High,0,0
2026-04-24T00:00:00,Rural,High,0,0
2026-04-24T00:00:00,Rural,High,0,0
2026-04-24T00:00:00,Rural,High,0,0
2026-04-24T00:00:00,Rural,High,0,0
2026-04-24T00:00:00,Rural,High,0,0
2026-04-24T00:00:00,Rural,High,0,1
2026-04-24T00:00:00,Rural,High,0,0
2026-04-24T00:00:00,Rural,High,0,0
2026-04-24T00:00:00,Rural,High,0,0
2026-04-24T00:00:00,Rural,High,0,0
2026-04-24T00:00:00,Rural,High,0,0
2026-04-24T00:00:00,Rural,High,0,0
2026-04-24T00:00:00,Rural,High,0,0
2026-04-24T00:00:00,Rural,High,0,0
2026-04-24T00:00:00,Rural,High,0,0
2026-04-24T00:00:00,Rural,High,0,0
2026-04-24T00:00:00,Rural,High,0,0
2026-04-24T00:00:00,Rural,High,0,0
2026-04-24T00:00:00,Rural,High,0,1
2026-04-24T00:00:00,Rural,High,0,0
2026-04-24T00:00:00,Rural,High,0,0
2026-04-24T00:00:00,Rural,High,0,0
2026-04-24T00:00:00,Rural,High,0,0
2026-04-24T00:00:00,Rural,High,0,0
2026-04-24T00:00:00,Rural,High,0,0
2026-04-24T00:00:00,Rural,High,0,0
2026-04-24T00:00:00,Rural,High,0,0
2026-04-24T00:00:00,Rural,High,0,0
2026-04-24T00:00:00,Rural,High,0,0
2026-04-24T00:00:00,Rural,High,0,0
2026-04-24T00:00:00,Rural,High,0,0
2026-04-24T00:00:00,Rural,High,0,0
2026-04-24T00:00:00,Rural,High,0,0
2026-04-24T00:00:00,Rural,High,0,0
2026-04-24T00:00:00,Rural,High,0,0
2026-04-24T00:00:00,Rural,High,0,0
2026-04-24T00:00:00,Rural,High,0,1
2026-04-24T00:00:00,Rural,High,0,0
2026-04-24T00:00:00,Rural,High,0,0
2026-04-24T00:00:00,Rural,High,0,0
2026-04-24T00:00:00,Rural,High,0,1
2026-04-24T00:00:00,Rural,High,0,0
2026-04-24T00:00:00,Rural,High,0,0
2026-04-24T00:00:00,Rural,High,0,0
2026-04-24T00:00:00,Rural,High,0,0
2026-04-24T00:00:00,Rural,High,0,0
2026-04-24T00:00:00,Rural,High,0,0
2026-04-24T00:00:00,Rural,High,0,0
2026-04-24T00:00:00,Rural,High,0,0
2026-04-24T00:00:00,Rural,High,0,0
2026-04-24T00:00:00,Rural,High,0,0
2026-04-24T00:00:00,Rural,High,0,0
2026-04-24T00:00:00,Rural,High,0,0
2026-04-24T00:00:00,Rural,High,0,0
2026-04-24T00:00:00,Rural,High,0,0
2026-04-24T00:00:00,Rural,High,0,0
2026-04-24T00:00:00,Rural,High,0,0
2026-04-24T00:00:00,Rural,High,0,0
2026-04-24T00:00:00,Rural,High,0,0
2026-04-24T00:00:00,Rural,High,0,0
2026-04-24T00:00:00,Rural,High,0,0
2026-04-24T00:00:00,Rural,High,0,0
2026-04-24T00:00:00,Rural,High,0,0
2026-04-24T00:00:00,Rural,High,0,0
2026-04-24T00:00:00,Rural,High,0,0
2026-04-24T00:00:00,Rural,Mid,1,1
2026-04-24T00:00:00,Rural,Mid,1,1
2026-04-24T00:00:00,Rural,Mid,1,1
2026-04-24T00:00:00,Rural,Mid,1,0
2026-04-24T00:00:00,Rural,Mid,1,1
2026-04-24T00:00:00,Rural,Mid,1,1
2026-04-24T00:00:00,Rural,Mid,1,1
2026-04-24T00:00:00,Rural,Mid,1,1
2026-04-24T00:00:00,Rural,Mid,1,1
2026-04-24T00:00:00,Rural,Mid,1,1
2026-04-24T00:00:00,Rural,Mid,1,1
2026-04-24T00:00:00,Rural,Mid,1,1
2026-04-24T00:00:00,Rural,Mid,1,1
2026-04-24T00:00:00,Rural,Mid,1,1
2026-04-24T00:00:00,Rural,Mid,1,1
2026-04-24T00:00:00,Rural,Mid,1,1
2026-04-24T00:00:00,Rural,Mid,1,1
2026-04-24T00:00:00,Rural,Mid,1,0
2026-04-24T00:00:00,Rural,Mid,1,1
2026-04-24T00:00:00,Rural,Mid,1,1
2026-04-24T00:00:00,Rural,Mid,1,1
2026-04-24T00:00:00,Rural,Mid,1,1
2026-04-24T00:00:00,Rural,Mid,1,1
2026-04-24T00:00:00,Rural,Mid,1,1
2026-04-24T00:00:00,Rural,Mid,1,1
2026-04-24T00:00:00,Rural,Mid,1,1
2026-04-24T00:00:00,Rural,Mid,1,1
2026-04-24T00:00:00,Rural,Mid,1,1
2026-04-24T00:00:00,Rural,Mid,1,1
2026-04-24T00:00:00,Rural,Mid,1,1
2026-04-24T00:00:00,Rural,Mid,1,1
2026-04-24T00:00:00,Rural,Mid,1,0
2026-04-24T00:00:00,Rural,Mid,1,1
2026-04-24T00:00:00,Rural,Mid,1,1
2026-04-24T00:00:00,Rural,Mid,1,1
2026-04-24T00:00:00,Rural,Mid,1,1
2026-04-24T00:00:00,Rural,Mid,1,1
2026-04-24T00:00:00,Rural,Mid,1,1
2026-04-24T00:00:00,Rural,Mid,1,1
2026-04-24T00:00:00,Rural,Mid,1,1
2026-04-24T00:00:00,Rural,Mid,1,0
2026-04-24T00:00:00,Rural,Mid,1,1
2026-04-24T00:00:00,Rural,Mid,1,1
2026-04-24T00:00:00,Rural,Mid,1,1
2026-04-24T00:00:00,Rural,Mid,1,1
2026-04-24T00:00:00,Rural,Mid,0,0
2026-04-24T00:00:00,Rural,Mid,0,0
2026-04-24T00:00:00,Rural,Mid,0,0
2026-04-24T00:00:00,Rural,Mid,0,0
2026-04-24T00:00:00,Rural,Mid,0,0
2026-04-24T00:00:00,Rural,Mid,0,0
2026-04-24T00:00:00,Rural,Mid,0,0
2026-04-24T00:00:00,Rural,Mid,0,0
2026-04-24T00:00:00,Rural,Mid,0,0
2026-04-24T00:00:00,Rural,Mid,0,0
2026-04-24T00:00:00,Rural,Mid,0,0
2026-04-24T00:00:00,Rural,Mid,0,0
2026-04-24T00:00:00,Rural,Mid,0,0
2026-04-24T00:00:00,Rural,Mid,0,0
2026-04-24T00:00:00,Rural,Mid,0,0
2026-04-24T00:00:00,Rural,Mid,0,0
2026-04-24T00:00:00,Rural,Mid,0,0
2026-04-24T00:00:00,Rural,Mid,0,0
2026-04-24T00:00:00,Rural,Mid,0,0
2026-04-24T00:00:00,Rural,Mid,0,0
2026-04-24T00:00:00,Rural,Mid,0,0
2026-04-24T00:00:00,Rural,Mid,0,0
2026-04-24T00:00:00,Rural,Mid,0,0
2026-04-24T00:00:00,Rural,Mid,0,0
2026-04-24T00:00:00,Rural,Mid,0,0
2026-04-24T00:00:00,Rural,Mid,0,0
2026-04-24T00:00:00,Rural,Mid,0,0
2026-04-24T00:00:00,Rural,Mid,0,0
2026-04-24T00:00:00,Rural,Mid,0,0
2026-04-24T00:00:00,Rural,Mid,0,0
2026-04-24T00:00:00,Rural,Mid,0,0
2026-04-24T00:00:00,Rural,Mid,0,0
2026-04-24T00:00:00,Rural,Mid,0,0
2026-04-24T00:00:00,Rural,Mid,0,0
2026-04-24T00:00:00,Rural,Mid,0,0
2026-04-24T00:00:00,Rural,Mid,0,0
2026-04-24T00:00:00,Rural,Mid,0,0
2026-04-24T00:00:00,Rural,Mid,0,0
2026-04-24T00:00:00,Rural,Mid,0,0
2026-04-24T00:00:00,Rural,Mid,0,0
2026-04-24T00:00:00,Rural,Mid,0,0
2026-04-24T00:00:00,Rural,Mid,0,0
2026-04-24T00:00:00,Rural,Mid,0,0
2026-04-24T00:00:00,Rural,Mid,0,0
2026-04-24T00:00:00,Rural,Mid,0,0
2026-04-24T00:00:00,Rural,Mid,0,0
2026-04-24T00:00:00,Rural,Mid,0,0
2026-04-24T00:00:00,Rural,Mid,0,0
2026-04-24T00:00:00,Rural,Mid,0,0
2026-04-24T00:00:00,Rural,Mid,0,0
2026-04-24T00:00:00,Rural,Mid,0,0
2026-04-24T00:00:00,Rural,Mid,0,1
2026-04-24T00:00:00,Rural,Mid,0,0
2026-04-24T00:00:00,Rural,Mid,0,0
2026-04-24T00:00:00,Rural,Mid,0,0
2026-04-24T00:00:00,Rural,Mid,0,0
2026-04-24T00:00:00,Rural,Mid,0,0
2026-04-24T00:00:00,Rural,Mid,0,0
2026-04-24T00:00:00,Rural,Mid,0,0
2026-04-24T00:00:00,Rural,Mid,0,0
2026-04-24T00:00:00,Rural,Mid,0,0
2026-04-24T00:00:00,Rural,Mid,0,0
2026-04-24T00:00:00,Rural,Mid,0,0
2026-04-24T00:00:00,Rural,Mid,0,0
2026-04-24T00:00:00,Rural,Mid,0,0
2026-04-24T00:00:00,Rural,Mid,0,0
2026-04-24T00:00:00,Rural,Mid,0,0
2026-04-24T00:00:00,Rural,Mid,0,0
2026-04-24T00:00:00,Rural,Mid,0,1
2026-04-24T00:00:00,Rural,Mid,0,1
2026-04-24T00:00:00,Rural,Mid,0,0
2026-04-24T00:00:00,Rural,Mid,0,0
2026-04-24T00:00:00,Rural,Mid,0,0
2026-04-24T00:00:00,Rural,Mid,0,0
2026-04-24T00:00:00,Rural,Mid,0,0
2026-04-24T00:00:00,Rural,Mid,0,0
2026-04-24T00:00:00,Rural,Mid,0,0
2026-04-24T00:00:00,Rural,Mid,0,0
2026-04-24T00:00:00,Rural,Mid,0,0
2026-04-24T00:00:00,Rural,Mid,0,0
2026-04-24T00:00:00,Rural,Mid,0,0
2026-04-24T00:00:00,Rural,Mid,0,0
2026-04-24T00:00:00,Rural,Mid,0,0
2026-04-24T00:00:00,Rural,Mid,0,0
2026-04-24T00:00:00,Rural,Mid,0,0
2026-04-24T00:00:00,Rural,Mid,0,0
2026-04-24T00:00:00,Rural,Mid,0,0
2026-04-24T00:00:00,Rural,Mid,0,0
2026-04-24T00:00:00,Rural,Mid,0,0
2026-04-24T00:00:00,Rural,Mid,0,1
2026-04-24T00:00:00,Rural,Mid,0,0
2026-04-24T00:00:00,Rural,Low,1,1
2026-04-24T00:00:00,Rural,Low,1,1
2026-04-24T00:00:00,Rural,Low,1,1
2026-04-24T00:00:00,Rural,Low,1,1
2026-04-24T00:00:00,Rural,Low,1,1
2026-04-24T00:00:00,Rural,Low,1,1
2026-04-24T00:00:00,Rural,Low,1,0
2026-04-24T00:00:00,Rural,Low,1,1
2026-04-24T00:00:00,Rural,Low,1,1
2026-04-24T00:00:00,Rural,Low,1,0
2026-04-24T00:00:00,Rural,Low,1,1
2026-04-24T00:00:00,Rural,Low,1,1
2026-04-24T00:00:00,Rural,Low,1,1
2026-04-24T00:00:00,Rural,Low,1,1
2026-04-24T00:00:00,Rural,Low,1,1
2026-04-24T00:00:00,Rural,Low,1,1
2026-04-24T00:00:00,Rural,Low,1,1
2026-04-24T00:00:00,Rural,Low,1,1
2026-04-24T00:00:00,Rural,Low,1,1
2026-04-24T00:00:00,Rural,Low,1,1
2026-04-24T00:00:00,Rural,Low,1,0
2026-04-24T00:00:00,Rural,Low,1,1
2026-04-24T00:00:00,Rural,Low,1,1
2026-04-24T00:00:00,Rural,Low,1,0
2026-04-24T00:00:00,Rural,Low,1,1
2026-04-24T00:00:00,Rural,Low,1,1
2026-04-24T00:00:00,Rural,Low,1,0
2026-04-24T00:00:00,Rural,Low,1,1
2026-04-24T00:00:00,Rural,Low,1,1
2026-04-24T00:00:00,Rural,Low,1,1
2026-04-24T00:00:00,Rural,Low,1,1
2026-04-24T00:00:00,Rural,Low,1,1
2026-04-24T00:00:00,Rural,Low,1,1
2026-04-24T00:00:00,Rural,Low,1,1
2026-04-24T00:00:00,Rural,Low,1,1
2026-04-24T00:00:00,Rural,Low,1,0
2026-04-24T00:00:00,Rural,Low,1,1
2026-04-24T00:00:00,Rural,Low,1,1
2026-04-24T00:00:00,Rural,Low,1,1
2026-04-24T00:00:00,Rural,Low,1,1
2026-04-24T00:00:00,Rural,Low,1,1
2026-04-24T00:00:00,Rural,Low,1,0
2026-04-24T00:00:00,Rural,Low,1,1
2026-04-24T00:00:00,Rural,Low,1,1
2026-04-24T00:00:00,Rural,Low,1,1
2026-04-24T00:00:00,Rural,Low,1,1
2026-04-24T00:00:00,Rural,Low,1,1
2026-04-24T00:00:00,Rural,Low,1,1
2026-04-24T00:00:00,Rural,Low,1,0
2026-04-24T00:00:00,Rural,Low,1,1
2026-04-24T00:00:00,Rural,Low,1,0
2026-04-24T00:00:00,Rural,Low,1,0
2026-04-24T00:00:00,Rural,Low,1,0
2026-04-24T00:00:00,Rural,Low,1,0
2026-04-24T00:00:00,Rural,Low,1,0
2026-04-24T00:00:00,Rural,Low,1,0
2026-04-24T00:00:00,Rural,Low,1,1
2026-04-24T00:00:00,Rural,Low,1,1
2026-04-24T00:00:00,Rural,Low,1,1
2026-04-24T00:00:00,Rural,Low,1,0
2026-04-24T00:00:00,Rural,Low,0,0
2026-04-24T00:00:00,Rural,Low,0,0
2026-04-24T00:00:00,Rural,Low,0,0
2026-04-24T00:00:00,Rural,Low,0,0
2026-04-24T00:00:00,Rural,Low,0,0
2026-04-24T00:00:00,Rural,Low,0,0
2026-04-24T00:00:00,Rural,Low,0,0
2026-04-24T00:00:00,Rural,Low,0,0
2026-04-24T00:00:00,Rural,Low,0,0
2026-04-24T00:00:00,Rural,Low,0,0
2026-04-24T00:00:00,Rural,Low,0,0
2026-04-24T00:00:00,Rural,Low,0,0
2026-04-24T00:00:00,Rural,Low,0,0
2026-04-24T00:00:00,Rural,Low,0,0
2026-04-24T00:00:00,Rural,Low,0,0
2026-04-24T00:00:00,Rural,Low,0,0
2026-04-24T00:00:00,Rural,Low,0,0
2026-04-24T00:00:00,Rural,Low,0,0
2026-04-24T00:00:00,Rural,Low,0,0
2026-04-24T00:00:00,Rural,Low,0,0
2026-04-24T00:00:00,Rural,Low,0,0
2026-04-24T00:00:00,Rural,Low,0,0
2026-04-24T00:00:00,Rural,Low,0,0
2026-04-24T00:00:00,Rural,Low,0,0
2026-04-24T00:00:00,Rural,Low,0,0
2026-04-24T00:00:00,Rural,Low,0,0
2026-04-24T00:00:00,Rural,Low,0,0
2026-04-24T00:00:00,Rural,Low,0,0
2026-04-24T00:00:00,Rural,Low,0,0
2026-04-24T00:00:00,Rural,Low,0,0
2026-04-24T00:00:00,Rural,Low,0,0
2026-04-24T00:00:00,Rural,Low,0,0
2026-04-24T00:00:00,Rural,Low,0,0
2026-04-24T00:00:00,Rural,Low,0,0
2026-04-24T00:00:00,Rural,Low,0,1
2026-04-24T00:00:00,Rural,Low,0,0
2026-04-24T00:00:00,Rural,Low,0,0
2026-04-24T00:00:00,Rural,Low,0,0
2026-04-24T00:00:00,Rural,Low,0,0
2026-04-24T00:00:00,Rural,Low,0,0
2026-04-24T00:00:00,Rural,Low,0,0
2026-04-24T00:00:00,Rural,Low,0,1
2026-04-24T00:00:00,Rural,Low,0,0
2026-04-24T00:00:00,Rural,Low,0,0
2026-04-24T00:00:00,Rural,Low,0,0
2026-04-24T00:00:00,Rural,Low,0,0
2026-04-24T00:00:00,Rural,Low,0,0
2026-04-24T00:00:00,Rural,Low,0,0
2026-04-24T00:00:00,Rural,Low,0,0
2026-04-24T00:00:00,Rural,Low,0,0
2026-04-24T00:00:00,Rural,Low,0,0
2026-04-24T00:00:00,Rural,Low,0,0
2026-04-24T00:00:00,Rural,Low,0,0
2026-04-24T00:00:00,Rural,Low,0,0
2026-04-24T00:00:00,Rural,Low,0,0
2026-04-24T00:00:00,Rural,Low,0,0
2026-04-24T00:00:00,Rural,Low,0,0
2026-04-24T00:00:00,Rural,Low,0,0
2026-04-24T00:00:00,Rural,Low,0,0
2026-04-24T00:00:00,Rural,Low,0,0
2026-04-24T00:00:00,Rural,Low,0,0
2026-04-24T00:00:00,Rural,Low,0,0
2026-04-24T00:00:00,Rural,Low,0,0
2026-04-24T00:00:00,Rural,Low,0,0
2026-04-24T00:00:00,Rural,Low,0,1
2026-04-24T00:00:00,Rural,Low,0,0
2026-04-24T00:00:00,Rural,Low,0,0
2026-04-24T00:00:00,Rural,Low,0,0
2026-04-24T00:00:00,Rural,Low,0,0
2026-04-24T00:00:00,Rural,Low,0,0
2026-04-24T00:00:00,Rural,Low,0,0
2026-04-24T00:00:00,Rural,Low,0,0
2026-04-24T00:00:00,Rural,Low,0,0
2026-04-24T00:00:00,Rural,Low,0,0
2026-04-24T00:00:00,Rural,Low,0,0
2026-04-24T00:00:00,Rural,Low,0,0
2026-04-24T00:00:00,Rural,Low,0,0
2026-04-24T00:00:00,Rural,Low,0,0
2026-04-24T00:00:00,Rural,Low,0,0
2026-04-24T00:00:00,Rural,Low,0,0
2026-04-24T00:00:00,Rural,Low,0,0
2026-04-24T00:00:00,Rural,Low,0,0
2026-04-24T00:00:00,Rural,Low,0,0
2026-04-24T00:00:00,Rural,Low,0,0
2026-04-24T00:00:00,Rural,Low,0,0
2026-04-24T00:00:00,Rural,Low,0,0
2026-04-24T00:00:00,Rural,Low,0,0
2026-04-24T00:00:00,Rural,Low,0,0
2026-04-24T00:00:00,Rural,Low,0,0
2026-04-24T00:00:00,Rural,Low,0,0
2026-04-24T00:00:00,Rural,Low,0,0
2026-04-24T00:00:00,Rural,Low,0,0
2026-04-24T00:00:00,Rural,Low,0,0
2026-04-24T00:00:00,Rural,Low,0,1
2026-04-24T00:00:00,Rural,Low,0,0
2026-04-25T00:00:00,Urban,High,1,1
2026-04-25T00:00:00,Urban,High,1,1
2026-04-25T00:00:00,Urban,High,1,1
2026-04-25T00:00:00,Urban,High,1,1
2026-04-25T00:00:00,Urban,High,1,1
2026-04-25T00:00:00,Urban,High,1,1
2026-04-25T00:00:00,Urban,High,1,1
2026-04-25T00:00:00,Urban,High,1,1
2026-04-25T00:00:00,Urban,High,1,1
2026-04-25T00:00:00,Urban,High,1,1
2026-04-25T00:00:00,Urban,High,1,1
2026-04-25T00:00:00,Urban,High,1,1
2026-04-25T00:00:00,Urban,High,1,1
2026-04-25T00:00:00,Urban,High,1,1
2026-04-25T00:00:00,Urban,High,1,1
2026-04-25T00:00:00,Urban,High,1,1
2026-04-25T00:00:00,Urban,High,1,1
2026-04-25T00:00:00,Urban,High,1,1
2026-04-25T00:00:00,Urban,High,1,1
2026-04-25T00:00:00,Urban,High,1,1
2026-04-25T00:00:00,Urban,High,1,1
2026-04-25T00:00:00,Urban,High,1,1
2026-04-25T00:00:00,Urban,High,1,1
2026-04-25T00:00:00,Urban,High,1,1
2026-04-25T00:00:00,Urban,High,1,1
2026-04-25T00:00:00,Urban,High,1,1
2026-04-25T00:00:00,Urban,High,1,1
2026-04-25T00:00:00,Urban,High,1,1
2026-04-25T00:00:00,Urban,High,1,1
2026-04-25T00:00:00,Urban,High,1,1
2026-04-25T00:00:00,Urban,High,1,1
2026-04-25T00:00:00,Urban,High,1,1
2026-04-25T00:00:00,Urban,High,1,1
2026-04-25T00:00:00,Urban,High,1,1
2026-04-25T00:00:00,Urban,High,1,1
2026-04-25T00:00:00,Urban,High,1,1
2026-04-25T00:00:00,Urban,High,0,0
2026-04-25T00:00:00,Urban,High,0,0
2026-04-25T00:00:00,Urban,High,0,0
2026-04-25T00:00:00,Urban,High,0,0
2026-04-25T00:00:00,Urban,High,0,0
2026-04-25T00:00:00,Urban,High,0,0
2026-04-25T00:00:00,Urban,High,0,0
2026-04-25T00:00:00,Urban,High,0,0
2026-04-25T00:00:00,Urban,High,0,0
2026-04-25T00:00:00,Urban,High,0,0
2026-04-25T00:00:00,Urban,High,0,0
2026-04-25T00:00:00,Urban,High,0,1
2026-04-25T00:00:00,Urban,High,0,0
2026-04-25T00:00:00,Urban,High,0,0
2026-04-25T00:00:00,Urban,High,0,0
2026-04-25T00:00:00,Urban,High,0,0
2026-04-25T00:00:00,Urban,High,0,0
2026-04-25T00:00:00,Urban,High,0,0
2026-04-25T00:00:00,Urban,High,0,0
2026-04-25T00:00:00,Urban,High,0,0
2026-04-25T00:00:00,Urban,High,0,0
2026-04-25T00:00:00,Urban,High,0,0
2026-04-25T00:00:00,Urban,High,0,0
2026-04-25T00:00:00,Urban,High,0,0
2026-04-25T00:00:00,Urban,High,0,0
2026-04-25T00:00:00,Urban,High,0,0
2026-04-25T00:00:00,Urban,High,0,0
2026-04-25T00:00:00,Urban,High,0,0
2026-04-25T00:00:00,Urban,High,0,0
2026-04-25T00:00:00,Urban,High,0,0
2026-04-25T00:00:00,Urban,High,0,0
2026-04-25T00:00:00,Urban,High,0,0
2026-04-25T00:00:00,Urban,High,0,0
2026-04-25T00:00:00,Urban,High,0,0
2026-04-25T00:00:00,Urban,High,0,0
2026-04-25T00:00:00,Urban,High,0,0
2026-04-25T00:00:00,Urban,High,0,0
2026-04-25T00:00:00,Urban,High,0,0
2026-04-25T00:00:00,Urban,High,0,0
2026-04-25T00:00:00,Urban,High,0,0
2026-04-25T00:00:00,Urban,High,0,0
2026-04-25T00:00:00,Urban,High,0,0
2026-04-25T00:00:00,Urban,High,0,0
2026-04-25T00:00:00,Urban,High,0,0
2026-04-25T00:00:00,Urban,High,0,0
2026-04-25T00:00:00,Urban,High,0,0
2026-04-25T00:00:00,Urban,High,0,0
2026-04-25T00:00:00,Urban,High,0,0
2026-04-25T00:00:00,Urban,High,0,0
2026-04-25T00:00:00,Urban,High,0,0
2026-04-25T00:00:00,Urban,High,0,0
2026-04-25T00:00:00,Urban,High,0,0
2026-04-25T00:00:00,Urban,High,0,0
2026-04-25T00:00:00,Urban,High,0,0
2026-04-25T00:00:00,Urban,High,0,0
2026-04-25T00:00:00,Urban,High,0,0
2026-04-25T00:00:00,Urban,High,0,0
2026-04-25T00:00:00,Urban,High,0,0
2026-04-25T00:00:00,Urban,High,0,0
2026-04-25T00:00:00,Urban,High,0,0
2026-04-25T00:00:00,Urban,High,0,0
2026-04-25T00:00:00,Urban,High,0,0
2026-04-25T00:00:00,Urban,High,0,0
2026-04-25T00:00:00,Urban,High,0,0
2026-04-25T00:00:00,Urban,High,0,0
2026-04-25T00:00:00,Urban,High,0,0
2026-04-25T00:00:00,Urban,High,0,0
2026-04-25T00:00:00,Urban,High,0,0
2026-04-25T00:00:00,Urban,High,0,0
2026-04-25T00:00:00,Urban,High,0,0
2026-04-25T00:00:00,Urban,High,0,0
2026-04-25T00:00:00,Urban,High,0,0
2026-04-25T00:00:00,Urban,High,0,0
2026-04-25T00:00:00,Urban,High,0,0
2026-04-25T00:00:00,Urban,High,0,0
2026-04-25T00:00:00,Urban,High,0,0
2026-04-25T00:00:00,Urban,High,0,0
2026-04-25T00:00:00,Urban,High,0,0
2026-04-25T00:00:00,Urban,High,0,0
2026-04-25T00:00:00,Urban,High,0,0
2026-04-25T00:00:00,Urban,High,0,0
2026-04-25T00:00:00,Urban,High,0,0
2026-04-25T00:00:00,Urban,High,0,1
2026-04-25T00:00:00,Urban,High,0,0
2026-04-25T00:00:00,Urban,High,0,0
2026-04-25T00:00:00,Urban,High,0,0
2026-04-25T00:00:00,Urban,High,0,0
2026-04-25T00:00:00,Urban,High,0,0
2026-04-25T00:00:00,Urban,High,0,0
2026-04-25T00:00:00,Urban,High,0,0
2026-04-25T00:00:00,Urban,High,0,0
2026-04-25T00:00:00,Urban,High,0,0
2026-04-25T00:00:00,Urban,High,0,0
2026-04-25T00:00:00,Urban,High,0,0
2026-04-25T00:00:00,Urban,High,0,0
2026-04-25T00:00:00,Urban,High,0,0
2026-04-25T00:00:00,Urban,High,0,0
2026-04-25T00:00:00,Urban,High,0,0
2026-04-25T00:00:00,Urban,High,0,1
2026-04-25T00:00:00,Urban,High,0,0
2026-04-25T00:00:00,Urban,High,0,0
2026-04-25T00:00:00,Urban,High,0,0
2026-04-25T00:00:00,Urban,High,0,0
2026-04-25T00:00:00,Urban,High,0,0
2026-04-25T00:00:00,Urban,Mid,1,1
2026-04-25T00:00:00,Urban,Mid,1,1
2026-04-25T00:00:00,Urban,Mid,1,1
2026-04-25T00:00:00,Urban,Mid,1,0
2026-04-25T00:00:00,Urban,Mid,1,1
2026-04-25T00:00:00,Urban,Mid,1,1
2026-04-25T00:00:00,Urban,Mid,1,1
2026-04-25T00:00:00,Urban,Mid,1,1
2026-04-25T00:00:00,Urban,Mid,1,1
2026-04-25T00:00:00,Urban,Mid,1,1
2026-04-25T00:00:00,Urban,Mid,1,1
2026-04-25T00:00:00,Urban,Mid,1,1
2026-04-25T00:00:00,Urban,Mid,1,1
2026-04-25T00:00:00,Urban,Mid,1,1
2026-04-25T00:00:00,Urban,Mid,1,1
2026-04-25T00:00:00,Urban,Mid,1,1
2026-04-25T00:00:00,Urban,Mid,1,1
2026-04-25T00:00:00,Urban,Mid,1,1
2026-04-25T00:00:00,Urban,Mid,1,1
2026-04-25T00:00:00,Urban,Mid,1,1
2026-04-25T00:00:00,Urban,Mid,1,1
2026-04-25T00:00:00,Urban,Mid,1,0
2026-04-25T00:00:00,Urban,Mid,1,1
2026-04-25T00:00:00,Urban,Mid,1,1
2026-04-25T00:00:00,Urban,Mid,1,1
2026-04-25T00:00:00,Urban,Mid,1,1
2026-04-25T00:00:00,Urban,Mid,1,0
2026-04-25T00:00:00,Urban,Mid,1,1
2026-04-25T00:00:00,Urban,Mid,1,1
2026-04-25T00:00:00,Urban,Mid,1,0
2026-04-25T00:00:00,Urban,Mid,1,1
2026-04-25T00:00:00,Urban,Mid,1,1
2026-04-25T00:00:00,Urban,Mid,1,1
2026-04-25T00:00:00,Urban,Mid,1,0
2026-04-25T00:00:00,Urban,Mid,1,1
2026-04-25T00:00:00,Urban,Mid,1,1
2026-04-25T00:00:00,Urban,Mid,1,1
2026-04-25T00:00:00,Urban,Mid,1,1
2026-04-25T00:00:00,Urban,Mid,1,1
2026-04-25T00:00:00,Urban,Mid,1,1
2026-04-25T00:00:00,Urban,Mid,1,1
2026-04-25T00:00:00,Urban,Mid,1,1
2026-04-25T00:00:00,Urban,Mid,1,1
2026-04-25T00:00:00,Urban,Mid,1,0
2026-04-25T00:00:00,Urban,Mid,1,1
2026-04-25T00:00:00,Urban,Mid,1,1
2026-04-25T00:00:00,Urban,Mid,1,1
2026-04-25T00:00:00,Urban,Mid,1,1
2026-04-25T00:00:00,Urban,Mid,0,0
2026-04-25T00:00:00,Urban,Mid,0,0
2026-04-25T00:00:00,Urban,Mid,0,0
2026-04-25T00:00:00,Urban,Mid,0,0
2026-04-25T00:00:00,Urban,Mid,0,0
2026-04-25T00:00:00,Urban,Mid,0,0
2026-04-25T00:00:00,Urban,Mid,0,0
2026-04-25T00:00:00,Urban,Mid,0,0
2026-04-25T00:00:00,Urban,Mid,0,0
2026-04-25T00:00:00,Urban,Mid,0,0
2026-04-25T00:00:00,Urban,Mid,0,0
2026-04-25T00:00:00,Urban,Mid,0,0
2026-04-25T00:00:00,Urban,Mid,0,0
2026-04-25T00:00:00,Urban,Mid,0,0
2026-04-25T00:00:00,Urban,Mid,0,0
2026-04-25T00:00:00,Urban,Mid,0,0
2026-04-25T00:00:00,Urban,Mid,0,0
2026-04-25T00:00:00,Urban,Mid,0,0
2026-04-25T00:00:00,Urban,Mid,0,0
2026-04-25T00:00:00,Urban,Mid,0,0
2026-04-25T00:00:00,Urban,Mid,0,0
2026-04-25T00:00:00,Urban,Mid,0,0
2026-04-25T00:00:00,Urban,Mid,0,0
2026-04-25T00:00:00,Urban,Mid,0,0
2026-04-25T00:00:00,Urban,Mid,0,0
2026-04-25T00:00:00,Urban,Mid,0,0
2026-04-25T00:00:00,Urban,Mid,0,0
2026-04-25T00:00:00,Urban,Mid,0,0
2026-04-25T00:00:00,Urban,Mid,0,0
2026-04-25T00:00:00,Urban,Mid,0,0
2026-04-25T00:00:00,Urban,Mid,0,0
2026-04-25T00:00:00,Urban,Mid,0,0
2026-04-25T00:00:00,Urban,Mid,0,0
2026-04-25T00:00:00,Urban,Mid,0,0
2026-04-25T00:00:00,Urban,Mid,0,0
2026-04-25T00:00:00,Urban,Mid,0,0
2026-04-25T00:00:00,Urban,Mid,0,0
2026-04-25T00:00:00,Urban,Mid,0,0
2026-04-25T00:00:00,Urban,Mid,0,0
2026-04-25T00:00:00,Urban,Mid,0,0
2026-04-25T00:00:00,Urban,Mid,0,0
2026-04-25T00:00:00,Urban,Mid,0,0
2026-04-25T00:00:00,Urban,Mid,0,0
2026-04-25T00:00:00,Urban,Mid,0,0
2026-04-25T00:00:00,Urban,Mid,0,0
2026-04-25T00:00:00,Urban,Mid,0,0
2026-04-25T00:00:00,Urban,Mid,0,0
2026-04-25T00:00:00,Urban,Mid,0,0
2026-04-25T00:00:00,Urban,Mid,0,0
2026-04-25T00:00:00,Urban,Mid,0,0
2026-04-25T00:00:00,Urban,Mid,0,0
2026-04-25T00:00:00,Urban,Mid,0,0
2026-04-25T00:00:00,Urban,Mid,0,0
2026-04-25T00:00:00,Urban,Mid,0,0
2026-04-25T00:00:00,Urban,Mid,0,0
2026-04-25T00:00:00,Urban,Mid,0,0
2026-04-25T00:00:00,Urban,Mid,0,0
2026-04-25T00:00:00,Urban,Mid,0,0
2026-04-25T00:00:00,Urban,Mid,0,0
2026-04-25T00:00:00,Urban,Mid,0,0
2026-04-25T00:00:00,Urban,Mid,0,1
2026-04-25T00:00:00,Urban,Mid,0,0
2026-04-25T00:00:00,Urban,Mid,0,0
2026-04-25T00:00:00,Urban,Mid,0,0
2026-04-25T00:00:00,Urban,Mid,0,0
2026-04-25T00:00:00,Urban,Mid,0,0
2026-04-25T00:00:00,Urban,Mid,0,0
2026-04-25T00:00:00,Urban,Mid,0,0
2026-04-25T00:00:00,Urban,Mid,0,0
2026-04-25T00:00:00,Urban,Mid,0,0
2026-04-25T00:00:00,Urban,Mid,0,0
2026-04-25T00:00:00,Urban,Mid,0,0
2026-04-25T00:00:00,Urban,Mid,0,0
2026-04-25T00:00:00,Urban,Mid,0,0
2026-04-25T00:00:00,Urban,Mid,0,0
2026-04-25T00:00:00,Urban,Mid,0,0
2026-04-25T00:00:00,Urban,Mid,0,0
2026-04-25T00:00:00,Urban,Mid,0,0
2026-04-25T00:00:00,Urban,Mid,0,0
2026-04-25T00:00:00,Urban,Mid,0,0
2026-04-25T00:00:00,Urban,Mid,0,0
2026-04-25T00:00:00,Urban,Mid,0,0
2026-04-25T00:00:00,Urban,Mid,0,0
2026-04-25T00:00:00,Urban,Mid,0,0
2026-04-25T00:00:00,Urban,Mid,0,0
2026-04-25T00:00:00,Urban,Mid,0,0
2026-04-25T00:00:00,Urban,Mid,0,0
2026-04-25T00:00:00,Urban,Mid,0,0
2026-04-25T00:00:00,Urban,Mid,0,0
2026-04-25T00:00:00,Urban,Mid,0,0
2026-04-25T00:00:00,Urban,Mid,0,0
2026-04-25T00:00:00,Urban,Mid,0,0
2026-04-25T00:00:00,Urban,Mid,0,0
2026-04-25T00:00:00,Urban,Mid,0,0
2026-04-25T00:00:00,Urban,Mid,0,0
2026-04-25T00:00:00,Urban,Mid,0,0
2026-04-25T00:00:00,Urban,Mid,0,0
2026-04-25T00:00:00,Urban,Mid,0,0
2026-04-25T00:00:00,Urban,Mid,0,0
2026-04-25T00:00:00,Urban,Mid,0,0
2026-04-25T00:00:00,Urban,Mid,0,0
2026-04-25T00:00:00,Urban,Mid,0,0
2026-04-25T00:00:00,Urban,Mid,0,0
2026-04-25T00:00:00,Urban,Mid,0,0
2026-04-25T00:00:00,Urban,Mid,0,0
2026-04-25T00:00:00,Urban,Mid,0,0
2026-04-25T00:00:00,Urban,Mid,0,0
2026-04-25T00:00:00,Urban,Mid,0,0
2026-04-25T00:00:00,Urban,Mid,0,0
2026-04-25T00:00:00,Urban,Mid,0,0
2026-04-25T00:00:00,Urban,Mid,0,0
2026-04-25T00:00:00,Urban,Mid,0,0
2026-04-25T00:00:00,Urban,Low,1,1
2026-04-25T00:00:00,Urban,Low,1,1
2026-04-25T00:00:00,Urban,Low,1,1
2026-04-25T00:00:00,Urban,Low,1,1
2026-04-25T00:00:00,Urban,Low,1,1
2026-04-25T00:00:00,Urban,Low,1,0
2026-04-25T00:00:00,Urban,Low,1,1
2026-04-25T00:00:00,Urban,Low,1,1
2026-04-25T00:00:00,Urban,Low,1,1
2026-04-25T00:00:00,Urban,Low,1,1
2026-04-25T00:00:00,Urban,Low,1,1
2026-04-25T00:00:00,Urban,Low,1,1
2026-04-25T00:00:00,Urban,Low,1,1
2026-04-25T00:00:00,Urban,Low,1,1
2026-04-25T00:00:00,Urban,Low,1,1
2026-04-25T00:00:00,Urban,Low,1,1
2026-04-25T00:00:00,Urban,Low,1,1
2026-04-25T00:00:00,Urban,Low,1,1
2026-04-25T00:00:00,Urban,Low,1,1
2026-04-25T00:00:00,Urban,Low,1,1
2026-04-25T00:00:00,Urban,Low,1,1
2026-04-25T00:00:00,Urban,Low,1,1
2026-04-25T00:00:00,Urban,Low,1,1
2026-04-25T00:00:00,Urban,Low,1,1
2026-04-25T00:00:00,Urban,Low,1,1
2026-04-25T00:00:00,Urban,Low,1,1
2026-04-25T00:00:00,Urban,Low,1,1
2026-04-25T00:00:00,Urban,Low,1,1
2026-04-25T00:00:00,Urban,Low,1,1
2026-04-25T00:00:00,Urban,Low,1,1
2026-04-25T00:00:00,Urban,Low,1,1
2026-04-25T00:00:00,Urban,Low,1,1
2026-04-25T00:00:00,Urban,Low,1,1
2026-04-25T00:00:00,Urban,Low,1,1
2026-04-25T00:00:00,Urban,Low,1,1
2026-04-25T00:00:00,Urban,Low,1,1
2026-04-25T00:00:00,Urban,Low,1,1
2026-04-25T00:00:00,Urban,Low,1,1
2026-04-25T00:00:00,Urban,Low,1,1
2026-04-25T00:00:00,Urban,Low,1,1
2026-04-25T00:00:00,Urban,Low,1,1
2026-04-25T00:00:00,Urban,Low,1,1
2026-04-25T00:00:00,Urban,Low,1,1
2026-04-25T00:00:00,Urban,Low,1,1
2026-04-25T00:00:00,Urban,Low,1,1
2026-04-25T00:00:00,Urban,Low,1,1
2026-04-25T00:00:00,Urban,Low,1,1
2026-04-25T00:00:00,Urban,Low,1,1
2026-04-25T00:00:00,Urban,Low,1,1
2026-04-25T00:00:00,Urban,Low,1,1
2026-04-25T00:00:00,Urban,Low,1,1
2026-04-25T00:00:00,Urban,Low,1,1
2026-04-25T00:00:00,Urban,Low,1,1
2026-04-25T00:00:00,Urban,Low,1,1
2026-04-25T00:00:00,Urban,Low,1,1
2026-04-25T00:00:00,Urban,Low,1,1
2026-04-25T00:00:00,Urban,Low,1,1
2026-04-25T00:00:00,Urban,Low,1,1
2026-04-25T00:00:00,Urban,Low,0,0
2026-04-25T00:00:00,Urban,Low,0,0
2026-04-25T00:00:00,Urban,Low,0,0
2026-04-25T00:00:00,Urban,Low,0,0
2026-04-25T00:00:00,Urban,Low,0,1
2026-04-25T00:00:00,Urban,Low,0,0
2026-04-25T00:00:00,Urban,Low,0,0
2026-04-25T00:00:00,Urban,Low,0,0
2026-04-25T00:00:00,Urban,Low,0,0
2026-04-25T00:00:00,Urban,Low,0,0
2026-04-25T00:00:00,Urban,Low,0,0
2026-04-25T00:00:00,Urban,Low,0,0
2026-04-25T00:00:00,Urban,Low,0,0
2026-04-25T00:00:00,Urban,Low,0,0
2026-04-25T00:00:00,Urban,Low,0,0
2026-04-25T00:00:00,Urban,Low,0,0
2026-04-25T00:00:00,Urban,Low,0,0
2026-04-25T00:00:00,Urban,Low,0,0
2026-04-25T00:00:00,Urban,Low,0,0
2026-04-25T00:00:00,Urban,Low,0,0
2026-04-25T00:00:00,Urban,Low,0,0
2026-04-25T00:00:00,Urban,Low,0,0
2026-04-25T00:00:00,Urban,Low,0,0
2026-04-25T00:00:00,Urban,Low,0,0
2026-04-25T00:00:00,Urban,Low,0,0
2026-04-25T00:00:00,Urban,Low,0,0
2026-04-25T00:00:00,Urban,Low,0,0
2026-04-25T00:00:00,Urban,Low,0,0
2026-04-25T00:00:00,Urban,Low,0,0
2026-04-25T00:00:00,Urban,Low,0,0
2026-04-25T00:00:00,Urban,Low,0,1
2026-04-25T00:00:00,Urban,Low,0,0
2026-04-25T00:00:00,Urban,Low,0,0
2026-04-25T00:00:00,Urban,Low,0,0
2026-04-25T00:00:00,Urban,Low,0,0
2026-04-25T00:00:00,Urban,Low,0,0
2026-04-25T00:00:00,Urban,Low,0,0
2026-04-25T00:00:00,Urban,Low,0,0
2026-04-25T00:00:00,Urban,Low,0,0
2026-04-25T00:00:00,Urban,Low,0,0
2026-04-25T00:00:00,Urban,Low,0,0
2026-04-25T00:00:00,Urban,Low,0,0
2026-04-25T00:00:00,Urban,Low,0,0
2026-04-25T00:00:00,Urban,Low,0,0
2026-04-25T00:00:00,Urban,Low,0,0
2026-04-25T00:00:00,Urban,Low,0,0
2026-04-25T00:00:00,Urban,Low,0,0
2026-04-25T00:00:00,Urban,Low,0,0
2026-04-25T00:00:00,Urban,Low,0,0
2026-04-25T00:00:00,Urban,Low,0,0
2026-04-25T00:00:00,Urban,Low,0,0
2026-04-25T00:00:00,Urban,Low,0,0
2026-04-25T00:00:00,Urban,Low,0,1
2026-04-25T00:00:00,Urban,Low,0,0
2026-04-25T00:00:00,Urban,Low,0,0
2026-04-25T00:00:00,Urban,Low,0,0
2026-04-25T00:00:00,Urban,Low,0,0
2026-04-25T00:00:00,Urban,Low,0,0
2026-04-25T00:00:00,Urban,Low,0,0
2026-04-25T00:00:00,Urban,Low,0,0
2026-04-25T00:00:00,Urban,Low,0,0
2026-04-25T00:00:00,Urban,Low,0,0
2026-04-25T00:00:00,Urban,Low,0,0
2026-04-25T00:00:00,Urban,Low,0,0
2026-04-25T00:00:00,Urban,Low,0,0
2026-04-25T00:00:00,Urban,Low,0,1
2026-04-25T00:00:00,Urban,Low,0,0
2026-04-25T00:00:00,Urban,Low,0,0
2026-04-25T00:00:00,Urban,Low,0,0
2026-04-25T00:00:00,Urban,Low,0,0
2026-04-25T00:00:00,Urban,Low,0,0
2026-04-25T00:00:00,Urban,Low,0,0
2026-04-25T00:00:00,Urban,Low,0,0
2026-04-25T00:00:00,Urban,Low,0,0
2026-04-25T00:00:00,Urban,Low,0,0
2026-04-25T00:00:00,Urban,Low,0,0
2026-04-25T00:00:00,Urban,Low,0,0
2026-04-25T00:00:00,Urban,Low,0,0
2026-04-25T00:00:00,Urban,Low,0,0
2026-04-25T00:00:00,Urban,Low,0,0
2026-04-25T00:00:00,Urban,Low,0,0
2026-04-25T00:00:00,Urban,Low,0,0
2026-04-25T00:00:00,Urban,Low,0,0
2026-04-25T00:00:00,Urban,Low,0,0
2026-04-25T00:00:00,Urban,Low,0,0
2026-04-25T00:00:00,Urban,Low,0,0
2026-04-25T00:00:00,Urban,Low,0,0
2026-04-25T00:00:00,Urban,Low,0,0
2026-04-25T00:00:00,Urban,Low,0,0
2026-04-25T00:00:00,Urban,Low,0,0
2026-04-25T00:00:00,Urban,Low,0,0
2026-04-25T00:00:00,Urban,Low,0,0
2026-04-25T00:00:00,Urban,Low,0,0
2026-04-25T00:00:00,Urban,Low,0,0
2026-04-25T00:00:00,Urban,Low,0,0
2026-04-25T00:00:00,Urban,Low,0,0
2026-04-25T00:00:00,Urban,Low,0,0
2026-04-25T00:00:00,Urban,Low,0,0
2026-04-25T00:00:00,Urban,Low,0,0
2026-04-25T00:00:00,Urban,Low,0,0
2026-04-25T00:00:00,Urban,Low,0,0
2026-04-25T00:00:00,Urban,Low,0,0
2026-04-25T00:00:00,Urban,Low,0,0
2026-04-25T00:00:00,Urban,Low,0,0
2026-04-25T00:00:00,Urban,Low,0,0
2026-04-25T00:00:00,Urban,Low,0,0
2026-04-25T00:00:00,Urban,Low,0,0
2026-04-25T00:00:00,Urban,Low,0,0
2026-04-25T00:00:00,Urban,Low,0,0
2026-04-25T00:00:00,Urban,Low,0,0
2026-04-25T00:00:00,Urban,Low,0,0
2026-04-25T00:00:00,Urban,Low,0,0
2026-04-25T00:00:00,Urban,Low,0,0
2026-04-25T00:00:00,Urban,Low,0,0
2026-04-25T00:00:00,Urban,Low,0,0
2026-04-25T00:00:00,Urban,Low,0,0
2026-04-25T00:00:00,Urban,Low,0,0
2026-04-25T00:00:00,Urban,Low,0,0
2026-04-25T00:00:00,Urban,Low,0,0
2026-04-25T00:00:00,Rural,High,1,1
2026-04-25T00:00:00,Rural,High,1,1
2026-04-25T00:00:00,Rural,High,1,1
2026-04-25T00:00:00,Rural,High,1,1
2026-04-25T00:00:00,Rural,High,1,1
2026-04-25T00:00:00,Rural,High,1,1
2026-04-25T00:00:00,Rural,High,1,1
2026-04-25T00:00:00,Rural,High,1,1
2026-04-25T00:00:00,Rural,High,1,1
2026-04-25T00:00:00,Rural,High,1,1
2026-04-25T00:00:00,Rural,High,1,1
2026-04-25T00:00:00,Rural,High,1,1
2026-04-25T00:00:00,Rural,High,1,1
2026-04-25T00:00:00,Rural,High,1,1
2026-04-25T00:00:00,Rural,High,1,1
2026-04-25T00:00:00,Rural,High,1,1
2026-04-25T00:00:00,Rural,High,1,1
2026-04-25T00:00:00,Rural,High,1,1
2026-04-25T00:00:00,Rural,High,1,1
2026-04-25T00:00:00,Rural,High,1,1
2026-04-25T00:00:00,Rural,High,1,1
2026-04-25T00:00:00,Rural,High,1,1
2026-04-25T00:00:00,Rural,High,1,1
2026-04-25T00:00:00,Rural,High,1,1
2026-04-25T00:00:00,Rural,High,1,1
2026-04-25T00:00:00,Rural,High,1,1
2026-04-25T00:00:00,Rural,High,1,0
2026-04-25T00:00:00,Rural,High,1,1
2026-04-25T00:00:00,Rural,High,1,1
2026-04-25T00:00:00,Rural,High,1,1
2026-04-25T00:00:00,Rural,High,1,1
2026-04-25T00:00:00,Rural,High,1,1
2026-04-25T00:00:00,Rural,High,1,1
2026-04-25T00:00:00,Rural,High,1,1
2026-04-25T00:00:00,Rural,High,1,1
2026-04-25T00:00:00,Rural,High,1,1
2026-04-25T00:00:00,Rural,High,1,1
2026-04-25T00:00:00,Rural,High,1,1
2026-04-25T00:00:00,Rural,High,1,1
2026-04-25T00:00:00,Rural,High,1,1
2026-04-25T00:00:00,Rural,High,1,1
2026-04-25T00:00:00,Rural,High,1,1
2026-04-25T00:00:00,Rural,High,1,1
2026-04-25T00:00:00,Rural,High,1,1
2026-04-25T00:00:00,Rural,High,1,1
2026-04-25T00:00:00,Rural,High,1,1
2026-04-25T00:00:00,Rural,High,1,0
2026-04-25T00:00:00,Rural,High,1,1
2026-04-25T00:00:00,Rural,High,1,1
2026-04-25T00:00:00,Rural,High,1,1
2026-04-25T00:00:00,Rural,High,1,1
2026-04-25T00:00:00,Rural,High,1,1
2026-04-25T00:00:00,Rural,High,1,0
2026-04-25T00:00:00,Rural,High,1,1
2026-04-25T00:00:00,Rural,High,1,1
2026-04-25T00:00:00,Rural,High,1,1
2026-04-25T00:00:00,Rural,High,1,0
2026-04-25T00:00:00,Rural,High,1,1
2026-04-25T00:00:00,Rural,High,1,1
2026-04-25T00:00:00,Rural,High,1,0
2026-04-25T00:00:00,Rural,High,1,1
2026-04-25T00:00:00,Rural,High,1,1
2026-04-25T00:00:00,Rural,High,1,1
2026-04-25T00:00:00,Rural,High,1,1
2026-04-25T00:00:00,Rural,High,0,0
2026-04-25T00:00:00,Rural,High,0,0
2026-04-25T00:00:00,Rural,High,0,0
2026-04-25T00:00:00,Rural,High,0,0
2026-04-25T00:00:00,Rural,High,0,1
2026-04-25T00:00:00,Rural,High,0,0
2026-04-25T00:00:00,Rural,High,0,0
2026-04-25T00:00:00,Rural,High,0,0
2026-04-25T00:00:00,Rural,High,0,0
2026-04-25T00:00:00,Rural,High,0,0
2026-04-25T00:00:00,Rural,High,0,0
2026-04-25T00:00:00,Rural,High,0,0
2026-04-25T00:00:00,Rural,High,0,0
2026-04-25T00:00:00,Rural,High,0,0
2026-04-25T00:00:00,Rural,High,0,0
2026-04-25T00:00:00,Rural,High,0,0
2026-04-25T00:00:00,Rural,High,0,0
2026-04-25T00:00:00,Rural,High,0,0
2026-04-25T00:00:00,Rural,High,0,0
2026-04-25T00:00:00,Rural,High,0,0
2026-04-25T00:00:00,Rural,High,0,0
2026-04-25T00:00:00,Rural,High,0,0
2026-04-25T00:00:00,Rural,High,0,0
2026-04-25T00:00:00,Rural,High,0,0
2026-04-25T00:00:00,Rural,High,0,0
2026-04-25T00:00:00,Rural,High,0,0
2026-04-25T00:00:00,Rural,High,0,0
2026-04-25T00:00:00,Rural,High,0,0
2026-04-25T00:00:00,Rural,High,0,0
2026-04-25T00:00:00,Rural,High,0,0
2026-04-25T00:00:00,Rural,High,0,0
2026-04-25T00:00:00,Rural,High,0,0
2026-04-25T00:00:00,Rural,High,0,0
2026-04-25T00:00:00,Rural,High,0,0
2026-04-25T00:00:00,Rural,High,0,0
2026-04-25T00:00:00,Rural,High,0,0
2026-04-25T00:00:00,Rural,High,0,0
2026-04-25T00:00:00,Rural,High,0,0
2026-04-25T00:00:00,Rural,High,0,0
2026-04-25T00:00:00,Rural,High,0,0
2026-04-25T00:00:00,Rural,High,0,0
2026-04-25T00:00:00,Rural,High,0,0
2026-04-25T00:00:00,Rural,High,0,0
2026-04-25T00:00:00,Rural,High,0,0
2026-04-25T00:00:00,Rural,High,0,0
2026-04-25T00:00:00,Rural,High,0,0
2026-04-25T00:00:00,Rural,High,0,0
2026-04-25T00:00:00,Rural,High,0,0
2026-04-25T00:00:00,Rural,High,0,0
2026-04-25T00:00:00,Rural,High,0,0
2026-04-25T00:00:00,Rural,High,0,0
2026-04-25T00:00:00,Rural,High,0,0
2026-04-25T00:00:00,Rural,High,0,0
2026-04-25T00:00:00,Rural,High,0,0
2026-04-25T00:00:00,Rural,High,0,0
2026-04-25T00:00:00,Rural,High,0,0
2026-04-25T00:00:00,Rural,High,0,0
2026-04-25T00:00:00,Rural,High,0,0
2026-04-25T00:00:00,Rural,High,0,0
2026-04-25T00:00:00,Rural,High,0,0
2026-04-25T00:00:00,Rural,High,0,0
2026-04-25T00:00:00,Rural,High,0,0
2026-04-25T00:00:00,Rural,High,0,0
2026-04-25T00:00:00,Rural,High,0,0
2026-04-25T00:00:00,Rural,High,0,0
2026-04-25T00:00:00,Rural,High,0,0
2026-04-25T00:00:00,Rural,High,0,0
2026-04-25T00:00:00,Rural,High,0,0
2026-04-25T00:00:00,Rural,High,0,0
2026-04-25T00:00:00,Rural,High,0,0
2026-04-25T00:00:00,Rural,High,0,0
2026-04-25T00:00:00,Rural,High,0,0
2026-04-25T00:00:00,Rural,High,0,0
2026-04-25T00:00:00,Rural,High,0,1
2026-04-25T00:00:00,Rural,High,0,0
2026-04-25T00:00:00,Rural,High,0,0
2026-04-25T00:00:00,Rural,High,0,0
2026-04-25T00:00:00,Rural,High,0,0
2026-04-25T00:00:00,Rural,High,0,0
2026-04-25T00:00:00,Rural,High,0,0
2026-04-25T00:00:00,Rural,High,0,0
2026-04-25T00:00:00,Rural,High,0,0
2026-04-25T00:00:00,Rural,High,0,0
2026-04-25T00:00:00,Rural,High,0,0
2026-04-25T00:00:00,Rural,High,0,0
2026-04-25T00:00:00,Rural,High,0,0
2026-04-25T00:00:00,Rural,High,0,0
2026-04-25T00:00:00,Rural,High,0,0
2026-04-25T00:00:00,Rural,High,0,1
2026-04-25T00:00:00,Rural,High,0,0
2026-04-25T00:00:00,Rural,High,0,0
2026-04-25T00:00:00,Rural,High,0,0
2026-04-25T00:00:00,Rural,High,0,0
2026-04-25T00:00:00,Rural,High,0,0
2026-04-25T00:00:00,Rural,High,0,0
2026-04-25T00:00:00,Rural,High,0,0
2026-04-25T00:00:00,Rural,High,0,0
2026-04-25T00:00:00,Rural,High,0,0
2026-04-25T00:00:00,Rural,High,0,0
2026-04-25T00:00:00,Rural,High,0,0
2026-04-25T00:00:00,Rural,High,0,0
2026-04-25T00:00:00,Rural,High,0,0
2026-04-25T00:00:00,Rural,High,0,0
2026-04-25T00:00:00,Rural,High,0,0
2026-04-25T00:00:00,Rural,High,0,0
2026-04-25T00:00:00,Rural,High,0,0
2026-04-25T00:00:00,Rural,High,0,0
2026-04-25T00:00:00,Rural,High,0,0
2026-04-25T00:00:00,Rural,High,0,0
2026-04-25T00:00:00,Rural,Mid,1,1
2026-04-25T00:00:00,Rural,Mid,1,1
2026-04-25T00:00:00,Rural,Mid,1,1
2026-04-25T00:00:00,Rural,Mid,1,1
2026-04-25T00:00:00,Rural,Mid,1,1
2026-04-25T00:00:00,Rural,Mid,1,1
2026-04-25T00:00:00,Rural,Mid,1,1
2026-04-25T00:00:00,Rural,Mid,1,1
2026-04-25T00:00:00,Rural,Mid,1,0
2026-04-25T00:00:00,Rural,Mid,1,1
2026-04-25T00:00:00,Rural,Mid,1,1
2026-04-25T00:00:00,Rural,Mid,1,1
2026-04-25T00:00:00,Rural,Mid,1,1
2026-04-25T00:00:00,Rural,Mid,1,1
2026-04-25T00:00:00,Rural,Mid,1,1
2026-04-25T00:00:00,Rural,Mid,1,1
2026-04-25T00:00:00,Rural,Mid,1,1
2026-04-25T00:00:00,Rural,Mid,1,1
2026-04-25T00:00:00,Rural,Mid,1,1
2026-04-25T00:00:00,Rural,Mid,1,1
2026-04-25T00:00:00,Rural,Mid,1,1
2026-04-25T00:00:00,Rural,Mid,1,1
2026-04-25T00:00:00,Rural,Mid,1,1
2026-04-25T00:00:00,Rural,Mid,1,1
2026-04-25T00:00:00,Rural,Mid,1,1
2026-04-25T00:00:00,Rural,Mid,1,1
2026-04-25T00:00:00,Rural,Mid,1,1
2026-04-25T00:00:00,Rural,Mid,1,1
2026-04-25T00:00:00,Rural,Mid,1,1
2026-04-25T00:00:00,Rural,Mid,1,0
2026-04-25T00:00:00,Rural,Mid,1,1
2026-04-25T00:00:00,Rural,Mid,1,1
2026-04-25T00:00:00,Rural,Mid,1,1
2026-04-25T00:00:00,Rural,Mid,1,1
2026-04-25T00:00:00,Rural,Mid,1,1
2026-04-25T00:00:00,Rural,Mid,1,0
2026-04-25T00:00:00,Rural,Mid,1,0
2026-04-25T00:00:00,Rural,Mid,1,1
2026-04-25T00:00:00,Rural,Mid,1,0
2026-04-25T00:00:00,Rural,Mid,1,1
2026-04-25T00:00:00,Rural,Mid,1,1
2026-04-25T00:00:00,Rural,Mid,1,0
2026-04-25T00:00:00,Rural,Mid,1,1
2026-04-25T00:00:00,Rural,Mid,1,1
2026-04-25T00:00:00,Rural,Mid,1,1
2026-04-25T00:00:00,Rural,Mid,1,1
2026-04-25T00:00:00,Rural,Mid,1,1
2026-04-25T00:00:00,Rural,Mid,1,1
2026-04-25T00:00:00,Rural,Mid,1,1
2026-04-25T00:00:00,Rural,Mid,1,1
2026-04-25T00:00:00,Rural,Mid,1,1
2026-04-25T00:00:00,Rural,Mid,1,1
2026-04-25T00:00:00,Rural,Mid,1,1
2026-04-25T00:00:00,Rural,Mid,1,1
2026-04-25T00:00:00,Rural,Mid,1,1
2026-04-25T00:00:00,Rural,Mid,1,1
2026-04-25T00:00:00,Rural,Mid,0,0
2026-04-25T00:00:00,Rural,Mid,0,0
2026-04-25T00:00:00,Rural,Mid,0,0
2026-04-25T00:00:00,Rural,Mid,0,0
2026-04-25T00:00:00,Rural,Mid,0,0
2026-04-25T00:00:00,Rural,Mid,0,0
2026-04-25T00:00:00,Rural,Mid,0,0
2026-04-25T00:00:00,Rural,Mid,0,0
2026-04-25T00:00:00,Rural,Mid,0,0
2026-04-25T00:00:00,Rural,Mid,0,1
2026-04-25T00:00:00,Rural,Mid,0,0
2026-04-25T00:00:00,Rural,Mid,0,0
2026-04-25T00:00:00,Rural,Mid,0,0
2026-04-25T00:00:00,Rural,Mid,0,0
2026-04-25T00:00:00,Rural,Mid,0,0
2026-04-25T00:00:00,Rural,Mid,0,0
2026-04-25T00:00:00,Rural,Mid,0,0
2026-04-25T00:00:00,Rural,Mid,0,0
2026-04-25T00:00:00,Rural,Mid,0,0
2026-04-25T00:00:00,Rural,Mid,0,0
2026-04-25T00:00:00,Rural,Mid,0,0
2026-04-25T00:00:00,Rural,Mid,0,0
2026-04-25T00:00:00,Rural,Mid,0,0
2026-04-25T00:00:00,Rural,Mid,0,0
2026-04-25T00:00:00,Rural,Mid,0,0
2026-04-25T00:00:00,Rural,Mid,0,0
2026-04-25T00:00:00,Rural,Mid,0,0
2026-04-25T00:00:00,Rural,Mid,0,0
2026-04-25T00:00:00,Rural,Mid,0,0
2026-04-25T00:00:00,Rural,Mid,0,0
2026-04-25T00:00:00,Rural,Mid,0,0
2026-04-25T00:00:00,Rural,Mid,0,0
2026-04-25T00:00:00,Rural,Mid,0,0
2026-04-25T00:00:00,Rural,Mid,0,0
2026-04-25T00:00:00,Rural,Mid,0,0
2026-04-25T00:00:00,Rural,Mid,0,0
2026-04-25T00:00:00,Rural,Mid,0,0
2026-04-25T00:00:00,Rural,Mid,0,0
2026-04-25T00:00:00,Rural,Mid,0,0
2026-04-25T00:00:00,Rural,Mid,0,0
2026-04-25T00:00:00,Rural,Mid,0,0
2026-04-25T00:00:00,Rural,Mid,0,0
2026-04-25T00:00:00,Rural,Mid,0,0
2026-04-25T00:00:00,Rural,Mid,0,0
2026-04-25T00:00:00,Rural,Mid,0,0
2026-04-25T00:00:00,Rural,Mid,0,0
2026-04-25T00:00:00,Rural,Mid,0,0
2026-04-25T00:00:00,Rural,Mid,0,0
2026-04-25T00:00:00,Rural,Mid,0,0
2026-04-25T00:00:00,Rural,Mid,0,0
2026-04-25T00:00:00,Rural,Mid,0,0
2026-04-25T00:00:00,Rural,Mid,0,0
2026-04-25T00:00:00,Rural,Mid,0,0
2026-04-25T00:00:00,Rural,Mid,0,0
2026-04-25T00:00:00,Rural,Mid,0,0
2026-04-25T00:00:00,Rural,Mid,0,0
2026-04-25T00:00:00,Rural,Mid,0,0
2026-04-25T00:00:00,Rural,Mid,0,0
2026-04-25T00:00:00,Rural,Mid,0,0
2026-04-25T00:00:00,Rural,Mid,0,0
2026-04-25T00:00:00,Rural,Mid,0,0
2026-04-25T00:00:00,Rural,Mid,0,0
2026-04-25T00:00:00,Rural,Mid,0,0
2026-04-25T00:00:00,Rural,Mid,0,0
2026-04-25T00:00:00,Rural,Mid,0,0
2026-04-25T00:00:00,Rural,Mid,0,0
2026-04-25T00:00:00,Rural,Mid,0,0
2026-04-25T00:00:00,Rural,Mid,0,0
2026-04-25T00:00:00,Rural,Mid,0,0
2026-04-25T00:00:00,Rural,Mid,0,0
2026-04-25T00:00:00,Rural,Mid,0,0
2026-04-25T00:00:00,Rural,Mid,0,0
2026-04-25T00:00:00,Rural,Mid,0,0
2026-04-25T00:00:00,Rural,Mid,0,0
2026-04-25T00:00:00,Rural,Mid,0,0
2026-04-25T00:00:00,Rural,Mid,0,0
2026-04-25T00:00:00,Rural,Mid,0,0
2026-04-25T00:00:00,Rural,Mid,0,0
2026-04-25T00:00:00,Rural,Mid,0,0
2026-04-25T00:00:00,Rural,Mid,0,0
2026-04-25T00:00:00,Rural,Mid,0,0
2026-04-25T00:00:00,Rural,Mid,0,0
2026-04-25T00:00:00,Rural,Mid,0,0
2026-04-25T00:00:00,Rural,Mid,0,0
2026-04-25T00:00:00,Rural,Mid,0,0
2026-04-25T00:00:00,Rural,Mid,0,1
2026-04-25T00:00:00,Rural,Mid,0,1
2026-04-25T00:00:00,Rural,Mid,0,0
2026-04-25T00:00:00,Rural,Mid,0,0
2026-04-25T00:00:00,Rural,Mid,0,0
2026-04-25T00:00:00,Rural,Mid,0,0
2026-04-25T00:00:00,Rural,Mid,0,0
2026-04-25T00:00:00,Rural,Mid,0,0
2026-04-25T00:00:00,Rural,Mid,0,0
2026-04-25T00:00:00,Rural,Mid,0,0
2026-04-25T00:00:00,Rural,Mid,0,0
2026-04-25T00:00:00,Rural,Low,1,1
2026-04-25T00:00:00,Rural,Low,1,0
2026-04-25T00:00:00,Rural,Low,1,1
2026-04-25T00:00:00,Rural,Low,1,1
2026-04-25T00:00:00,Rural,Low,1,1
2026-04-25T00:00:00,Rural,Low,1,1
2026-04-25T00:00:00,Rural,Low,1,0
2026-04-25T00:00:00,Rural,Low,1,1
2026-04-25T00:00:00,Rural,Low,1,1
2026-04-25T00:00:00,Rural,Low,1,1
2026-04-25T00:00:00,Rural,Low,1,1
2026-04-25T00:00:00,Rural,Low,1,1
2026-04-25T00:00:00,Rural,Low,1,1
2026-04-25T00:00:00,Rural,Low,1,1
2026-04-25T00:00:00,Rural,Low,1,1
2026-04-25T00:00:00,Rural,Low,1,0
2026-04-25T00:00:00,Rural,Low,1,1
2026-04-25T00:00:00,Rural,Low,1,1
2026-04-25T00:00:00,Rural,Low,1,1
2026-04-25T00:00:00,Rural,Low,1,1
2026-04-25T00:00:00,Rural,Low,1,1
2026-04-25T00:00:00,Rural,Low,1,0
2026-04-25T00:00:00,Rural,Low,1,1
2026-04-25T00:00:00,Rural,Low,1,1
2026-04-25T00:00:00,Rural,Low,1,1
2026-04-25T00:00:00,Rural,Low,1,1
2026-04-25T00:00:00,Rural,Low,1,0
2026-04-25T00:00:00,Rural,Low,1,1
2026-04-25T00:00:00,Rural,Low,1,1
2026-04-25T00:00:00,Rural,Low,1,1
2026-04-25T00:00:00,Rural,Low,1,1
2026-04-25T00:00:00,Rural,Low,1,0
2026-04-25T00:00:00,Rural,Low,1,0
2026-04-25T00:00:00,Rural,Low,1,1
2026-04-25T00:00:00,Rural,Low,1,0
2026-04-25T00:00:00,Rural,Low,1,1
2026-04-25T00:00:00,Rural,Low,1,1
2026-04-25T00:00:00,Rural,Low,1,0
2026-04-25T00:00:00,Rural,Low,1,1
2026-04-25T00:00:00,Rural,Low,1,1
2026-04-25T00:00:00,Rural,Low,1,1
2026-04-25T00:00:00,Rural,Low,0,0
2026-04-25T00:00:00,Rural,Low,0,0
2026-04-25T00:00:00,Rural,Low,0,1
2026-04-25T00:00:00,Rural,Low,0,0
2026-04-25T00:00:00,Rural,Low,0,0
2026-04-25T00:00:00,Rural,Low,0,0
2026-04-25T00:00:00,Rural,Low,0,0
2026-04-25T00:00:00,Rural,Low,0,0
2026-04-25T00:00:00,Rural,Low,0,0
2026-04-25T00:00:00,Rural,Low,0,0
2026-04-25T00:00:00,Rural,Low,0,0
2026-04-25T00:00:00,Rural,Low,0,0
2026-04-25T00:00:00,Rural,Low,0,0
2026-04-25T00:00:00,Rural,Low,0,0
2026-04-25T00:00:00,Rural,Low,0,0
2026-04-25T00:00:00,Rural,Low,0,0
2026-04-25T00:00:00,Rural,Low,0,1
2026-04-25T00:00:00,Rural,Low,0,0
2026-04-25T00:00:00,Rural,Low,0,0
2026-04-25T00:00:00,Rural,Low,0,0
2026-04-25T00:00:00,Rural,Low,0,0
2026-04-25T00:00:00,Rural,Low,0,0
2026-04-25T00:00:00,Rural,Low,0,0
2026-04-25T00:00:00,Rural,Low,0,0
2026-04-25T00:00:00,Rural,Low,0,0
2026-04-25T00:00:00,Rural,Low,0,0
2026-04-25T00:00:00,Rural,Low,0,0
2026-04-25T00:00:00,Rural,Low,0,0
2026-04-25T00:00:00,Rural,Low,0,0
2026-04-25T00:00:00,Rural,Low,0,0
2026-04-25T00:00:00,Rural,Low,0,0
2026-04-25T00:00:00,Rural,Low,0,0
2026-04-25T00:00:00,Rural,Low,0,0
2026-04-25T00:00:00,Rural,Low,0,0
2026-04-25T00:00:00,Rural,Low,0,1
2026-04-25T00:00:00,Rural,Low,0,0
2026-04-25T00:00:00,Rural,Low,0,0
2026-04-25T00:00:00,Rural,Low,0,0
2026-04-25T00:00:00,Rural,Low,0,0
2026-04-25T00:00:00,Rural,Low,0,0
2026-04-25T00:00:00,Rural,Low,0,0
2026-04-25T00:00:00,Rural,Low,0,0
2026-04-25T00:00:00,Rural,Low,0,0
2026-04-25T00:00:00,Rural,Low,0,0
2026-04-25T00:00:00,Rural,Low,0,0
2026-04-25T00:00:00,Rural,Low,0,0
2026-04-25T00:00:00,Rural,Low,0,0
2026-04-25T00:00:00,Rural,Low,0,1
2026-04-25T00:00:00,Rural,Low,0,0
2026-04-25T00:00:00,Rural,Low,0,0
2026-04-25T00:00:00,Rural,Low,0,0
2026-04-25T00:00:00,Rural,Low,0,0
2026-04-25T00:00:00,Rural,Low,0,0
2026-04-25T00:00:00,Rural,Low,0,0
2026-04-25T00:00:00,Rural,Low,0,0
2026-04-25T00:00:00,Rural,Low,0,0
2026-04-25T00:00:00,Rural,Low,0,0
2026-04-25T00:00:00,Rural,Low,0,0
2026-04-25T00:00:00,Rural,Low,0,0
2026-04-25T00:00:00,Rural,Low,0,0
2026-04-25T00:00:00,Rural,Low,0,0
2026-04-25T00:00:00,Rural,Low,0,0
2026-04-25T00:00:00,Rural,Low,0,0
2026-04-25T00:00:00,Rural,Low,0,0
2026-04-25T00:00:00,Rural,Low,0,0
2026-04-25T00:00:00,Rural,Low,0,0
2026-04-25T00:00:00,Rural,Low,0,0
2026-04-25T00:00:00,Rural,Low,0,0
2026-04-25T00:00:00,Rural,Low,0,0
2026-04-25T00:00:00,Rural,Low,0,0
2026-04-25T00:00:00,Rural,Low,0,0
2026-04-25T00:00:00,Rural,Low,0,0
2026-04-25T00:00:00,Rural,Low,0,0
2026-04-25T00:00:00,Rural,Low,0,0
2026-04-25T00:00:00,Rural,Low,0,0
2026-04-25T00:00:00,Rural,Low,0,0
2026-04-25T00:00:00,Rural,Low,0,0
2026-04-25T00:00:00,Rural,Low,0,0
2026-04-25T00:00:00,Rural,Low,0,0
2026-04-25T00:00:00,Rural,Low,0,0
2026-04-25T00:00:00,Rural,Low,0,0
2026-04-25T00:00:00,Rural,Low,0,0
2026-04-25T00:00:00,Rural,Low,0,0
2026-04-25T00:00:00,Rural,Low,0,0
2026-04-25T00:00:00,Rural,Low,0,0
2026-04-25T00:00:00,Rural,Low,0,0
2026-04-25T00:00:00,Rural,Low,0,0
2026-04-25T00:00:00,Rural,Low,0,0
2026-04-25T00:00:00,Rural,Low,0,0
2026-04-26T00:00:00,Urban,High,1,1
2026-04-26T00:00:00,Urban,High,1,1
2026-04-26T00:00:00,Urban,High,1,1
2026-04-26T00:00:00,Urban,High,1,1
2026-04-26T00:00:00,Urban,High,1,1
2026-04-26T00:00:00,Urban,High,1,1
2026-04-26T00:00:00,Urban,High,1,1
2026-04-26T00:00:00,Urban,High,1,1
2026-04-26T00:00:00,Urban,High,1,1
2026-04-26T00:00:00,Urban,High,1,1
2026-04-26T00:00:00,Urban,High,1,1
2026-04-26T00:00:00,Urban,High,1,1
2026-04-26T00:00:00,Urban,High,1,1
2026-04-26T00:00:00,Urban,High,1,1
2026-04-26T00:00:00,Urban,High,1,1
2026-04-26T00:00:00,Urban,High,1,1
2026-04-26T00:00:00,Urban,High,1,1
2026-04-26T00:00:00,Urban,High,1,1
2026-04-26T00:00:00,Urban,High,1,1
2026-04-26T00:00:00,Urban,High,1,1
2026-04-26T00:00:00,Urban,High,1,1
2026-04-26T00:00:00,Urban,High,1,1
2026-04-26T00:00:00,Urban,High,1,1
2026-04-26T00:00:00,Urban,High,1,1
2026-04-26T00:00:00,Urban,High,1,1
2026-04-26T00:00:00,Urban,High,1,1
2026-04-26T00:00:00,Urban,High,1,1
2026-04-26T00:00:00,Urban,High,1,1
2026-04-26T00:00:00,Urban,High,1,1
2026-04-26T00:00:00,Urban,High,1,1
2026-04-26T00:00:00,Urban,High,1,1
2026-04-26T00:00:00,Urban,High,1,1
2026-04-26T00:00:00,Urban,High,1,1
2026-04-26T00:00:00,Urban,High,1,1
2026-04-26T00:00:00,Urban,High,1,1
2026-04-26T00:00:00,Urban,High,1,1
2026-04-26T00:00:00,Urban,High,1,1
2026-04-26T00:00:00,Urban,High,1,1
2026-04-26T00:00:00,Urban,High,0,0
2026-04-26T00:00:00,Urban,High,0,0
2026-04-26T00:00:00,Urban,High,0,0
2026-04-26T00:00:00,Urban,High,0,0
2026-04-26T00:00:00,Urban,High,0,0
2026-04-26T00:00:00,Urban,High,0,0
2026-04-26T00:00:00,Urban,High,0,0
2026-04-26T00:00:00,Urban,High,0,0
2026-04-26T00:00:00,Urban,High,0,0
2026-04-26T00:00:00,Urban,High,0,0
2026-04-26T00:00:00,Urban,High,0,0
2026-04-26T00:00:00,Urban,High,0,0
2026-04-26T00:00:00,Urban,High,0,0
2026-04-26T00:00:00,Urban,High,0,0
2026-04-26T00:00:00,Urban,High,0,0
2026-04-26T00:00:00,Urban,High,0,0
2026-04-26T00:00:00,Urban,High,0,0
2026-04-26T00:00:00,Urban,High,0,0
2026-04-26T00:00:00,Urban,High,0,0
2026-04-26T00:00:00,Urban,High,0,0
2026-04-26T00:00:00,Urban,High,0,0
2026-04-26T00:00:00,Urban,High,0,0
2026-04-26T00:00:00,Urban,High,0,0
2026-04-26T00:00:00,Urban,High,0,0
2026-04-26T00:00:00,Urban,High,0,0
2026-04-26T00:00:00,Urban,High,0,0
2026-04-26T00:00:00,Urban,High,0,0
2026-04-26T00:00:00,Urban,High,0,0
2026-04-26T00:00:00,Urban,High,0,0
2026-04-26T00:00:00,Urban,High,0,0
2026-04-26T00:00:00,Urban,High,0,0
2026-04-26T00:00:00,Urban,High,0,0
2026-04-26T00:00:00,Urban,High,0,0
2026-04-26T00:00:00,Urban,High,0,0
2026-04-26T00:00:00,Urban,High,0,0
2026-04-26T00:00:00,Urban,High,0,0
2026-04-26T00:00:00,Urban,High,0,1
2026-04-26T00:00:00,Urban,High,0,0
2026-04-26T00:00:00,Urban,High,0,0
2026-04-26T00:00:00,Urban,High,0,0
2026-04-26T00:00:00,Urban,High,0,0
2026-04-26T00:00:00,Urban,High,0,0
2026-04-26T00:00:00,Urban,High,0,0
2026-04-26T00:00:00,Urban,High,0,0
2026-04-26T00:00:00,Urban,High,0,0
2026-04-26T00:00:00,Urban,High,0,0
2026-04-26T00:00:00,Urban,High,0,0
2026-04-26T00:00:00,Urban,High,0,0
2026-04-26T00:00:00,Urban,High,0,0
2026-04-26T00:00:00,Urban,High,0,0
2026-04-26T00:00:00,Urban,High,0,1
2026-04-26T00:00:00,Urban,High,0,0
2026-04-26T00:00:00,Urban,High,0,0
2026-04-26T00:00:00,Urban,High,0,0
2026-04-26T00:00:00,Urban,High,0,0
2026-04-26T00:00:00,Urban,High,0,1
2026-04-26T00:00:00,Urban,High,0,0
2026-04-26T00:00:00,Urban,High,0,0
2026-04-26T00:00:00,Urban,High,0,1
2026-04-26T00:00:00,Urban,High,0,0
2026-04-26T00:00:00,Urban,High,0,0
2026-04-26T00:00:00,Urban,High,0,0
2026-04-26T00:00:00,Urban,High,0,0
2026-04-26T00:00:00,Urban,High,0,0
2026-04-26T00:00:00,Urban,High,0,0
2026-04-26T00:00:00,Urban,High,0,0
2026-04-26T00:00:00,Urban,High,0,0
2026-04-26T00:00:00,Urban,High,0,0
2026-04-26T00:00:00,Urban,High,0,0
2026-04-26T00:00:00,Urban,High,0,0
2026-04-26T00:00:00,Urban,High,0,0
2026-04-26T00:00:00,Urban,High,0,0
2026-04-26T00:00:00,Urban,High,0,0
2026-04-26T00:00:00,Urban,High,0,0
2026-04-26T00:00:00,Urban,High,0,0
2026-04-26T00:00:00,Urban,High,0,0
2026-04-26T00:00:00,Urban,High,0,0
2026-04-26T00:00:00,Urban,High,0,0
2026-04-26T00:00:00,Urban,High,0,0
2026-04-26T00:00:00,Urban,High,0,0
2026-04-26T00:00:00,Urban,High,0,0
2026-04-26T00:00:00,Urban,High,0,0
2026-04-26T00:00:00,Urban,High,0,0
2026-04-26T00:00:00,Urban,High,0,0
2026-04-26T00:00:00,Urban,High,0,0
2026-04-26T00:00:00,Urban,High,0,0
2026-04-26T00:00:00,Urban,High,0,0
2026-04-26T00:00:00,Urban,High,0,0
2026-04-26T00:00:00,Urban,High,0,0
2026-04-26T00:00:00,Urban,High,0,0
2026-04-26T00:00:00,Urban,High,0,0
2026-04-26T00:00:00,Urban,High,0,0
2026-04-26T00:00:00,Urban,High,0,0
2026-04-26T00:00:00,Urban,High,0,0
2026-04-26T00:00:00,Urban,High,0,0
2026-04-26T00:00:00,Urban,High,0,0
2026-04-26T00:00:00,Urban,High,0,0
2026-04-26T00:00:00,Urban,High,0,0
2026-04-26T00:00:00,Urban,High,0,0
2026-04-26T00:00:00,Urban,High,0,0
2026-04-26T00:00:00,Urban,High,0,0
2026-04-26T00:00:00,Urban,High,0,0
2026-04-26T00:00:00,Urban,High,0,0
2026-04-26T00:00:00,Urban,High,0,0
2026-04-26T00:00:00,Urban,High,0,0
2026-04-26T00:00:00,Urban,High,0,0
2026-04-26T00:00:00,Urban,High,0,0
2026-04-26T00:00:00,Urban,High,0,0
2026-04-26T00:00:00,Urban,High,0,0
2026-04-26T00:00:00,Urban,High,0,0
2026-04-26T00:00:00,Urban,High,0,0
2026-04-26T00:00:00,Urban,High,0,0
2026-04-26T00:00:00,Urban,High,0,0
2026-04-26T00:00:00,Urban,Mid,1,1
2026-04-26T00:00:00,Urban,Mid,1,1
2026-04-26T00:00:00,Urban,Mid,1,1
2026-04-26T00:00:00,Urban,Mid,1,1
2026-04-26T00:00:00,Urban,Mid,1,1
2026-04-26T00:00:00,Urban,Mid,1,1
2026-04-26T00:00:00,Urban,Mid,1,1
2026-04-26T00:00:00,Urban,Mid,1,1
2026-04-26T00:00:00,Urban,Mid,1,1
2026-04-26T00:00:00,Urban,Mid,1,1
2026-04-26T00:00:00,Urban,Mid,1,1
2026-04-26T00:00:00,Urban,Mid,1,1
2026-04-26T00:00:00,Urban,Mid,1,1
2026-04-26T00:00:00,Urban,Mid,1,1
2026-04-26T00:00:00,Urban,Mid,1,1
2026-04-26T00:00:00,Urban,Mid,1,1
2026-04-26T00:00:00,Urban,Mid,1,1
2026-04-26T00:00:00,Urban,Mid,1,0
2026-04-26T00:00:00,Urban,Mid,1,1
2026-04-26T00:00:00,Urban,Mid,1,1
2026-04-26T00:00:00,Urban,Mid,1,1
2026-04-26T00:00:00,Urban,Mid,1,1
2026-04-26T00:00:00,Urban,Mid,1,1
2026-04-26T00:00:00,Urban,Mid,1,1
2026-04-26T00:00:00,Urban,Mid,1,1
2026-04-26T00:00:00,Urban,Mid,1,1
2026-04-26T00:00:00,Urban,Mid,1,1
2026-04-26T00:00:00,Urban,Mid,1,0
2026-04-26T00:00:00,Urban,Mid,1,1
2026-04-26T00:00:00,Urban,Mid,1,1
2026-04-26T00:00:00,Urban,Mid,1,1
2026-04-26T00:00:00,Urban,Mid,1,1
2026-04-26T00:00:00,Urban,Mid,1,1
2026-04-26T00:00:00,Urban,Mid,1,1
2026-04-26T00:00:00,Urban,Mid,1,1
2026-04-26T00:00:00,Urban,Mid,1,1
2026-04-26T00:00:00,Urban,Mid,1,1
2026-04-26T00:00:00,Urban,Mid,1,1
2026-04-26T00:00:00,Urban,Mid,1,0
2026-04-26T00:00:00,Urban,Mid,0,0
2026-04-26T00:00:00,Urban,Mid,0,0
2026-04-26T00:00:00,Urban,Mid,0,0
2026-04-26T00:00:00,Urban,Mid,0,0
2026-04-26T00:00:00,Urban,Mid,0,0
2026-04-26T00:00:00,Urban,Mid,0,0
2026-04-26T00:00:00,Urban,Mid,0,0
2026-04-26T00:00:00,Urban,Mid,0,0
2026-04-26T00:00:00,Urban,Mid,0,0
2026-04-26T00:00:00,Urban,Mid,0,1
2026-04-26T00:00:00,Urban,Mid,0,0
2026-04-26T00:00:00,Urban,Mid,0,0
2026-04-26T00:00:00,Urban,Mid,0,0
2026-04-26T00:00:00,Urban,Mid,0,0
2026-04-26T00:00:00,Urban,Mid,0,0
2026-04-26T00:00:00,Urban,Mid,0,0
2026-04-26T00:00:00,Urban,Mid,0,0
2026-04-26T00:00:00,Urban,Mid,0,0
2026-04-26T00:00:00,Urban,Mid,0,0
2026-04-26T00:00:00,Urban,Mid,0,0
2026-04-26T00:00:00,Urban,Mid,0,0
2026-04-26T00:00:00,Urban,Mid,0,0
2026-04-26T00:00:00,Urban,Mid,0,0
2026-04-26T00:00:00,Urban,Mid,0,0
2026-04-26T00:00:00,Urban,Mid,0,0
2026-04-26T00:00:00,Urban,Mid,0,0
2026-04-26T00:00:00,Urban,Mid,0,0
2026-04-26T00:00:00,Urban,Mid,0,0
2026-04-26T00:00:00,Urban,Mid,0,0
2026-04-26T00:00:00,Urban,Mid,0,0
2026-04-26T00:00:00,Urban,Mid,0,0
2026-04-26T00:00:00,Urban,Mid,0,0
2026-04-26T00:00:00,Urban,Mid,0,0
2026-04-26T00:00:00,Urban,Mid,0,0
2026-04-26T00:00:00,Urban,Mid,0,1
2026-04-26T00:00:00,Urban,Mid,0,0
2026-04-26T00:00:00,Urban,Mid,0,0
2026-04-26T00:00:00,Urban,Mid,0,0
2026-04-26T00:00:00,Urban,Mid,0,0
2026-04-26T00:00:00,Urban,Mid,0,0
2026-04-26T00:00:00,Urban,Mid,0,0
2026-04-26T00:00:00,Urban,Mid,0,0
2026-04-26T00:00:00,Urban,Mid,0,0
2026-04-26T00:00:00,Urban,Mid,0,1
2026-04-26T00:00:00,Urban,Mid,0,0
2026-04-26T00:00:00,Urban,Mid,0,0
2026-04-26T00:00:00,Urban,Mid,0,0
2026-04-26T00:00:00,Urban,Mid,0,0
2026-04-26T00:00:00,Urban,Mid,0,0
2026-04-26T00:00:00,Urban,Mid,0,1
2026-04-26T00:00:00,Urban,Mid,0,0
2026-04-26T00:00:00,Urban,Mid,0,0
2026-04-26T00:00:00,Urban,Mid,0,0
2026-04-26T00:00:00,Urban,Mid,0,0
2026-04-26T00:00:00,Urban,Mid,0,0
2026-04-26T00:00:00,Urban,Mid,0,0
2026-04-26T00:00:00,Urban,Mid,0,1
2026-04-26T00:00:00,Urban,Mid,0,0
2026-04-26T00:00:00,Urban,Mid,0,0
2026-04-26T00:00:00,Urban,Mid,0,0
2026-04-26T00:00:00,Urban,Mid,0,0
2026-04-26T00:00:00,Urban,Mid,0,0
2026-04-26T00:00:00,Urban,Mid,0,0
2026-04-26T00:00:00,Urban,Mid,0,0
2026-04-26T00:00:00,Urban,Mid,0,0
2026-04-26T00:00:00,Urban,Mid,0,0
2026-04-26T00:00:00,Urban,Mid,0,0
2026-04-26T00:00:00,Urban,Mid,0,0
2026-04-26T00:00:00,Urban,Mid,0,0
2026-04-26T00:00:00,Urban,Mid,0,0
2026-04-26T00:00:00,Urban,Mid,0,0
2026-04-26T00:00:00,Urban,Mid,0,0
2026-04-26T00:00:00,Urban,Mid,0,0
2026-04-26T00:00:00,Urban,Mid,0,0
2026-04-26T00:00:00,Urban,Mid,0,0
2026-04-26T00:00:00,Urban,Mid,0,0
2026-04-26T00:00:00,Urban,Mid,0,0
2026-04-26T00:00:00,Urban,Mid,0,0
2026-04-26T00:00:00,Urban,Mid,0,0
2026-04-26T00:00:00,Urban,Mid,0,0
2026-04-26T00:00:00,Urban,Mid,0,0
2026-04-26T00:00:00,Urban,Mid,0,0
2026-04-26T00:00:00,Urban,Mid,0,0
2026-04-26T00:00:00,Urban,Mid,0,0
2026-04-26T00:00:00,Urban,Mid,0,0
2026-04-26T00:00:00,Urban,Mid,0,0
2026-04-26T00:00:00,Urban,Mid,0,0
2026-04-26T00:00:00,Urban,Mid,0,0
2026-04-26T00:00:00,Urban,Mid,0,0
2026-04-26T00:00:00,Urban,Mid,0,0
2026-04-26T00:00:00,Urban,Mid,0,0
2026-04-26T00:00:00,Urban,Mid,0,0
2026-04-26T00:00:00,Urban,Mid,0,0
2026-04-26T00:00:00,Urban,Mid,0,0
2026-04-26T00:00:00,Urban,Low,1,0
2026-04-26T00:00:00,Urban,Low,1,1
2026-04-26T00:00:00,Urban,Low,1,1
2026-04-26T00:00:00,Urban,Low,1,1
2026-04-26T00:00:00,Urban,Low,1,1
2026-04-26T00:00:00,Urban,Low,1,1
2026-04-26T00:00:00,Urban,Low,1,1
2026-04-26T00:00:00,Urban,Low,1,1
2026-04-26T00:00:00,Urban,Low,1,1
2026-04-26T00:00:00,Urban,Low,1,1
2026-04-26T00:00:00,Urban,Low,1,1
2026-04-26T00:00:00,Urban,Low,1,0
2026-04-26T00:00:00,Urban,Low,1,1
2026-04-26T00:00:00,Urban,Low,1,1
2026-04-26T00:00:00,Urban,Low,1,0
2026-04-26T00:00:00,Urban,Low,1,1
2026-04-26T00:00:00,Urban,Low,1,1
2026-04-26T00:00:00,Urban,Low,1,1
2026-04-26T00:00:00,Urban,Low,1,1
2026-04-26T00:00:00,Urban,Low,1,1
2026-04-26T00:00:00,Urban,Low,1,0
2026-04-26T00:00:00,Urban,Low,1,0
2026-04-26T00:00:00,Urban,Low,1,1
2026-04-26T00:00:00,Urban,Low,1,1
2026-04-26T00:00:00,Urban,Low,1,1
2026-04-26T00:00:00,Urban,Low,1,1
2026-04-26T00:00:00,Urban,Low,1,1
2026-04-26T00:00:00,Urban,Low,1,1
2026-04-26T00:00:00,Urban,Low,1,1
2026-04-26T00:00:00,Urban,Low,1,1
2026-04-26T00:00:00,Urban,Low,1,1
2026-04-26T00:00:00,Urban,Low,1,1
2026-04-26T00:00:00,Urban,Low,1,1
2026-04-26T00:00:00,Urban,Low,1,1
2026-04-26T00:00:00,Urban,Low,1,1
2026-04-26T00:00:00,Urban,Low,1,1
2026-04-26T00:00:00,Urban,Low,1,1
2026-04-26T00:00:00,Urban,Low,1,1
2026-04-26T00:00:00,Urban,Low,1,1
2026-04-26T00:00:00,Urban,Low,0,0
2026-04-26T00:00:00,Urban,Low,0,1
2026-04-26T00:00:00,Urban,Low,0,0
2026-04-26T00:00:00,Urban,Low,0,0
2026-04-26T00:00:00,Urban,Low,0,0
2026-04-26T00:00:00,Urban,Low,0,0
2026-04-26T00:00:00,Urban,Low,0,0
2026-04-26T00:00:00,Urban,Low,0,0
2026-04-26T00:00:00,Urban,Low,0,0
2026-04-26T00:00:00,Urban,Low,0,0
2026-04-26T00:00:00,Urban,Low,0,0
2026-04-26T00:00:00,Urban,Low,0,0
2026-04-26T00:00:00,Urban,Low,0,0
2026-04-26T00:00:00,Urban,Low,0,0
2026-04-26T00:00:00,Urban,Low,0,0
2026-04-26T00:00:00,Urban,Low,0,0
2026-04-26T00:00:00,Urban,Low,0,0
2026-04-26T00:00:00,Urban,Low,0,0
2026-04-26T00:00:00,Urban,Low,0,0
2026-04-26T00:00:00,Urban,Low,0,0
2026-04-26T00:00:00,Urban,Low,0,0
2026-04-26T00:00:00,Urban,Low,0,1
2026-04-26T00:00:00,Urban,Low,0,0
2026-04-26T00:00:00,Urban,Low,0,1
2026-04-26T00:00:00,Urban,Low,0,0
2026-04-26T00:00:00,Urban,Low,0,0
2026-04-26T00:00:00,Urban,Low,0,0
2026-04-26T00:00:00,Urban,Low,0,0
2026-04-26T00:00:00,Urban,Low,0,0
2026-04-26T00:00:00,Urban,Low,0,0
2026-04-26T00:00:00,Urban,Low,0,0
2026-04-26T00:00:00,Urban,Low,0,0
2026-04-26T00:00:00,Urban,Low,0,0
2026-04-26T00:00:00,Urban,Low,0,0
2026-04-26T00:00:00,Urban,Low,0,0
2026-04-26T00:00:00,Urban,Low,0,0
2026-04-26T00:00:00,Urban,Low,0,0
2026-04-26T00:00:00,Urban,Low,0,0
2026-04-26T00:00:00,Urban,Low,0,0
2026-04-26T00:00:00,Urban,Low,0,0
2026-04-26T00:00:00,Urban,Low,0,0
2026-04-26T00:00:00,Urban,Low,0,0
2026-04-26T00:00:00,Urban,Low,0,0
2026-04-26T00:00:00,Urban,Low,0,0
2026-04-26T00:00:00,Urban,Low,0,0
2026-04-26T00:00:00,Urban,Low,0,0
2026-04-26T00:00:00,Urban,Low,0,0
2026-04-26T00:00:00,Urban,Low,0,0
2026-04-26T00:00:00,Urban,Low,0,0
2026-04-26T00:00:00,Urban,Low,0,0
2026-04-26T00:00:00,Urban,Low,0,0
2026-04-26T00:00:00,Urban,Low,0,0
2026-04-26T00:00:00,Urban,Low,0,0
2026-04-26T00:00:00,Urban,Low,0,1
2026-04-26T00:00:00,Urban,Low,0,0
2026-04-26T00:00:00,Urban,Low,0,0
2026-04-26T00:00:00,Urban,Low,0,0
2026-04-26T00:00:00,Urban,Low,0,1
2026-04-26T00:00:00,Urban,Low,0,1
2026-04-26T00:00:00,Urban,Low,0,0
2026-04-26T00:00:00,Urban,Low,0,0
2026-04-26T00:00:00,Urban,Low,0,0
2026-04-26T00:00:00,Urban,Low,0,0
2026-04-26T00:00:00,Urban,Low,0,0
2026-04-26T00:00:00,Urban,Low,0,0
2026-04-26T00:00:00,Urban,Low,0,0
2026-04-26T00:00:00,Urban,Low,0,0
2026-04-26T00:00:00,Urban,Low,0,0
2026-04-26T00:00:00,Urban,Low,0,0
2026-04-26T00:00:00,Urban,Low,0,0
2026-04-26T00:00:00,Urban,Low,0,0
2026-04-26T00:00:00,Urban,Low,0,0
2026-04-26T00:00:00,Urban,Low,0,0
2026-04-26T00:00:00,Urban,Low,0,0
2026-04-26T00:00:00,Urban,Low,0,0
2026-04-26T00:00:00,Urban,Low,0,0
2026-04-26T00:00:00,Urban,Low,0,0
2026-04-26T00:00:00,Urban,Low,0,0
2026-04-26T00:00:00,Urban,Low,0,0
2026-04-26T00:00:00,Urban,Low,0,0
2026-04-26T00:00:00,Urban,Low,0,0
2026-04-26T00:00:00,Urban,Low,0,0
2026-04-26T00:00:00,Urban,Low,0,0
2026-04-26T00:00:00,Urban,Low,0,0
2026-04-26T00:00:00,Urban,Low,0,1
2026-04-26T00:00:00,Urban,Low,0,0
2026-04-26T00:00:00,Urban,Low,0,0
2026-04-26T00:00:00,Urban,Low,0,0
2026-04-26T00:00:00,Urban,Low,0,0
2026-04-26T00:00:00,Urban,Low,0,0
2026-04-26T00:00:00,Urban,Low,0,0
2026-04-26T00:00:00,Urban,Low,0,0
2026-04-26T00:00:00,Urban,Low,0,0
2026-04-26T00:00:00,Urban,Low,0,0
2026-04-26T00:00:00,Urban,Low,0,0
2026-04-26T00:00:00,Urban,Low,0,0
2026-04-26T00:00:00,Urban,Low,0,0
2026-04-26T00:00:00,Urban,Low,0,0
2026-04-26T00:00:00,Urban,Low,0,0
2026-04-26T00:00:00,Urban,Low,0,0
2026-04-26T00:00:00,Urban,Low,0,0
2026-04-26T00:00:00,Urban,Low,0,0
2026-04-26T00:00:00,Urban,Low,0,0
2026-04-26T00:00:00,Urban,Low,0,0
2026-04-26T00:00:00,Urban,Low,0,0
2026-04-26T00:00:00,Urban,Low,0,0
2026-04-26T00:00:00,Urban,Low,0,0
2026-04-26T00:00:00,Urban,Low,0,0
2026-04-26T00:00:00,Urban,Low,0,0
2026-04-26T00:00:00,Urban,Low,0,0
2026-04-26T00:00:00,Urban,Low,0,0
2026-04-26T00:00:00,Rural,High,1,1
2026-04-26T00:00:00,Rural,High,1,1
2026-04-26T00:00:00,Rural,High,1,1
2026-04-26T00:00:00,Rural,High,1,1
2026-04-26T00:00:00,Rural,High,1,1
2026-04-26T00:00:00,Rural,High,1,1
2026-04-26T00:00:00,Rural,High,1,1
2026-04-26T00:00:00,Rural,High,1,1
2026-04-26T00:00:00,Rural,High,1,1
2026-04-26T00:00:00,Rural,High,1,1
2026-04-26T00:00:00,Rural,High,1,1
2026-04-26T00:00:00,Rural,High,1,1
2026-04-26T00:00:00,Rural,High,1,1
2026-04-26T00:00:00,Rural,High,1,1
2026-04-26T00:00:00,Rural,High,1,1
2026-04-26T00:00:00,Rural,High,1,1
2026-04-26T00:00:00,Rural,High,1,1
2026-04-26T00:00:00,Rural,High,1,1
2026-04-26T00:00:00,Rural,High,1,1
2026-04-26T00:00:00,Rural,High,1,0
2026-04-26T00:00:00,Rural,High,1,0
2026-04-26T00:00:00,Rural,High,1,1
2026-04-26T00:00:00,Rural,High,1,1
2026-04-26T00:00:00,Rural,High,1,1
2026-04-26T00:00:00,Rural,High,1,1
2026-04-26T00:00:00,Rural,High,1,0
2026-04-26T00:00:00,Rural,High,1,1
2026-04-26T00:00:00,Rural,High,1,1
2026-04-26T00:00:00,Rural,High,1,1
2026-04-26T00:00:00,Rural,High,1,1
2026-04-26T00:00:00,Rural,High,1,1
2026-04-26T00:00:00,Rural,High,1,1
2026-04-26T00:00:00,Rural,High,1,1
2026-04-26T00:00:00,Rural,High,1,1
2026-04-26T00:00:00,Rural,High,1,1
2026-04-26T00:00:00,Rural,High,1,1
2026-04-26T00:00:00,Rural,High,0,0
2026-04-26T00:00:00,Rural,High,0,0
2026-04-26T00:00:00,Rural,High,0,0
2026-04-26T00:00:00,Rural,High,0,0
2026-04-26T00:00:00,Rural,High,0,0
2026-04-26T00:00:00,Rural,High,0,0
2026-04-26T00:00:00,Rural,High,0,0
2026-04-26T00:00:00,Rural,High,0,0
2026-04-26T00:00:00,Rural,High,0,0
2026-04-26T00:00:00,Rural,High,0,0
2026-04-26T00:00:00,Rural,High,0,0
2026-04-26T00:00:00,Rural,High,0,0
2026-04-26T00:00:00,Rural,High,0,0
2026-04-26T00:00:00,Rural,High,0,0
2026-04-26T00:00:00,Rural,High,0,0
2026-04-26T00:00:00,Rural,High,0,0
2026-04-26T00:00:00,Rural,High,0,0
2026-04-26T00:00:00,Rural,High,0,0
2026-04-26T00:00:00,Rural,High,0,0
2026-04-26T00:00:00,Rural,High,0,0
2026-04-26T00:00:00,Rural,High,0,0
2026-04-26T00:00:00,Rural,High,0,0
2026-04-26T00:00:00,Rural,High,0,0
2026-04-26T00:00:00,Rural,High,0,0
2026-04-26T00:00:00,Rural,High,0,0
2026-04-26T00:00:00,Rural,High,0,0
2026-04-26T00:00:00,Rural,High,0,0
2026-04-26T00:00:00,Rural,High,0,0
2026-04-26T00:00:00,Rural,High,0,0
2026-04-26T00:00:00,Rural,High,0,0
2026-04-26T00:00:00,Rural,High,0,0
2026-04-26T00:00:00,Rural,High,0,0
2026-04-26T00:00:00,Rural,High,0,0
2026-04-26T00:00:00,Rural,High,0,0
2026-04-26T00:00:00,Rural,High,0,0
2026-04-26T00:00:00,Rural,High,0,0
2026-04-26T00:00:00,Rural,High,0,0
2026-04-26T00:00:00,Rural,High,0,0
2026-04-26T00:00:00,Rural,High,0,0
2026-04-26T00:00:00,Rural,High,0,0
2026-04-26T00:00:00,Rural,High,0,0
2026-04-26T00:00:00,Rural,High,0,1
2026-04-26T00:00:00,Rural,High,0,0
2026-04-26T00:00:00,Rural,High,0,0
2026-04-26T00:00:00,Rural,High,0,0
2026-04-26T00:00:00,Rural,High,0,0
2026-04-26T00:00:00,Rural,High,0,0
2026-04-26T00:00:00,Rural,High,0,0
2026-04-26T00:00:00,Rural,High,0,0
2026-04-26T00:00:00,Rural,High,0,0
2026-04-26T00:00:00,Rural,High,0,0
2026-04-26T00:00:00,Rural,High,0,0
2026-04-26T00:00:00,Rural,High,0,0
2026-04-26T00:00:00,Rural,High,0,0
2026-04-26T00:00:00,Rural,High,0,0
2026-04-26T00:00:00,Rural,High,0,0
2026-04-26T00:00:00,Rural,High,0,0
2026-04-26T00:00:00,Rural,High,0,0
2026-04-26T00:00:00,Rural,High,0,0
2026-04-26T00:00:00,Rural,High,0,0
2026-04-26T00:00:00,Rural,High,0,1
2026-04-26T00:00:00,Rural,High,0,0
2026-04-26T00:00:00,Rural,High,0,0
2026-04-26T00:00:00,Rural,High,0,1
2026-04-26T00:00:00,Rural,High,0,0
2026-04-26T00:00:00,Rural,High,0,0
2026-04-26T00:00:00,Rural,High,0,0
2026-04-26T00:00:00,Rural,High,0,0
2026-04-26T00:00:00,Rural,High,0,0
2026-04-26T00:00:00,Rural,High,0,0
2026-04-26T00:00:00,Rural,High,0,0
2026-04-26T00:00:00,Rural,High,0,0
2026-04-26T00:00:00,Rural,High,0,0
2026-04-26T00:00:00,Rural,High,0,0
2026-04-26T00:00:00,Rural,High,0,0
2026-04-26T00:00:00,Rural,High,0,0
2026-04-26T00:00:00,Rural,High,0,1
2026-04-26T00:00:00,Rural,High,0,0
2026-04-26T00:00:00,Rural,High,0,0
2026-04-26T00:00:00,Rural,High,0,0
2026-04-26T00:00:00,Rural,High,0,0
2026-04-26T00:00:00,Rural,High,0,0
2026-04-26T00:00:00,Rural,High,0,0
2026-04-26T00:00:00,Rural,High,0,0
2026-04-26T00:00:00,Rural,High,0,0
2026-04-26T00:00:00,Rural,High,0,0
2026-04-26T00:00:00,Rural,High,0,0
2026-04-26T00:00:00,Rural,High,0,0
2026-04-26T00:00:00,Rural,High,0,0
2026-04-26T00:00:00,Rural,High,0,0
2026-04-26T00:00:00,Rural,High,0,1
2026-04-26T00:00:00,Rural,High,0,0
2026-04-26T00:00:00,Rural,High,0,0
2026-04-26T00:00:00,Rural,High,0,1
2026-04-26T00:00:00,Rural,High,0,0
2026-04-26T00:00:00,Rural,High,0,0
2026-04-26T00:00:00,Rural,High,0,0
2026-04-26T00:00:00,Rural,High,0,0
2026-04-26T00:00:00,Rural,High,0,0
2026-04-26T00:00:00,Rural,High,0,0
2026-04-26T00:00:00,Rural,High,0,1
2026-04-26T00:00:00,Rural,High,0,0
2026-04-26T00:00:00,Rural,High,0,0
2026-04-26T00:00:00,Rural,High,0,0
2026-04-26T00:00:00,Rural,High,0,0
2026-04-26T00:00:00,Rural,High,0,0
2026-04-26T00:00:00,Rural,High,0,0
2026-04-26T00:00:00,Rural,High,0,0
2026-04-26T00:00:00,Rural,High,0,0
2026-04-26T00:00:00,Rural,High,0,0
2026-04-26T00:00:00,Rural,High,0,0
2026-04-26T00:00:00,Rural,High,0,0
2026-04-26T00:00:00,Rural,High,0,0
2026-04-26T00:00:00,Rural,High,0,0
2026-04-26T00:00:00,Rural,Mid,1,1
2026-04-26T00:00:00,Rural,Mid,1,1
2026-04-26T00:00:00,Rural,Mid,1,1
2026-04-26T00:00:00,Rural,Mid,1,0
2026-04-26T00:00:00,Rural,Mid,1,1
2026-04-26T00:00:00,Rural,Mid,1,1
2026-04-26T00:00:00,Rural,Mid,1,1
2026-04-26T00:00:00,Rural,Mid,1,1
2026-04-26T00:00:00,Rural,Mid,1,1
2026-04-26T00:00:00,Rural,Mid,1,1
2026-04-26T00:00:00,Rural,Mid,1,1
2026-04-26T00:00:00,Rural,Mid,1,1
2026-04-26T00:00:00,Rural,Mid,1,1
2026-04-26T00:00:00,Rural,Mid,1,1
2026-04-26T00:00:00,Rural,Mid,1,1
2026-04-26T00:00:00,Rural,Mid,1,1
2026-04-26T00:00:00,Rural,Mid,1,1
2026-04-26T00:00:00,Rural,Mid,1,1
2026-04-26T00:00:00,Rural,Mid,1,1
2026-04-26T00:00:00,Rural,Mid,1,1
2026-04-26T00:00:00,Rural,Mid,1,1
2026-04-26T00:00:00,Rural,Mid,1,1
2026-04-26T00:00:00,Rural,Mid,1,1
2026-04-26T00:00:00,Rural,Mid,1,1
2026-04-26T00:00:00,Rural,Mid,1,1
2026-04-26T00:00:00,Rural,Mid,1,1
2026-04-26T00:00:00,Rural,Mid,1,1
2026-04-26T00:00:00,Rural,Mid,1,1
2026-04-26T00:00:00,Rural,Mid,1,1
2026-04-26T00:00:00,Rural,Mid,1,0
2026-04-26T00:00:00,Rural,Mid,1,1
2026-04-26T00:00:00,Rural,Mid,1,1
2026-04-26T00:00:00,Rural,Mid,1,1
2026-04-26T00:00:00,Rural,Mid,1,1
2026-04-26T00:00:00,Rural,Mid,1,1
2026-04-26T00:00:00,Rural,Mid,1,1
2026-04-26T00:00:00,Rural,Mid,1,1
2026-04-26T00:00:00,Rural,Mid,1,1
2026-04-26T00:00:00,Rural,Mid,1,1
2026-04-26T00:00:00,Rural,Mid,1,0
2026-04-26T00:00:00,Rural,Mid,1,1
2026-04-26T00:00:00,Rural,Mid,1,1
2026-04-26T00:00:00,Rural,Mid,1,1
2026-04-26T00:00:00,Rural,Mid,1,1
2026-04-26T00:00:00,Rural,Mid,1,1
2026-04-26T00:00:00,Rural,Mid,1,1
2026-04-26T00:00:00,Rural,Mid,1,1
2026-04-26T00:00:00,Rural,Mid,1,1
2026-04-26T00:00:00,Rural,Mid,1,1
2026-04-26T00:00:00,Rural,Mid,1,1
2026-04-26T00:00:00,Rural,Mid,1,1
2026-04-26T00:00:00,Rural,Mid,1,0
2026-04-26T00:00:00,Rural,Mid,1,1
2026-04-26T00:00:00,Rural,Mid,1,1
2026-04-26T00:00:00,Rural,Mid,1,0
2026-04-26T00:00:00,Rural,Mid,1,1
2026-04-26T00:00:00,Rural,Mid,1,1
2026-04-26T00:00:00,Rural,Mid,1,0
2026-04-26T00:00:00,Rural,Mid,1,1
2026-04-26T00:00:00,Rural,Mid,1,1
2026-04-26T00:00:00,Rural,Mid,1,1
2026-04-26T00:00:00,Rural,Mid,1,0
2026-04-26T00:00:00,Rural,Mid,1,1
2026-04-26T00:00:00,Rural,Mid,1,1
2026-04-26T00:00:00,Rural,Mid,0,0
2026-04-26T00:00:00,Rural,Mid,0,0
2026-04-26T00:00:00,Rural,Mid,0,0
2026-04-26T00:00:00,Rural,Mid,0,0
2026-04-26T00:00:00,Rural,Mid,0,0
2026-04-26T00:00:00,Rural,Mid,0,0
2026-04-26T00:00:00,Rural,Mid,0,0
2026-04-26T00:00:00,Rural,Mid,0,0
2026-04-26T00:00:00,Rural,Mid,0,0
2026-04-26T00:00:00,Rural,Mid,0,0
2026-04-26T00:00:00,Rural,Mid,0,0
2026-04-26T00:00:00,Rural,Mid,0,0
2026-04-26T00:00:00,Rural,Mid,0,1
2026-04-26T00:00:00,Rural,Mid,0,0
2026-04-26T00:00:00,Rural,Mid,0,0
2026-04-26T00:00:00,Rural,Mid,0,0
2026-04-26T00:00:00,Rural,Mid,0,0
2026-04-26T00:00:00,Rural,Mid,0,0
2026-04-26T00:00:00,Rural,Mid,0,0
2026-04-26T00:00:00,Rural,Mid,0,0
2026-04-26T00:00:00,Rural,Mid,0,0
2026-04-26T00:00:00,Rural,Mid,0,0
2026-04-26T00:00:00,Rural,Mid,0,0
2026-04-26T00:00:00,Rural,Mid,0,0
2026-04-26T00:00:00,Rural,Mid,0,0
2026-04-26T00:00:00,Rural,Mid,0,0
2026-04-26T00:00:00,Rural,Mid,0,0
2026-04-26T00:00:00,Rural,Mid,0,0
2026-04-26T00:00:00,Rural,Mid,0,0
2026-04-26T00:00:00,Rural,Mid,0,0
2026-04-26T00:00:00,Rural,Mid,0,0
2026-04-26T00:00:00,Rural,Mid,0,0
2026-04-26T00:00:00,Rural,Mid,0,0
2026-04-26T00:00:00,Rural,Mid,0,0
2026-04-26T00:00:00,Rural,Mid,0,0
2026-04-26T00:00:00,Rural,Mid,0,0
2026-04-26T00:00:00,Rural,Mid,0,0
2026-04-26T00:00:00,Rural,Mid,0,0
2026-04-26T00:00:00,Rural,Mid,0,0
2026-04-26T00:00:00,Rural,Mid,0,1
2026-04-26T00:00:00,Rural,Mid,0,0
2026-04-26T00:00:00,Rural,Mid,0,0
2026-04-26T00:00:00,Rural,Mid,0,0
2026-04-26T00:00:00,Rural,Mid,0,0
2026-04-26T00:00:00,Rural,Mid,0,0
2026-04-26T00:00:00,Rural,Mid,0,1
2026-04-26T00:00:00,Rural,Mid,0,0
2026-04-26T00:00:00,Rural,Mid,0,0
2026-04-26T00:00:00,Rural,Mid,0,0
2026-04-26T00:00:00,Rural,Mid,0,0
2026-04-26T00:00:00,Rural,Mid,0,0
2026-04-26T00:00:00,Rural,Mid,0,0
2026-04-26T00:00:00,Rural,Mid,0,0
2026-04-26T00:00:00,Rural,Mid,0,0
2026-04-26T00:00:00,Rural,Mid,0,0
2026-04-26T00:00:00,Rural,Mid,0,0
2026-04-26T00:00:00,Rural,Mid,0,0
2026-04-26T00:00:00,Rural,Mid,0,0
2026-04-26T00:00:00,Rural,Mid,0,0
2026-04-26T00:00:00,Rural,Mid,0,0
2026-04-26T00:00:00,Rural,Mid,0,0
2026-04-26T00:00:00,Rural,Mid,0,0
2026-04-26T00:00:00,Rural,Mid,0,1
2026-04-26T00:00:00,Rural,Mid,0,0
2026-04-26T00:00:00,Rural,Mid,0,0
2026-04-26T00:00:00,Rural,Mid,0,0
2026-04-26T00:00:00,Rural,Mid,0,0
2026-04-26T00:00:00,Rural,Mid,0,0
2026-04-26T00:00:00,Rural,Mid,0,0
2026-04-26T00:00:00,Rural,Mid,0,0
2026-04-26T00:00:00,Rural,Mid,0,0
2026-04-26T00:00:00,Rural,Mid,0,0
2026-04-26T00:00:00,Rural,Mid,0,0
2026-04-26T00:00:00,Rural,Mid,0,0
2026-04-26T00:00:00,Rural,Mid,0,0
2026-04-26T00:00:00,Rural,Mid,0,0
2026-04-26T00:00:00,Rural,Mid,0,0
2026-04-26T00:00:00,Rural,Mid,0,0
2026-04-26T00:00:00,Rural,Mid,0,0
2026-04-26T00:00:00,Rural,Mid,0,0
2026-04-26T00:00:00,Rural,Mid,0,0
2026-04-26T00:00:00,Rural,Mid,0,0
2026-04-26T00:00:00,Rural,Mid,0,0
2026-04-26T00:00:00,Rural,Mid,0,0
2026-04-26T00:00:00,Rural,Mid,0,0
2026-04-26T00:00:00,Rural,Mid,0,0
2026-04-26T00:00:00,Rural,Mid,0,0
2026-04-26T00:00:00,Rural,Mid,0,0
2026-04-26T00:00:00,Rural,Mid,0,0
2026-04-26T00:00:00,Rural,Mid,0,0
2026-04-26T00:00:00,Rural,Mid,0,0
2026-04-26T00:00:00,Rural,Mid,0,0
2026-04-26T00:00:00,Rural,Mid,0,0
2026-04-26T00:00:00,Rural,Mid,0,0
2026-04-26T00:00:00,Rural,Mid,0,1
2026-04-26T00:00:00,Rural,Mid,0,0
2026-04-26T00:00:00,Rural,Mid,0,0
2026-04-26T00:00:00,Rural,Mid,0,0
2026-04-26T00:00:00,Rural,Mid,0,0
2026-04-26T00:00:00,Rural,Mid,0,0
2026-04-26T00:00:00,Rural,Mid,0,0
2026-04-26T00:00:00,Rural,Mid,0,0
2026-04-26T00:00:00,Rural,Mid,0,0
2026-04-26T00:00:00,Rural,Mid,0,0
2026-04-26T00:00:00,Rural,Low,1,1
2026-04-26T00:00:00,Rural,Low,1,1
2026-04-26T00:00:00,Rural,Low,1,1
2026-04-26T00:00:00,Rural,Low,1,1
2026-04-26T00:00:00,Rural,Low,1,1
2026-04-26T00:00:00,Rural,Low,1,0
2026-04-26T00:00:00,Rural,Low,1,1
2026-04-26T00:00:00,Rural,Low,1,1
2026-04-26T00:00:00,Rural,Low,1,1
2026-04-26T00:00:00,Rural,Low,1,1
2026-04-26T00:00:00,Rural,Low,1,1
2026-04-26T00:00:00,Rural,Low,1,1
2026-04-26T00:00:00,Rural,Low,1,0
2026-04-26T00:00:00,Rural,Low,1,1
2026-04-26T00:00:00,Rural,Low,1,1
2026-04-26T00:00:00,Rural,Low,1,1
2026-04-26T00:00:00,Rural,Low,1,1
2026-04-26T00:00:00,Rural,Low,1,1
2026-04-26T00:00:00,Rural,Low,1,1
2026-04-26T00:00:00,Rural,Low,1,1
2026-04-26T00:00:00,Rural,Low,1,1
2026-04-26T00:00:00,Rural,Low,1,1
2026-04-26T00:00:00,Rural,Low,1,1
2026-04-26T00:00:00,Rural,Low,1,1
2026-04-26T00:00:00,Rural,Low,1,1
2026-04-26T00:00:00,Rural,Low,1,1
2026-04-26T00:00:00,Rural,Low,1,1
2026-04-26T00:00:00,Rural,Low,1,1
2026-04-26T00:00:00,Rural,Low,1,1
2026-04-26T00:00:00,Rural,Low,1,1
2026-04-26T00:00:00,Rural,Low,1,1
2026-04-26T00:00:00,Rural,Low,1,1
2026-04-26T00:00:00,Rural,Low,1,1
2026-04-26T00:00:00,Rural,Low,1,1
2026-04-26T00:00:00,Rural,Low,1,1
2026-04-26T00:00:00,Rural,Low,1,1
2026-04-26T00:00:00,Rural,Low,1,0
2026-04-26T00:00:00,Rural,Low,1,1
2026-04-26T00:00:00,Rural,Low,1,1
2026-04-26T00:00:00,Rural,Low,1,1
2026-04-26T00:00:00,Rural,Low,1,1
2026-04-26T00:00:00,Rural,Low,1,1
2026-04-26T00:00:00,Rural,Low,1,1
2026-04-26T00:00:00,Rural,Low,1,1
2026-04-26T00:00:00,Rural,Low,1,1
2026-04-26T00:00:00,Rural,Low,1,1
2026-04-26T00:00:00,Rural,Low,1,0
2026-04-26T00:00:00,Rural,Low,1,1
2026-04-26T00:00:00,Rural,Low,1,0
2026-04-26T00:00:00,Rural,Low,0,0
2026-04-26T00:00:00,Rural,Low,0,0
2026-04-26T00:00:00,Rural,Low,0,0
2026-04-26T00:00:00,Rural,Low,0,0
2026-04-26T00:00:00,Rural,Low,0,0
2026-04-26T00:00:00,Rural,Low,0,0
2026-04-26T00:00:00,Rural,Low,0,1
2026-04-26T00:00:00,Rural,Low,0,0
2026-04-26T00:00:00,Rural,Low,0,0
2026-04-26T00:00:00,Rural,Low,0,0
2026-04-26T00:00:00,Rural,Low,0,0
2026-04-26T00:00:00,Rural,Low,0,0
2026-04-26T00:00:00,Rural,Low,0,0
2026-04-26T00:00:00,Rural,Low,0,0
2026-04-26T00:00:00,Rural,Low,0,0
2026-04-26T00:00:00,Rural,Low,0,0
2026-04-26T00:00:00,Rural,Low,0,0
2026-04-26T00:00:00,Rural,Low,0,0
2026-04-26T00:00:00,Rural,Low,0,0
2026-04-26T00:00:00,Rural,Low,0,0
2026-04-26T00:00:00,Rural,Low,0,0
2026-04-26T00:00:00,Rural,Low,0,0
2026-04-26T00:00:00,Rural,Low,0,0
2026-04-26T00:00:00,Rural,Low,0,0
2026-04-26T00:00:00,Rural,Low,0,0
2026-04-26T00:00:00,Rural,Low,0,0
2026-04-26T00:00:00,Rural,Low,0,0
2026-04-26T00:00:00,Rural,Low,0,0
2026-04-26T00:00:00,Rural,Low,0,0
2026-04-26T00:00:00,Rural,Low,0,1
2026-04-26T00:00:00,Rural,Low,0,0
2026-04-26T00:00:00,Rural,Low,0,0
2026-04-26T00:00:00,Rural,Low,0,0
2026-04-26T00:00:00,Rural,Low,0,0
2026-04-26T00:00:00,Rural,Low,0,0
2026-04-26T00:00:00,Rural,Low,0,0
2026-04-26T00:00:00,Rural,Low,0,0
2026-04-26T00:00:00,Rural,Low,0,0
2026-04-26T00:00:00,Rural,Low,0,0
2026-04-26T00:00:00,Rural,Low,0,0
2026-04-26T00:00:00,Rural,Low,0,0
2026-04-26T00:00:00,Rural,Low,0,0
2026-04-26T00:00:00,Rural,Low,0,0
2026-04-26T00:00:00,Rural,Low,0,0
2026-04-26T00:00:00,Rural,Low,0,0
2026-04-26T00:00:00,Rural,Low,0,0
2026-04-26T00:00:00,Rural,Low,0,0
2026-04-26T00:00:00,Rural,Low,0,0
2026-04-26T00:00:00,Rural,Low,0,0
2026-04-26T00:00:00,Rural,Low,0,0
2026-04-26T00:00:00,Rural,Low,0,0
2026-04-26T00:00:00,Rural,Low,0,0
2026-04-26T00:00:00,Rural,Low,0,0
2026-04-26T00:00:00,Rural,Low,0,0
2026-04-26T00:00:00,Rural,Low,0,0
2026-04-26T00:00:00,Rural,Low,0,0
2026-04-26T00:00:00,Rural,Low,0,0
2026-04-26T00:00:00,Rural,Low,0,0
2026-04-26T00:00:00,Rural,Low,0,0
2026-04-26T00:00:00,Rural,Low,0,0
2026-04-26T00:00:00,Rural,Low,0,0
2026-04-26T00:00:00,Rural,Low,0,0
2026-04-26T00:00:00,Rural,Low,0,0
2026-04-26T00:00:00,Rural,Low,0,0
2026-04-26T00:00:00,Rural,Low,0,0
2026-04-26T00:00:00,Rural,Low,0,0
2026-04-26T00:00:00,Rural,Low,0,0
2026-04-26T00:00:00,Rural,Low,0,0
2026-04-26T00:00:00,Rural,Low,0,0
2026-04-26T00:00:00,Rural,Low,0,0
2026-04-26T00:00:00,Rural,Low,0,0
2026-04-26T00:00:00,Rural,Low,0,0
2026-04-26T00:00:00,Rural,Low,0,0
2026-04-26T00:00:00,Rural,Low,0,0
2026-04-26T00:00:00,Rural,Low,0,0
2026-04-26T00:00:00,Rural,Low,0,0
2026-04-26T00:00:00,Rural,Low,0,0
2026-04-26T00:00:00,Rural,Low,0,0
2026-04-26T00:00:00,Rural,Low,0,0
2026-04-26T00:00:00,Rural,Low,0,0
2026-04-26T00:00:00,Rural,Low,0,0
2026-04-26T00:00:00,Rural,Low,0,0
2026-04-26T00:00:00,Rural,Low,0,0
2026-04-26T00:00:00,Rural,Low,0,0
2026-04-26T00:00:00,Rural,Low,0,0
2026-04-26T00:00:00,Rural,Low,0,0
2026-04-26T00:00:00,Rural,Low,0,0
2026-04-26T00:00:00,Rural,Low,0,0
2026-04-26T00:00:00,Rural,Low,0,0
2026-04-26T00:00:00,Rural,Low,0,1
2026-04-26T00:00:00,Rural,Low,0,0
2026-04-26T00:00:00,Rural,Low,0,0
2026-04-26T00:00:00,Rural,Low,0,0
2026-04-26T00:00:00,Rural,Low,0,0
2026-04-26T00:00:00,Rural,Low,0,0
2026-04-26T00:00:00,Rural,Low,0,0
2026-04-26T00:00:00,Rural,Low,0,0
2026-04-26T00:00:00,Rural,Low,0,0
2026-04-26T00:00:00,Rural,Low,0,0
2026-04-26T00:00:00,Rural,Low,0,0
2026-04-26T00:00:00,Rural,Low,0,0
2026-04-26T00:00:00,Rural,Low,0,0
2026-04-26T00:00:00,Rural,Low,0,0
2026-04-26T00:00:00,Rural,Low,0,0
2026-04-26T00:00:00,Rural,Low,0,0
2026-04-26T00:00:00,Rural,Low,0,0
2026-04-26T00:00:00,Rural,Low,0,0
2026-04-26T00:00:00,Rural,Low,0,0
2026-04-26T00:00:00,Rural,Low,0,0
2026-04-27T00:00:00,Urban,High,1,1
2026-04-27T00:00:00,Urban,High,1,1
2026-04-27T00:00:00,Urban,High,1,1
2026-04-27T00:00:00,Urban,High,1,1
2026-04-27T00:00:00,Urban,High,1,1
2026-04-27T00:00:00,Urban,High,1,1
2026-04-27T00:00:00,Urban,High,1,1
2026-04-27T00:00:00,Urban,High,1,1
2026-04-27T00:00:00,Urban,High,1,1
2026-04-27T00:00:00,Urban,High,1,1
2026-04-27T00:00:00,Urban,High,1,1
2026-04-27T00:00:00,Urban,High,1,1
2026-04-27T00:00:00,Urban,High,1,1
2026-04-27T00:00:00,Urban,High,1,1
2026-04-27T00:00:00,Urban,High,1,1
2026-04-27T00:00:00,Urban,High,1,1
2026-04-27T00:00:00,Urban,High,1,1
2026-04-27T00:00:00,Urban,High,1,1
2026-04-27T00:00:00,Urban,High,1,1
2026-04-27T00:00:00,Urban,High,1,1
2026-04-27T00:00:00,Urban,High,1,1
2026-04-27T00:00:00,Urban,High,1,0
2026-04-27T00:00:00,Urban,High,1,0
2026-04-27T00:00:00,Urban,High,1,0
2026-04-27T00:00:00,Urban,High,1,1
2026-04-27T00:00:00,Urban,High,1,1
2026-04-27T00:00:00,Urban,High,1,1
2026-04-27T00:00:00,Urban,High,1,1
2026-04-27T00:00:00,Urban,High,1,1
2026-04-27T00:00:00,Urban,High,1,1
2026-04-27T00:00:00,Urban,High,1,1
2026-04-27T00:00:00,Urban,High,1,1
2026-04-27T00:00:00,Urban,High,1,1
2026-04-27T00:00:00,Urban,High,1,1
2026-04-27T00:00:00,Urban,High,1,1
2026-04-27T00:00:00,Urban,High,1,1
2026-04-27T00:00:00,Urban,High,1,1
2026-04-27T00:00:00,Urban,High,1,1
2026-04-27T00:00:00,Urban,High,1,1
2026-04-27T00:00:00,Urban,High,1,1
2026-04-27T00:00:00,Urban,High,1,1
2026-04-27T00:00:00,Urban,High,1,1
2026-04-27T00:00:00,Urban,High,1,1
2026-04-27T00:00:00,Urban,High,1,1
2026-04-27T00:00:00,Urban,High,1,1
2026-04-27T00:00:00,Urban,High,1,1
2026-04-27T00:00:00,Urban,High,1,1
2026-04-27T00:00:00,Urban,High,1,1
2026-04-27T00:00:00,Urban,High,1,1
2026-04-27T00:00:00,Urban,High,1,1
2026-04-27T00:00:00,Urban,High,1,1
2026-04-27T00:00:00,Urban,High,1,1
2026-04-27T00:00:00,Urban,High,1,1
2026-04-27T00:00:00,Urban,High,1,1
2026-04-27T00:00:00,Urban,High,1,1
2026-04-27T00:00:00,Urban,High,1,1
2026-04-27T00:00:00,Urban,High,1,1
2026-04-27T00:00:00,Urban,High,0,0
2026-04-27T00:00:00,Urban,High,0,0
2026-04-27T00:00:00,Urban,High,0,0
2026-04-27T00:00:00,Urban,High,0,0
2026-04-27T00:00:00,Urban,High,0,0
2026-04-27T00:00:00,Urban,High,0,0
2026-04-27T00:00:00,Urban,High,0,0
2026-04-27T00:00:00,Urban,High,0,0
2026-04-27T00:00:00,Urban,High,0,0
2026-04-27T00:00:00,Urban,High,0,1
2026-04-27T00:00:00,Urban,High,0,0
2026-04-27T00:00:00,Urban,High,0,0
2026-04-27T00:00:00,Urban,High,0,0
2026-04-27T00:00:00,Urban,High,0,0
2026-04-27T00:00:00,Urban,High,0,0
2026-04-27T00:00:00,Urban,High,0,0
2026-04-27T00:00:00,Urban,High,0,0
2026-04-27T00:00:00,Urban,High,0,0
2026-04-27T00:00:00,Urban,High,0,0
2026-04-27T00:00:00,Urban,High,0,0
2026-04-27T00:00:00,Urban,High,0,0
2026-04-27T00:00:00,Urban,High,0,0
2026-04-27T00:00:00,Urban,High,0,0
2026-04-27T00:00:00,Urban,High,0,0
2026-04-27T00:00:00,Urban,High,0,0
2026-04-27T00:00:00,Urban,High,0,0
2026-04-27T00:00:00,Urban,High,0,0
2026-04-27T00:00:00,Urban,High,0,0
2026-04-27T00:00:00,Urban,High,0,0
2026-04-27T00:00:00,Urban,High,0,0
2026-04-27T00:00:00,Urban,High,0,0
2026-04-27T00:00:00,Urban,High,0,1
2026-04-27T00:00:00,Urban,High,0,0
2026-04-27T00:00:00,Urban,High,0,0
2026-04-27T00:00:00,Urban,High,0,0
2026-04-27T00:00:00,Urban,High,0,0
2026-04-27T00:00:00,Urban,High,0,0
2026-04-27T00:00:00,Urban,High,0,0
2026-04-27T00:00:00,Urban,High,0,0
2026-04-27T00:00:00,Urban,High,0,0
2026-04-27T00:00:00,Urban,High,0,1
2026-04-27T00:00:00,Urban,High,0,0
2026-04-27T00:00:00,Urban,High,0,0
2026-04-27T00:00:00,Urban,High,0,0
2026-04-27T00:00:00,Urban,High,0,0
2026-04-27T00:00:00,Urban,High,0,0
2026-04-27T00:00:00,Urban,High,0,0
2026-04-27T00:00:00,Urban,High,0,0
2026-04-27T00:00:00,Urban,High,0,0
2026-04-27T00:00:00,Urban,High,0,0
2026-04-27T00:00:00,Urban,High,0,0
2026-04-27T00:00:00,Urban,High,0,0
2026-04-27T00:00:00,Urban,High,0,0
2026-04-27T00:00:00,Urban,High,0,0
2026-04-27T00:00:00,Urban,High,0,0
2026-04-27T00:00:00,Urban,High,0,0
2026-04-27T00:00:00,Urban,High,0,0
2026-04-27T00:00:00,Urban,High,0,0
2026-04-27T00:00:00,Urban,High,0,0
2026-04-27T00:00:00,Urban,High,0,0
2026-04-27T00:00:00,Urban,High,0,0
2026-04-27T00:00:00,Urban,High,0,0
2026-04-27T00:00:00,Urban,High,0,0
2026-04-27T00:00:00,Urban,High,0,0
2026-04-27T00:00:00,Urban,High,0,0
2026-04-27T00:00:00,Urban,High,0,0
2026-04-27T00:00:00,Urban,High,0,0
2026-04-27T00:00:00,Urban,High,0,0
2026-04-27T00:00:00,Urban,High,0,0
2026-04-27T00:00:00,Urban,High,0,0
2026-04-27T00:00:00,Urban,High,0,0
2026-04-27T00:00:00,Urban,High,0,0
2026-04-27T00:00:00,Urban,High,0,0
2026-04-27T00:00:00,Urban,High,0,0
2026-04-27T00:00:00,Urban,High,0,0
2026-04-27T00:00:00,Urban,High,0,0
2026-04-27T00:00:00,Urban,High,0,0
2026-04-27T00:00:00,Urban,High,0,0
2026-04-27T00:00:00,Urban,High,0,1
2026-04-27T00:00:00,Urban,High,0,0
2026-04-27T00:00:00,Urban,High,0,0
2026-04-27T00:00:00,Urban,High,0,0
2026-04-27T00:00:00,Urban,High,0,0
2026-04-27T00:00:00,Urban,High,0,0
2026-04-27T00:00:00,Urban,High,0,0
2026-04-27T00:00:00,Urban,High,0,0
2026-04-27T00:00:00,Urban,High,0,0
2026-04-27T00:00:00,Urban,High,0,0
2026-04-27T00:00:00,Urban,High,0,1
2026-04-27T00:00:00,Urban,High,0,0
2026-04-27T00:00:00,Urban,High,0,0
2026-04-27T00:00:00,Urban,High,0,0
2026-04-27T00:00:00,Urban,High,0,0
2026-04-27T00:00:00,Urban,Mid,1,1
2026-04-27T00:00:00,Urban,Mid,1,1
2026-04-27T00:00:00,Urban,Mid,1,1
2026-04-27T00:00:00,Urban,Mid,1,1
2026-04-27T00:00:00,Urban,Mid,1,0
2026-04-27T00:00:00,Urban,Mid,1,1
2026-04-27T00:00:00,Urban,Mid,1,1
2026-04-27T00:00:00,Urban,Mid,1,1
2026-04-27T00:00:00,Urban,Mid,1,1
2026-04-27T00:00:00,Urban,Mid,1,1
2026-04-27T00:00:00,Urban,Mid,1,1
2026-04-27T00:00:00,Urban,Mid,1,1
2026-04-27T00:00:00,Urban,Mid,1,1
2026-04-27T00:00:00,Urban,Mid,1,0
2026-04-27T00:00:00,Urban,Mid,1,1
2026-04-27T00:00:00,Urban,Mid,1,1
2026-04-27T00:00:00,Urban,Mid,1,1
2026-04-27T00:00:00,Urban,Mid,1,1
2026-04-27T00:00:00,Urban,Mid,1,1
2026-04-27T00:00:00,Urban,Mid,1,1
2026-04-27T00:00:00,Urban,Mid,1,1
2026-04-27T00:00:00,Urban,Mid,1,1
2026-04-27T00:00:00,Urban,Mid,1,1
2026-04-27T00:00:00,Urban,Mid,1,1
2026-04-27T00:00:00,Urban,Mid,1,1
2026-04-27T00:00:00,Urban,Mid,1,1
2026-04-27T00:00:00,Urban,Mid,1,1
2026-04-27T00:00:00,Urban,Mid,1,0
2026-04-27T00:00:00,Urban,Mid,1,1
2026-04-27T00:00:00,Urban,Mid,1,1
2026-04-27T00:00:00,Urban,Mid,1,1
2026-04-27T00:00:00,Urban,Mid,1,1
2026-04-27T00:00:00,Urban,Mid,1,1
2026-04-27T00:00:00,Urban,Mid,1,1
2026-04-27T00:00:00,Urban,Mid,1,1
2026-04-27T00:00:00,Urban,Mid,1,1
2026-04-27T00:00:00,Urban,Mid,1,0
2026-04-27T00:00:00,Urban,Mid,1,1
2026-04-27T00:00:00,Urban,Mid,1,1
2026-04-27T00:00:00,Urban,Mid,1,1
2026-04-27T00:00:00,Urban,Mid,1,1
2026-04-27T00:00:00,Urban,Mid,1,1
2026-04-27T00:00:00,Urban,Mid,1,1
2026-04-27T00:00:00,Urban,Mid,1,0
2026-04-27T00:00:00,Urban,Mid,1,1
2026-04-27T00:00:00,Urban,Mid,1,1
2026-04-27T00:00:00,Urban,Mid,0,0
2026-04-27T00:00:00,Urban,Mid,0,0
2026-04-27T00:00:00,Urban,Mid,0,0
2026-04-27T00:00:00,Urban,Mid,0,0
2026-04-27T00:00:00,Urban,Mid,0,0
2026-04-27T00:00:00,Urban,Mid,0,0
2026-04-27T00:00:00,Urban,Mid,0,0
2026-04-27T00:00:00,Urban,Mid,0,0
2026-04-27T00:00:00,Urban,Mid,0,0
2026-04-27T00:00:00,Urban,Mid,0,0
2026-04-27T00:00:00,Urban,Mid,0,0
2026-04-27T00:00:00,Urban,Mid,0,0
2026-04-27T00:00:00,Urban,Mid,0,0
2026-04-27T00:00:00,Urban,Mid,0,0
2026-04-27T00:00:00,Urban,Mid,0,0
2026-04-27T00:00:00,Urban,Mid,0,0
2026-04-27T00:00:00,Urban,Mid,0,0
2026-04-27T00:00:00,Urban,Mid,0,0
2026-04-27T00:00:00,Urban,Mid,0,0
2026-04-27T00:00:00,Urban,Mid,0,0
2026-04-27T00:00:00,Urban,Mid,0,0
2026-04-27T00:00:00,Urban,Mid,0,0
2026-04-27T00:00:00,Urban,Mid,0,0
2026-04-27T00:00:00,Urban,Mid,0,0
2026-04-27T00:00:00,Urban,Mid,0,0
2026-04-27T00:00:00,Urban,Mid,0,0
2026-04-27T00:00:00,Urban,Mid,0,0
2026-04-27T00:00:00,Urban,Mid,0,0
2026-04-27T00:00:00,Urban,Mid,0,0
2026-04-27T00:00:00,Urban,Mid,0,0
2026-04-27T00:00:00,Urban,Mid,0,0
2026-04-27T00:00:00,Urban,Mid,0,0
2026-04-27T00:00:00,Urban,Mid,0,0
2026-04-27T00:00:00,Urban,Mid,0,0
2026-04-27T00:00:00,Urban,Mid,0,0
2026-04-27T00:00:00,Urban,Mid,0,0
2026-04-27T00:00:00,Urban,Mid,0,0
2026-04-27T00:00:00,Urban,Mid,0,0
2026-04-27T00:00:00,Urban,Mid,0,0
2026-04-27T00:00:00,Urban,Mid,0,0
2026-04-27T00:00:00,Urban,Mid,0,0
2026-04-27T00:00:00,Urban,Mid,0,0
2026-04-27T00:00:00,Urban,Mid,0,0
2026-04-27T00:00:00,Urban,Mid,0,0
2026-04-27T00:00:00,Urban,Mid,0,0
2026-04-27T00:00:00,Urban,Mid,0,0
2026-04-27T00:00:00,Urban,Mid,0,0
2026-04-27T00:00:00,Urban,Mid,0,0
2026-04-27T00:00:00,Urban,Mid,0,0
2026-04-27T00:00:00,Urban,Mid,0,0
2026-04-27T00:00:00,Urban,Mid,0,0
2026-04-27T00:00:00,Urban,Mid,0,0
2026-04-27T00:00:00,Urban,Mid,0,0
2026-04-27T00:00:00,Urban,Mid,0,0
2026-04-27T00:00:00,Urban,Mid,0,0
2026-04-27T00:00:00,Urban,Mid,0,0
2026-04-27T00:00:00,Urban,Mid,0,0
2026-04-27T00:00:00,Urban,Mid,0,0
2026-04-27T00:00:00,Urban,Mid,0,0
2026-04-27T00:00:00,Urban,Mid,0,0
2026-04-27T00:00:00,Urban,Mid,0,0
2026-04-27T00:00:00,Urban,Mid,0,0
2026-04-27T00:00:00,Urban,Mid,0,0
2026-04-27T00:00:00,Urban,Mid,0,0
2026-04-27T00:00:00,Urban,Mid,0,0
2026-04-27T00:00:00,Urban,Mid,0,0
2026-04-27T00:00:00,Urban,Mid,0,0
2026-04-27T00:00:00,Urban,Mid,0,0
2026-04-27T00:00:00,Urban,Mid,0,0
2026-04-27T00:00:00,Urban,Mid,0,0
2026-04-27T00:00:00,Urban,Mid,0,0
2026-04-27T00:00:00,Urban,Mid,0,0
2026-04-27T00:00:00,Urban,Mid,0,0
2026-04-27T00:00:00,Urban,Mid,0,0
2026-04-27T00:00:00,Urban,Mid,0,0
2026-04-27T00:00:00,Urban,Mid,0,0
2026-04-27T00:00:00,Urban,Mid,0,0
2026-04-27T00:00:00,Urban,Mid,0,0
2026-04-27T00:00:00,Urban,Mid,0,0
2026-04-27T00:00:00,Urban,Mid,0,0
2026-04-27T00:00:00,Urban,Mid,0,0
2026-04-27T00:00:00,Urban,Mid,0,0
2026-04-27T00:00:00,Urban,Mid,0,0
2026-04-27T00:00:00,Urban,Mid,0,0
2026-04-27T00:00:00,Urban,Mid,0,0
2026-04-27T00:00:00,Urban,Mid,0,0
2026-04-27T00:00:00,Urban,Mid,0,0
2026-04-27T00:00:00,Urban,Mid,0,0
2026-04-27T00:00:00,Urban,Mid,0,0
2026-04-27T00:00:00,Urban,Mid,0,0
2026-04-27T00:00:00,Urban,Mid,0,0
2026-04-27T00:00:00,Urban,Mid,0,0
2026-04-27T00:00:00,Urban,Mid,0,0
2026-04-27T00:00:00,Urban,Mid,0,0
2026-04-27T00:00:00,Urban,Mid,0,0
2026-04-27T00:00:00,Urban,Mid,0,0
2026-04-27T00:00:00,Urban,Mid,0,0
2026-04-27T00:00:00,Urban,Mid,0,0
2026-04-27T00:00:00,Urban,Mid,0,0
2026-04-27T00:00:00,Urban,Mid,0,0
2026-04-27T00:00:00,Urban,Mid,0,0
2026-04-27T00:00:00,Urban,Mid,0,0
2026-04-27T00:00:00,Urban,Mid,0,0
2026-04-27T00:00:00,Urban,Mid,0,0
2026-04-27T00:00:00,Urban,Mid,0,0
2026-04-27T00:00:00,Urban,Mid,0,0
2026-04-27T00:00:00,Urban,Mid,0,0
2026-04-27T00:00:00,Urban,Mid,0,0
2026-04-27T00:00:00,Urban,Mid,0,0
2026-04-27T00:00:00,Urban,Mid,0,0
2026-04-27T00:00:00,Urban,Mid,0,0
2026-04-27T00:00:00,Urban,Mid,0,0
2026-04-27T00:00:00,Urban,Mid,0,0
2026-04-27T00:00:00,Urban,Mid,0,0
2026-04-27T00:00:00,Urban,Mid,0,0
2026-04-27T00:00:00,Urban,Mid,0,0
2026-04-27T00:00:00,Urban,Mid,0,0
2026-04-27T00:00:00,Urban,Low,1,0
2026-04-27T00:00:00,Urban,Low,1,1
2026-04-27T00:00:00,Urban,Low,1,1
2026-04-27T00:00:00,Urban,Low,1,1
2026-04-27T00:00:00,Urban,Low,1,1
2026-04-27T00:00:00,Urban,Low,1,1
2026-04-27T00:00:00,Urban,Low,1,1
2026-04-27T00:00:00,Urban,Low,1,1
2026-04-27T00:00:00,Urban,Low,1,1
2026-04-27T00:00:00,Urban,Low,1,0
2026-04-27T00:00:00,Urban,Low,1,1
2026-04-27T00:00:00,Urban,Low,1,1
2026-04-27T00:00:00,Urban,Low,1,1
2026-04-27T00:00:00,Urban,Low,1,1
2026-04-27T00:00:00,Urban,Low,1,1
2026-04-27T00:00:00,Urban,Low,1,1
2026-04-27T00:00:00,Urban,Low,1,1
2026-04-27T00:00:00,Urban,Low,1,1
2026-04-27T00:00:00,Urban,Low,1,1
2026-04-27T00:00:00,Urban,Low,1,1
2026-04-27T00:00:00,Urban,Low,1,1
2026-04-27T00:00:00,Urban,Low,1,1
2026-04-27T00:00:00,Urban,Low,1,1
2026-04-27T00:00:00,Urban,Low,1,1
2026-04-27T00:00:00,Urban,Low,1,1
2026-04-27T00:00:00,Urban,Low,1,1
2026-04-27T00:00:00,Urban,Low,1,0
2026-04-27T00:00:00,Urban,Low,1,0
2026-04-27T00:00:00,Urban,Low,1,1
2026-04-27T00:00:00,Urban,Low,1,1
2026-04-27T00:00:00,Urban,Low,1,1
2026-04-27T00:00:00,Urban,Low,1,1
2026-04-27T00:00:00,Urban,Low,1,1
2026-04-27T00:00:00,Urban,Low,1,1
2026-04-27T00:00:00,Urban,Low,1,1
2026-04-27T00:00:00,Urban,Low,1,1
2026-04-27T00:00:00,Urban,Low,1,1
2026-04-27T00:00:00,Urban,Low,1,1
2026-04-27T00:00:00,Urban,Low,1,1
2026-04-27T00:00:00,Urban,Low,1,1
2026-04-27T00:00:00,Urban,Low,1,1
2026-04-27T00:00:00,Urban,Low,1,1
2026-04-27T00:00:00,Urban,Low,1,1
2026-04-27T00:00:00,Urban,Low,1,1
2026-04-27T00:00:00,Urban,Low,1,1
2026-04-27T00:00:00,Urban,Low,1,1
2026-04-27T00:00:00,Urban,Low,1,1
2026-04-27T00:00:00,Urban,Low,1,0
2026-04-27T00:00:00,Urban,Low,1,1
2026-04-27T00:00:00,Urban,Low,1,1
2026-04-27T00:00:00,Urban,Low,1,1
2026-04-27T00:00:00,Urban,Low,1,0
2026-04-27T00:00:00,Urban,Low,1,1
2026-04-27T00:00:00,Urban,Low,1,1
2026-04-27T00:00:00,Urban,Low,1,1
2026-04-27T00:00:00,Urban,Low,1,1
2026-04-27T00:00:00,Urban,Low,1,1
2026-04-27T00:00:00,Urban,Low,1,1
2026-04-27T00:00:00,Urban,Low,1,1
2026-04-27T00:00:00,Urban,Low,1,1
2026-04-27T00:00:00,Urban,Low,1,1
2026-04-27T00:00:00,Urban,Low,1,1
2026-04-27T00:00:00,Urban,Low,1,1
2026-04-27T00:00:00,Urban,Low,0,0
2026-04-27T00:00:00,Urban,Low,0,0
2026-04-27T00:00:00,Urban,Low,0,0
2026-04-27T00:00:00,Urban,Low,0,0
2026-04-27T00:00:00,Urban,Low,0,0
2026-04-27T00:00:00,Urban,Low,0,0
2026-04-27T00:00:00,Urban,Low,0,0
2026-04-27T00:00:00,Urban,Low,0,0
2026-04-27T00:00:00,Urban,Low,0,0
2026-04-27T00:00:00,Urban,Low,0,0
2026-04-27T00:00:00,Urban,Low,0,0
2026-04-27T00:00:00,Urban,Low,0,0
2026-04-27T00:00:00,Urban,Low,0,1
2026-04-27T00:00:00,Urban,Low,0,0
2026-04-27T00:00:00,Urban,Low,0,0
2026-04-27T00:00:00,Urban,Low,0,0
2026-04-27T00:00:00,Urban,Low,0,0
2026-04-27T00:00:00,Urban,Low,0,0
2026-04-27T00:00:00,Urban,Low,0,0
2026-04-27T00:00:00,Urban,Low,0,0
2026-04-27T00:00:00,Urban,Low,0,0
2026-04-27T00:00:00,Urban,Low,0,0
2026-04-27T00:00:00,Urban,Low,0,0
2026-04-27T00:00:00,Urban,Low,0,0
2026-04-27T00:00:00,Urban,Low,0,0
2026-04-27T00:00:00,Urban,Low,0,0
2026-04-27T00:00:00,Urban,Low,0,0
2026-04-27T00:00:00,Urban,Low,0,0
2026-04-27T00:00:00,Urban,Low,0,0
2026-04-27T00:00:00,Urban,Low,0,0
2026-04-27T00:00:00,Urban,Low,0,0
2026-04-27T00:00:00,Urban,Low,0,0
2026-04-27T00:00:00,Urban,Low,0,0
2026-04-27T00:00:00,Urban,Low,0,0
2026-04-27T00:00:00,Urban,Low,0,0
2026-04-27T00:00:00,Urban,Low,0,0
2026-04-27T00:00:00,Urban,Low,0,0
2026-04-27T00:00:00,Urban,Low,0,0
2026-04-27T00:00:00,Urban,Low,0,0
2026-04-27T00:00:00,Urban,Low,0,0
2026-04-27T00:00:00,Urban,Low,0,0
2026-04-27T00:00:00,Urban,Low,0,0
2026-04-27T00:00:00,Urban,Low,0,0
2026-04-27T00:00:00,Urban,Low,0,0
2026-04-27T00:00:00,Urban,Low,0,0
2026-04-27T00:00:00,Urban,Low,0,0
2026-04-27T00:00:00,Urban,Low,0,0
2026-04-27T00:00:00,Urban,Low,0,0
2026-04-27T00:00:00,Urban,Low,0,0
2026-04-27T00:00:00,Urban,Low,0,0
2026-04-27T00:00:00,Urban,Low,0,0
2026-04-27T00:00:00,Urban,Low,0,0
2026-04-27T00:00:00,Urban,Low,0,0
2026-04-27T00:00:00,Urban,Low,0,0
2026-04-27T00:00:00,Urban,Low,0,0
2026-04-27T00:00:00,Urban,Low,0,0
2026-04-27T00:00:00,Urban,Low,0,0
2026-04-27T00:00:00,Urban,Low,0,0
2026-04-27T00:00:00,Urban,Low,0,0
2026-04-27T00:00:00,Urban,Low,0,0
2026-04-27T00:00:00,Urban,Low,0,0
2026-04-27T00:00:00,Urban,Low,0,0
2026-04-27T00:00:00,Urban,Low,0,0
2026-04-27T00:00:00,Urban,Low,0,1
2026-04-27T00:00:00,Urban,Low,0,0
2026-04-27T00:00:00,Urban,Low,0,1
2026-04-27T00:00:00,Urban,Low,0,0
2026-04-27T00:00:00,Urban,Low,0,0
2026-04-27T00:00:00,Urban,Low,0,0
2026-04-27T00:00:00,Urban,Low,0,0
2026-04-27T00:00:00,Urban,Low,0,0
2026-04-27T00:00:00,Urban,Low,0,0
2026-04-27T00:00:00,Urban,Low,0,0
2026-04-27T00:00:00,Urban,Low,0,0
2026-04-27T00:00:00,Urban,Low,0,0
2026-04-27T00:00:00,Urban,Low,0,0
2026-04-27T00:00:00,Urban,Low,0,0
2026-04-27T00:00:00,Urban,Low,0,0
2026-04-27T00:00:00,Urban,Low,0,0
2026-04-27T00:00:00,Urban,Low,0,0
2026-04-27T00:00:00,Urban,Low,0,0
2026-04-27T00:00:00,Urban,Low,0,1
2026-04-27T00:00:00,Urban,Low,0,0
2026-04-27T00:00:00,Urban,Low,0,0
2026-04-27T00:00:00,Urban,Low,0,0
2026-04-27T00:00:00,Urban,Low,0,0
2026-04-27T00:00:00,Urban,Low,0,0
2026-04-27T00:00:00,Urban,Low,0,0
2026-04-27T00:00:00,Urban,Low,0,0
2026-04-27T00:00:00,Urban,Low,0,0
2026-04-27T00:00:00,Urban,Low,0,0
2026-04-27T00:00:00,Urban,Low,0,0
2026-04-27T00:00:00,Urban,Low,0,0
2026-04-27T00:00:00,Urban,Low,0,0
2026-04-27T00:00:00,Rural,High,1,1
2026-04-27T00:00:00,Rural,High,1,1
2026-04-27T00:00:00,Rural,High,1,1
2026-04-27T00:00:00,Rural,High,1,1
2026-04-27T00:00:00,Rural,High,1,1
2026-04-27T00:00:00,Rural,High,1,1
2026-04-27T00:00:00,Rural,High,1,1
2026-04-27T00:00:00,Rural,High,1,0
2026-04-27T00:00:00,Rural,High,1,1
2026-04-27T00:00:00,Rural,High,1,1
2026-04-27T00:00:00,Rural,High,1,0
2026-04-27T00:00:00,Rural,High,1,1
2026-04-27T00:00:00,Rural,High,1,1
2026-04-27T00:00:00,Rural,High,1,1
2026-04-27T00:00:00,Rural,High,1,1
2026-04-27T00:00:00,Rural,High,1,1
2026-04-27T00:00:00,Rural,High,1,1
2026-04-27T00:00:00,Rural,High,1,1
2026-04-27T00:00:00,Rural,High,1,1
2026-04-27T00:00:00,Rural,High,1,1
2026-04-27T00:00:00,Rural,High,1,1
2026-04-27T00:00:00,Rural,High,1,1
2026-04-27T00:00:00,Rural,High,1,1
2026-04-27T00:00:00,Rural,High,1,1
2026-04-27T00:00:00,Rural,High,1,1
2026-04-27T00:00:00,Rural,High,1,1
2026-04-27T00:00:00,Rural,High,1,1
2026-04-27T00:00:00,Rural,High,1,1
2026-04-27T00:00:00,Rural,High,1,1
2026-04-27T00:00:00,Rural,High,1,1
2026-04-27T00:00:00,Rural,High,1,1
2026-04-27T00:00:00,Rural,High,1,1
2026-04-27T00:00:00,Rural,High,1,1
2026-04-27T00:00:00,Rural,High,1,1
2026-04-27T00:00:00,Rural,High,1,1
2026-04-27T00:00:00,Rural,High,1,0
2026-04-27T00:00:00,Rural,High,1,1
2026-04-27T00:00:00,Rural,High,1,1
2026-04-27T00:00:00,Rural,High,1,1
2026-04-27T00:00:00,Rural,High,1,1
2026-04-27T00:00:00,Rural,High,1,0
2026-04-27T00:00:00,Rural,High,1,1
2026-04-27T00:00:00,Rural,High,1,1
2026-04-27T00:00:00,Rural,High,1,1
2026-04-27T00:00:00,Rural,High,1,1
2026-04-27T00:00:00,Rural,High,1,1
2026-04-27T00:00:00,Rural,High,1,1
2026-04-27T00:00:00,Rural,High,1,1
2026-04-27T00:00:00,Rural,High,1,1
2026-04-27T00:00:00,Rural,High,1,1
2026-04-27T00:00:00,Rural,High,1,1
2026-04-27T00:00:00,Rural,High,1,1
2026-04-27T00:00:00,Rural,High,1,1
2026-04-27T00:00:00,Rural,High,1,1
2026-04-27T00:00:00,Rural,High,1,1
2026-04-27T00:00:00,Rural,High,1,1
2026-04-27T00:00:00,Rural,High,1,1
2026-04-27T00:00:00,Rural,High,0,1
2026-04-27T00:00:00,Rural,High,0,0
2026-04-27T00:00:00,Rural,High,0,0
2026-04-27T00:00:00,Rural,High,0,0
2026-04-27T00:00:00,Rural,High,0,0
2026-04-27T00:00:00,Rural,High,0,0
2026-04-27T00:00:00,Rural,High,0,0
2026-04-27T00:00:00,Rural,High,0,0
2026-04-27T00:00:00,Rural,High,0,0
2026-04-27T00:00:00,Rural,High,0,0
2026-04-27T00:00:00,Rural,High,0,0
2026-04-27T00:00:00,Rural,High,0,0
2026-04-27T00:00:00,Rural,High,0,0
2026-04-27T00:00:00,Rural,High,0,0
2026-04-27T00:00:00,Rural,High,0,0
2026-04-27T00:00:00,Rural,High,0,0
2026-04-27T00:00:00,Rural,High,0,0
2026-04-27T00:00:00,Rural,High,0,0
2026-04-27T00:00:00,Rural,High,0,0
2026-04-27T00:00:00,Rural,High,0,0
2026-04-27T00:00:00,Rural,High,0,0
2026-04-27T00:00:00,Rural,High,0,1
2026-04-27T00:00:00,Rural,High,0,0
2026-04-27T00:00:00,Rural,High,0,0
2026-04-27T00:00:00,Rural,High,0,0
2026-04-27T00:00:00,Rural,High,0,0
2026-04-27T00:00:00,Rural,High,0,0
2026-04-27T00:00:00,Rural,High,0,0
2026-04-27T00:00:00,Rural,High,0,0
2026-04-27T00:00:00,Rural,High,0,0
2026-04-27T00:00:00,Rural,High,0,0
2026-04-27T00:00:00,Rural,High,0,0
2026-04-27T00:00:00,Rural,High,0,0
2026-04-27T00:00:00,Rural,High,0,0
2026-04-27T00:00:00,Rural,High,0,0
2026-04-27T00:00:00,Rural,High,0,0
2026-04-27T00:00:00,Rural,High,0,0
2026-04-27T00:00:00,Rural,High,0,0
2026-04-27T00:00:00,Rural,High,0,0
2026-04-27T00:00:00,Rural,High,0,1
2026-04-27T00:00:00,Rural,High,0,0
2026-04-27T00:00:00,Rural,High,0,0
2026-04-27T00:00:00,Rural,High,0,0
2026-04-27T00:00:00,Rural,High,0,0
2026-04-27T00:00:00,Rural,High,0,0
2026-04-27T00:00:00,Rural,High,0,0
2026-04-27T00:00:00,Rural,High,0,0
2026-04-27T00:00:00,Rural,High,0,0
2026-04-27T00:00:00,Rural,High,0,0
2026-04-27T00:00:00,Rural,High,0,0
2026-04-27T00:00:00,Rural,High,0,0
2026-04-27T00:00:00,Rural,High,0,0
2026-04-27T00:00:00,Rural,High,0,0
2026-04-27T00:00:00,Rural,High,0,0
2026-04-27T00:00:00,Rural,High,0,0
2026-04-27T00:00:00,Rural,High,0,0
2026-04-27T00:00:00,Rural,High,0,0
2026-04-27T00:00:00,Rural,High,0,0
2026-04-27T00:00:00,Rural,High,0,0
2026-04-27T00:00:00,Rural,High,0,0
2026-04-27T00:00:00,Rural,High,0,0
2026-04-27T00:00:00,Rural,High,0,0
2026-04-27T00:00:00,Rural,High,0,0
2026-04-27T00:00:00,Rural,High,0,0
2026-04-27T00:00:00,Rural,High,0,0
2026-04-27T00:00:00,Rural,High,0,0
2026-04-27T00:00:00,Rural,High,0,0
2026-04-27T00:00:00,Rural,High,0,0
2026-04-27T00:00:00,Rural,High,0,0
2026-04-27T00:00:00,Rural,High,0,0
2026-04-27T00:00:00,Rural,High,0,0
2026-04-27T00:00:00,Rural,High,0,0
2026-04-27T00:00:00,Rural,High,0,0
2026-04-27T00:00:00,Rural,High,0,0
2026-04-27T00:00:00,Rural,High,0,0
2026-04-27T00:00:00,Rural,High,0,0
2026-04-27T00:00:00,Rural,High,0,0
2026-04-27T00:00:00,Rural,High,0,0
2026-04-27T00:00:00,Rural,High,0,0
2026-04-27T00:00:00,Rural,High,0,0
2026-04-27T00:00:00,Rural,High,0,0
2026-04-27T00:00:00,Rural,High,0,0
2026-04-27T00:00:00,Rural,High,0,0
2026-04-27T00:00:00,Rural,High,0,0
2026-04-27T00:00:00,Rural,High,0,0
2026-04-27T00:00:00,Rural,High,0,0
2026-04-27T00:00:00,Rural,High,0,0
2026-04-27T00:00:00,Rural,High,0,0
2026-04-27T00:00:00,Rural,High,0,0
2026-04-27T00:00:00,Rural,High,0,0
2026-04-27T00:00:00,Rural,High,0,1
2026-04-27T00:00:00,Rural,High,0,0
2026-04-27T00:00:00,Rural,High,0,0
2026-04-27T00:00:00,Rural,High,0,0
2026-04-27T00:00:00,Rural,High,0,0
2026-04-27T00:00:00,Rural,High,0,0
2026-04-27T00:00:00,Rural,High,0,0
2026-04-27T00:00:00,Rural,High,0,0
2026-04-27T00:00:00,Rural,High,0,0
2026-04-27T00:00:00,Rural,Mid,1,1
2026-04-27T00:00:00,Rural,Mid,1,1
2026-04-27T00:00:00,Rural,Mid,1,1
2026-04-27T00:00:00,Rural,Mid,1,0
2026-04-27T00:00:00,Rural,Mid,1,1
2026-04-27T00:00:00,Rural,Mid,1,1
2026-04-27T00:00:00,Rural,Mid,1,1
2026-04-27T00:00:00,Rural,Mid,1,1
2026-04-27T00:00:00,Rural,Mid,1,1
2026-04-27T00:00:00,Rural,Mid,1,1
2026-04-27T00:00:00,Rural,Mid,1,1
2026-04-27T00:00:00,Rural,Mid,1,0
2026-04-27T00:00:00,Rural,Mid,1,0
2026-04-27T00:00:00,Rural,Mid,1,0
2026-04-27T00:00:00,Rural,Mid,1,1
2026-04-27T00:00:00,Rural,Mid,1,1
2026-04-27T00:00:00,Rural,Mid,1,1
2026-04-27T00:00:00,Rural,Mid,1,1
2026-04-27T00:00:00,Rural,Mid,1,1
2026-04-27T00:00:00,Rural,Mid,1,0
2026-04-27T00:00:00,Rural,Mid,1,0
2026-04-27T00:00:00,Rural,Mid,1,1
2026-04-27T00:00:00,Rural,Mid,1,1
2026-04-27T00:00:00,Rural,Mid,1,1
2026-04-27T00:00:00,Rural,Mid,1,1
2026-04-27T00:00:00,Rural,Mid,1,1
2026-04-27T00:00:00,Rural,Mid,1,1
2026-04-27T00:00:00,Rural,Mid,1,1
2026-04-27T00:00:00,Rural,Mid,1,1
2026-04-27T00:00:00,Rural,Mid,1,1
2026-04-27T00:00:00,Rural,Mid,1,1
2026-04-27T00:00:00,Rural,Mid,1,1
2026-04-27T00:00:00,Rural,Mid,1,1
2026-04-27T00:00:00,Rural,Mid,1,0
2026-04-27T00:00:00,Rural,Mid,1,1
2026-04-27T00:00:00,Rural,Mid,1,1
2026-04-27T00:00:00,Rural,Mid,1,1
2026-04-27T00:00:00,Rural,Mid,1,1
2026-04-27T00:00:00,Rural,Mid,1,1
2026-04-27T00:00:00,Rural,Mid,1,1
2026-04-27T00:00:00,Rural,Mid,1,1
2026-04-27T00:00:00,Rural,Mid,1,1
2026-04-27T00:00:00,Rural,Mid,1,1
2026-04-27T00:00:00,Rural,Mid,1,1
2026-04-27T00:00:00,Rural,Mid,1,1
2026-04-27T00:00:00,Rural,Mid,1,1
2026-04-27T00:00:00,Rural,Mid,1,1
2026-04-27T00:00:00,Rural,Mid,1,1
2026-04-27T00:00:00,Rural,Mid,1,1
2026-04-27T00:00:00,Rural,Mid,1,1
2026-04-27T00:00:00,Rural,Mid,1,1
2026-04-27T00:00:00,Rural,Mid,1,1
2026-04-27T00:00:00,Rural,Mid,1,1
2026-04-27T00:00:00,Rural,Mid,1,0
2026-04-27T00:00:00,Rural,Mid,1,1
2026-04-27T00:00:00,Rural,Mid,1,1
2026-04-27T00:00:00,Rural,Mid,1,1
2026-04-27T00:00:00,Rural,Mid,1,1
2026-04-27T00:00:00,Rural,Mid,1,1
2026-04-27T00:00:00,Rural,Mid,1,1
2026-04-27T00:00:00,Rural,Mid,1,1
2026-04-27T00:00:00,Rural,Mid,1,1
2026-04-27T00:00:00,Rural,Mid,1,1
2026-04-27T00:00:00,Rural,Mid,1,0
2026-04-27T00:00:00,Rural,Mid,0,0
2026-04-27T00:00:00,Rural,Mid,0,0
2026-04-27T00:00:00,Rural,Mid,0,0
2026-04-27T00:00:00,Rural,Mid,0,0
2026-04-27T00:00:00,Rural,Mid,0,0
2026-04-27T00:00:00,Rural,Mid,0,0
2026-04-27T00:00:00,Rural,Mid,0,0
2026-04-27T00:00:00,Rural,Mid,0,0
2026-04-27T00:00:00,Rural,Mid,0,0
2026-04-27T00:00:00,Rural,Mid,0,0
2026-04-27T00:00:00,Rural,Mid,0,0
2026-04-27T00:00:00,Rural,Mid,0,1
2026-04-27T00:00:00,Rural,Mid,0,0
2026-04-27T00:00:00,Rural,Mid,0,0
2026-04-27T00:00:00,Rural,Mid,0,0
2026-04-27T00:00:00,Rural,Mid,0,0
2026-04-27T00:00:00,Rural,Mid,0,0
2026-04-27T00:00:00,Rural,Mid,0,1
2026-04-27T00:00:00,Rural,Mid,0,0
2026-04-27T00:00:00,Rural,Mid,0,0
2026-04-27T00:00:00,Rural,Mid,0,0
2026-04-27T00:00:00,Rural,Mid,0,0
2026-04-27T00:00:00,Rural,Mid,0,0
2026-04-27T00:00:00,Rural,Mid,0,0
2026-04-27T00:00:00,Rural,Mid,0,0
2026-04-27T00:00:00,Rural,Mid,0,0
2026-04-27T00:00:00,Rural,Mid,0,0
2026-04-27T00:00:00,Rural,Mid,0,0
2026-04-27T00:00:00,Rural,Mid,0,0
2026-04-27T00:00:00,Rural,Mid,0,0
2026-04-27T00:00:00,Rural,Mid,0,0
2026-04-27T00:00:00,Rural,Mid,0,0
2026-04-27T00:00:00,Rural,Mid,0,0
2026-04-27T00:00:00,Rural,Mid,0,0
2026-04-27T00:00:00,Rural,Mid,0,0
2026-04-27T00:00:00,Rural,Mid,0,0
2026-04-27T00:00:00,Rural,Mid,0,0
2026-04-27T00:00:00,Rural,Mid,0,0
2026-04-27T00:00:00,Rural,Mid,0,0
2026-04-27T00:00:00,Rural,Mid,0,0
2026-04-27T00:00:00,Rural,Mid,0,0
2026-04-27T00:00:00,Rural,Mid,0,0
2026-04-27T00:00:00,Rural,Mid,0,0
2026-04-27T00:00:00,Rural,Mid,0,0
2026-04-27T00:00:00,Rural,Mid,0,0
2026-04-27T00:00:00,Rural,Mid,0,0
2026-04-27T00:00:00,Rural,Mid,0,0
2026-04-27T00:00:00,Rural,Mid,0,0
2026-04-27T00:00:00,Rural,Mid,0,0
2026-04-27T00:00:00,Rural,Mid,0,0
2026-04-27T00:00:00,Rural,Mid,0,0
2026-04-27T00:00:00,Rural,Mid,0,0
2026-04-27T00:00:00,Rural,Mid,0,0
2026-04-27T00:00:00,Rural,Mid,0,0
2026-04-27T00:00:00,Rural,Mid,0,0
2026-04-27T00:00:00,Rural,Mid,0,0
2026-04-27T00:00:00,Rural,Mid,0,0
2026-04-27T00:00:00,Rural,Mid,0,0
2026-04-27T00:00:00,Rural,Mid,0,0
2026-04-27T00:00:00,Rural,Mid,0,0
2026-04-27T00:00:00,Rural,Mid,0,0
2026-04-27T00:00:00,Rural,Mid,0,0
2026-04-27T00:00:00,Rural,Mid,0,0
2026-04-27T00:00:00,Rural,Mid,0,0
2026-04-27T00:00:00,Rural,Mid,0,0
2026-04-27T00:00:00,Rural,Mid,0,0
2026-04-27T00:00:00,Rural,Mid,0,0
2026-04-27T00:00:00,Rural,Mid,0,0
2026-04-27T00:00:00,Rural,Mid,0,0
2026-04-27T00:00:00,Rural,Mid,0,0
2026-04-27T00:00:00,Rural,Mid,0,0
2026-04-27T00:00:00,Rural,Mid,0,0
2026-04-27T00:00:00,Rural,Mid,0,0
2026-04-27T00:00:00,Rural,Mid,0,0
2026-04-27T00:00:00,Rural,Mid,0,0
2026-04-27T00:00:00,Rural,Mid,0,0
2026-04-27T00:00:00,Rural,Mid,0,0
2026-04-27T00:00:00,Rural,Mid,0,0
2026-04-27T00:00:00,Rural,Mid,0,0
2026-04-27T00:00:00,Rural,Mid,0,0
2026-04-27T00:00:00,Rural,Mid,0,0
2026-04-27T00:00:00,Rural,Mid,0,0
2026-04-27T00:00:00,Rural,Mid,0,0
2026-04-27T00:00:00,Rural,Mid,0,0
2026-04-27T00:00:00,Rural,Mid,0,0
2026-04-27T00:00:00,Rural,Mid,0,0
2026-04-27T00:00:00,Rural,Mid,0,0
2026-04-27T00:00:00,Rural,Mid,0,0
2026-04-27T00:00:00,Rural,Mid,0,0
2026-04-27T00:00:00,Rural,Mid,0,0
2026-04-27T00:00:00,Rural,Mid,0,0
2026-04-27T00:00:00,Rural,Mid,0,0
2026-04-27T00:00:00,Rural,Mid,0,0
2026-04-27T00:00:00,Rural,Mid,0,0
2026-04-27T00:00:00,Rural,Mid,0,0
2026-04-27T00:00:00,Rural,Mid,0,0
2026-04-27T00:00:00,Rural,Mid,0,0
2026-04-27T00:00:00,Rural,Mid,0,0
2026-04-27T00:00:00,Rural,Mid,0,0
2026-04-27T00:00:00,Rural,Mid,0,0
2026-04-27T00:00:00,Rural,Mid,0,0
2026-04-27T00:00:00,Rural,Mid,0,0
2026-04-27T00:00:00,Rural,Mid,0,0
2026-04-27T00:00:00,Rural,Mid,0,0
2026-04-27T00:00:00,Rural,Mid,0,0
2026-04-27T00:00:00,Rural,Mid,0,1
2026-04-27T00:00:00,Rural,Mid,0,0
2026-04-27T00:00:00,Rural,Mid,0,0
2026-04-27T00:00:00,Rural,Mid,0,0
2026-04-27T00:00:00,Rural,Mid,0,0
2026-04-27T00:00:00,Rural,Mid,0,0
2026-04-27T00:00:00,Rural,Mid,0,0
2026-04-27T00:00:00,Rural,Mid,0,0
2026-04-27T00:00:00,Rural,Mid,0,0
2026-04-27T00:00:00,Rural,Mid,0,0
2026-04-27T00:00:00,Rural,Low,1,1
2026-04-27T00:00:00,Rural,Low,1,1
2026-04-27T00:00:00,Rural,Low,1,1
2026-04-27T00:00:00,Rural,Low,1,1
2026-04-27T00:00:00,Rural,Low,1,1
2026-04-27T00:00:00,Rural,Low,1,1
2026-04-27T00:00:00,Rural,Low,1,1
2026-04-27T00:00:00,Rural,Low,1,1
2026-04-27T00:00:00,Rural,Low,1,1
2026-04-27T00:00:00,Rural,Low,1,0
2026-04-27T00:00:00,Rural,Low,1,1
2026-04-27T00:00:00,Rural,Low,1,1
2026-04-27T00:00:00,Rural,Low,1,0
2026-04-27T00:00:00,Rural,Low,1,1
2026-04-27T00:00:00,Rural,Low,1,1
2026-04-27T00:00:00,Rural,Low,1,1
2026-04-27T00:00:00,Rural,Low,1,1
2026-04-27T00:00:00,Rural,Low,1,0
2026-04-27T00:00:00,Rural,Low,1,0
2026-04-27T00:00:00,Rural,Low,1,0
2026-04-27T00:00:00,Rural,Low,1,1
2026-04-27T00:00:00,Rural,Low,1,1
2026-04-27T00:00:00,Rural,Low,1,1
2026-04-27T00:00:00,Rural,Low,1,1
2026-04-27T00:00:00,Rural,Low,1,0
2026-04-27T00:00:00,Rural,Low,1,1
2026-04-27T00:00:00,Rural,Low,1,1
2026-04-27T00:00:00,Rural,Low,1,1
2026-04-27T00:00:00,Rural,Low,1,0
2026-04-27T00:00:00,Rural,Low,1,1
2026-04-27T00:00:00,Rural,Low,1,1
2026-04-27T00:00:00,Rural,Low,1,1
2026-04-27T00:00:00,Rural,Low,1,1
2026-04-27T00:00:00,Rural,Low,1,1
2026-04-27T00:00:00,Rural,Low,1,1
2026-04-27T00:00:00,Rural,Low,1,0
2026-04-27T00:00:00,Rural,Low,1,1
2026-04-27T00:00:00,Rural,Low,1,0
2026-04-27T00:00:00,Rural,Low,1,1
2026-04-27T00:00:00,Rural,Low,1,1
2026-04-27T00:00:00,Rural,Low,0,0
2026-04-27T00:00:00,Rural,Low,0,0
2026-04-27T00:00:00,Rural,Low,0,0
2026-04-27T00:00:00,Rural,Low,0,0
2026-04-27T00:00:00,Rural,Low,0,0
2026-04-27T00:00:00,Rural,Low,0,0
2026-04-27T00:00:00,Rural,Low,0,0
2026-04-27T00:00:00,Rural,Low,0,0
2026-04-27T00:00:00,Rural,Low,0,0
2026-04-27T00:00:00,Rural,Low,0,0
2026-04-27T00:00:00,Rural,Low,0,0
2026-04-27T00:00:00,Rural,Low,0,0
2026-04-27T00:00:00,Rural,Low,0,0
2026-04-27T00:00:00,Rural,Low,0,0
2026-04-27T00:00:00,Rural,Low,0,0
2026-04-27T00:00:00,Rural,Low,0,0
2026-04-27T00:00:00,Rural,Low,0,0
2026-04-27T00:00:00,Rural,Low,0,0
2026-04-27T00:00:00,Rural,Low,0,0
2026-04-27T00:00:00,Rural,Low,0,0
2026-04-27T00:00:00,Rural,Low,0,0
2026-04-27T00:00:00,Rural,Low,0,0
2026-04-27T00:00:00,Rural,Low,0,0
2026-04-27T00:00:00,Rural,Low,0,0
2026-04-27T00:00:00,Rural,Low,0,0
2026-04-27T00:00:00,Rural,Low,0,0
2026-04-27T00:00:00,Rural,Low,0,0
2026-04-27T00:00:00,Rural,Low,0,0
2026-04-27T00:00:00,Rural,Low,0,0
2026-04-27T00:00:00,Rural,Low,0,0
2026-04-27T00:00:00,Rural,Low,0,0
2026-04-27T00:00:00,Rural,Low,0,0
2026-04-27T00:00:00,Rural,Low,0,0
2026-04-27T00:00:00,Rural,Low,0,0
2026-04-27T00:00:00,Rural,Low,0,0
2026-04-27T00:00:00,Rural,Low,0,0
2026-04-27T00:00:00,Rural,Low,0,0
2026-04-27T00:00:00,Rural,Low,0,0
2026-04-27T00:00:00,Rural,Low,0,0
2026-04-27T00:00:00,Rural,Low,0,0
2026-04-27T00:00:00,Rural,Low,0,0
2026-04-27T00:00:00,Rural,Low,0,0
2026-04-27T00:00:00,Rural,Low,0,0
2026-04-27T00:00:00,Rural,Low,0,0
2026-04-27T00:00:00,Rural,Low,0,1
2026-04-27T00:00:00,Rural,Low,0,0
2026-04-27T00:00:00,Rural,Low,0,0
2026-04-27T00:00:00,Rural,Low,0,0
2026-04-27T00:00:00,Rural,Low,0,0
2026-04-27T00:00:00,Rural,Low,0,0
2026-04-27T00:00:00,Rural,Low,0,0
2026-04-27T00:00:00,Rural,Low,0,0
2026-04-27T00:00:00,Rural,Low,0,0
2026-04-27T00:00:00,Rural,Low,0,0
2026-04-27T00:00:00,Rural,Low,0,0
2026-04-27T00:00:00,Rural,Low,0,0
2026-04-27T00:00:00,Rural,Low,0,0
2026-04-27T00:00:00,Rural,Low,0,0
2026-04-27T00:00:00,Rural,Low,0,0
2026-04-27T00:00:00,Rural,Low,0,1
2026-04-27T00:00:00,Rural,Low,0,0
2026-04-27T00:00:00,Rural,Low,0,0
2026-04-27T00:00:00,Rural,Low,0,0
2026-04-27T00:00:00,Rural,Low,0,0
2026-04-27T00:00:00,Rural,Low,0,0
2026-04-27T00:00:00,Rural,Low,0,0
2026-04-27T00:00:00,Rural,Low,0,0
2026-04-27T00:00:00,Rural,Low,0,0
2026-04-27T00:00:00,Rural,Low,0,0
2026-04-27T00:00:00,Rural,Low,0,0
2026-04-27T00:00:00,Rural,Low,0,0
2026-04-27T00:00:00,Rural,Low,0,0
2026-04-27T00:00:00,Rural,Low,0,0
2026-04-27T00:00:00,Rural,Low,0,0
2026-04-27T00:00:00,Rural,Low,0,0
2026-04-27T00:00:00,Rural,Low,0,0
2026-04-27T00:00:00,Rural,Low,0,0
2026-04-27T00:00:00,Rural,Low,0,0
2026-04-27T00:00:00,Rural,Low,0,0
2026-04-27T00:00:00,Rural,Low,0,0
2026-04-27T00:00:00,Rural,Low,0,0
2026-04-27T00:00:00,Rural,Low,0,0
2026-04-27T00:00:00,Rural,Low,0,0
2026-04-27T00:00:00,Rural,Low,0,0
2026-04-27T00:00:00,Rural,Low,0,0
2026-04-27T00:00:00,Rural,Low,0,0
2026-04-27T00:00:00,Rural,Low,0,0
2026-04-27T00:00:00,Rural,Low,0,0
2026-04-27T00:00:00,Rural,Low,0,0
2026-04-27T00:00:00,Rural,Low,0,0
2026-04-27T00:00:00,Rural,Low,0,0
2026-04-27T00:00:00,Rural,Low,0,0
2026-04-27T00:00:00,Rural,Low,0,0
2026-04-27T00:00:00,Rural,Low,0,0
2026-04-27T00:00:00,Rural,Low,0,0
2026-04-27T00:00:00,Rural,Low,0,1
2026-04-27T00:00:00,Rural,Low,0,0
2026-04-28T00:00:00,Urban,High,1,1
2026-04-28T00:00:00,Urban,High,1,1
2026-04-28T00:00:00,Urban,High,1,1
2026-04-28T00:00:00,Urban,High,1,1
2026-04-28T00:00:00,Urban,High,1,1
2026-04-28T00:00:00,Urban,High,1,1
2026-04-28T00:00:00,Urban,High,1,1
2026-04-28T00:00:00,Urban,High,1,1
2026-04-28T00:00:00,Urban,High,1,1
2026-04-28T00:00:00,Urban,High,1,1
2026-04-28T00:00:00,Urban,High,1,1
2026-04-28T00:00:00,Urban,High,1,1
2026-04-28T00:00:00,Urban,High,1,1
2026-04-28T00:00:00,Urban,High,1,1
2026-04-28T00:00:00,Urban,High,1,1
2026-04-28T00:00:00,Urban,High,1,1
2026-04-28T00:00:00,Urban,High,1,1
2026-04-28T00:00:00,Urban,High,1,1
2026-04-28T00:00:00,Urban,High,1,0
2026-04-28T00:00:00,Urban,High,1,1
2026-04-28T00:00:00,Urban,High,1,1
2026-04-28T00:00:00,Urban,High,1,1
2026-04-28T00:00:00,Urban,High,1,1
2026-04-28T00:00:00,Urban,High,1,1
2026-04-28T00:00:00,Urban,High,1,1
2026-04-28T00:00:00,Urban,High,1,1
2026-04-28T00:00:00,Urban,High,1,1
2026-04-28T00:00:00,Urban,High,1,1
2026-04-28T00:00:00,Urban,High,1,1
2026-04-28T00:00:00,Urban,High,1,1
2026-04-28T00:00:00,Urban,High,1,1
2026-04-28T00:00:00,Urban,High,1,1
2026-04-28T00:00:00,Urban,High,1,1
2026-04-28T00:00:00,Urban,High,1,1
2026-04-28T00:00:00,Urban,High,1,1
2026-04-28T00:00:00,Urban,High,1,1
2026-04-28T00:00:00,Urban,High,1,1
2026-04-28T00:00:00,Urban,High,1,1
2026-04-28T00:00:00,Urban,High,1,1
2026-04-28T00:00:00,Urban,High,1,1
2026-04-28T00:00:00,Urban,High,1,1
2026-04-28T00:00:00,Urban,High,1,1
2026-04-28T00:00:00,Urban,High,1,1
2026-04-28T00:00:00,Urban,High,1,1
2026-04-28T00:00:00,Urban,High,1,1
2026-04-28T00:00:00,Urban,High,1,1
2026-04-28T00:00:00,Urban,High,1,1
2026-04-28T00:00:00,Urban,High,1,1
2026-04-28T00:00:00,Urban,High,1,1
2026-04-28T00:00:00,Urban,High,0,0
2026-04-28T00:00:00,Urban,High,0,0
2026-04-28T00:00:00,Urban,High,0,0
2026-04-28T00:00:00,Urban,High,0,0
2026-04-28T00:00:00,Urban,High,0,0
2026-04-28T00:00:00,Urban,High,0,0
2026-04-28T00:00:00,Urban,High,0,0
2026-04-28T00:00:00,Urban,High,0,0
2026-04-28T00:00:00,Urban,High,0,0
2026-04-28T00:00:00,Urban,High,0,0
2026-04-28T00:00:00,Urban,High,0,0
2026-04-28T00:00:00,Urban,High,0,0
2026-04-28T00:00:00,Urban,High,0,1
2026-04-28T00:00:00,Urban,High,0,0
2026-04-28T00:00:00,Urban,High,0,0
2026-04-28T00:00:00,Urban,High,0,0
2026-04-28T00:00:00,Urban,High,0,0
2026-04-28T00:00:00,Urban,High,0,0
2026-04-28T00:00:00,Urban,High,0,0
2026-04-28T00:00:00,Urban,High,0,0
2026-04-28T00:00:00,Urban,High,0,0
2026-04-28T00:00:00,Urban,High,0,0
2026-04-28T00:00:00,Urban,High,0,0
2026-04-28T00:00:00,Urban,High,0,0
2026-04-28T00:00:00,Urban,High,0,0
2026-04-28T00:00:00,Urban,High,0,0
2026-04-28T00:00:00,Urban,High,0,0
2026-04-28T00:00:00,Urban,High,0,0
2026-04-28T00:00:00,Urban,High,0,0
2026-04-28T00:00:00,Urban,High,0,0
2026-04-28T00:00:00,Urban,High,0,0
2026-04-28T00:00:00,Urban,High,0,0
2026-04-28T00:00:00,Urban,High,0,0
2026-04-28T00:00:00,Urban,High,0,0
2026-04-28T00:00:00,Urban,High,0,0
2026-04-28T00:00:00,Urban,High,0,1
2026-04-28T00:00:00,Urban,High,0,1
2026-04-28T00:00:00,Urban,High,0,0
2026-04-28T00:00:00,Urban,High,0,0
2026-04-28T00:00:00,Urban,High,0,0
2026-04-28T00:00:00,Urban,High,0,0
2026-04-28T00:00:00,Urban,High,0,1
2026-04-28T00:00:00,Urban,High,0,0
2026-04-28T00:00:00,Urban,High,0,0
2026-04-28T00:00:00,Urban,High,0,0
2026-04-28T00:00:00,Urban,High,0,0
2026-04-28T00:00:00,Urban,High,0,0
2026-04-28T00:00:00,Urban,High,0,0
2026-04-28T00:00:00,Urban,High,0,0
2026-04-28T00:00:00,Urban,High,0,0
2026-04-28T00:00:00,Urban,High,0,1
2026-04-28T00:00:00,Urban,High,0,1
2026-04-28T00:00:00,Urban,High,0,0
2026-04-28T00:00:00,Urban,High,0,0
2026-04-28T00:00:00,Urban,High,0,0
2026-04-28T00:00:00,Urban,High,0,0
2026-04-28T00:00:00,Urban,High,0,0
2026-04-28T00:00:00,Urban,High,0,0
2026-04-28T00:00:00,Urban,High,0,0
2026-04-28T00:00:00,Urban,High,0,0
2026-04-28T00:00:00,Urban,High,0,0
2026-04-28T00:00:00,Urban,High,0,0
2026-04-28T00:00:00,Urban,High,0,0
2026-04-28T00:00:00,Urban,High,0,0
2026-04-28T00:00:00,Urban,High,0,0
2026-04-28T00:00:00,Urban,High,0,0
2026-04-28T00:00:00,Urban,High,0,0
2026-04-28T00:00:00,Urban,High,0,0
2026-04-28T00:00:00,Urban,High,0,0
2026-04-28T00:00:00,Urban,High,0,0
2026-04-28T00:00:00,Urban,High,0,0
2026-04-28T00:00:00,Urban,High,0,0
2026-04-28T00:00:00,Urban,High,0,0
2026-04-28T00:00:00,Urban,High,0,0
2026-04-28T00:00:00,Urban,High,0,0
2026-04-28T00:00:00,Urban,High,0,0
2026-04-28T00:00:00,Urban,High,0,0
2026-04-28T00:00:00,Urban,High,0,0
2026-04-28T00:00:00,Urban,High,0,0
2026-04-28T00:00:00,Urban,High,0,0
2026-04-28T00:00:00,Urban,High,0,0
2026-04-28T00:00:00,Urban,High,0,0
2026-04-28T00:00:00,Urban,High,0,0
2026-04-28T00:00:00,Urban,High,0,0
2026-04-28T00:00:00,Urban,High,0,0
2026-04-28T00:00:00,Urban,High,0,0
2026-04-28T00:00:00,Urban,High,0,0
2026-04-28T00:00:00,Urban,High,0,0
2026-04-28T00:00:00,Urban,High,0,0
2026-04-28T00:00:00,Urban,High,0,0
2026-04-28T00:00:00,Urban,High,0,0
2026-04-28T00:00:00,Urban,High,0,0
2026-04-28T00:00:00,Urban,Mid,1,1
2026-04-28T00:00:00,Urban,Mid,1,1
2026-04-28T00:00:00,Urban,Mid,1,1
2026-04-28T00:00:00,Urban,Mid,1,1
2026-04-28T00:00:00,Urban,Mid,1,1
2026-04-28T00:00:00,Urban,Mid,1,1
2026-04-28T00:00:00,Urban,Mid,1,0
2026-04-28T00:00:00,Urban,Mid,1,1
2026-04-28T00:00:00,Urban,Mid,1,1
2026-04-28T00:00:00,Urban,Mid,1,1
2026-04-28T00:00:00,Urban,Mid,1,1
2026-04-28T00:00:00,Urban,Mid,1,1
2026-04-28T00:00:00,Urban,Mid,1,1
2026-04-28T00:00:00,Urban,Mid,1,1
2026-04-28T00:00:00,Urban,Mid,1,1
2026-04-28T00:00:00,Urban,Mid,1,1
2026-04-28T00:00:00,Urban,Mid,1,1
2026-04-28T00:00:00,Urban,Mid,1,1
2026-04-28T00:00:00,Urban,Mid,1,1
2026-04-28T00:00:00,Urban,Mid,1,1
2026-04-28T00:00:00,Urban,Mid,1,1
2026-04-28T00:00:00,Urban,Mid,1,1
2026-04-28T00:00:00,Urban,Mid,1,1
2026-04-28T00:00:00,Urban,Mid,1,1
2026-04-28T00:00:00,Urban,Mid,1,1
2026-04-28T00:00:00,Urban,Mid,1,1
2026-04-28T00:00:00,Urban,Mid,1,1
2026-04-28T00:00:00,Urban,Mid,1,1
2026-04-28T00:00:00,Urban,Mid,1,1
2026-04-28T00:00:00,Urban,Mid,1,1
2026-04-28T00:00:00,Urban,Mid,1,1
2026-04-28T00:00:00,Urban,Mid,1,1
2026-04-28T00:00:00,Urban,Mid,1,1
2026-04-28T00:00:00,Urban,Mid,1,1
2026-04-28T00:00:00,Urban,Mid,1,1
2026-04-28T00:00:00,Urban,Mid,1,1
2026-04-28T00:00:00,Urban,Mid,1,1
2026-04-28T00:00:00,Urban,Mid,1,1
2026-04-28T00:00:00,Urban,Mid,1,1
2026-04-28T00:00:00,Urban,Mid,1,1
2026-04-28T00:00:00,Urban,Mid,1,1
2026-04-28T00:00:00,Urban,Mid,1,1
2026-04-28T00:00:00,Urban,Mid,1,1
2026-04-28T00:00:00,Urban,Mid,1,1
2026-04-28T00:00:00,Urban,Mid,1,1
2026-04-28T00:00:00,Urban,Mid,1,1
2026-04-28T00:00:00,Urban,Mid,1,1
2026-04-28T00:00:00,Urban,Mid,1,0
2026-04-28T00:00:00,Urban,Mid,1,1
2026-04-28T00:00:00,Urban,Mid,1,1
2026-04-28T00:00:00,Urban,Mid,0,0
2026-04-28T00:00:00,Urban,Mid,0,0
2026-04-28T00:00:00,Urban,Mid,0,1
2026-04-28T00:00:00,Urban,Mid,0,0
2026-04-28T00:00:00,Urban,Mid,0,1
2026-04-28T00:00:00,Urban,Mid,0,0
2026-04-28T00:00:00,Urban,Mid,0,0
2026-04-28T00:00:00,Urban,Mid,0,0
2026-04-28T00:00:00,Urban,Mid,0,0
2026-04-28T00:00:00,Urban,Mid,0,0
2026-04-28T00:00:00,Urban,Mid,0,0
2026-04-28T00:00:00,Urban,Mid,0,0
2026-04-28T00:00:00,Urban,Mid,0,0
2026-04-28T00:00:00,Urban,Mid,0,0
2026-04-28T00:00:00,Urban,Mid,0,0
2026-04-28T00:00:00,Urban,Mid,0,0
2026-04-28T00:00:00,Urban,Mid,0,0
2026-04-28T00:00:00,Urban,Mid,0,0
2026-04-28T00:00:00,Urban,Mid,0,0
2026-04-28T00:00:00,Urban,Mid,0,0
2026-04-28T00:00:00,Urban,Mid,0,0
2026-04-28T00:00:00,Urban,Mid,0,0
2026-04-28T00:00:00,Urban,Mid,0,0
2026-04-28T00:00:00,Urban,Mid,0,0
2026-04-28T00:00:00,Urban,Mid,0,0
2026-04-28T00:00:00,Urban,Mid,0,0
2026-04-28T00:00:00,Urban,Mid,0,0
2026-04-28T00:00:00,Urban,Mid,0,0
2026-04-28T00:00:00,Urban,Mid,0,0
2026-04-28T00:00:00,Urban,Mid,0,0
2026-04-28T00:00:00,Urban,Mid,0,0
2026-04-28T00:00:00,Urban,Mid,0,0
2026-04-28T00:00:00,Urban,Mid,0,0
2026-04-28T00:00:00,Urban,Mid,0,0
2026-04-28T00:00:00,Urban,Mid,0,0
2026-04-28T00:00:00,Urban,Mid,0,0
2026-04-28T00:00:00,Urban,Mid,0,0
2026-04-28T00:00:00,Urban,Mid,0,0
2026-04-28T00:00:00,Urban,Mid,0,0
2026-04-28T00:00:00,Urban,Mid,0,0
2026-04-28T00:00:00,Urban,Mid,0,0
2026-04-28T00:00:00,Urban,Mid,0,0
2026-04-28T00:00:00,Urban,Mid,0,0
2026-04-28T00:00:00,Urban,Mid,0,0
2026-04-28T00:00:00,Urban,Mid,0,1
2026-04-28T00:00:00,Urban,Mid,0,0
2026-04-28T00:00:00,Urban,Mid,0,0
2026-04-28T00:00:00,Urban,Mid,0,0
2026-04-28T00:00:00,Urban,Mid,0,1
2026-04-28T00:00:00,Urban,Mid,0,0
2026-04-28T00:00:00,Urban,Mid,0,0
2026-04-28T00:00:00,Urban,Mid,0,0
2026-04-28T00:00:00,Urban,Mid,0,0
2026-04-28T00:00:00,Urban,Mid,0,1
2026-04-28T00:00:00,Urban,Mid,0,0
2026-04-28T00:00:00,Urban,Mid,0,0
2026-04-28T00:00:00,Urban,Mid,0,0
2026-04-28T00:00:00,Urban,Mid,0,1
2026-04-28T00:00:00,Urban,Mid,0,0
2026-04-28T00:00:00,Urban,Mid,0,0
2026-04-28T00:00:00,Urban,Mid,0,0
2026-04-28T00:00:00,Urban,Mid,0,0
2026-04-28T00:00:00,Urban,Mid,0,0
2026-04-28T00:00:00,Urban,Mid,0,0
2026-04-28T00:00:00,Urban,Mid,0,0
2026-04-28T00:00:00,Urban,Mid,0,0
2026-04-28T00:00:00,Urban,Mid,0,0
2026-04-28T00:00:00,Urban,Mid,0,0
2026-04-28T00:00:00,Urban,Mid,0,0
2026-04-28T00:00:00,Urban,Mid,0,0
2026-04-28T00:00:00,Urban,Mid,0,0
2026-04-28T00:00:00,Urban,Mid,0,0
2026-04-28T00:00:00,Urban,Mid,0,0
2026-04-28T00:00:00,Urban,Mid,0,0
2026-04-28T00:00:00,Urban,Mid,0,0
2026-04-28T00:00:00,Urban,Mid,0,0
2026-04-28T00:00:00,Urban,Mid,0,0
2026-04-28T00:00:00,Urban,Mid,0,0
2026-04-28T00:00:00,Urban,Mid,0,0
2026-04-28T00:00:00,Urban,Mid,0,0
2026-04-28T00:00:00,Urban,Mid,0,0
2026-04-28T00:00:00,Urban,Mid,0,0
2026-04-28T00:00:00,Urban,Mid,0,0
2026-04-28T00:00:00,Urban,Mid,0,0
2026-04-28T00:00:00,Urban,Mid,0,0
2026-04-28T00:00:00,Urban,Mid,0,0
2026-04-28T00:00:00,Urban,Mid,0,0
2026-04-28T00:00:00,Urban,Mid,0,0
2026-04-28T00:00:00,Urban,Mid,0,0
2026-04-28T00:00:00,Urban,Mid,0,0
2026-04-28T00:00:00,Urban,Mid,0,0
2026-04-28T00:00:00,Urban,Mid,0,0
2026-04-28T00:00:00,Urban,Mid,0,0
2026-04-28T00:00:00,Urban,Mid,0,0
2026-04-28T00:00:00,Urban,Mid,0,0
2026-04-28T00:00:00,Urban,Mid,0,0
2026-04-28T00:00:00,Urban,Mid,0,0
2026-04-28T00:00:00,Urban,Mid,0,0
2026-04-28T00:00:00,Urban,Mid,0,0
2026-04-28T00:00:00,Urban,Mid,0,0
2026-04-28T00:00:00,Urban,Mid,0,0
2026-04-28T00:00:00,Urban,Mid,0,0
2026-04-28T00:00:00,Urban,Mid,0,0
2026-04-28T00:00:00,Urban,Mid,0,0
2026-04-28T00:00:00,Urban,Mid,0,0
2026-04-28T00:00:00,Urban,Mid,0,0
2026-04-28T00:00:00,Urban,Low,1,0
2026-04-28T00:00:00,Urban,Low,1,1
2026-04-28T00:00:00,Urban,Low,1,1
2026-04-28T00:00:00,Urban,Low,1,1
2026-04-28T00:00:00,Urban,Low,1,1
2026-04-28T00:00:00,Urban,Low,1,0
2026-04-28T00:00:00,Urban,Low,1,1
2026-04-28T00:00:00,Urban,Low,1,1
2026-04-28T00:00:00,Urban,Low,1,1
2026-04-28T00:00:00,Urban,Low,1,1
2026-04-28T00:00:00,Urban,Low,1,1
2026-04-28T00:00:00,Urban,Low,1,1
2026-04-28T00:00:00,Urban,Low,1,0
2026-04-28T00:00:00,Urban,Low,1,1
2026-04-28T00:00:00,Urban,Low,1,0
2026-04-28T00:00:00,Urban,Low,1,1
2026-04-28T00:00:00,Urban,Low,1,1
2026-04-28T00:00:00,Urban,Low,1,1
2026-04-28T00:00:00,Urban,Low,1,1
2026-04-28T00:00:00,Urban,Low,1,1
2026-04-28T00:00:00,Urban,Low,1,1
2026-04-28T00:00:00,Urban,Low,1,1
2026-04-28T00:00:00,Urban,Low,1,1
2026-04-28T00:00:00,Urban,Low,1,0
2026-04-28T00:00:00,Urban,Low,1,0
2026-04-28T00:00:00,Urban,Low,1,1
2026-04-28T00:00:00,Urban,Low,1,1
2026-04-28T00:00:00,Urban,Low,1,1
2026-04-28T00:00:00,Urban,Low,1,1
2026-04-28T00:00:00,Urban,Low,1,1
2026-04-28T00:00:00,Urban,Low,1,1
2026-04-28T00:00:00,Urban,Low,1,1
2026-04-28T00:00:00,Urban,Low,1,1
2026-04-28T00:00:00,Urban,Low,1,1
2026-04-28T00:00:00,Urban,Low,1,1
2026-04-28T00:00:00,Urban,Low,1,1
2026-04-28T00:00:00,Urban,Low,1,1
2026-04-28T00:00:00,Urban,Low,1,1
2026-04-28T00:00:00,Urban,Low,1,1
2026-04-28T00:00:00,Urban,Low,1,1
2026-04-28T00:00:00,Urban,Low,1,1
2026-04-28T00:00:00,Urban,Low,1,1
2026-04-28T00:00:00,Urban,Low,1,1
2026-04-28T00:00:00,Urban,Low,1,1
2026-04-28T00:00:00,Urban,Low,1,1
2026-04-28T00:00:00,Urban,Low,1,1
2026-04-28T00:00:00,Urban,Low,0,0
2026-04-28T00:00:00,Urban,Low,0,0
2026-04-28T00:00:00,Urban,Low,0,0
2026-04-28T00:00:00,Urban,Low,0,0
2026-04-28T00:00:00,Urban,Low,0,0
2026-04-28T00:00:00,Urban,Low,0,0
2026-04-28T00:00:00,Urban,Low,0,0
2026-04-28T00:00:00,Urban,Low,0,0
2026-04-28T00:00:00,Urban,Low,0,0
2026-04-28T00:00:00,Urban,Low,0,0
2026-04-28T00:00:00,Urban,Low,0,0
2026-04-28T00:00:00,Urban,Low,0,0
2026-04-28T00:00:00,Urban,Low,0,0
2026-04-28T00:00:00,Urban,Low,0,0
2026-04-28T00:00:00,Urban,Low,0,0
2026-04-28T00:00:00,Urban,Low,0,0
2026-04-28T00:00:00,Urban,Low,0,0
2026-04-28T00:00:00,Urban,Low,0,0
2026-04-28T00:00:00,Urban,Low,0,1
2026-04-28T00:00:00,Urban,Low,0,0
2026-04-28T00:00:00,Urban,Low,0,0
2026-04-28T00:00:00,Urban,Low,0,0
2026-04-28T00:00:00,Urban,Low,0,0
2026-04-28T00:00:00,Urban,Low,0,0
2026-04-28T00:00:00,Urban,Low,0,0
2026-04-28T00:00:00,Urban,Low,0,0
2026-04-28T00:00:00,Urban,Low,0,0
2026-04-28T00:00:00,Urban,Low,0,0
2026-04-28T00:00:00,Urban,Low,0,0
2026-04-28T00:00:00,Urban,Low,0,0
2026-04-28T00:00:00,Urban,Low,0,1
2026-04-28T00:00:00,Urban,Low,0,0
2026-04-28T00:00:00,Urban,Low,0,0
2026-04-28T00:00:00,Urban,Low,0,0
2026-04-28T00:00:00,Urban,Low,0,0
2026-04-28T00:00:00,Urban,Low,0,0
2026-04-28T00:00:00,Urban,Low,0,0
2026-04-28T00:00:00,Urban,Low,0,0
2026-04-28T00:00:00,Urban,Low,0,0
2026-04-28T00:00:00,Urban,Low,0,0
2026-04-28T00:00:00,Urban,Low,0,0
2026-04-28T00:00:00,Urban,Low,0,0
2026-04-28T00:00:00,Urban,Low,0,0
2026-04-28T00:00:00,Urban,Low,0,0
2026-04-28T00:00:00,Urban,Low,0,0
2026-04-28T00:00:00,Urban,Low,0,0
2026-04-28T00:00:00,Urban,Low,0,0
2026-04-28T00:00:00,Urban,Low,0,0
2026-04-28T00:00:00,Urban,Low,0,0
2026-04-28T00:00:00,Urban,Low,0,0
2026-04-28T00:00:00,Urban,Low,0,0
2026-04-28T00:00:00,Urban,Low,0,0
2026-04-28T00:00:00,Urban,Low,0,0
2026-04-28T00:00:00,Urban,Low,0,1
2026-04-28T00:00:00,Urban,Low,0,0
2026-04-28T00:00:00,Urban,Low,0,0
2026-04-28T00:00:00,Urban,Low,0,0
2026-04-28T00:00:00,Urban,Low,0,0
2026-04-28T00:00:00,Urban,Low,0,0
2026-04-28T00:00:00,Urban,Low,0,0
2026-04-28T00:00:00,Urban,Low,0,0
2026-04-28T00:00:00,Urban,Low,0,0
2026-04-28T00:00:00,Urban,Low,0,0
2026-04-28T00:00:00,Urban,Low,0,0
2026-04-28T00:00:00,Urban,Low,0,0
2026-04-28T00:00:00,Urban,Low,0,0
2026-04-28T00:00:00,Urban,Low,0,0
2026-04-28T00:00:00,Urban,Low,0,0
2026-04-28T00:00:00,Urban,Low,0,0
2026-04-28T00:00:00,Urban,Low,0,0
2026-04-28T00:00:00,Urban,Low,0,0
2026-04-28T00:00:00,Urban,Low,0,0
2026-04-28T00:00:00,Urban,Low,0,0
2026-04-28T00:00:00,Urban,Low,0,0
2026-04-28T00:00:00,Urban,Low,0,0
2026-04-28T00:00:00,Urban,Low,0,0
2026-04-28T00:00:00,Urban,Low,0,0
2026-04-28T00:00:00,Urban,Low,0,0
2026-04-28T00:00:00,Urban,Low,0,0
2026-04-28T00:00:00,Urban,Low,0,0
2026-04-28T00:00:00,Urban,Low,0,0
2026-04-28T00:00:00,Urban,Low,0,0
2026-04-28T00:00:00,Urban,Low,0,0
2026-04-28T00:00:00,Urban,Low,0,0
2026-04-28T00:00:00,Urban,Low,0,0
2026-04-28T00:00:00,Urban,Low,0,0
2026-04-28T00:00:00,Urban,Low,0,0
2026-04-28T00:00:00,Urban,Low,0,0
2026-04-28T00:00:00,Urban,Low,0,0
2026-04-28T00:00:00,Urban,Low,0,0
2026-04-28T00:00:00,Urban,Low,0,0
2026-04-28T00:00:00,Urban,Low,0,0
2026-04-28T00:00:00,Urban,Low,0,0
2026-04-28T00:00:00,Urban,Low,0,0
2026-04-28T00:00:00,Urban,Low,0,0
2026-04-28T00:00:00,Urban,Low,0,0
2026-04-28T00:00:00,Urban,Low,0,0
2026-04-28T00:00:00,Urban,Low,0,0
2026-04-28T00:00:00,Urban,Low,0,0
2026-04-28T00:00:00,Urban,Low,0,0
2026-04-28T00:00:00,Urban,Low,0,0
2026-04-28T00:00:00,Urban,Low,0,0
2026-04-28T00:00:00,Urban,Low,0,0
2026-04-28T00:00:00,Urban,Low,0,0
2026-04-28T00:00:00,Urban,Low,0,0
2026-04-28T00:00:00,Urban,Low,0,0
2026-04-28T00:00:00,Urban,Low,0,0
2026-04-28T00:00:00,Urban,Low,0,0
2026-04-28T00:00:00,Rural,High,1,1
2026-04-28T00:00:00,Rural,High,1,1
2026-04-28T00:00:00,Rural,High,1,1
2026-04-28T00:00:00,Rural,High,1,1
2026-04-28T00:00:00,Rural,High,1,1
2026-04-28T00:00:00,Rural,High,1,1
2026-04-28T00:00:00,Rural,High,1,1
2026-04-28T00:00:00,Rural,High,1,1
2026-04-28T00:00:00,Rural,High,1,1
2026-04-28T00:00:00,Rural,High,1,1
2026-04-28T00:00:00,Rural,High,1,1
2026-04-28T00:00:00,Rural,High,1,1
2026-04-28T00:00:00,Rural,High,1,1
2026-04-28T00:00:00,Rural,High,1,1
2026-04-28T00:00:00,Rural,High,1,1
2026-04-28T00:00:00,Rural,High,1,1
2026-04-28T00:00:00,Rural,High,1,1
2026-04-28T00:00:00,Rural,High,1,0
2026-04-28T00:00:00,Rural,High,1,1
2026-04-28T00:00:00,Rural,High,1,1
2026-04-28T00:00:00,Rural,High,1,1
2026-04-28T00:00:00,Rural,High,1,1
2026-04-28T00:00:00,Rural,High,1,1
2026-04-28T00:00:00,Rural,High,1,1
2026-04-28T00:00:00,Rural,High,1,1
2026-04-28T00:00:00,Rural,High,1,1
2026-04-28T00:00:00,Rural,High,1,1
2026-04-28T00:00:00,Rural,High,1,0
2026-04-28T00:00:00,Rural,High,1,1
2026-04-28T00:00:00,Rural,High,1,1
2026-04-28T00:00:00,Rural,High,1,1
2026-04-28T00:00:00,Rural,High,1,1
2026-04-28T00:00:00,Rural,High,1,1
2026-04-28T00:00:00,Rural,High,1,1
2026-04-28T00:00:00,Rural,High,1,1
2026-04-28T00:00:00,Rural,High,1,1
2026-04-28T00:00:00,Rural,High,0,0
2026-04-28T00:00:00,Rural,High,0,0
2026-04-28T00:00:00,Rural,High,0,0
2026-04-28T00:00:00,Rural,High,0,0
2026-04-28T00:00:00,Rural,High,0,0
2026-04-28T00:00:00,Rural,High,0,0
2026-04-28T00:00:00,Rural,High,0,0
2026-04-28T00:00:00,Rural,High,0,0
2026-04-28T00:00:00,Rural,High,0,0
2026-04-28T00:00:00,Rural,High,0,0
2026-04-28T00:00:00,Rural,High,0,0
2026-04-28T00:00:00,Rural,High,0,0
2026-04-28T00:00:00,Rural,High,0,0
2026-04-28T00:00:00,Rural,High,0,0
2026-04-28T00:00:00,Rural,High,0,0
2026-04-28T00:00:00,Rural,High,0,0
2026-04-28T00:00:00,Rural,High,0,0
2026-04-28T00:00:00,Rural,High,0,0
2026-04-28T00:00:00,Rural,High,0,0
2026-04-28T00:00:00,Rural,High,0,0
2026-04-28T00:00:00,Rural,High,0,0
2026-04-28T00:00:00,Rural,High,0,0
2026-04-28T00:00:00,Rural,High,0,0
2026-04-28T00:00:00,Rural,High,0,0
2026-04-28T00:00:00,Rural,High,0,0
2026-04-28T00:00:00,Rural,High,0,0
2026-04-28T00:00:00,Rural,High,0,0
2026-04-28T00:00:00,Rural,High,0,0
2026-04-28T00:00:00,Rural,High,0,0
2026-04-28T00:00:00,Rural,High,0,0
2026-04-28T00:00:00,Rural,High,0,0
2026-04-28T00:00:00,Rural,High,0,0
2026-04-28T00:00:00,Rural,High,0,0
2026-04-28T00:00:00,Rural,High,0,0
2026-04-28T00:00:00,Rural,High,0,0
2026-04-28T00:00:00,Rural,High,0,0
2026-04-28T00:00:00,Rural,High,0,0
2026-04-28T00:00:00,Rural,High,0,0
2026-04-28T00:00:00,Rural,High,0,0
2026-04-28T00:00:00,Rural,High,0,0
2026-04-28T00:00:00,Rural,High,0,0
2026-04-28T00:00:00,Rural,High,0,0
2026-04-28T00:00:00,Rural,High,0,0
2026-04-28T00:00:00,Rural,High,0,0
2026-04-28T00:00:00,Rural,High,0,0
2026-04-28T00:00:00,Rural,High,0,0
2026-04-28T00:00:00,Rural,High,0,0
2026-04-28T00:00:00,Rural,High,0,0
2026-04-28T00:00:00,Rural,High,0,0
2026-04-28T00:00:00,Rural,High,0,0
2026-04-28T00:00:00,Rural,High,0,0
2026-04-28T00:00:00,Rural,High,0,0
2026-04-28T00:00:00,Rural,High,0,0
2026-04-28T00:00:00,Rural,High,0,0
2026-04-28T00:00:00,Rural,High,0,0
2026-04-28T00:00:00,Rural,High,0,1
2026-04-28T00:00:00,Rural,High,0,0
2026-04-28T00:00:00,Rural,High,0,0
2026-04-28T00:00:00,Rural,High,0,0
2026-04-28T00:00:00,Rural,High,0,0
2026-04-28T00:00:00,Rural,High,0,0
2026-04-28T00:00:00,Rural,High,0,0
2026-04-28T00:00:00,Rural,High,0,0
2026-04-28T00:00:00,Rural,High,0,0
2026-04-28T00:00:00,Rural,High,0,0
2026-04-28T00:00:00,Rural,High,0,0
2026-04-28T00:00:00,Rural,High,0,0
2026-04-28T00:00:00,Rural,High,0,0
2026-04-28T00:00:00,Rural,High,0,0
2026-04-28T00:00:00,Rural,High,0,0
2026-04-28T00:00:00,Rural,High,0,0
2026-04-28T00:00:00,Rural,High,0,0
2026-04-28T00:00:00,Rural,High,0,0
2026-04-28T00:00:00,Rural,High,0,0
2026-04-28T00:00:00,Rural,High,0,0
2026-04-28T00:00:00,Rural,High,0,0
2026-04-28T00:00:00,Rural,High,0,0
2026-04-28T00:00:00,Rural,High,0,0
2026-04-28T00:00:00,Rural,High,0,0
2026-04-28T00:00:00,Rural,High,0,0
2026-04-28T00:00:00,Rural,High,0,0
2026-04-28T00:00:00,Rural,High,0,0
2026-04-28T00:00:00,Rural,High,0,0
2026-04-28T00:00:00,Rural,High,0,0
2026-04-28T00:00:00,Rural,High,0,0
2026-04-28T00:00:00,Rural,High,0,0
2026-04-28T00:00:00,Rural,High,0,0
2026-04-28T00:00:00,Rural,High,0,0
2026-04-28T00:00:00,Rural,High,0,0
2026-04-28T00:00:00,Rural,High,0,0
2026-04-28T00:00:00,Rural,High,0,0
2026-04-28T00:00:00,Rural,High,0,0
2026-04-28T00:00:00,Rural,High,0,0
2026-04-28T00:00:00,Rural,High,0,0
2026-04-28T00:00:00,Rural,High,0,0
2026-04-28T00:00:00,Rural,High,0,1
2026-04-28T00:00:00,Rural,High,0,0
2026-04-28T00:00:00,Rural,High,0,0
2026-04-28T00:00:00,Rural,High,0,0
2026-04-28T00:00:00,Rural,High,0,0
2026-04-28T00:00:00,Rural,High,0,0
2026-04-28T00:00:00,Rural,High,0,0
2026-04-28T00:00:00,Rural,High,0,0
2026-04-28T00:00:00,Rural,High,0,0
2026-04-28T00:00:00,Rural,High,0,0
2026-04-28T00:00:00,Rural,High,0,0
2026-04-28T00:00:00,Rural,High,0,0
2026-04-28T00:00:00,Rural,High,0,0
2026-04-28T00:00:00,Rural,High,0,0
2026-04-28T00:00:00,Rural,High,0,0
2026-04-28T00:00:00,Rural,High,0,0
2026-04-28T00:00:00,Rural,High,0,0
2026-04-28T00:00:00,Rural,High,0,0
2026-04-28T00:00:00,Rural,Mid,1,1
2026-04-28T00:00:00,Rural,Mid,1,1
2026-04-28T00:00:00,Rural,Mid,1,1
2026-04-28T00:00:00,Rural,Mid,1,1
2026-04-28T00:00:00,Rural,Mid,1,1
2026-04-28T00:00:00,Rural,Mid,1,1
2026-04-28T00:00:00,Rural,Mid,1,1
2026-04-28T00:00:00,Rural,Mid,1,0
2026-04-28T00:00:00,Rural,Mid,1,1
2026-04-28T00:00:00,Rural,Mid,1,1
2026-04-28T00:00:00,Rural,Mid,1,0
2026-04-28T00:00:00,Rural,Mid,1,1
2026-04-28T00:00:00,Rural,Mid,1,1
2026-04-28T00:00:00,Rural,Mid,1,1
2026-04-28T00:00:00,Rural,Mid,1,1
2026-04-28T00:00:00,Rural,Mid,1,1
2026-04-28T00:00:00,Rural,Mid,1,1
2026-04-28T00:00:00,Rural,Mid,1,1
2026-04-28T00:00:00,Rural,Mid,1,1
2026-04-28T00:00:00,Rural,Mid,1,1
2026-04-28T00:00:00,Rural,Mid,1,1
2026-04-28T00:00:00,Rural,Mid,1,1
2026-04-28T00:00:00,Rural,Mid,1,1
2026-04-28T00:00:00,Rural,Mid,1,1
2026-04-28T00:00:00,Rural,Mid,1,0
2026-04-28T00:00:00,Rural,Mid,1,1
2026-04-28T00:00:00,Rural,Mid,1,1
2026-04-28T00:00:00,Rural,Mid,1,1
2026-04-28T00:00:00,Rural,Mid,1,0
2026-04-28T00:00:00,Rural,Mid,1,1
2026-04-28T00:00:00,Rural,Mid,1,1
2026-04-28T00:00:00,Rural,Mid,1,1
2026-04-28T00:00:00,Rural,Mid,1,1
2026-04-28T00:00:00,Rural,Mid,1,1
2026-04-28T00:00:00,Rural,Mid,1,1
2026-04-28T00:00:00,Rural,Mid,1,1
2026-04-28T00:00:00,Rural,Mid,1,1
2026-04-28T00:00:00,Rural,Mid,1,1
2026-04-28T00:00:00,Rural,Mid,1,0
2026-04-28T00:00:00,Rural,Mid,1,1
2026-04-28T00:00:00,Rural,Mid,1,1
2026-04-28T00:00:00,Rural,Mid,1,0
2026-04-28T00:00:00,Rural,Mid,1,1
2026-04-28T00:00:00,Rural,Mid,1,1
2026-04-28T00:00:00,Rural,Mid,1,1
2026-04-28T00:00:00,Rural,Mid,1,1
2026-04-28T00:00:00,Rural,Mid,1,0
2026-04-28T00:00:00,Rural,Mid,1,1
2026-04-28T00:00:00,Rural,Mid,1,1
2026-04-28T00:00:00,Rural,Mid,1,1
2026-04-28T00:00:00,Rural,Mid,1,1
2026-04-28T00:00:00,Rural,Mid,1,1
2026-04-28T00:00:00,Rural,Mid,1,1
2026-04-28T00:00:00,Rural,Mid,1,1
2026-04-28T00:00:00,Rural,Mid,1,1
2026-04-28T00:00:00,Rural,Mid,1,1
2026-04-28T00:00:00,Rural,Mid,0,0
2026-04-28T00:00:00,Rural,Mid,0,0
2026-04-28T00:00:00,Rural,Mid,0,0
2026-04-28T00:00:00,Rural,Mid,0,0
2026-04-28T00:00:00,Rural,Mid,0,0
2026-04-28T00:00:00,Rural,Mid,0,0
2026-04-28T00:00:00,Rural,Mid,0,0
2026-04-28T00:00:00,Rural,Mid,0,0
2026-04-28T00:00:00,Rural,Mid,0,0
2026-04-28T00:00:00,Rural,Mid,0,0
2026-04-28T00:00:00,Rural,Mid,0,0
2026-04-28T00:00:00,Rural,Mid,0,0
2026-04-28T00:00:00,Rural,Mid,0,0
2026-04-28T00:00:00,Rural,Mid,0,0
2026-04-28T00:00:00,Rural,Mid,0,0
2026-04-28T00:00:00,Rural,Mid,0,0
2026-04-28T00:00:00,Rural,Mid,0,0
2026-04-28T00:00:00,Rural,Mid,0,0
2026-04-28T00:00:00,Rural,Mid,0,0
2026-04-28T00:00:00,Rural,Mid,0,0
2026-04-28T00:00:00,Rural,Mid,0,0
2026-04-28T00:00:00,Rural,Mid,0,0
2026-04-28T00:00:00,Rural,Mid,0,0
2026-04-28T00:00:00,Rural,Mid,0,0
2026-04-28T00:00:00,Rural,Mid,0,0
2026-04-28T00:00:00,Rural,Mid,0,0
2026-04-28T00:00:00,Rural,Mid,0,0
2026-04-28T00:00:00,Rural,Mid,0,0
2026-04-28T00:00:00,Rural,Mid,0,0
2026-04-28T00:00:00,Rural,Mid,0,0
2026-04-28T00:00:00,Rural,Mid,0,0
2026-04-28T00:00:00,Rural,Mid,0,1
2026-04-28T00:00:00,Rural,Mid,0,0
2026-04-28T00:00:00,Rural,Mid,0,0
2026-04-28T00:00:00,Rural,Mid,0,0
2026-04-28T00:00:00,Rural,Mid,0,1
2026-04-28T00:00:00,Rural,Mid,0,0
2026-04-28T00:00:00,Rural,Mid,0,0
2026-04-28T00:00:00,Rural,Mid,0,0
2026-04-28T00:00:00,Rural,Mid,0,0
2026-04-28T00:00:00,Rural,Mid,0,0
2026-04-28T00:00:00,Rural,Mid,0,0
2026-04-28T00:00:00,Rural,Mid,0,0
2026-04-28T00:00:00,Rural,Mid,0,0
2026-04-28T00:00:00,Rural,Mid,0,0
2026-04-28T00:00:00,Rural,Mid,0,0
2026-04-28T00:00:00,Rural,Mid,0,0
2026-04-28T00:00:00,Rural,Mid,0,0
2026-04-28T00:00:00,Rural,Mid,0,0
2026-04-28T00:00:00,Rural,Mid,0,0
2026-04-28T00:00:00,Rural,Mid,0,0
2026-04-28T00:00:00,Rural,Mid,0,0
2026-04-28T00:00:00,Rural,Mid,0,0
2026-04-28T00:00:00,Rural,Mid,0,0
2026-04-28T00:00:00,Rural,Mid,0,0
2026-04-28T00:00:00,Rural,Mid,0,0
2026-04-28T00:00:00,Rural,Mid,0,0
2026-04-28T00:00:00,Rural,Mid,0,0
2026-04-28T00:00:00,Rural,Mid,0,0
2026-04-28T00:00:00,Rural,Mid,0,0
2026-04-28T00:00:00,Rural,Mid,0,1
2026-04-28T00:00:00,Rural,Mid,0,0
2026-04-28T00:00:00,Rural,Mid,0,0
2026-04-28T00:00:00,Rural,Mid,0,0
2026-04-28T00:00:00,Rural,Mid,0,0
2026-04-28T00:00:00,Rural,Mid,0,0
2026-04-28T00:00:00,Rural,Mid,0,0
2026-04-28T00:00:00,Rural,Mid,0,0
2026-04-28T00:00:00,Rural,Mid,0,0
2026-04-28T00:00:00,Rural,Mid,0,0
2026-04-28T00:00:00,Rural,Mid,0,0
2026-04-28T00:00:00,Rural,Mid,0,0
2026-04-28T00:00:00,Rural,Mid,0,0
2026-04-28T00:00:00,Rural,Mid,0,0
2026-04-28T00:00:00,Rural,Mid,0,0
2026-04-28T00:00:00,Rural,Mid,0,0
2026-04-28T00:00:00,Rural,Mid,0,0
2026-04-28T00:00:00,Rural,Mid,0,0
2026-04-28T00:00:00,Rural,Mid,0,0
2026-04-28T00:00:00,Rural,Mid,0,1
2026-04-28T00:00:00,Rural,Mid,0,0
2026-04-28T00:00:00,Rural,Mid,0,0
2026-04-28T00:00:00,Rural,Mid,0,0
2026-04-28T00:00:00,Rural,Mid,0,0
2026-04-28T00:00:00,Rural,Mid,0,0
2026-04-28T00:00:00,Rural,Mid,0,0
2026-04-28T00:00:00,Rural,Mid,0,0
2026-04-28T00:00:00,Rural,Mid,0,0
2026-04-28T00:00:00,Rural,Mid,0,0
2026-04-28T00:00:00,Rural,Mid,0,0
2026-04-28T00:00:00,Rural,Mid,0,0
2026-04-28T00:00:00,Rural,Mid,0,0
2026-04-28T00:00:00,Rural,Mid,0,0
2026-04-28T00:00:00,Rural,Mid,0,0
2026-04-28T00:00:00,Rural,Mid,0,0
2026-04-28T00:00:00,Rural,Mid,0,0
2026-04-28T00:00:00,Rural,Mid,0,0
2026-04-28T00:00:00,Rural,Mid,0,0
2026-04-28T00:00:00,Rural,Mid,0,0
2026-04-28T00:00:00,Rural,Mid,0,0
2026-04-28T00:00:00,Rural,Mid,0,0
2026-04-28T00:00:00,Rural,Mid,0,1
2026-04-28T00:00:00,Rural,Mid,0,0
2026-04-28T00:00:00,Rural,Mid,0,0
2026-04-28T00:00:00,Rural,Mid,0,0
2026-04-28T00:00:00,Rural,Mid,0,0
2026-04-28T00:00:00,Rural,Mid,0,0
2026-04-28T00:00:00,Rural,Mid,0,0
2026-04-28T00:00:00,Rural,Mid,0,0
2026-04-28T00:00:00,Rural,Mid,0,0
2026-04-28T00:00:00,Rural,Mid,0,0
2026-04-28T00:00:00,Rural,Mid,0,0
2026-04-28T00:00:00,Rural,Mid,0,0
2026-04-28T00:00:00,Rural,Mid,0,0
2026-04-28T00:00:00,Rural,Mid,0,0
2026-04-28T00:00:00,Rural,Mid,0,0
2026-04-28T00:00:00,Rural,Mid,0,1
2026-04-28T00:00:00,Rural,Mid,0,0
2026-04-28T00:00:00,Rural,Low,1,1
2026-04-28T00:00:00,Rural,Low,1,1
2026-04-28T00:00:00,Rural,Low,1,1
2026-04-28T00:00:00,Rural,Low,1,1
2026-04-28T00:00:00,Rural,Low,1,0
2026-04-28T00:00:00,Rural,Low,1,1
2026-04-28T00:00:00,Rural,Low,1,1
2026-04-28T00:00:00,Rural,Low,1,1
2026-04-28T00:00:00,Rural,Low,1,1
2026-04-28T00:00:00,Rural,Low,1,1
2026-04-28T00:00:00,Rural,Low,1,1
2026-04-28T00:00:00,Rural,Low,1,1
2026-04-28T00:00:00,Rural,Low,1,1
2026-04-28T00:00:00,Rural,Low,1,1
2026-04-28T00:00:00,Rural,Low,1,1
2026-04-28T00:00:00,Rural,Low,1,1
2026-04-28T00:00:00,Rural,Low,1,1
2026-04-28T00:00:00,Rural,Low,1,1
2026-04-28T00:00:00,Rural,Low,1,1
2026-04-28T00:00:00,Rural,Low,1,0
2026-04-28T00:00:00,Rural,Low,1,1
2026-04-28T00:00:00,Rural,Low,1,1
2026-04-28T00:00:00,Rural,Low,1,1
2026-04-28T00:00:00,Rural,Low,1,0
2026-04-28T00:00:00,Rural,Low,1,0
2026-04-28T00:00:00,Rural,Low,1,1
2026-04-28T00:00:00,Rural,Low,1,1
2026-04-28T00:00:00,Rural,Low,1,1
2026-04-28T00:00:00,Rural,Low,1,0
2026-04-28T00:00:00,Rural,Low,1,1
2026-04-28T00:00:00,Rural,Low,1,1
2026-04-28T00:00:00,Rural,Low,1,1
2026-04-28T00:00:00,Rural,Low,1,1
2026-04-28T00:00:00,Rural,Low,1,1
2026-04-28T00:00:00,Rural,Low,1,1
2026-04-28T00:00:00,Rural,Low,1,1
2026-04-28T00:00:00,Rural,Low,1,1
2026-04-28T00:00:00,Rural,Low,1,1
2026-04-28T00:00:00,Rural,Low,1,1
2026-04-28T00:00:00,Rural,Low,1,1
2026-04-28T00:00:00,Rural,Low,1,0
2026-04-28T00:00:00,Rural,Low,1,1
2026-04-28T00:00:00,Rural,Low,1,1
2026-04-28T00:00:00,Rural,Low,1,1
2026-04-28T00:00:00,Rural,Low,1,1
2026-04-28T00:00:00,Rural,Low,1,1
2026-04-28T00:00:00,Rural,Low,1,1
2026-04-28T00:00:00,Rural,Low,1,1
2026-04-28T00:00:00,Rural,Low,1,1
2026-04-28T00:00:00,Rural,Low,1,1
2026-04-28T00:00:00,Rural,Low,1,1
2026-04-28T00:00:00,Rural,Low,1,1
2026-04-28T00:00:00,Rural,Low,1,1
2026-04-28T00:00:00,Rural,Low,1,1
2026-04-28T00:00:00,Rural,Low,1,1
2026-04-28T00:00:00,Rural,Low,1,0
2026-04-28T00:00:00,Rural,Low,1,0
2026-04-28T00:00:00,Rural,Low,1,1
2026-04-28T00:00:00,Rural,Low,0,0
2026-04-28T00:00:00,Rural,Low,0,0
2026-04-28T00:00:00,Rural,Low,0,0
2026-04-28T00:00:00,Rural,Low,0,0
2026-04-28T00:00:00,Rural,Low,0,0
2026-04-28T00:00:00,Rural,Low,0,0
2026-04-28T00:00:00,Rural,Low,0,0
2026-04-28T00:00:00,Rural,Low,0,0
2026-04-28T00:00:00,Rural,Low,0,0
2026-04-28T00:00:00,Rural,Low,0,0
2026-04-28T00:00:00,Rural,Low,0,0
2026-04-28T00:00:00,Rural,Low,0,0
2026-04-28T00:00:00,Rural,Low,0,0
2026-04-28T00:00:00,Rural,Low,0,0
2026-04-28T00:00:00,Rural,Low,0,0
2026-04-28T00:00:00,Rural,Low,0,0
2026-04-28T00:00:00,Rural,Low,0,0
2026-04-28T00:00:00,Rural,Low,0,0
2026-04-28T00:00:00,Rural,Low,0,0
2026-04-28T00:00:00,Rural,Low,0,0
2026-04-28T00:00:00,Rural,Low,0,0
2026-04-28T00:00:00,Rural,Low,0,0
2026-04-28T00:00:00,Rural,Low,0,0
2026-04-28T00:00:00,Rural,Low,0,0
2026-04-28T00:00:00,Rural,Low,0,0
2026-04-28T00:00:00,Rural,Low,0,0
2026-04-28T00:00:00,Rural,Low,0,0
2026-04-28T00:00:00,Rural,Low,0,0
2026-04-28T00:00:00,Rural,Low,0,0
2026-04-28T00:00:00,Rural,Low,0,0
2026-04-28T00:00:00,Rural,Low,0,0
2026-04-28T00:00:00,Rural,Low,0,0
2026-04-28T00:00:00,Rural,Low,0,0
2026-04-28T00:00:00,Rural,Low,0,0
2026-04-28T00:00:00,Rural,Low,0,0
2026-04-28T00:00:00,Rural,Low,0,0
2026-04-28T00:00:00,Rural,Low,0,0
2026-04-28T00:00:00,Rural,Low,0,0
2026-04-28T00:00:00,Rural,Low,0,0
2026-04-28T00:00:00,Rural,Low,0,0
2026-04-28T00:00:00,Rural,Low,0,0
2026-04-28T00:00:00,Rural,Low,0,0
2026-04-28T00:00:00,Rural,Low,0,0
2026-04-28T00:00:00,Rural,Low,0,0
2026-04-28T00:00:00,Rural,Low,0,0
2026-04-28T00:00:00,Rural,Low,0,0
2026-04-28T00:00:00,Rural,Low,0,0
2026-04-28T00:00:00,Rural,Low,0,0
2026-04-28T00:00:00,Rural,Low,0,0
2026-04-28T00:00:00,Rural,Low,0,0
2026-04-28T00:00:00,Rural,Low,0,0
2026-04-28T00:00:00,Rural,Low,0,0
2026-04-28T00:00:00,Rural,Low,0,0
2026-04-28T00:00:00,Rural,Low,0,0
2026-04-28T00:00:00,Rural,Low,0,0
2026-04-28T00:00:00,Rural,Low,0,0
2026-04-28T00:00:00,Rural,Low,0,0
2026-04-28T00:00:00,Rural,Low,0,0
2026-04-28T00:00:00,Rural,Low,0,0
2026-04-28T00:00:00,Rural,Low,0,0
2026-04-28T00:00:00,Rural,Low,0,0
2026-04-28T00:00:00,Rural,Low,0,0
2026-04-28T00:00:00,Rural,Low,0,0
2026-04-28T00:00:00,Rural,Low,0,0
2026-04-28T00:00:00,Rural,Low,0,0
2026-04-28T00:00:00,Rural,Low,0,0
2026-04-28T00:00:00,Rural,Low,0,0
2026-04-28T00:00:00,Rural,Low,0,0
2026-04-28T00:00:00,Rural,Low,0,0
2026-04-28T00:00:00,Rural,Low,0,0
2026-04-28T00:00:00,Rural,Low,0,0
2026-04-28T00:00:00,Rural,Low,0,0
2026-04-28T00:00:00,Rural,Low,0,0
2026-04-28T00:00:00,Rural,Low,0,0
2026-04-28T00:00:00,Rural,Low,0,0
2026-04-28T00:00:00,Rural,Low,0,0
2026-04-28T00:00:00,Rural,Low,0,0
2026-04-28T00:00:00,Rural,Low,0,0
2026-04-28T00:00:00,Rural,Low,0,0
2026-04-28T00:00:00,Rural,Low,0,0
2026-04-28T00:00:00,Rural,Low,0,0
2026-04-28T00:00:00,Rural,Low,0,0
2026-04-28T00:00:00,Rural,Low,0,0
2026-04-28T00:00:00,Rural,Low,0,0
2026-04-28T00:00:00,Rural,Low,0,0
2026-04-28T00:00:00,Rural,Low,0,0
2026-04-28T00:00:00,Rural,Low,0,0
